speciesId,speciesName,score,attack,defense,hp,statProduct,fastMove,chargedMove1,chargedMove2,leadScore,switchScore,closerScore,attackerScore,topMatchups,topCounters
cradily,Cradily,96.2,105.2,140.3,144,2126,ACID,ROCK_TOMB,GRASS_KNOT,98.5,87.4,96.6,82.7,quagsire_shadow:777;stunfisk:614;kingdra:597;ninetales_shadow:593;lickilicky:576,forretress_shadow:304;empoleon:389;furret:437;jellicent:467;lapras:483
kingdra,Kingdra,95.8,121.8,127.9,118,1839,DRAGON_BREATH,SURF,SWIFT,98.1,98.1,94,90.5,ninetales_shadow:826;stunfisk:656;quagsire_shadow:644;empoleon:614;lickilicky:597,furret:378;cradily:402;jellicent:426;forretress_shadow:437;lapras:463
kingdra_shadow,Kingdra (Shadow),95.5,121.8,127.9,118,1839,DRAGON_BREATH,SURF,SWIFT,100,96.9,94.5,79.5,ninetales_shadow:809;furret:741;stunfisk:661;lickilicky:622;empoleon:576,lapras:343;jellicent:371;cradily:402;mantine:409;forretress_shadow:484
forretress,Forretress,95.1,109.7,145.4,128,2044,BUG_BITE,SAND_TOMB,ROCK_TOMB,92.5,59.3,87.4,100,cradily:710;furret:636;kingdra:593;lickilicky:558;stunfisk:515,ninetales_shadow:150;turtonator:172;jellicent:355;mantine:355;empoleon:491
furret,Furret,94.2,115.3,105.4,160,1946,SUCKER_PUNCH,SWIFT,TRAILBLAZE,96,95,89.4,82,jellicent:734;kingdra:621;empoleon:575;lickilicky:565;cradily:562,crustle:286;forretress_shadow:359;turtonator:415;stunfisk:459;ninetales_shadow:464
toxapex,Toxapex,93.8,91.9,224.3,118,2433,POISON_JAB,BRINE,SLUDGE_WAVE,86.7,66.7,98.2,95.5,ninetales_shadow:741;turtonator:733;mantine:665;furret:648;kingdra:546,empoleon:270;forretress_shadow:300;jellicent:333;lickilicky:387;cradily:493
empoleon,Empoleon,93.2,125.1,117,122,1788,METAL_SOUND,HYDRO_CANNON,DRILL_PECK,88.2,93.3,97.7,73,crustle:831;lickilicky:631;ninetales_shadow:622;cradily:610;lapras:581,jellicent:294;stunfisk:377;kingdra:385;forretress_shadow:410;furret:425
lickilicky,Lickilicky,92.9,105.7,125.5,160,2124,ROLLOUT,BODY_SLAM,SHADOW_BALL,94.8,92.4,93.8,84.2,lapras:618;jellicent:615;fearow:596;turtonator:584;quagsire_shadow:568,forretress_shadow:367;empoleon:368;kingdra:402;cradily:423;stunfisk:436
forretress_shadow,Forretress (Shadow),92.8,109.7,145.4,128,2044,BUG_BITE,SAND_TOMB,ROCK_TOMB,92,57,87.4,95.5,cradily:695;stunfisk:675;lickilicky:632;empoleon:589;kingdra:562,turtonator:194;ninetales_shadow:206;crustle:421;jellicent:442;quagsire_shadow:444
drampa,Drampa,92.7,136.8,104.2,115,1640,DRAGON_BREATH,SWIFT,DRAGON_PULSE,97.6,92.7,90.1,70,jellicent:726;ninetales_shadow:682;stunfisk:656;lickilicky:608;kingdra:604,cradily:305;empoleon:331;lapras:357;forretress_shadow:402;furret:440
lapras,Lapras,92.7,104.6,114.5,179,2147,PSYWAVE,SPARKLING_ARIA,ICE_BEAM,90.5,84.8,94.5,78.8,quagsire_shadow:720;fearow:620;ninetales_shadow:594;kingdra:536;cradily:516,jellicent:358;lickilicky:381;stunfisk:412;empoleon:418;forretress_shadow:449
crustle,Crustle,92.3,120.3,134.7,115,1864,FURY_CUTTER,X_SCISSOR,ROCK_WRECKER,91.5,97.2,96.8,62.3,cradily:891;furret:713;ninetales_shadow:595;forretress_shadow:578;lickilicky:560,empoleon:168;jellicent:250;kingdra:258;stunfisk:398;quagsire_shadow:437
turtonator,Turtonator,92.1,113.5,153.6,113,1971,INCINERATE,BRUTAL_SWING,DRAGON_CLAW,93,93.5,91.8,86,forretress_shadow:805;empoleon:637;stunfisk:623;furret:584;jellicent:575,kingdra:241;quagsire_shadow:288;crustle:382;lickilicky:415;cradily:465
jumpluff,Jumpluff,91.9,96.7,156.9,153,2323,FAIRY_WIND,ENERGY_BALL,ACROBATICS,88.4,75.4,94.8,91.7,kingdra:735;jellicent:689;stunfisk:676;furret:591;lickilicky:529,ninetales_shadow:234;empoleon:340;lapras:340;cradily:381;forretress_shadow:390
dunsparce,Dunsparce,91.8,104.7,110.9,184,2139,ROLLOUT,DRILL_RUN,ROCK_SLIDE,91,90.4,93.8,83.5,ninetales_shadow:690;lapras:668;fearow:657;mantine:649;jellicent:581,forretress_shadow:328;kingdra:343;cradily:347;empoleon:397;lickilicky:412
oranguru,Oranguru,91.5,110.1,130,142,2035,CONFUSION,BRUTAL_SWING,TRAILBLAZE,93.7,83.4,86.2,85,jellicent:732;lapras:700;kingdra:591;stunfisk:556;cradily:542,forretress_shadow:261;furret:284;lickilicky:443;ninetales_shadow:452;empoleon:463
miltank,Miltank,90.8,105.3,134.8,150,2131,ROLLOUT,BODY_SLAM,THUNDERBOLT,91.9,86.8,89.7,83.2,mantine:743;fearow:650;lapras:626;charjabug:616;jellicent:603,cradily:326;forretress_shadow:343;kingdra:364;lickilicky:434;empoleon:475
empoleon_shadow,Empoleon (Shadow),90.7,125.1,117,122,1788,METAL_SOUND,HYDRO_CANNON,DRILL_PECK,86.1,92.7,95,61.8,cradily:897;forretress_shadow:610;lapras:569;lickilicky:540;ninetales_shadow:508,stunfisk:81;quagsire_shadow:114;jellicent:294;kingdra:423;furret:487
greedent,Greedent,90.7,106.8,110.7,177,2094,MUD_SHOT,BODY_SLAM,TRAILBLAZE,89.7,90.1,89.4,84.7,jellicent:759;stunfisk:745;lapras:666;empoleon:598;kingdra:567,forretress_shadow:300;cradily:357;furret:365;lickilicky:400;ninetales_shadow:472
charjabug,Charjabug,90.4,114.7,134.8,126,1949,VOLT_SWITCH,X_SCISSOR,DISCHARGE,88.7,82.2,92.9,80,mantine:837;empoleon:646;jellicent:591;fearow:583;lapras:579,cradily:305;lickilicky:368;forretress_shadow:421;kingdra:453;stunfisk:491
jellicent,Jellicent,90.4,106.6,126.3,156,2102,HEX,SURF,SHADOW_BALL,91.5,73.4,91.1,85.5,empoleon:705;ninetales_shadow:608;kingdra:573;forretress_shadow:557;cradily:532,furret:265;stunfisk:363;fearow:366;lickilicky:384;turtonator:424
oinkologne_female,Oinkologne (Female),90.4,109.6,111.5,167,2042,MUD_SLAP,BODY_SLAM,TRAILBLAZE,91.2,78.2,86.9,84.5,stunfisk:739;empoleon:604;lickilicky:586;jellicent:562;kingdra:544,forretress_shadow:347;cradily:375;crustle:391;furret:393;lapras:432
mantine,Mantine,90.3,105.5,166.5,121,2127,WING_ATTACK,TWISTER,WATER_PULSE,88.9,77.1,87.3,92.2,quagsire_shadow:756;ninetales_shadow:727;kingdra:661;empoleon:566;turtonator:541,stunfisk:107;lickilicky:356;cradily:378;forretress_shadow:453;jellicent:483
morpeko_full_belly,Morpeko (Hangry),90.2,140.4,96.2,118,1596,THUNDER_SHOCK,AURA_WHEEL_ELECTRIC,PSYCHIC_FANGS,91.9,76,92.5,65,jellicent:894;empoleon:843;kingdra:766;lickilicky:601;ninetales_shadow:542,forretress_shadow:140;quagsire_shadow:223;cradily:267;turtonator:398;stunfisk:453
toucannon_shadow,Toucannon (Shadow),90.2,137.2,96.7,123,1634,PECK,BEAK_BLAST,DRILL_PECK,88.7,72.9,91.5,47.1,cradily:703;furret:670;forretress_shadow:654;quagsire_shadow:630;jellicent:581,stunfisk:107;empoleon:209;ninetales_shadow:226;kingdra:271;lickilicky:446
walrein,Walrein,90.1,112.4,114.9,154,1991,POWDER_SNOW,ICICLE_SPEAR,EARTHQUAKE,87.6,88.8,91.5,71,quagsire_shadow:678;empoleon:623;kingdra:610;stunfisk:587;lickilicky:574,forretress_shadow:281;ninetales_shadow:281;furret:375;jellicent:400;cradily:451
cradily_shadow,Cradily (Shadow),89.9,105.2,140.3,144,2126,ACID,ROCK_TOMB,GRASS_KNOT,90.7,73.8,91.5,63.5,ninetales_shadow:697;jellicent:656;kingdra:597;stunfisk:559;furret:531,forretress_shadow:97;empoleon:102;crustle:134;magcargo:418;lickilicky:450
raikou,Raikou,89.9,131.9,110.6,116,1693,THUNDER_SHOCK,WILD_CHARGE,AURA_SPHERE,91.9,83.3,94.8,59.6,jellicent:814;ninetales_shadow:586;empoleon:577;kingdra:564;forretress_shadow:560,cradily:305;quagsire_shadow:316;stunfisk:363;lickilicky:453;furret:468
lileep,Lileep,89.7,100.8,138.6,151,2111,ACID,ANCIENT_POWER,GRASS_KNOT,88.4,65.8,94,72.5,quagsire_shadow:748;stunfisk:625;fearow:609;kingdra:506;lickilicky:506,forretress_shadow:257;empoleon:377;jellicent:400;cradily:427;furret:428
pachirisu,Pachirisu,89.7,91.5,157.1,142,2044,VOLT_SWITCH,HYPER_FANG,THUNDER_PUNCH,87.1,67.6,90.1,90.5,empoleon:750;jellicent:654;furret:630;lapras:616;ninetales_shadow:549,stunfisk:191;cradily:250;forretress_shadow:390;kingdra:419;lickilicky:446
dubwool,Dubwool,89.6,110.6,143,128,2025,DOUBLE_KICK,BODY_SLAM,PAYBACK,91.5,88.2,89.4,71.8,empoleon:593;lickilicky:589;kingdra:582;jellicent:542;stunfisk:542,forretress_shadow:277;turtonator:438;cradily:451;crustle:456;quagsire_shadow:462
araquanid,Araquanid,89.5,97.4,174,136,2306,BUG_BITE,WATER_PULSE,BUBBLE_BEAM,93.7,73.8,88.7,95,cradily:676;furret:672;ninetales_shadow:613;kingdra:606;stunfisk:588,forretress_shadow:238;jellicent:333;empoleon:385;lapras:449;lickilicky:484
jumpluff_shadow,Jumpluff (Shadow),89.4,96.7,156.9,153,2323,FAIRY_WIND,ENERGY_BALL,ACROBATICS,85.4,78,92.5,81,kingdra:650;stunfisk:637;jellicent:624;lickilicky:513;furret:503,ninetales_shadow:261;cradily:309;empoleon:381;lapras:388;forretress_shadow:445
emolga,Emolga,89.2,127.5,110.2,125,1758,THUNDER_SHOCK,ACROBATICS,DISCHARGE,92.4,79.5,92.7,67.3,empoleon:888;forretress_shadow:720;crustle:679;ninetales_shadow:600;jellicent:576,stunfisk:206;cradily:312;kingdra:355;lickilicky:440;lapras:472
seaking,Seaking,89.2,121.9,108.9,138,1834,PECK,DRILL_RUN,ICY_WIND,87.1,91,87.1,71,empoleon:641;lapras:619;turtonator:557;ninetales_shadow:518;cradily:503,stunfisk:331;jellicent:336;forretress_shadow:386;kingdra:427;lickilicky:484
charjabug_shadow,Charjabug (Shadow),89.1,114.7,134.8,126,1949,VOLT_SWITCH,X_SCISSOR,DISCHARGE,91,87.4,88.8,71.8,mantine:837;jellicent:829;lapras:829;empoleon:599;forretress_shadow:579,ninetales_shadow:226;cradily:361;stunfisk:398;lickilicky:403;kingdra:491
crustle_shadow,Crustle (Shadow),89,120.3,134.7,115,1864,FURY_CUTTER,X_SCISSOR,ROCK_WRECKER,85.4,100,92,46.1,cradily:865;furret:586;ninetales_shadow:552;forretress_shadow:547;lickilicky:513,jellicent:144;empoleon:168;fearow:245;kingdra:258;stunfisk:424
dudunsparce,Dudunsparce,89,116.1,98.5,169,1935,ROLLOUT,BODY_SLAM,DRILL_RUN,88.2,86.8,85.8,73.3,ninetales_shadow:668;mantine:630;lickilicky:562;empoleon:553;jellicent:511,forretress_shadow:351;kingdra:372;cradily:385;stunfisk:479;furret:481
stunfisk,Stunfisk,88.9,101.4,126.6,172,2212,THUNDER_SHOCK,MUD_BOMB,DISCHARGE,89.6,68.9,89.7,83.5,jellicent:636;empoleon:622;lapras:587;lickilicky:563;furret:540,quagsire_shadow:285;forretress_shadow:324;kingdra:343;cradily:385;ninetales_shadow:448
sealeo,Sealeo,88.7,108.9,112.8,168,2065,POWDER_SNOW,SURF,BODY_SLAM,90.7,89.3,85.7,77,quagsire_shadow:690;stunfisk:619;ninetales_shadow:550;kingdra:514;lapras:508,empoleon:270;jellicent:371;forretress_shadow:386;cradily:430;lickilicky:496
tentacruel,Tentacruel,88.7,108.9,143.5,131,2047,ACID,SCALD,PAYBACK,88.2,71.8,91.5,73.3,ninetales_shadow:713;kingdra:660;cradily:652;crustle:522;turtonator:511,forretress_shadow:378;stunfisk:392;empoleon:426;lickilicky:450;jellicent:493
kecleon,Kecleon,88.5,115.5,142.2,118,1940,SUCKER_PUNCH,THUNDER_PUNCH,DYNAMIC_PUNCH,86.6,75.4,91.8,72.5,jellicent:741;empoleon:576;lickilicky:572;cradily:546;furret:533,kingdra:237;crustle:265;stunfisk:377;turtonator:433;forretress_shadow:476
ninetales,Ninetales,88.5,114.3,135.5,126,1954,EMBER,WEATHER_BALL_FIRE,ENERGY_BALL,84.1,78,90.4,80.7,forretress_shadow:849;quagsire_shadow:599;furret:591;stunfisk:587;jellicent:503,kingdra:161;cradily:236;lapras:371;empoleon:372;lickilicky:412
pelipper,Pelipper,88.5,123.2,128.7,115,1825,WING_ATTACK,WEATHER_BALL_WATER,HURRICANE,90.7,77.2,88.8,74.8,quagsire_shadow:826;ninetales_shadow:752;forretress_shadow:747;furret:713;kingdra:534,jellicent:275;stunfisk:293;cradily:364;empoleon:422;lickilicky:443
lileep_shadow,Lileep (Shadow),88.4,100.8,138.6,151,2111,ACID,ANCIENT_POWER,GRASS_KNOT,86.3,63.3,94.7,56.3,stunfisk:579;jellicent:556;cradily:546;kingdra:533;lickilicky:533,forretress_shadow:89;crustle:134;empoleon:229;toxapex:300;mantine:442
araquanid_shadow,Araquanid (Shadow),88.3,97.4,174,136,2306,BUG_BITE,BUBBLE_BEAM,WATER_PULSE,94.5,77.2,86.5,88.5,furret:639;lickilicky:632;cradily:628;kingdra:584;stunfisk:522,empoleon:311;forretress_shadow:312;crustle:317;jellicent:352;turtonator:491
bellibolt,Bellibolt,88.2,115,110.1,154,1953,THUNDER_SHOCK,ZAP_CANNON,PARABOLIC_CHARGE,88.2,62.1,92.7,70.3,empoleon:704;lickilicky:675;furret:633;jellicent:616;ninetales_shadow:506,stunfisk:136;quagsire_shadow:254;cradily:309;forretress_shadow:371;kingdra:406
dartrix,Dartrix,88.2,112.4,115.5,154,2001,PECK,BRAVE_BIRD,ENERGY_BALL,85.1,69,92.9,68.3,kingdra:620;forretress_shadow:616;lickilicky:597;stunfisk:594;jellicent:584,ninetales_shadow:222;turtonator:296;cradily:312;empoleon:434;lapras:444
golisopod,Golisopod,88.1,124,134.6,108,1804,FURY_CUTTER,X_SCISSOR,AQUA_JET,87.1,87.4,87.3,60,cradily:773;quagsire_shadow:768;ninetales_shadow:587;lapras:564;kingdra:523,jellicent:285;empoleon:368;forretress_shadow:382;lickilicky:434;stunfisk:497
fearow,Fearow,88,131.4,104.6,124,1706,PECK,DRILL_PECK,DRILL_RUN,89.2,89.9,88.7,54.8,empoleon:794;quagsire_shadow:677;forretress_shadow:665;jellicent:633;ninetales_shadow:564,cradily:333;stunfisk:363;lickilicky:403;kingdra:457;furret:462
lickitung,Lickitung,88,96.6,127.7,186,2296,LICK,BODY_SLAM,POWER_WHIP,84.8,79.5,88.7,87.5,jellicent:817;quagsire_shadow:620;mantine:610;seaking:561;charjabug:534,forretress_shadow:324;cradily:388;lickilicky:390;kingdra:423;empoleon:475
pidgeot,Pidgeot,88,116.9,115.5,142,1918,GUST,AIR_CUTTER,BRAVE_BIRD,88.4,73.5,92.2,82.7,jellicent:739;forretress_shadow:644;kingdra:577;furret:570;quagsire_shadow:559,stunfisk:226;cradily:295;lickilicky:331;ninetales_shadow:460;empoleon:495
victreebel_shadow,Victreebel (Shadow),88,135.1,93.5,131,1656,ACID,LEAF_BLADE,SLUDGE_BOMB,88.4,69.7,85.8,53.6,kingdra:721;quagsire_shadow:667;lapras:633;jellicent:587;stunfisk:580,forretress_shadow:207;cradily:409;empoleon:426;lickilicky:443;furret:490
blaziken_shadow,Blaziken (Shadow),87.9,143.9,90.8,119,1556,EMBER,AURA_SPHERE,BLAST_BURN,89.9,74.6,100,32.4,lickilicky:819;empoleon:806;forretress_shadow:756;cradily:693;ninetales_shadow:600,quagsire_shadow:102;jellicent:208;turtonator:424;kingdra:440;stunfisk:488
lapras_shadow,Lapras (Shadow),87.9,104.6,114.5,179,2147,PSYWAVE,SPARKLING_ARIA,ICE_BEAM,85.8,78.9,87.1,59.1,quagsire_shadow:664;kingdra:656;fearow:569;furret:567;ninetales_shadow:508,jellicent:381;lickilicky:393;empoleon:430;cradily:465;forretress_shadow:468
togedemaru,Togedemaru,87.9,132.2,107.2,120,1702,THUNDER_SHOCK,FELL_STINGER,WILD_CHARGE,92.9,51.3,92,92.2,empoleon:920;jellicent:845;kingdra:837;forretress_shadow:758;lickilicky:600,stunfisk:119;ninetales_shadow:142;quagsire_shadow:152;turtonator:278;cradily:385
electrode_hisuian,Electrode (Hisuian),87.7,123.2,128.7,115,1825,THUNDER_SHOCK,WILD_CHARGE,ENERGY_BALL,81.1,53.7,93.8,62,jellicent:843;stunfisk:756;empoleon:669;lickilicky:586;kingdra:560,ninetales_shadow:130;forretress_shadow:144;cradily:239;turtonator:269;furret:478
gyarados_shadow,Gyarados (Shadow),87.7,130.7,108.5,121,1717,DRAGON_BREATH,AQUA_TAIL,TWISTER,88.2,71.8,88.3,54.1,turtonator:834;quagsire_shadow:747;ninetales_shadow:698;forretress_shadow:520;empoleon:504,kingdra:326;cradily:368;lickilicky:368;stunfisk:409;jellicent:416
samurott,Samurott,87.7,128,100.8,136,1756,FURY_CUTTER,HYDRO_CANNON,MEGAHORN,85.4,93,91.3,49.8,cradily:775;kingdra:569;quagsire_shadow:569;empoleon:566;furret:547,ninetales_shadow:154;jellicent:310;lickilicky:378;stunfisk:424;forretress_shadow:457
castform,Castform,87.6,112.6,121.2,146,1994,HEX,WEATHER_BALL_ROCK,ENERGY_BALL,85.8,81.2,87.4,70.5,jellicent:750;quagsire_shadow:712;lapras:619;mantine:616;stunfisk:571,forretress_shadow:324;lickilicky:365;kingdra:389;empoleon:418;cradily:447
diggersby,Diggersby,87.6,95.7,140.3,174,2337,MUD_SHOT,FIRE_PUNCH,SCORCHING_SANDS,86.3,76,90.1,85.7,stunfisk:738;ninetales_shadow:658;forretress_shadow:629;empoleon:623;furret:594,kingdra:330;lapras:337;cradily:427;lickilicky:440;jellicent:445
diggersby_shadow,Diggersby (Shadow),87.6,95.7,140.3,174,2337,MUD_SHOT,SCORCHING_SANDS,FIRE_PUNCH,88.1,78.8,89.7,80.5,lickilicky:686;stunfisk:652;forretress_shadow:623;ninetales_shadow:612;empoleon:545,kingdra:398;jellicent:413;cradily:489;furret:490;lapras:497
dodrio,Dodrio,87.6,143.7,98.4,110,1557,PECK,DRILL_PECK,BRAVE_BIRD,87.1,68.9,92,44.1,forretress_shadow:659;quagsire_shadow:645;jellicent:595;turtonator:586;kingdra:518,stunfisk:107;empoleon:168;furret:221;lickilicky:406;cradily:486
magnezone,Magnezone,87.6,134.3,121.1,102,1661,VOLT_SWITCH,WILD_CHARGE,MIRROR_SHOT,91.9,61.2,87.4,80,jellicent:823;kingdra:686;cradily:617;lickilicky:583;empoleon:583,stunfisk:107;quagsire_shadow:127;turtonator:137;ninetales_shadow:210;charjabug:492
sealeo_shadow,Sealeo (Shadow),87.6,108.9,112.8,168,2065,POWDER_SNOW,SURF,BODY_SLAM,87.7,89.7,84.8,66.5,crustle:809;fearow:809;swampert:711;quagsire_shadow:636;stunfisk:613,empoleon:356;lickilicky:412;cradily:427;kingdra:457;jellicent:464
victreebel,Victreebel,87.5,135.1,93.5,131,1656,ACID,LEAF_BLADE,SLUDGE_BOMB,84.6,68.6,85.7,64.8,quagsire_shadow:725;seaking:687;stunfisk:622;dunsparce:580;charjabug:549,cradily:340;empoleon:377;lickilicky:450;jellicent:458;kingdra:461
walrein_shadow,Walrein (Shadow),87.5,112.4,114.9,154,1991,POWDER_SNOW,ICICLE_SPEAR,EARTHQUAKE,83.9,87,89,54.1,cradily:801;kingdra:613;quagsire_shadow:610;stunfisk:584;empoleon:548,ninetales_shadow:146;forretress_shadow:359;furret:428;lickilicky:431;jellicent:451
dewott_shadow,Dewott (Shadow),87.4,124.1,99.7,146,1808,FURY_CUTTER,AQUA_TAIL,X_SCISSOR,91.4,88,85.1,51.8,cradily:791;ninetales_shadow:705;lickilicky:623;empoleon:568;quagsire_shadow:565,jellicent:259;stunfisk:395;forretress_shadow:398;lapras:399;furret:400
toucannon,Toucannon,87.4,137.2,96.7,123,1634,PECK,BEAK_BLAST,DRILL_PECK,88.9,71,90.2,50.8,forretress_shadow:695;jellicent:634;kingdra:565;lickilicky:544;ninetales_shadow:540,stunfisk:107;empoleon:168;furret:221;cradily:343;lapras:371
azumarill,Azumarill,87.3,93.4,134.4,191,2400,BUBBLE,ICE_BEAM,PLAY_ROUGH,83,58.2,92,79.5,turtonator:654;crustle:623;quagsire_shadow:581;lickilicky:578;kingdra:531,jellicent:314;empoleon:381;forretress_shadow:410;cradily:447;stunfisk:485
gyarados,Gyarados,87.3,130.7,108.5,121,1717,DRAGON_BREATH,AQUA_TAIL,TWISTER,88.4,77.1,84.3,68,ninetales_shadow:731;quagsire_shadow:615;kingdra:590;empoleon:590;forretress_shadow:578,cradily:295;lickilicky:340;stunfisk:366;jellicent:387;furret:396
lanturn,Lanturn,87.2,104.8,105.5,194,2145,WATER_GUN,SURF,THUNDERBOLT,82.5,60.8,93.6,71.5,empoleon:672;stunfisk:639;jellicent:623;ninetales_shadow:507;forretress_shadow:505,kingdra:241;quagsire_shadow:282;lickilicky:406;cradily:427;furret:496
blastoise,Blastoise,87.1,112.1,137.7,130,2008,ROLLOUT,HYDRO_CANNON,SKULL_BASH,84.8,68.7,87.6,68.8,lickilicky:650;turtonator:623;ninetales_shadow:600;lapras:526;empoleon:515,cradily:315;stunfisk:340;jellicent:403;forretress_shadow:406;kingdra:474
qwilfish_shadow,Qwilfish (Shadow),87.1,131.1,105.5,123,1703,POISON_STING,AQUA_TAIL,SHADOW_BALL,85.4,86,89.4,51.3,ninetales_shadow:865;jellicent:796;turtonator:731;forretress_shadow:630;crustle:560,kingdra:245;lickilicky:321;stunfisk:322;cradily:354;empoleon:487
samurott_shadow,Samurott (Shadow),87,128,100.8,136,1756,FURY_CUTTER,HYDRO_CANNON,MEGAHORN,83.1,90.1,90.2,41.1,cradily:775;crustle:702;quagsire_shadow:551;empoleon:525;lickilicky:518,ninetales_shadow:154;stunfisk:168;kingdra:271;jellicent:310;furret:475
vespiquen,Vespiquen,87,108.8,143.4,132,2062,FURY_CUTTER,X_SCISSOR,POWER_GEM,82.1,86.7,83,67.3,swampert:738;talonflame:662;quagsire_shadow:636;ninetales_shadow:515;jumpluff:515,empoleon:372;jellicent:375;lickilicky:403;kingdra:444;cradily:451
ninetales_shadow,Ninetales (Shadow),86.9,114.3,135.5,126,1954,EMBER,WEATHER_BALL_FIRE,ENERGY_BALL,87.6,83.9,87.4,69,forretress_shadow:793;stunfisk:551;furret:535;quagsire_shadow:511;lickilicky:503,kingdra:173;empoleon:377;jellicent:391;lapras:405;cradily:406
decidueye_hisuian,Decidueye (Hisuian),86.7,126.9,109.4,127,1765,PSYCHO_CUT,ENERGY_BALL,AURA_SPHERE,81.8,68.9,89.4,72.5,empoleon:818;quagsire_shadow:795;stunfisk:767;furret:657;lickilicky:641,ninetales_shadow:99;forretress_shadow:363;cradily:375;kingdra:444;jellicent:451
barbaracle,Barbaracle,86.6,120.9,133,115,1851,FURY_CUTTER,CROSS_CHOP,STONE_EDGE,85.1,78.5,83.4,60.5,lapras:795;turtonator:756;furret:652;lickilicky:613;forretress_shadow:543,stunfisk:255;kingdra:317;cradily:413;jellicent:455;empoleon:471
lumineon,Lumineon,86.5,109,137.4,137,2052,GUST,AQUA_TAIL,SILVER_WIND,86.9,85,83.2,83.2,ninetales_shadow:609;lapras:602;dunsparce:554;mantine:521;empoleon:503,lickilicky:387;jellicent:387;forretress_shadow:429;kingdra:449;cradily:465
palkia_shadow,Palkia (Shadow),86.5,140.3,109.9,100,1544,DRAGON_BREATH,AQUA_TAIL,DRACO_METEOR,90.4,74,74.6,49.1,turtonator:835;ninetales_shadow:765;quagsire_shadow:690;cradily:670;stunfisk:555,empoleon:262;lickilicky:278;jellicent:323;forretress_shadow:406;kingdra:483
ampharos,Ampharos,86.4,126.8,107.9,129,1766,VOLT_SWITCH,BRUTAL_SWING,TRAILBLAZE,84.6,85.7,82.1,74,empoleon:879;mantine:879;seaking:879;jellicent:833;lapras:573,stunfisk:273;cradily:312;lickilicky:396;forretress_shadow:433;kingdra:453
poliwrath,Poliwrath,86.4,115.8,122,137,1936,MUD_SHOT,ICY_WIND,DYNAMIC_PUNCH,83,81.4,86,71.8,lickilicky:678;empoleon:667;furret:587;forretress_shadow:540;lapras:518,jellicent:266;stunfisk:313;cradily:347;kingdra:394;quagsire_shadow:403
raikou_shadow,Raikou (Shadow),86.4,133.5,109.9,113,1659,THUNDER_SHOCK,WILD_CHARGE,AURA_SPHERE,88.4,80.2,97.5,31.9,empoleon:836;jellicent:778;lapras:743;furret:716;crustle:641,forretress_shadow:199;stunfisk:220;cradily:375;kingdra:436;lickilicky:462
qwilfish,Qwilfish,86.3,131.1,105.5,123,1703,POISON_STING,AQUA_TAIL,SHADOW_BALL,85.8,83.7,86.5,58.3,empoleon:593;ninetales_shadow:573;toxapex:548;cradily:524;kingdra:508,stunfisk:290;furret:309;forretress_shadow:382;lickilicky:446;jellicent:467
castform_sunny,Castform (Sunny),86.2,112.6,121.2,146,1994,EMBER,WEATHER_BALL_FIRE,SOLAR_BEAM,84.1,62.2,86.4,72.8,forretress_shadow:821;stunfisk:640;furret:616;jellicent:575;empoleon:517,kingdra:161;quagsire_shadow:217;cradily:347;ninetales_shadow:369;lickilicky:406
raichu,Raichu,86.2,133.5,110.6,114,1685,THUNDER_SHOCK,WILD_CHARGE,TRAILBLAZE,85.1,67.6,90.6,49.6,lickilicky:596;forretress_shadow:596;jellicent:561;empoleon:557;stunfisk:535,quagsire_shadow:99;kingdra:173;turtonator:185;dunsparce:274;cradily:378
blaziken,Blaziken,86.1,143.9,90.8,119,1556,EMBER,AURA_SPHERE,BLAST_BURN,85.6,78.8,91.8,53.1,empoleon:844;crustle:827;forretress_shadow:815;furret:806;charjabug:701,jellicent:189;stunfisk:313;kingdra:381;cradily:434;lickilicky:487
wormadam_trash,Wormadam (Trash),86.1,104.9,151.1,135,2142,SUCKER_PUNCH,BUG_BUZZ,IRON_HEAD,85.6,56.5,88,82.2,furret:618;forretress_shadow:588;kingdra:581;quagsire_shadow:559;cradily:537,ninetales_shadow:162;empoleon:393;lickilicky:475;stunfisk:482;jellicent:493
dondozo,Dondozo,86,104.5,109.7,187,2146,WATERFALL,SURF,OUTRAGE,86.6,64.1,87.1,71,stunfisk:652;forretress_shadow:540;kingdra:524;furret:508;cradily:505,jellicent:387;mantine:421;empoleon:426;lickilicky:490;lapras:491
gourgeist_average,Gourgeist (Average),86,115.9,145,115,1934,INCINERATE,SHADOW_BALL,SEED_BOMB,84.8,68.1,87.8,82.2,forretress_shadow:773;stunfisk:765;jellicent:634;cradily:573;empoleon:513,ninetales_shadow:111;lickilicky:371;furret:387;lapras:393;kingdra:453
quaquaval,Quaquaval,86,137.7,98.6,120,1630,LOW_KICK,CLOSE_COMBAT,HYDRO_CANNON,83.4,68.7,92.4,48.8,empoleon:829;cradily:766;lickilicky:687;forretress_shadow:670;kingdra:533,stunfisk:133;ninetales_shadow:182;jellicent:217;mantine:264;charjabug:376
venusaur,Venusaur,86,122.1,122.1,123,1836,VINE_WHIP,FRENZY_PLANT,SLUDGE,86.7,74.8,88.7,68.3,jellicent:723;lickilicky:601;kingdra:581;empoleon:528;cradily:512,ninetales_shadow:99;fearow:125;forretress_shadow:226;turtonator:287;mantine:347
amoonguss,Amoonguss,85.8,109.3,105.9,177,2050,ASTONISH,FOUL_PLAY,GRASS_KNOT,81.3,62.7,87.8,80.7,kingdra:649;jellicent:638;stunfisk:635;quagsire_shadow:610;empoleon:567,ninetales_shadow:257;lickilicky:300;furret:356;cradily:392;forretress_shadow:468
gourgeist_large,Gourgeist (Large),85.8,115.9,137.2,122,1940,INCINERATE,SHADOW_BALL,SEED_BOMB,85.1,70.3,87.3,81,forretress_shadow:786;stunfisk:774;jellicent:647;cradily:590;empoleon:524,ninetales_shadow:146;lickilicky:371;furret:387;lapras:393;kingdra:432
ledian,Ledian,85.8,101.3,162.5,134,2208,ROLLOUT,DYNAMIC_PUNCH,ACROBATICS,81,61.8,88.8,72,swampert:578;ninetales_shadow:533;quagsire_shadow:533;furret:526;toxapex:514,cradily:295;lickilicky:365;jellicent:365;kingdra:372;empoleon:463
venusaur_shadow,Venusaur (Shadow),85.8,122.1,122.1,123,1836,VINE_WHIP,FRENZY_PLANT,SLUDGE,79.7,72.6,91.7,56.8,stunfisk:707;jellicent:666;lickilicky:630;kingdra:560;furret:552,forretress_shadow:97;ninetales_shadow:130;empoleon:209;turtonator:327;cradily:350
abomasnow,Abomasnow,85.7,117.8,112,143,1888,POWDER_SNOW,WEATHER_BALL_ICE,ENERGY_BALL,84.8,54,83.5,78.3,stunfisk:825;lapras:629;kingdra:608;furret:545;jellicent:503,empoleon:86;ninetales_shadow:130;forretress_shadow:222;lickilicky:406;cradily:451
dewgong,Dewgong,85.7,101.9,136.9,157,2192,ICE_SHARD,ICY_WIND,DRILL_RUN,84.4,71.2,81.4,70.8,fearow:668;cradily:605;lickilicky:554;stunfisk:554;quagsire_shadow:525,jellicent:275;forretress_shadow:312;furret:384;empoleon:413;kingdra:415
dewott,Dewott,85.7,122.6,99.7,149,1823,FURY_CUTTER,AQUA_TAIL,X_SCISSOR,83.9,85.6,82.1,62,dunsparce:654;diggersby:654;magcargo:634;seaking:573;lapras:536,jellicent:381;kingdra:415;cradily:440;lickilicky:453;empoleon:487
gourgeist_super,Gourgeist (Super),85.7,115,131.6,129,1954,INCINERATE,SHADOW_BALL,SEED_BOMB,84.9,68.1,87.3,80.5,stunfisk:782;quagsire_shadow:775;forretress_shadow:732;empoleon:538;cradily:534,ninetales_shadow:111;furret:384;kingdra:432;lickilicky:478;jellicent:496
linoone,Linoone,85.7,114.1,111.7,154,1965,SHADOW_CLAW,SWIFT,GRASS_KNOT,84.3,79.9,87.1,72.8,jellicent:737;quagsire_shadow:730;lapras:584;stunfisk:561;charjabug:551,forretress_shadow:308;lickilicky:400;kingdra:406;empoleon:487;cradily:496
pawmot,Pawmot,85.7,145,95.4,112,1552,THUNDER_SHOCK,BRICK_BREAK,WILD_CHARGE,86.9,74.1,90.8,47.1,empoleon:834;furret:803;jellicent:776;forretress_shadow:687;lapras:620,kingdra:173;ninetales_shadow:202;stunfisk:331;cradily:354;lickilicky:428
rapidash_shadow,Rapidash (Shadow),85.7,133.6,111.5,112,1670,INCINERATE,DRILL_RUN,WILD_CHARGE,82.6,87.4,84.6,46.8,empoleon:816;forretress_shadow:812;furret:683;ninetales_shadow:616;stunfisk:571,kingdra:105;jellicent:169;lapras:427;lickilicky:437;cradily:440
rufflet,Rufflet,85.7,126.7,92.1,152,1775,PECK,BRAVE_BIRD,FLY,79.2,56.1,93.6,51.8,forretress_shadow:700;jellicent:694;lickilicky:595;ninetales_shadow:585;furret:542,empoleon:200;kingdra:216;stunfisk:223;lapras:399;cradily:465
ursaring_shadow,Ursaring (Shadow),85.7,139.6,91.3,126,1607,SHADOW_CLAW,SWIFT,CLOSE_COMBAT,94,97.2,81.1,29.4,cradily:757;empoleon:718;furret:678;lickilicky:591;jellicent:563,ninetales_shadow:194;quagsire_shadow:198;forretress_shadow:234;stunfisk:377;kingdra:474
ferrothorn,Ferrothorn,85.6,107.1,152.7,128,2094,BULLET_SEED,POWER_WHIP,THUNDER,79.3,39.5,88.1,85,empoleon:746;lickilicky:660;jellicent:625;stunfisk:589;furret:550,ninetales_shadow:63;turtonator:66;forretress_shadow:171;kingdra:440;cradily:486
gogoat,Gogoat,85.6,119.7,94.9,165,1876,VINE_WHIP,LEAF_BLADE,ROCK_SLIDE,83.8,64.7,84.6,74,jellicent:827;quagsire_shadow:809;stunfisk:766;lickilicky:612;furret:539,ninetales_shadow:99;forretress_shadow:156;cradily:413;empoleon:430;kingdra:461
poliwrath_shadow,Poliwrath (Shadow),85.6,115.8,122,137,1936,MUD_SHOT,ICY_WIND,DYNAMIC_PUNCH,84.3,83.9,84.6,62.3,lickilicky:671;furret:635;empoleon:605;ninetales_shadow:569;kingdra:543,jellicent:362;stunfisk:392;cradily:399;forretress_shadow:472;lapras:486
abomasnow_shadow,Abomasnow (Shadow),85.4,117.8,112,143,1888,POWDER_SNOW,WEATHER_BALL_ICE,ENERGY_BALL,85.9,53.9,81.8,68,stunfisk:797;jellicent:678;cradily:660;kingdra:552;furret:541,empoleon:127;forretress_shadow:128;ninetales_shadow:130;lickilicky:393;lapras:449
chesnaught,Chesnaught,85.4,119.3,126.9,124,1879,LOW_KICK,FRENZY_PLANT,SUPER_POWER,81.6,49.6,88,76.8,stunfisk:794;lickilicky:766;cradily:681;kingdra:564;jellicent:508,mantine:86;ninetales_shadow:162;empoleon:290;turtonator:446;forretress_shadow:464
chesnaught_shadow,Chesnaught (Shadow),85.3,119.3,126.9,124,1879,LOW_KICK,FRENZY_PLANT,SUPER_POWER,78,46.8,91.8,59.8,lickilicky:737;cradily:685;jellicent:653;forretress_shadow:588;kingdra:536,mantine:128;ninetales_shadow:162;turtonator:181;crustle:243;empoleon:331
gastrodon,Gastrodon,85.3,113.2,103.4,168,1967,MUD_SLAP,BODY_SLAM,EARTH_POWER,86.1,56.7,83.7,80.7,stunfisk:770;empoleon:663;quagsire_shadow:645;forretress_shadow:636;kingdra:627,cradily:208;ninetales_shadow:337;furret:375;lickilicky:478;jellicent:487
magnezone_shadow,Magnezone (Shadow),85.1,134.3,121.1,102,1661,VOLT_SWITCH,WILD_CHARGE,MIRROR_SHOT,90.7,69.7,90.4,71.3,kingdra:666;forretress_shadow:661;cradily:583;lickilicky:558;empoleon:529,stunfisk:133;turtonator:146;quagsire_shadow:152;ninetales_shadow:257;jellicent:442
munchlax,Munchlax,85.1,103.1,96.5,218,2172,TACKLE,BODY_SLAM,BULLDOZE,86.1,78.3,80.5,74.5,dunsparce:635;toxapex:619;fearow:616;ninetales_shadow:525;lickilicky:513,jellicent:275;cradily:295;forretress_shadow:335;empoleon:356;kingdra:432
swanna,Swanna,85.1,128.5,101,134,1742,GUST,AQUA_JET,FLY,86.3,53.7,87.4,65.5,quagsire_shadow:779;forretress_shadow:697;furret:690;ninetales_shadow:608;kingdra:529,stunfisk:95;jellicent:365;cradily:375;lickilicky:421;empoleon:438
trumbeak_shadow,Trumbeak (Shadow),85.1,133.7,94.3,132,1665,PECK,DRILL_PECK,ROCK_BLAST,86.9,74.6,86.4,43.3,furret:693;forretress_shadow:666;quagsire_shadow:651;turtonator:647;jellicent:579,stunfisk:107;kingdra:258;empoleon:401;cradily:406;lickilicky:446
blastoise_shadow,Blastoise (Shadow),85,112.1,137.7,130,2008,ROLLOUT,HYDRO_CANNON,SKULL_BASH,82.3,66.1,83.4,49.8,crustle:742;lapras:650;quagsire_shadow:619;lickilicky:573;kingdra:538,cradily:298;jellicent:298;empoleon:352;stunfisk:418;forretress_shadow:488
spinda,Spinda,85,110,110,142,1721,SUCKER_PUNCH,ROCK_TOMB,ICY_WIND,83.1,79.9,78.4,61,jellicent:750;mantine:623;stunfisk:591;fearow:577;quagsire_shadow:545,forretress_shadow:277;cradily:430;empoleon:430;lickilicky:434;kingdra:444
tentacruel_shadow,Tentacruel (Shadow),85,108.9,143.5,131,2047,ACID,SCALD,PAYBACK,81.3,61.2,91.3,54.1,empoleon:664;ninetales_shadow:629;turtonator:576;jellicent:557;cradily:541,furret:246;forretress_shadow:386;kingdra:415;lickilicky:471;stunfisk:473
milotic_shadow,Milotic (Shadow),84.9,113.1,133.8,131,1985,WATERFALL,AQUA_TAIL,WRAP,85.4,68,75.4,62.8,crustle:744;quagsire_shadow:625;lickilicky:606;stunfisk:583;forretress_shadow:576,jellicent:288;furret:315;cradily:350;kingdra:381;empoleon:467
raticate_alolan,Raticate (Alolan),84.9,107,130.1,150,2091,QUICK_ATTACK,CRUNCH,RETURN,81.3,52.5,89.7,63.8,furret:706;lickilicky:616;jellicent:603;quagsire_shadow:573;stunfisk:560,forretress_shadow:132;cradily:364;empoleon:393;ninetales_shadow:416;kingdra:436
zapdos_shadow,Zapdos (Shadow),84.9,138.1,103.4,112,1601,THUNDER_SHOCK,DRILL_PECK,HEAT_WAVE,90.7,88.5,88.1,36.1,mantine:875;empoleon:834;fearow:794;forretress_shadow:700;charjabug:660,stunfisk:229;cradily:288;lickilicky:387;jellicent:458;kingdra:495
greninja_shadow,Greninja (Shadow),84.8,139.5,100.3,115,1611,WATER_SHURIKEN,HYDRO_CANNON,NIGHT_SLASH,85.9,69,89,42.3,stunfisk:721;cradily:713;ninetales_shadow:647;lickilicky:547;jellicent:547,forretress_shadow:113;crustle:265;kingdra:300;empoleon:377;furret:490
slowbro,Slowbro,84.8,113.4,120.9,144,1975,CONFUSION,DRAIN_PUNCH,ICE_BEAM,88.6,65.2,77.4,74.8,quagsire_shadow:704;lapras:649;kingdra:642;empoleon:597;cradily:510,forretress_shadow:191;jellicent:233;furret:406;lickilicky:468;stunfisk:491
spidops,Spidops,84.8,110.9,138.9,131,2020,SHADOW_CLAW,LUNGE,ROCK_TOMB,83.9,69.5,82,68.5,cradily:637;ninetales_shadow:576;stunfisk:561;quagsire_shadow:553;jellicent:538,lickilicky:240;empoleon:364;forretress_shadow:414;kingdra:432;furret:440
heracross,Heracross,84.7,134.6,108.4,114,1665,FURY_CUTTER,UPPER_HAND,ROCK_TOMB,82.5,54.8,84.4,57.1,furret:820;cradily:802;empoleon:776;lickilicky:657;kingdra:552,ninetales_shadow:138;jellicent:342;stunfisk:427;forretress_shadow:468;lapras:483
zapdos,Zapdos,84.7,135.6,104.6,115,1633,THUNDER_SHOCK,DRILL_PECK,HEAT_WAVE,85.9,80.8,85.3,54.8,fearow:839;forretress_shadow:708;toxapex:669;mantine:652;empoleon:526,stunfisk:197;cradily:236;lickilicky:315;kingdra:419;jellicent:423
bellossom,Bellossom,84.6,115,132.2,128,1948,ACID,LEAF_BLADE,DAZZLING_GLEAM,83.9,63.9,83.5,78.5,stunfisk:789;kingdra:585;jellicent:574;furret:574;empoleon:507,forretress_shadow:97;ninetales_shadow:285;lapras:382;cradily:409;lickilicky:496
swampert,Swampert,84.6,122.9,109.1,136,1826,MUD_SHOT,HYDRO_CANNON,EARTHQUAKE,85.4,62.9,84.8,65.3,ninetales_shadow:772;stunfisk:738;lickilicky:665;empoleon:610;forretress_shadow:588,kingdra:245;cradily:260;furret:334;lapras:427;jellicent:442
swanna_shadow,Swanna (Shadow),84.6,128.5,101,134,1742,GUST,AQUA_JET,FLY,84.8,54.5,87.1,62.5,quagsire_shadow:753;forretress_shadow:623;turtonator:604;empoleon:548;ninetales_shadow:514,stunfisk:119;lickilicky:253;jellicent:310;kingdra:343;cradily:434
feraligatr_shadow,Feraligatr (Shadow),84.5,123.8,117.3,125,1818,SHADOW_CLAW,HYDRO_CANNON,ICE_BEAM,77.7,87.3,85.7,41.6,crustle:756;quagsire_shadow:572;forretress_shadow:548;kingdra:524;empoleon:520,stunfisk:133;lickilicky:321;furret:381;jellicent:458;cradily:472
thundurus_incarnate_shadow,Thundurus (Incarnate) (Shadow),84.5,148.1,95.5,107,1514,THUNDER_SHOCK,THUNDER_PUNCH,BRICK_BREAK,90,79.4,82.1,44.3,empoleon:827;jellicent:771;kingdra:658;furret:658;forretress_shadow:654,ninetales_shadow:186;cradily:361;quagsire_shadow:375;stunfisk:377;lickilicky:381
furfrou,Furfrou,84.4,115.5,125.1,134,1938,SUCKER_PUNCH,SURF,GRASS_KNOT,80.3,70.3,89,58.8,jellicent:742;ninetales_shadow:623;lapras:589;empoleon:567;stunfisk:503,kingdra:279;turtonator:398;cradily:427;lickilicky:437;forretress_shadow:441
gourgeist_small,Gourgeist (Small),84.4,116.8,152.9,107,1913,INCINERATE,SHADOW_BALL,SEED_BOMB,81.6,66.7,86.4,78.5,forretress_shadow:757;stunfisk:752;quagsire_shadow:752;jellicent:612;cradily:551,ninetales_shadow:111;empoleon:270;lickilicky:331;furret:387;kingdra:436
ledian_shadow,Ledian (Shadow),84.3,101.3,162.5,134,2208,ROLLOUT,DYNAMIC_PUNCH,ACROBATICS,82.3,67,81.8,56.6,forretress_shadow:783;furret:615;mantine:582;empoleon:563;kingdra:529,ninetales_shadow:194;stunfisk:247;cradily:340;lickilicky:428;jellicent:445
vigoroth,Vigoroth,84.3,116.2,114.1,145,1923,COUNTER,BODY_SLAM,ROCK_SLIDE,81.8,73.4,85.1,64,lapras:603;furret:586;empoleon:568;lickilicky:565;cradily:524,ninetales_shadow:313;jellicent:333;forretress_shadow:359;kingdra:444;stunfisk:497
oinkologne,Oinkologne,84.2,117.6,101.5,159,1901,MUD_SLAP,BODY_SLAM,TRAILBLAZE,85.1,68.9,82.5,69.3,stunfisk:672;kingdra:606;empoleon:566;lickilicky:556;jellicent:503,cradily:336;forretress_shadow:355;lapras:421;furret:428;turtonator:469
starmie_shadow,Starmie (Shadow),84.2,133.1,122,104,1690,PSYWAVE,AQUA_JET,POWER_GEM,76.4,68.1,85.3,46.3,turtonator:783;lapras:774;toxapex:682;fearow:658;dunsparce:557,jellicent:214;kingdra:271;empoleon:393;lickilicky:418;cradily:447
magnemite_shadow,Magnemite (Shadow),84.1,147.8,113.6,90,1512,VOLT_SWITCH,MAGNET_BOMB,DISCHARGE,88.2,57.9,79.3,59.6,empoleon:844;jellicent:722;forretress_shadow:616;kingdra:611;cradily:577,stunfisk:61;turtonator:110;quagsire_shadow:164;ninetales_shadow:289;lickilicky:443
samurott_hisuian,Samurott (Hisuian),84.1,132.6,96.7,132,1694,FURY_CUTTER,SACRED_SWORD,ICY_WIND,83.4,81.1,79.7,56.3,lapras:708;lickilicky:647;empoleon:590;jellicent:541;kingdra:530,forretress_shadow:144;stunfisk:287;ninetales_shadow:329;cradily:440;furret:493
bellossom_shadow,Bellossom (Shadow),84,115,132.2,128,1948,ACID,LEAF_BLADE,DAZZLING_GLEAM,80.6,64.7,83.4,68,quagsire_shadow:804;stunfisk:769;swampert:753;dunsparce:636;kingdra:558,forretress_shadow:89;cradily:319;empoleon:344;lickilicky:412;jellicent:435
marowak_alolan,Marowak (Alolan),84,109.6,148.8,125,2041,FIRE_SPIN,BONE_CLUB,SHADOW_BONE,82.6,74.4,85,79.3,forretress_shadow:836;charjabug:679;ninetales_shadow:652;toxapex:544;empoleon:516,kingdra:105;jellicent:233;lickilicky:328;stunfisk:380;cradily:440
toxtricity,Toxtricity,84,141.2,95.3,118,1590,ACID,WILD_CHARGE,POWER_UP_PUNCH,99.8,64.7,89.9,57.6,empoleon:826;lickilicky:817;jellicent:788;kingdra:546;cradily:529,quagsire_shadow:139;swampert:147;stunfisk:215;diggersby:227;ninetales_shadow:361
ampharos_shadow,Ampharos (Shadow),83.9,126.8,107.9,129,1766,VOLT_SWITCH,BRUTAL_SWING,TRAILBLAZE,85.9,84.5,75.4,57.8,empoleon:841;jellicent:806;lapras:751;crustle:686;ninetales_shadow:511,kingdra:313;stunfisk:319;cradily:329;forretress_shadow:453;lickilicky:478
noctowl,Noctowl,83.8,105.3,120.1,168,2126,WING_ATTACK,SKY_ATTACK,SHADOW_BALL,80.5,63.8,85.7,72,jellicent:776;jumpluff:627;swampert:565;azumarill:556;diggersby:547,lickilicky:371;empoleon:430;cradily:434;forretress_shadow:460;kingdra:487
swampert_shadow,Swampert (Shadow),83.8,122.9,109.1,136,1826,MUD_SHOT,HYDRO_CANNON,EARTHQUAKE,82.8,70.4,84.1,48.1,ninetales_shadow:742;stunfisk:665;quagsire_shadow:602;empoleon:518;furret:511,forretress_shadow:144;kingdra:254;cradily:291;lickilicky:365;jellicent:471
dipplin,Dipplin,83.7,114.6,128.8,132,1950,DRAGON_TAIL,SEED_BOMB,OUTRAGE,80.6,52,85,68.5,stunfisk:844;quagsire_shadow:795;furret:602;jellicent:560;kingdra:503,forretress_shadow:136;cradily:340;ninetales_shadow:369;empoleon:385;lickilicky:490
girafarig_shadow,Girafarig (Shadow),83.7,130.3,101.5,130,1721,CONFUSION,PSYCHIC_FANGS,TRAILBLAZE,90.7,82.8,65,49.6,lickilicky:603;stunfisk:592;jellicent:576;quagsire_shadow:550;furret:534,forretress_shadow:281;ninetales_shadow:305;kingdra:377;empoleon:377;cradily:461
orbeetle,Orbeetle,83.7,107.9,168.6,114,2075,PSYCHO_CUT,PSYSHOCK,BUG_BUZZ,84.3,68,83.4,69.5,toxapex:798;stunfisk:609;quagsire_shadow:583;kingdra:552;cradily:526,forretress_shadow:226;jellicent:269;furret:353;empoleon:381;lickilicky:428
starmie,Starmie,83.7,133.1,122,104,1690,PSYWAVE,AQUA_JET,POWER_GEM,80.1,75.8,81.6,46.6,fearow:706;crustle:610;lapras:591;quagsire_shadow:581;empoleon:552,forretress_shadow:144;kingdra:283;jellicent:349;cradily:378;lickilicky:381
amoonguss_shadow,Amoonguss (Shadow),83.6,109.3,105.9,177,2050,ASTONISH,GRASS_KNOT,FOUL_PLAY,77.2,57.1,85.1,66.3,jellicent:838;stunfisk:720;forretress_shadow:581;kingdra:550;quagsire_shadow:516,ninetales_shadow:202;empoleon:299;lickilicky:359;furret:403;cradily:447
magneton,Magneton,83.6,143.4,114.6,95,1563,VOLT_SWITCH,MAGNET_BOMB,DISCHARGE,86.6,59.5,80.4,66,empoleon:889;jellicent:773;cradily:610;forretress_shadow:600;lickilicky:505,stunfisk:61;turtonator:128;quagsire_shadow:139;ninetales_shadow:226;kingdra:487
kartana,Kartana,83.5,169.1,99.3,79,1328,FURY_CUTTER,LEAF_BLADE,SACRED_SWORD,87.6,44.2,85.7,47.1,cradily:784;kingdra:765;empoleon:765;jellicent:765;furret:594,turtonator:79;ninetales_shadow:107;forretress_shadow:128;fearow:423;lickilicky:465
dedenne,Dedenne,83.4,124.3,109,133,1804,THUNDER_SHOCK,DISCHARGE,PLAY_ROUGH,80,55.7,86.2,69.3,fearow:860;empoleon:827;kingdra:665;lapras:522;jellicent:503,cradily:93;stunfisk:247;forretress_shadow:382;lickilicky:409;furret:496
electrode,Electrode,83.4,122.8,126.3,118,1832,VOLT_SWITCH,DISCHARGE,FOUL_PLAY,81,71.7,85,70.8,mantine:868;empoleon:605;lapras:580;charjabug:559;jellicent:546,stunfisk:183;cradily:239;lickilicky:375;kingdra:415;forretress_shadow:457
ferrothorn_shadow,Ferrothorn (Shadow),83.4,107.1,152.7,128,2094,BULLET_SEED,POWER_WHIP,THUNDER,75,34.3,86.9,79.5,jellicent:839;stunfisk:734;lapras:679;empoleon:667;lickilicky:566,ninetales_shadow:63;forretress_shadow:74;furret:443;cradily:444;kingdra:491
greninja,Greninja,83.4,139.5,100.3,115,1611,WATER_SHURIKEN,HYDRO_CANNON,NIGHT_SLASH,83,63.8,84.3,48.8,ninetales_shadow:717;lapras:678;jellicent:630;lickilicky:621;empoleon:539,forretress_shadow:121;kingdra:245;cradily:420;furret:437;stunfisk:479
vigoroth_shadow,Vigoroth (Shadow),83.4,116.2,114.1,145,1923,COUNTER,BODY_SLAM,ROCK_SLIDE,79,66.6,81.4,57.1,furret:689;lickilicky:665;quagsire_shadow:634;ninetales_shadow:572;cradily:503,forretress_shadow:308;kingdra:309;jellicent:339;stunfisk:386;empoleon:495
zeraora,Zeraora,83.4,138.3,100.9,114,1592,VOLT_SWITCH,PLASMA_FISTS,WILD_CHARGE,88.1,65.8,84.1,47.8,empoleon:820;jellicent:811;kingdra:539;lickilicky:539;forretress_shadow:513,stunfisk:139;quagsire_shadow:139;cradily:222;ninetales_shadow:226;turtonator:353
lopunny,Lopunny,83.3,112,143.6,124,1996,LOW_KICK,THUNDER_PUNCH,SHADOW_BALL,83,80.6,85.8,65,empoleon:596;cradily:556;jellicent:552;stunfisk:528;furret:524,kingdra:343;forretress_shadow:367;quagsire_shadow:406;ninetales_shadow:452;lickilicky:487
marowak_alolan_shadow,Marowak (Alolan) (Shadow),83.3,109.6,148.8,125,2041,FIRE_SPIN,SHADOW_BONE,BONE_CLUB,78.7,61,80.4,73.3,forretress_shadow:860;ninetales_shadow:720;jumpluff:624;charjabug:616;toxapex:556,kingdra:122;jellicent:259;empoleon:290;lickilicky:318;cradily:395
politoed_shadow,Politoed (Shadow),83.3,114,124.2,139,1970,MUD_SHOT,WEATHER_BALL_WATER,ICE_BEAM,84.4,79.9,81.3,54.8,turtonator:694;empoleon:647;quagsire_shadow:586;forretress_shadow:579;stunfisk:535,furret:296;cradily:343;jellicent:368;kingdra:449;lickilicky:496
quagsire,Quagsire,83.3,111.2,112.6,161,2018,MUD_SHOT,AQUA_TAIL,MUD_BOMB,83,61.2,81.6,77.8,stunfisk:773;lickilicky:704;empoleon:677;turtonator:645;crustle:593,furret:250;cradily:281;kingdra:372;jellicent:445;forretress_shadow:496
electivire_shadow,Electivire (Shadow),83.2,143.3,100.8,108,1562,THUNDER_SHOCK,ICE_PUNCH,WILD_CHARGE,86.1,84.3,97.7,21.9,empoleon:810;jellicent:768;lapras:703;furret:625;crustle:625,stunfisk:302;forretress_shadow:316;cradily:322;kingdra:419;lickilicky:493
wigglytuff,Wigglytuff,83.1,115.1,75.5,223,1939,CHARM,ICY_WIND,SWIFT,83.4,59.1,80.5,72,kingdra:668;quagsire_shadow:650;stunfisk:560;furret:533;jellicent:508,empoleon:176;ninetales_shadow:194;cradily:312;forretress_shadow:386;lickilicky:465
servine,Servine,83,105.8,140.3,142,2110,VINE_WHIP,GRASS_KNOT,WRAP,83,64.4,80.2,84.5,stunfisk:848;lapras:721;jellicent:644;kingdra:630;empoleon:556,ninetales_shadow:317;forretress_shadow:324;lickilicky:368;furret:371;cradily:454
blacephalon,Blacephalon,82.9,173.6,88.4,84,1290,INCINERATE,MIND_BLOWN,SHADOW_BALL,74.5,48.5,94,40.3,forretress_shadow:833;cradily:815;empoleon:755;lapras:607;lickilicky:565,kingdra:118;jellicent:182;ninetales_shadow:182;stunfisk:194;furret:246
electrode_shadow,Electrode (Shadow),82.9,122.8,126.3,118,1832,VOLT_SWITCH,DISCHARGE,FOUL_PLAY,84.1,74.1,81.3,61.5,jellicent:817;lapras:817;empoleon:550;forretress_shadow:533;ninetales_shadow:516,stunfisk:229;cradily:274;lickilicky:406;furret:440;kingdra:491
milotic,Milotic,82.9,113.1,133.8,131,1985,WATERFALL,AQUA_TAIL,WRAP,83.8,64.7,77.4,71.8,turtonator:671;quagsire_shadow:652;stunfisk:595;ninetales_shadow:591;lickilicky:515,cradily:284;kingdra:309;jellicent:339;empoleon:381;forretress_shadow:480
quagsire_shadow,Quagsire (Shadow),82.9,111.2,112.6,161,2018,MUD_SHOT,AQUA_TAIL,MUD_BOMB,81,63.3,80.4,72.5,empoleon:885;stunfisk:714;turtonator:711;crustle:562;forretress_shadow:555,cradily:222;furret:278;kingdra:355;lickilicky:431;jellicent:493
coalossal,Coalossal,82.8,98.1,139.3,167,2285,FIRE_SPIN,ROCK_SLIDE,FLAME_CHARGE,77.7,40,79.8,85,ninetales_shadow:763;charjabug:727;forretress_shadow:664;furret:625;turtonator:571,kingdra:93;empoleon:237;jellicent:326;cradily:385;lickilicky:446
farfetchd,Farfetch'd,82.8,116.8,109.2,131,1671,FURY_CUTTER,LEAF_BLADE,AERIAL_ACE,80.6,73.8,81.3,64.3,diggersby:809;quagsire_shadow:725;jellicent:671;swampert:656;jumpluff:511,kingdra:368;cradily:381;empoleon:389;forretress_shadow:417;lickilicky:440
lurantis,Lurantis,82.8,126.2,117.8,119,1770,LEAFAGE,LEAF_BLADE,SUPER_POWER,80,52.2,83.4,74.5,jellicent:869;stunfisk:802;empoleon:785;furret:571;kingdra:512,forretress_shadow:78;ninetales_shadow:130;turtonator:256;cradily:329;lickilicky:393
squawkabilly,Squawkabilly,82.8,133.6,84.8,147,1666,PECK,BRAVE_BIRD,FLY,74.9,51.1,90.6,43.6,quagsire_shadow:690;jellicent:663;forretress_shadow:656;lickilicky:540;ninetales_shadow:513,stunfisk:142;empoleon:168;kingdra:216;furret:228;cradily:479
toedscruel,Toedscruel,82.8,108.9,143.5,131,2047,MUD_SLAP,SEED_BOMB,EARTH_POWER,82.6,47.9,83.5,74.8,kingdra:599;cradily:591;furret:576;empoleon:568;lickilicky:503,forretress_shadow:253;turtonator:358;lapras:388;ninetales_shadow:448;jellicent:477
flapple,Flapple,82.7,138.1,100.1,117,1618,DRAGON_BREATH,SEED_BOMB,DRAGON_PULSE,82.1,66.3,79.8,54.6,quagsire_shadow:811;swampert:782;stunfisk:726;lickilicky:606;turtonator:512,forretress_shadow:128;cradily:354;empoleon:377;kingdra:406;jellicent:480
ludicolo,Ludicolo,82.7,116.4,123.6,134,1931,ASTONISH,WEATHER_BALL_WATER,ENERGY_BALL,81.8,63.6,82,70,jellicent:847;ninetales_shadow:667;kingdra:593;empoleon:585;stunfisk:570,furret:128;lickilicky:234;cradily:333;forretress_shadow:355;turtonator:376
pidgeot_shadow,Pidgeot (Shadow),82.7,116.9,115.5,142,1918,GUST,AIR_CUTTER,BRAVE_BIRD,85.8,66.7,90.1,67,forretress_shadow:714;quagsire_shadow:700;jellicent:672;ninetales_shadow:549;kingdra:510,stunfisk:206;empoleon:209;cradily:343;furret:375;lickilicky:390
trumbeak,Trumbeak,82.7,134,93.2,134,1676,PECK,DRILL_PECK,ROCK_BLAST,85.9,73.4,81.6,50.8,fearow:735;forretress_shadow:720;quagsire_shadow:675;jellicent:634;ninetales_shadow:570,stunfisk:226;empoleon:331;cradily:336;lickilicky:406;kingdra:461
rapidash,Rapidash,82.4,133.6,111.5,112,1670,INCINERATE,DRILL_RUN,WILD_CHARGE,78.8,80.5,78.8,55.1,empoleon:861;forretress_shadow:812;ninetales_shadow:651;jumpluff:553;charjabug:526,jellicent:144;kingdra:326;cradily:364;lickilicky:368;stunfisk:473
obstagoon_shadow,Obstagoon (Shadow),82.3,113.2,127.9,137,1985,COUNTER,CROSS_CHOP,NIGHT_SLASH,79.2,56.2,78.4,69.5,lickilicky:693;furret:664;ninetales_shadow:572;cradily:551;empoleon:525,forretress_shadow:234;kingdra:309;jellicent:384;stunfisk:386;quagsire_shadow:478
feraligatr,Feraligatr,82.2,123.8,117.3,125,1818,SHADOW_CLAW,HYDRO_CANNON,ICE_BEAM,78.8,84.3,83.5,47.8,crustle:756;diggersby:671;quagsire_shadow:608;jellicent:512;turtonator:512,cradily:309;forretress_shadow:457;kingdra:483;empoleon:483;lickilicky:484
serperior,Serperior,82.1,110.2,142.2,130,2038,VINE_WHIP,FRENZY_PLANT,AERIAL_ACE,75.5,44.8,84.6,69.3,jellicent:842;stunfisk:834;lapras:700;kingdra:576;empoleon:576,forretress_shadow:210;ninetales_shadow:337;cradily:375;lickilicky:431;furret:493
magnemite,Magnemite,81.9,147.8,113.6,90,1512,VOLT_SWITCH,MAGNET_BOMB,DISCHARGE,83.9,58.8,78.8,63.3,empoleon:883;jellicent:761;lapras:761;cradily:588;forretress_shadow:577,stunfisk:61;ninetales_shadow:242;furret:443;lickilicky:490;kingdra:491
typhlosion_shadow,Typhlosion (Shadow),81.9,132.7,108.8,117,1691,INCINERATE,BLAST_BURN,THUNDER_PUNCH,82,71.8,79.3,48.3,empoleon:824;crustle:824;forretress_shadow:820;cradily:717;ninetales_shadow:649,kingdra:105;stunfisk:235;lickilicky:253;furret:303;jellicent:423
slowbro_shadow,Slowbro (Shadow),81.8,113.4,120.9,144,1975,CONFUSION,DRAIN_PUNCH,ICE_BEAM,85.1,67.5,72.8,65.5,kingdra:604;lapras:597;ninetales_shadow:565;stunfisk:552;empoleon:531,forretress_shadow:179;lickilicky:221;jellicent:272;furret:321;cradily:392
meganium,Meganium,81.7,110.8,139,131,2018,VINE_WHIP,FRENZY_PLANT,EARTHQUAKE,72.6,39.8,84.6,67.3,jellicent:843;stunfisk:820;lapras:698;kingdra:576;empoleon:576,forretress_shadow:97;ninetales_shadow:337;cradily:375;lickilicky:431;furret:493
thundurus_incarnate,Thundurus (Incarnate),81.7,148.1,95.5,107,1514,THUNDER_SHOCK,THUNDER_PUNCH,BRICK_BREAK,85.4,76,75.1,54.6,mantine:869;empoleon:827;jellicent:799;fearow:785;lapras:728,cradily:319;stunfisk:322;lickilicky:331;kingdra:355;forretress_shadow:394
pumpkaboo_super,Pumpkaboo (Super),81.6,111.7,113.4,141,1788,ASTONISH,FOUL_PLAY,GRASS_KNOT,76.5,53.1,81.4,67.5,stunfisk:801;quagsire_shadow:684;jellicent:648;charjabug:638;kingdra:567,furret:103;empoleon:299;lickilicky:312;cradily:427;forretress_shadow:472
genesect,Genesect,81.5,141,111.6,100,1575,FURY_CUTTER,X_SCISSOR,TECHNO_BLAST_NORMAL,79.2,46.9,80.9,62,cradily:895;crustle:794;quagsire_shadow:585;stunfisk:550;furret:525,jellicent:272;empoleon:327;forretress_shadow:359;lickilicky:396;kingdra:495
girafarig,Girafarig,81.5,130.3,101.5,130,1721,CONFUSION,PSYCHIC_FANGS,TRAILBLAZE,85.8,72.4,69.1,57.3,jellicent:650;stunfisk:630;quagsire_shadow:607;lapras:561;ninetales_shadow:550,forretress_shadow:230;empoleon:311;cradily:336;lickilicky:418;kingdra:461
magneton_shadow,Magneton (Shadow),81.5,143.4,114.6,95,1563,THUNDER_SHOCK,DISCHARGE,MAGNET_BOMB,82,54.4,85.8,48.6,empoleon:900;crustle:784;jellicent:773;lapras:773;cradily:578,ninetales_shadow:162;stunfisk:197;lickilicky:393;kingdra:461;forretress_shadow:496
torkoal,Torkoal,81.5,107.5,151.3,128,2084,EMBER,FLAME_WHEEL,OVERHEAT,79.8,54.2,83.2,73,forretress_shadow:812;charjabug:691;furret:632;ninetales_shadow:554;empoleon:542,kingdra:203;stunfisk:287;jellicent:323;cradily:395;lickilicky:481
trevenant,Trevenant,81.5,127.8,104.6,131,1752,SHADOW_CLAW,SEED_BOMB,SHADOW_BALL,78.8,59.8,81.6,60.5,stunfisk:667;jellicent:610;forretress_shadow:587;kingdra:557;cradily:511,ninetales_shadow:194;lickilicky:203;empoleon:250;furret:271;lapras:449
primarina,Primarina,81.3,131.6,115.6,112,1705,WATERFALL,DISARMING_VOICE,HYDRO_CANNON,80.3,57.9,78.4,56.6,turtonator:718;kingdra:700;forretress_shadow:660;furret:607;quagsire_shadow:571,jellicent:288;stunfisk:308;cradily:395;empoleon:413;lickilicky:462
sceptile_shadow,Sceptile (Shadow),81.3,135.6,109.3,111,1646,FURY_CUTTER,LEAF_BLADE,BREAKING_SWIPE,82.8,54,81.3,47.8,jellicent:774;stunfisk:725;furret:680;kingdra:671;cradily:527,forretress_shadow:105;ninetales_shadow:138;turtonator:172;lickilicky:421;empoleon:479
seismitoad,Seismitoad,81.2,120.3,100.8,154,1869,MUD_SHOT,EARTH_POWER,ICY_WIND,79.7,72,82.1,57.8,turtonator:860;stunfisk:785;empoleon:681;toxapex:636;dunsparce:577,cradily:256;kingdra:338;lickilicky:375;jellicent:381;forretress_shadow:429
magcargo,Magcargo,81.1,110.9,156.3,117,2029,EMBER,ROCK_TOMB,OVERHEAT,77.3,36.1,81.1,73.5,turtonator:675;furret:619;ninetales_shadow:615;forretress_shadow:594;lickilicky:585,kingdra:88;empoleon:127;jellicent:266;stunfisk:377;cradily:465
obstagoon,Obstagoon,81.1,113.2,127.9,137,1985,COUNTER,NIGHT_SLASH,CROSS_CHOP,80,58.4,80,72.8,lickilicky:733;furret:722;lapras:704;empoleon:609;cradily:536,forretress_shadow:210;kingdra:427;ninetales_shadow:448;stunfisk:468;jellicent:496
politoed,Politoed,81.1,114,124.2,139,1970,MUD_SHOT,WEATHER_BALL_WATER,ICE_BEAM,80.8,69.8,80.5,64.8,turtonator:625;stunfisk:575;quagsire_shadow:553;ninetales_shadow:535;lickilicky:503,furret:275;cradily:298;kingdra:347;jellicent:371;forretress_shadow:457
roserade,Roserade,81.1,141.9,114.3,97,1574,POISON_STING,WEATHER_BALL_FIRE,LEAF_STORM,90.2,72.3,78.8,49.6,jellicent:778;empoleon:737;furret:685;stunfisk:654;forretress_shadow:639,ninetales_shadow:130;turtonator:176;kingdra:228;cradily:434;lickilicky:487
ursaring,Ursaring,81.1,139.6,91.3,126,1607,SHADOW_CLAW,SWIFT,CLOSE_COMBAT,84.9,61.9,76,34.9,empoleon:757;furret:718;jellicent:591;forretress_shadow:503;ninetales_shadow:503,cradily:184;kingdra:216;stunfisk:345;turtonator:446;lickilicky:453
snorlax_shadow,Snorlax (Shadow),81,108.4,102.2,187,2073,LICK,BODY_SLAM,SUPER_POWER,77.3,61,82.1,48.6,ninetales_shadow:601;forretress_shadow:585;empoleon:558;cradily:548;jellicent:513,lickilicky:253;stunfisk:421;furret:434;kingdra:466;quagsire_shadow:493
kangaskhan,Kangaskhan,80.9,114.5,110.8,153,1944,LOW_KICK,BRICK_BREAK,CRUNCH,77.3,76.1,76.7,71.3,empoleon:601;cradily:581;lickilicky:565;furret:549;jellicent:516,quagsire_shadow:322;forretress_shadow:339;ninetales_shadow:353;kingdra:364;stunfisk:441
sceptile,Sceptile,80.9,135.6,109.3,111,1646,FURY_CUTTER,LEAF_BLADE,BREAKING_SWIPE,80.5,58.5,79.3,61.8,quagsire_shadow:765;stunfisk:743;lickilicky:603;lapras:599;kingdra:545,forretress_shadow:121;empoleon:430;furret:431;jellicent:458;cradily:472
wailmer,Wailmer,80.9,116.5,68.2,242,1927,ROLLOUT,SCALD,BODY_SLAM,78.2,70,81.4,64.8,crustle:770;lapras:640;turtonator:607;ninetales_shadow:576;fearow:572,cradily:270;empoleon:299;kingdra:334;jellicent:445;lickilicky:459
wailmer_shadow,Wailmer (Shadow),80.9,116.5,68.2,242,1927,ROLLOUT,SCALD,BODY_SLAM,79.8,80.5,78.4,51.6,crustle:770;turtonator:683;lapras:592;mantine:590;forretress_shadow:502,cradily:315;jellicent:323;kingdra:364;empoleon:372;lickilicky:403
electivire,Electivire,80.8,143.3,100.8,108,1562,THUNDER_SHOCK,ICE_PUNCH,WILD_CHARGE,82.5,64.4,89.9,32.4,empoleon:810;jellicent:800;crustle:717;lapras:703;kingdra:513,furret:159;forretress_shadow:160;stunfisk:247;cradily:267;lickilicky:421
trevenant_shadow,Trevenant (Shadow),80.8,127.8,104.6,131,1752,SHADOW_CLAW,SHADOW_BALL,FOUL_PLAY,78,66.6,79.5,52.1,empoleon:767;stunfisk:725;jellicent:702;quagsire_shadow:683;lapras:541,lickilicky:259;forretress_shadow:285;furret:290;kingdra:474;cradily:475
hydrapple,Hydrapple,80.7,122.2,110.7,136,1841,DRAGON_TAIL,SEED_BOMB,OUTRAGE,75.7,56.1,82.8,63.5,swampert:819;quagsire_shadow:779;stunfisk:775;charjabug:573;furret:544,kingdra:283;empoleon:331;cradily:368;jellicent:442;lickilicky:484
raichu_alolan,Raichu (Alolan),80.7,135.4,109.9,111,1653,THUNDER_SHOCK,WILD_CHARGE,TRAILBLAZE,77.3,56.8,86.4,40.3,jellicent:711;furret:590;ninetales_shadow:567;empoleon:540;stunfisk:522,quagsire_shadow:99;forretress_shadow:140;kingdra:173;lickilicky:271;cradily:378
tropius,Tropius,80.7,101.4,128,170,2208,AIR_SLASH,LEAF_BLADE,BRUTAL_SWING,77.2,61.5,80.4,76,quagsire_shadow:879;swampert:850;diggersby:667;stunfisk:632;furret:502,cradily:284;lickilicky:350;empoleon:364;jellicent:461;kingdra:470
bruxish,Bruxish,80.6,136.4,102.5,117,1637,CONFUSION,AQUA_TAIL,PSYCHIC_FANGS,85.9,70.3,66.1,50.1,fearow:696;furret:568;kingdra:555;quagsire_shadow:555;lapras:551,forretress_shadow:144;jellicent:365;lickilicky:368;cradily:388;empoleon:434
lokix,Lokix,80.6,132.8,104,122,1687,SUCKER_PUNCH,X_SCISSOR,TRAILBLAZE,78.5,65.8,73.1,53.1,lapras:631;stunfisk:627;jellicent:618;furret:618;lickilicky:553,forretress_shadow:222;ninetales_shadow:257;kingdra:300;empoleon:344;cradily:447
vikavolt_shadow,Vikavolt (Shadow),80.6,144.1,96.6,111,1547,VOLT_SWITCH,X_SCISSOR,DISCHARGE,81.1,78.6,76.1,38.1,empoleon:833;jellicent:743;lapras:711;furret:635;crustle:635,lickilicky:203;forretress_shadow:253;kingdra:258;stunfisk:287;cradily:451
castform_rainy,Castform (Rainy),80.5,112.6,121.2,146,1994,WATER_GUN,WEATHER_BALL_WATER,THUNDER,76.5,47.2,83.2,57.6,jellicent:589;stunfisk:575;ninetales_shadow:547;lickilicky:520;empoleon:520,kingdra:127;cradily:291;furret:403;quagsire_shadow:450;forretress_shadow:492
raticate_alolan_shadow,Raticate (Alolan) (Shadow),80.5,107,130.1,150,2091,QUICK_ATTACK,CRUNCH,HYPER_BEAM,76.4,51.3,86.7,47.3,stunfisk:686;lapras:686;mantine:646;lickilicky:550;jellicent:536,forretress_shadow:132;cradily:434;empoleon:434;furret:446;kingdra:474
tauros_aqua,Tauros (Aqua),80.5,127.8,120.6,114,1759,DOUBLE_KICK,AQUA_JET,TRAILBLAZE,77.8,58.8,74.2,59.1,lickilicky:653;furret:622;quagsire_shadow:587;lapras:530;empoleon:504,stunfisk:148;jellicent:326;kingdra:440;cradily:447;forretress_shadow:476
zangoose,Zangoose,80.5,144.7,87.7,122,1550,FURY_CUTTER,CLOSE_COMBAT,NIGHT_SLASH,89.6,71.5,70.7,34.1,cradily:790;empoleon:750;furret:709;lickilicky:635;jellicent:590,ninetales_shadow:154;turtonator:190;kingdra:245;stunfisk:366;forretress_shadow:480
armarouge,Armarouge,80.4,132.1,109.6,117,1695,INCINERATE,PSYSHOCK,HEAT_WAVE,79.8,79.9,78.1,52.6,charjabug:790;forretress_shadow:760;jumpluff:743;crustle:739;fearow:739,jellicent:330;kingdra:364;lickilicky:396;cradily:399;empoleon:459
graveler_alolan_shadow,Graveler (Alolan) (Shadow),80.4,122.6,129.8,115,1831,VOLT_SWITCH,STONE_EDGE,ROCK_BLAST,84.8,66.7,67.5,49.3,lapras:813;turtonator:639;furret:582;lickilicky:543;forretress_shadow:517,stunfisk:61;cradily:378;empoleon:454;kingdra:470;jellicent:487
camerupt,Camerupt,80.2,133.5,100.5,125,1678,INCINERATE,EARTH_POWER,ROCK_TOMB,77,55.1,71.6,62.3,forretress_shadow:832;stunfisk:648;lickilicky:564;ninetales_shadow:564;cradily:556,kingdra:122;jellicent:144;lapras:215;empoleon:299;furret:315
golem_alolan_shadow,Golem (Alolan) (Shadow),80.1,125.1,122.2,117,1791,VOLT_SWITCH,WILD_CHARGE,ROCK_BLAST,80.5,61.8,79.7,47.1,fearow:880;crustle:739;lapras:726;furret:581;lickilicky:555,stunfisk:145;cradily:267;jellicent:339;forretress_shadow:468;kingdra:474
kabutops,Kabutops,80.1,135.4,119.7,102,1655,FURY_CUTTER,AQUA_JET,STONE_EDGE,72.2,78.6,78.3,38.9,cradily:818;turtonator:710;crustle:700;lickilicky:514;furret:514,jellicent:163;stunfisk:168;forretress_shadow:175;kingdra:271;empoleon:331
pinsir_shadow,Pinsir (Shadow),80.1,139.6,112.6,102,1604,FURY_CUTTER,CLOSE_COMBAT,X_SCISSOR,73.2,60.1,82.1,35.4,cradily:750;lapras:656;furret:651;stunfisk:549;quagsire_shadow:544,forretress_shadow:226;lickilicky:240;empoleon:262;jellicent:275;kingdra:326
bewear_shadow,Bewear (Shadow),80,129.6,87.1,153,1729,SHADOW_CLAW,SUPER_POWER,STOMP,86.7,82.9,86.2,39.6,cradily:781;empoleon:767;lickilicky:643;jellicent:571;kingdra:539,fearow:125;ninetales_shadow:242;mantine:338;stunfisk:375;charjabug:400
kleavor,Kleavor,80,143.6,104.5,104,1561,FURY_CUTTER,X_SCISSOR,ROCK_SLIDE,76.7,85.3,80.9,29.6,cradily:850;lapras:774;crustle:706;kingdra:576;furret:533,jellicent:144;forretress_shadow:183;empoleon:327;lickilicky:381;stunfisk:415
marshtomp,Marshtomp,80,119.8,111.5,140,1871,MUD_SHOT,SURF,SLUDGE,77.3,63.2,79.3,60.5,crustle:771;stunfisk:721;charjabug:607;turtonator:589;lickilicky:521,cradily:225;kingdra:338;jellicent:371;forretress_shadow:382;empoleon:405
servine_shadow,Servine (Shadow),80,105.8,140.3,142,2110,VINE_WHIP,GRASS_KNOT,WRAP,78.3,61.5,77.6,74.5,stunfisk:834;lapras:704;kingdra:609;jellicent:602;empoleon:528,forretress_shadow:210;ninetales_shadow:341;cradily:361;lickilicky:371;furret:456
fletchinder_shadow,Fletchinder (Shadow),79.7,123.3,102.6,143,1811,PECK,FLY,HEAT_WAVE,69.9,44.6,81.4,48.1,forretress_shadow:797;turtonator:769;ninetales_shadow:678;seaking:622;quagsire_shadow:503,empoleon:168;lickilicky:171;jellicent:214;kingdra:258;cradily:375
typhlosion_hisuian,Typhlosion (Hisuian),79.7,139.6,106.8,108,1611,EMBER,SHADOW_BALL,WILD_CHARGE,70.4,57.4,92.2,30.6,empoleon:847;mantine:800;forretress_shadow:782;fearow:703;ninetales_shadow:666,kingdra:88;jellicent:108;stunfisk:119;lickilicky:356;cradily:368
vikavolt,Vikavolt,79.7,144.1,96.6,111,1547,VOLT_SWITCH,X_SCISSOR,FLY,83.3,77.2,78.8,40.3,empoleon:815;mantine:792;crustle:725;fearow:711;kingdra:518,stunfisk:252;forretress_shadow:378;cradily:381;lickilicky:390;jellicent:442
beedrill,Beedrill,79.6,127.1,106.5,130,1760,POISON_STING,X_SCISSOR,DRILL_RUN,74.4,69.8,79,55.3,victreebel_shadow:823;magnezone_shadow:734;stunfisk:646;toxapex:630;azumarill:519,jellicent:233;lickilicky:315;cradily:333;kingdra:389;empoleon:405
dhelmise,Dhelmise,79.6,139.7,109.3,105,1605,SHADOW_CLAW,POWER_WHIP,BRUTAL_SWING,76.8,69.8,74.6,52.6,lapras:776;stunfisk:757;quagsire_shadow:742;seaking:628;jellicent:523,lickilicky:221;empoleon:250;cradily:388;kingdra:427;forretress_shadow:449
whiscash_shadow,Whiscash (Shadow),79.6,107.5,108.2,178,2074,MUD_SHOT,MUD_BOMB,SCALD,77.5,54.7,82.5,61,crustle:738;turtonator:724;stunfisk:707;empoleon:640;lickilicky:525,cradily:277;furret:303;forretress_shadow:367;kingdra:377;jellicent:490
escavalier,Escavalier,79.5,132.1,117.6,108,1679,BUG_BITE,DRILL_RUN,RAZOR_SHELL,80,49.3,76.3,73.3,cradily:875;stunfisk:625;forretress_shadow:620;empoleon:518;lickilicky:513,turtonator:119;ninetales_shadow:206;jellicent:243;lapras:293;kingdra:411
pumpkaboo_large,Pumpkaboo (Large),79.5,113.4,115.1,133,1737,ASTONISH,FOUL_PLAY,GRASS_KNOT,73.9,53.1,78.3,64,stunfisk:808;quagsire_shadow:665;jellicent:631;charjabug:620;kingdra:545,furret:103;lickilicky:225;empoleon:290;cradily:454;forretress_shadow:476
staraptor_shadow,Staraptor (Shadow),79.5,140.3,90.8,125,1594,WING_ATTACK,FLY,CLOSE_COMBAT,64.5,41.5,87.1,32.1,cradily:708;quagsire_shadow:604;forretress_shadow:568;jellicent:536;turtonator:516,stunfisk:116;empoleon:168;lickilicky:171;furret:221;kingdra:233
victini,Victini,79.5,120.4,119.3,129,1855,CONFUSION,V_CREATE,PSYSHOCK,72.7,52,86.2,52.3,ninetales_shadow:736;toxapex:705;charjabug:593;forretress_shadow:589;turtonator:569,empoleon:188;lickilicky:190;jellicent:195;kingdra:258;cradily:388
whiscash,Whiscash,79.5,107.5,108.2,178,2074,MUD_SHOT,MUD_BOMB,SCALD,78.2,51.6,81.3,71.3,stunfisk:778;empoleon:691;lickilicky:606;quagsire_shadow:581;forretress_shadow:502,ninetales_shadow:146;cradily:229;kingdra:313;furret:318;jellicent:387
scolipede,Scolipede,79.4,131.7,120.3,107,1698,POISON_STING,AQUA_TAIL,MEGAHORN,80.5,69.2,81.1,44.3,seaking:668;stunfisk:598;charjabug:546;kingdra:542;swampert:542,lickilicky:246;jellicent:298;empoleon:336;forretress_shadow:410;cradily:489
armaldo_shadow,Armaldo (Shadow),79.3,133.9,109.1,115,1680,FURY_CUTTER,ROCK_BLAST,LIQUIDATION,82.3,84.5,74.9,31.9,cradily:852;lapras:695;crustle:647;stunfisk:521;furret:513,empoleon:262;jellicent:298;forretress_shadow:339;lickilicky:356;kingdra:466
galvantula,Galvantula,79.3,138.2,96.4,122,1627,VOLT_SWITCH,DISCHARGE,LUNGE,80.6,78.3,77,47.1,mantine:807;toxapex:627;empoleon:586;lapras:520;forretress_shadow:512,kingdra:258;cradily:347;lickilicky:356;stunfisk:383;jellicent:387
bewear,Bewear,79.2,129.6,87.1,153,1729,SHADOW_CLAW,SUPER_POWER,STOMP,82.5,67,79.7,55.3,empoleon:800;jellicent:653;forretress_shadow:588;furret:581;lickilicky:519,stunfisk:337;cradily:444;kingdra:461;turtonator:464;lapras:494
graveler_alolan,Graveler (Alolan),79.2,121.4,130.9,116,1845,VOLT_SWITCH,STONE_EDGE,ROCK_BLAST,80.5,59,73.1,62.5,mantine:909;turtonator:706;furret:655;lickilicky:577;forretress_shadow:564,stunfisk:46;kingdra:237;cradily:309;empoleon:393;jellicent:397
magmar_shadow,Magmar (Shadow),79.2,135.1,107.6,114,1659,KARATE_CHOP,FIRE_PUNCH,SCORCHING_SANDS,85.3,77.8,76.1,29.6,empoleon:837;turtonator:767;forretress_shadow:723;furret:688;ninetales_shadow:679,jellicent:282;kingdra:296;cradily:406;lickilicky:434;stunfisk:459
kabutops_shadow,Kabutops (Shadow),79,135.4,119.7,102,1655,FURY_CUTTER,AQUA_JET,STONE_EDGE,67.9,66.7,79.5,30.1,cradily:818;fearow:799;crustle:700;turtonator:656;furret:651,jellicent:144;forretress_shadow:160;empoleon:176;lickilicky:209;kingdra:271
marshtomp_shadow,Marshtomp (Shadow),79,120.4,111.4,139,1865,MUD_SHOT,SURF,SLUDGE,78,66.1,80.5,46.3,crustle:708;dunsparce:679;stunfisk:654;lickilicky:597;turtonator:503,cradily:239;jellicent:253;kingdra:351;forretress_shadow:417;empoleon:479
decidueye,Decidueye,78.9,127.8,115.2,119,1754,LEAFAGE,FRENZY_PLANT,SPIRIT_SHACKLE,76.5,64.1,84.4,62.5,stunfisk:810;lapras:802;kingdra:655;jellicent:588;furret:546,ninetales_shadow:130;lickilicky:175;empoleon:250;forretress_shadow:269;cradily:430
fletchinder,Fletchinder,78.9,123.3,102.6,143,1811,PECK,FLY,HEAT_WAVE,70.4,48.9,81.8,55.3,forretress_shadow:821;ninetales_shadow:741;quagsire_shadow:604;fearow:520;furret:510,empoleon:168;lickilicky:175;jellicent:195;kingdra:216;cradily:343
kilowattrel,Kilowattrel,78.9,143.2,92.5,118,1563,THUNDER_SHOCK,ACROBATICS,AERIAL_ACE,77.2,68.7,84.4,31.6,fearow:783;forretress_shadow:648;seaking:648;mantine:635;quagsire_shadow:593,kingdra:156;empoleon:290;lickilicky:296;cradily:333;jellicent:368
shiftry_shadow,Shiftry (Shadow),78.9,133.4,88,143,1680,SNARL,LEAF_BLADE,FOUL_PLAY,72.4,40.8,80.4,52.1,jellicent:891;quagsire_shadow:741;stunfisk:716;seaking:650;lickilicky:559,forretress_shadow:70;cradily:309;furret:393;kingdra:423;empoleon:459
venomoth_shadow,Venomoth (Shadow),78.9,127,107.5,129,1763,PSYWAVE,POISON_FANG,SILVER_WIND,77.8,76.6,74,52.1,cradily:868;crustle:658;quagsire_shadow:577;toxapex:577;charjabug:511,empoleon:176;jellicent:333;lickilicky:337;forretress_shadow:394;kingdra:483
whimsicott,Whimsicott,78.9,118.7,135,118,1892,FAIRY_WIND,SEED_BOMB,MOONBLAST,74.5,47.4,80.9,72.5,quagsire_shadow:813;stunfisk:788;kingdra:754;jellicent:542;mantine:525,ninetales_shadow:99;forretress_shadow:171;empoleon:258;cradily:333;lickilicky:400
skeledirge,Skeledirge,78.8,121.2,109.7,139,1849,INCINERATE,TORCH_SONG,SHADOW_BALL,73.2,49.3,79.3,69.5,forretress_shadow:874;ninetales_shadow:733;charjabug:618;stunfisk:604;cradily:532,kingdra:105;jellicent:131;lickilicky:203;empoleon:282;furret:300
ariados,Ariados,78.6,124.2,103.8,140,1806,POISON_STING,LUNGE,TRAILBLAZE,77.8,66.1,74.6,66.3,quagsire_shadow:667;cradily:628;furret:614;charjabug:596;toxapex:564,empoleon:258;forretress_shadow:261;jellicent:339;kingdra:453;lickilicky:496
magmar,Magmar,78.6,135.1,107.6,114,1659,KARATE_CHOP,FIRE_PUNCH,SCORCHING_SANDS,79.5,68.6,73.7,45.1,empoleon:864;magcargo:864;forretress_shadow:758;ninetales_shadow:692;jumpluff:530,jellicent:169;kingdra:258;cradily:361;lickilicky:365;stunfisk:401
typhlosion,Typhlosion,78.6,132.7,108.8,117,1691,INCINERATE,BLAST_BURN,THUNDER_PUNCH,78.5,64.1,77.9,52.1,empoleon:867;forretress_shadow:820;charjabug:790;fearow:739;stunfisk:529,lickilicky:215;kingdra:296;jellicent:355;furret:409;cradily:468
wailord,Wailord,78.6,118.3,67.4,237,1892,ROLLOUT,SURF,RETURN,78.5,56.8,78.6,51.8,crustle:765;mantine:624;turtonator:594;kingdra:575;ninetales_shadow:563,cradily:253;lickilicky:334;empoleon:348;jellicent:403;forretress_shadow:406
camerupt_shadow,Camerupt (Shadow),78.4,133.5,100.5,125,1678,INCINERATE,EARTH_POWER,ROCK_TOMB,73.4,55,65.7,53.3,cradily:800;forretress_shadow:776;charjabug:740;turtonator:628;stunfisk:592,kingdra:105;jellicent:169;lickilicky:253;furret:303;empoleon:364
galvantula_shadow,Galvantula (Shadow),78.4,138.2,96.4,122,1627,VOLT_SWITCH,DISCHARGE,LUNGE,80,69.2,77.4,41.1,empoleon:831;jellicent:766;mantine:766;fearow:688;quagsire_shadow:581,stunfisk:264;forretress_shadow:296;kingdra:322;lickilicky:415;cradily:416
magmortar_shadow,Magmortar (Shadow),78.4,140.8,104.5,108,1589,KARATE_CHOP,FIRE_PUNCH,THUNDERBOLT,82.6,72.4,72.3,23.4,empoleon:828;forretress_shadow:708;lapras:675;fearow:662;ninetales_shadow:592,jellicent:73;kingdra:300;stunfisk:316;lickilicky:396;cradily:434
scyther_shadow,Scyther (Shadow),78.4,134.8,109.4,113,1668,FURY_CUTTER,X_SCISSOR,NIGHT_SLASH,78.8,68.1,79.5,40.1,crustle:818;cradily:774;quagsire_shadow:676;diggersby:641;forretress_shadow:517,stunfisk:168;lickilicky:240;kingdra:245;jellicent:352;empoleon:434
eelektrik,Eelektrik,78.3,122.3,110,136,1831,ACID,DISCHARGE,CRUNCH,75.7,65.2,78.6,53.8,mantine:691;charjabug:566;seaking:566;fearow:529;lapras:522,lickilicky:331;jellicent:362;cradily:368;kingdra:385;empoleon:422
escavalier_shadow,Escavalier (Shadow),78.3,132.1,117.6,108,1679,BUG_BITE,DRILL_RUN,RAZOR_SHELL,75.4,46.2,71,72,cradily:884;forretress_shadow:592;toxapex:569;dunsparce:564;stunfisk:527,jellicent:243;empoleon:262;lickilicky:303;kingdra:360;furret:362
lampent_shadow,Lampent (Shadow),78.3,132.5,99,129,1692,EMBER,HEAT_WAVE,ENERGY_BALL,74.5,73.4,81.6,32.4,empoleon:841;forretress_shadow:806;crustle:720;fearow:686;charjabug:686,cradily:336;lickilicky:362;kingdra:364;stunfisk:424;jellicent:435
maushold,Maushold,78.3,116.2,121.9,136,1928,MUD_SHOT,SWIFT,CRUNCH,76.8,76.1,76.7,61.8,jellicent:731;ninetales_shadow:625;seaking:621;empoleon:518;turtonator:503,forretress_shadow:277;cradily:343;lickilicky:368;stunfisk:389;kingdra:436
meowscarada,Meowscarada,78.1,140.3,99.1,115,1600,LEAFAGE,NIGHT_SLASH,FRENZY_PLANT,79.2,45.4,77.6,58.3,jellicent:873;furret:821;empoleon:778;lickilicky:643;kingdra:543,forretress_shadow:58;turtonator:84;ninetales_shadow:130;crustle:156;cradily:409
beedrill_shadow,Beedrill (Shadow),78,127.1,106.5,130,1760,POISON_STING,X_SCISSOR,DRILL_RUN,76.4,69.7,75.1,40.3,victreebel_shadow:788;toxapex:765;magnezone_shadow:688;stunfisk:557;turtonator:503,jellicent:294;lickilicky:321;cradily:395;kingdra:432;empoleon:467
staravia_shadow,Staravia (Shadow),77.9,131.9,91.5,135,1631,WING_ATTACK,BRAVE_BIRD,FLY,66.5,38.4,82.1,32.6,cradily:707;quagsire_shadow:633;jellicent:603;forretress_shadow:600;turtonator:551,stunfisk:107;empoleon:168;lickilicky:175;furret:190;kingdra:216
torterra,Torterra,77.9,119.9,117,133,1867,MUD_SLAP,FRENZY_PLANT,SAND_TOMB,76.8,46.3,78.8,66.3,stunfisk:845;lickilicky:684;jellicent:575;cradily:560;quagsire_shadow:537,furret:284;kingdra:309;ninetales_shadow:317;forretress_shadow:390;empoleon:446
scizor,Scizor,77.8,137.8,112,105,1622,BULLET_PUNCH,NIGHT_SLASH,TRAILBLAZE,75.7,52.2,72.6,63.8,crustle:804;fearow:709;cradily:600;quagsire_shadow:590;furret:519,empoleon:311;forretress_shadow:351;kingdra:377;jellicent:410;lickilicky:431
golem_alolan,Golem (Alolan),77.7,125.1,122.2,117,1791,VOLT_SWITCH,WILD_CHARGE,ROCK_BLAST,77.2,53.4,76.1,53.8,mantine:910;seaking:910;toxapex:841;furret:649;forretress_shadow:529,stunfisk:119;cradily:225;jellicent:291;kingdra:402;lickilicky:487
magby,Magby,77.7,139.4,95.7,120,1603,KARATE_CHOP,FIRE_PUNCH,BRICK_BREAK,80.3,62.7,68.4,52.8,empoleon:845;forretress_shadow:737;fearow:733;toucannon_shadow:658;jumpluff:516,jellicent:173;stunfisk:258;kingdra:351;lickilicky:390;cradily:447
scizor_shadow,Scizor (Shadow),77.7,137.8,112,105,1622,BULLET_PUNCH,NIGHT_SLASH,TRAILBLAZE,69.9,46.9,72.3,50.8,cradily:880;crustle:804;fearow:661;toxapex:528;dunsparce:519,jellicent:192;kingdra:228;lickilicky:290;empoleon:409;forretress_shadow:433
snorlax,Snorlax,77.7,108.4,102.2,187,2073,LICK,BODY_SLAM,SUPER_POWER,74.9,61.5,76.7,53.8,palkia_shadow:729;qwilfish_shadow:657;empoleon:631;jellicent:561;morpeko_full_belly:524,lickilicky:231;stunfisk:343;forretress_shadow:410;cradily:434;kingdra:457
pawmo,Pawmo,77.5,136.1,81.5,142,1576,THUNDER_SHOCK,WILD_CHARGE,THUNDER_PUNCH,79.5,48.8,80.4,40.6,empoleon:869;jellicent:799;furret:767;forretress_shadow:700;kingdra:524,stunfisk:78;ninetales_shadow:146;cradily:166;quagsire_shadow:220;lickilicky:337
quaxwell,Quaxwell,77.5,125.4,103.5,138,1792,WING_ATTACK,AQUA_JET,AERIAL_ACE,75.5,73.1,76,44.3,crustle:778;dunsparce:634;diggersby:623;lickilicky:572;turtonator:507,cradily:267;jellicent:304;kingdra:406;forretress_shadow:429;empoleon:491
staravia,Staravia,77.5,131.9,91.5,135,1631,WING_ATTACK,BRAVE_BIRD,FLY,68.4,47.6,86,35.9,forretress_shadow:692;quagsire_shadow:681;jellicent:651;lickilicky:544;ninetales_shadow:529,stunfisk:98;empoleon:127;kingdra:216;cradily:315;furret:437
talonflame,Talonflame,77.4,121.4,112.6,135,1847,INCINERATE,FLY,BRAVE_BIRD,72.9,51.1,77.6,61.8,forretress_shadow:870;jumpluff:633;quagsire_shadow:603;ninetales_shadow:600;furret:588,kingdra:105;jellicent:163;lickilicky:203;empoleon:282;cradily:472
kricketune,Kricketune,77.3,127.7,89.5,153,1751,FURY_CUTTER,X_SCISSOR,AERIAL_ACE,75.5,67.8,74,50.6,cradily:800;quagsire_shadow:679;gastrodon:617;swampert:598;charjabug:509,jellicent:304;empoleon:311;forretress_shadow:347;lickilicky:418;kingdra:474
pumpkaboo_average,Pumpkaboo (Average),77.2,114.2,115.9,126,1670,ASTONISH,FOUL_PLAY,GRASS_KNOT,71.1,47.1,76,58.6,stunfisk:797;quagsire_shadow:654;jellicent:611;charjabug:599;kingdra:519,lickilicky:90;furret:103;empoleon:290;cradily:437;forretress_shadow:476
tauros_blaze,Tauros (Blaze),77.2,127.8,120.6,114,1759,DOUBLE_KICK,FLAME_CHARGE,TRAILBLAZE,72.2,50,65.7,61.5,dunsparce:649;lickilicky:622;furret:605;forretress_shadow:578;charjabug:574,jellicent:298;empoleon:331;stunfisk:351;kingdra:402;cradily:465
celebi,Celebi,77.1,120.4,119.3,129,1855,CONFUSION,AURA_SPHERE,LEAF_STORM,72.6,49.7,80.4,62.3,stunfisk:806;quagsire_shadow:794;dunsparce:689;toxapex:616;kingdra:573,forretress_shadow:97;empoleon:188;lickilicky:190;jellicent:233;cradily:413
quilladin,Quilladin,77.1,114.9,130.2,130,1947,VINE_WHIP,ENERGY_BALL,BODY_SLAM,75.5,54.5,75.1,72.8,jellicent:861;quagsire_shadow:826;lapras:819;stunfisk:792;lickilicky:503,forretress_shadow:148;ninetales_shadow:257;cradily:312;kingdra:381;furret:453
electabuzz,Electabuzz,77,130.8,113.2,115,1704,THUNDER_SHOCK,THUNDER_PUNCH,RETURN,71.2,45.4,79.7,48.3,empoleon:878;mantine:878;fearow:839;toxapex:669;ninetales_shadow:539,cradily:163;lickilicky:331;kingdra:377;forretress_shadow:390;jellicent:483
parasect,Parasect,77,124.1,118.2,123,1807,FURY_CUTTER,X_SCISSOR,CROSS_POISON,75.2,54.2,75.3,63,quagsire_shadow:780;swampert:776;cradily:703;stunfisk:678;kingdra:565,forretress_shadow:160;empoleon:225;furret:378;jellicent:400;lickilicky:415
wartortle,Wartortle,77,107.6,139,139,2080,WATER_GUN,AQUA_JET,ICE_BEAM,72.7,51.1,78.8,59.8,diggersby:665;forretress_shadow:654;stunfisk:625;ninetales_shadow:604;fearow:575,kingdra:127;furret:256;jellicent:342;empoleon:454;lickilicky:481
incineroar,Incineroar,76.8,125.2,109.1,131,1791,FIRE_FANG,BRUTAL_SWING,BLAST_BURN,72.7,49.7,78.8,57.8,forretress_shadow:782;furret:606;ninetales_shadow:564;stunfisk:545;lapras:515,kingdra:131;cradily:253;empoleon:290;jellicent:416;lickilicky:443
venomoth,Venomoth,76.8,127,107.5,129,1763,PSYWAVE,POISON_FANG,SILVER_WIND,74.9,73.1,72.1,67.3,victreebel_shadow:674;quagsire_shadow:658;toxapex:655;swampert:589;azumarill:565,empoleon:176;lickilicky:306;kingdra:377;jellicent:387;cradily:482
linoone_galarian,Linoone (Galarian),76.7,114.1,111.7,154,1965,SNARL,BODY_SLAM,DIG,74.5,63.5,73,54.1,mantine:584;stunfisk:571;jellicent:561;lickilicky:551;turtonator:529,forretress_shadow:281;kingdra:330;cradily:354;furret:453;empoleon:459
cacturne,Cacturne,76.6,147.2,85,121,1516,SUCKER_PUNCH,TRAILBLAZE,DYNAMIC_PUNCH,74,48.9,73.8,53.1,stunfisk:690;jellicent:661;lickilicky:574;cradily:566;furret:504,forretress_shadow:156;ninetales_shadow:297;kingdra:309;lapras:329;empoleon:331
shiinotic,Shiinotic,76.6,116.5,134.2,123,1925,ASTONISH,SEED_BOMB,MOONBLAST,71.9,43.2,79.1,68.8,jellicent:833;quagsire_shadow:788;stunfisk:686;charjabug:646;kingdra:609,empoleon:233;cradily:288;lickilicky:346;forretress_shadow:351;furret:437
charizard_shadow,Charizard (Shadow),76.5,132.7,108.8,117,1691,EMBER,BLAST_BURN,AIR_CUTTER,83,63.2,80.5,48.1,forretress_shadow:846;empoleon:824;crustle:824;furret:696;ninetales_shadow:649,stunfisk:107;lickilicky:256;kingdra:266;jellicent:317;cradily:420
quilladin_shadow,Quilladin (Shadow),76.5,114.9,130.2,130,1947,VINE_WHIP,ENERGY_BALL,BODY_SLAM,76.7,57.9,73.1,61.5,jellicent:834;lapras:834;stunfisk:826;kingdra:607;furret:519,forretress_shadow:74;ninetales_shadow:99;empoleon:299;cradily:343;lickilicky:437
salazzle,Salazzle,76.5,147,91.2,114,1529,INCINERATE,POISON_FANG,DRAGON_PULSE,78.8,60.4,65.6,46.8,forretress_shadow:877;cradily:824;fearow:688;ninetales_shadow:640;turtonator:570,kingdra:105;jellicent:157;stunfisk:223;empoleon:331;lickilicky:428
wailord_shadow,Wailord (Shadow),76.5,118.3,67.4,237,1892,ROLLOUT,SURF,HYPER_BEAM,71.7,55.6,73.3,41.1,lickilicky:656;dunsparce:635;lapras:590;mantine:563;turtonator:518,forretress_shadow:214;jellicent:272;cradily:298;kingdra:317;empoleon:352
meganium_shadow,Meganium (Shadow),76.4,110.8,139,131,2018,VINE_WHIP,FRENZY_PLANT,EARTHQUAKE,67.3,32.7,79,56.6,stunfisk:820;jellicent:683;lapras:675;furret:580;kingdra:576,forretress_shadow:89;ninetales_shadow:99;empoleon:250;cradily:357;lickilicky:496
wyrdeer,Wyrdeer,76.4,126.6,95.5,146,1767,CONFUSION,STOMP,WILD_CHARGE,76.7,55.7,80,48.8,jellicent:647;quagsire_shadow:640;ninetales_shadow:575;lapras:568;kingdra:503,forretress_shadow:179;empoleon:188;cradily:371;lickilicky:384;stunfisk:392
scolipede_shadow,Scolipede (Shadow),76.3,131.7,120.3,107,1698,POISON_STING,AQUA_TAIL,X_SCISSOR,75.9,68.9,74.9,37.6,victreebel_shadow:785;zapdos_shadow:771;ursaring_shadow:733;kingdra_shadow:658;stunfisk:528,jellicent:246;empoleon:254;lickilicky:328;cradily:406;kingdra:440
shiftry,Shiftry,76.2,133.4,88,143,1680,SNARL,LEAF_BLADE,FOUL_PLAY,70.9,43.4,75.3,55.6,quagsire_shadow:769;stunfisk:720;jellicent:629;lickilicky:625;furret:552,forretress_shadow:78;ninetales_shadow:103;cradily:253;kingdra:377;empoleon:385
swellow,Swellow,76.2,135.9,99.9,121,1645,WING_ATTACK,BRAVE_BIRD,AERIAL_ACE,65.8,41.4,85.1,36.6,quagsire_shadow:657;jellicent:636;forretress_shadow:623;diggersby:607;lickilicky:541,stunfisk:81;empoleon:127;kingdra:216;furret:418;cradily:458
grovyle,Grovyle,76.1,136.3,103.2,117,1647,QUICK_ATTACK,LEAF_BLADE,AERIAL_ACE,71.2,57.1,74.2,51.3,swampert:918;quagsire_shadow:777;stunfisk:739;diggersby:628;dunsparce:589,cradily:236;lickilicky:365;empoleon:377;jellicent:384;kingdra:457
leavanny,Leavanny,76.1,129.4,110.2,121,1727,SHADOW_CLAW,LEAF_BLADE,X_SCISSOR,71.4,47.7,75.8,58.6,swampert:921;jellicent:822;quagsire_shadow:793;stunfisk:776;diggersby:578,forretress_shadow:253;lickilicky:262;cradily:357;empoleon:438;kingdra:461
linoone_galarian_shadow,Linoone (Galarian) (Shadow),76.1,114.1,111.7,154,1965,SNARL,BODY_SLAM,DIG,71.7,63.5,72.6,43.6,lapras:655;furret:594;ninetales_shadow:577;toxapex:532;empoleon:529,forretress_shadow:218;cradily:253;kingdra:326;lickilicky:453;jellicent:471
weepinbell,Weepinbell,76.1,137.9,84.8,139,1627,ACID,POWER_WHIP,SEED_BOMB,72.7,61.8,75.1,45.1,stunfisk:658;jellicent:629;lickilicky:607;quagsire_shadow:579;dunsparce:561,empoleon:127;forretress_shadow:144;furret:221;kingdra:283;cradily:388
carkol,Carkol,76,97,141.5,168,2308,SMACK_DOWN,ROCK_SLIDE,FLAME_CHARGE,72.9,40.1,76.7,72.3,turtonator:741;charjabug:678;ninetales_shadow:604;furret:526;forretress_shadow:505,empoleon:147;kingdra:211;jellicent:272;cradily:350;lickilicky:475
slowpoke,Slowpoke,76,104.1,94.9,186,1840,CONFUSION,PSYSHOCK,WATER_PULSE,75.9,51.7,77.2,59.6,fearow:586;kingdra:583;lapras:572;ninetales_shadow:567;quagsire_shadow:561,forretress_shadow:167;jellicent:214;cradily:305;empoleon:389;lickilicky:406
bayleef,Bayleef,75.9,105.5,141.5,142,2122,MAGICAL_LEAF,ANCIENT_POWER,ENERGY_BALL,69.8,35.5,78.1,65,quagsire_shadow:841;stunfisk:834;jellicent:647;empoleon:584;lapras:517,forretress_shadow:109;cradily:343;lickilicky:409;furret:450;kingdra:491
bibarel_shadow,Bibarel (Shadow),75.9,122.9,99.2,149,1819,ROLLOUT,SURF,HYPER_FANG,69.9,57.9,72.8,37.9,turtonator:640;jellicent:553;mantine:546;seaking:526;lapras:506,kingdra:207;cradily:305;empoleon:372;lickilicky:403;forretress_shadow:472
frillish,Frillish,75.9,109.2,125.2,135,1846,HEX,NIGHT_SHADE,ICE_BEAM,69.6,49.1,75.3,58.3,azumarill:633;toxapex:603;forretress:588;araquanid:555;fearow:540,lickilicky:231;cradily:336;jellicent:426;kingdra:436;empoleon:459
geodude_alolan_shadow,Geodude (Alolan) (Shadow),75.9,123.5,123.5,113,1724,VOLT_SWITCH,ROCK_TOMB,ROCK_SLIDE,76.2,50,72.6,42.6,fearow:876;turtonator:659;furret:610;lickilicky:570;forretress_shadow:548,stunfisk:61;kingdra:279;cradily:322;jellicent:339;empoleon:475
tangrowth,Tangrowth,75.9,120.7,112.7,136,1852,VINE_WHIP,POWER_WHIP,ROCK_SLIDE,64.8,39.5,79.5,54.3,stunfisk:823;quagsire_shadow:797;jellicent:691;lapras:683;kingdra:566,forretress_shadow:89;ninetales_shadow:99;empoleon:250;lickilicky:337;cradily:343
chatot,Chatot,75.8,139.6,78.4,147,1610,PECK,SKY_ATTACK,HEAT_WAVE,69.6,54.4,74.4,39.9,quagsire_shadow:670;forretress_shadow:632;jellicent:622;turtonator:605;swampert:588,stunfisk:107;empoleon:168;kingdra:258;cradily:329;lickilicky:453
palpitoad,Palpitoad,75.8,116.2,102.9,161,1927,MUD_SHOT,EARTH_POWER,WATER_PULSE,71.2,40.3,78.8,50.6,turtonator:826;empoleon:658;stunfisk:586;lapras:586;crustle:586,cradily:250;lickilicky:365;jellicent:375;forretress_shadow:421;kingdra:453
grafaiai,Grafaiai,75.7,134.2,107.7,115,1664,MUD_SLAP,POISON_FANG,SLUDGE_BOMB,73.1,51.9,69.6,52.8,magcargo:786;toxapex:586;turtonator:534;ninetales_shadow:526;cradily:508,kingdra:266;lickilicky:384;forretress_shadow:394;empoleon:418;jellicent:426
pinsir,Pinsir,75.7,139.6,112.6,102,1604,FURY_CUTTER,CLOSE_COMBAT,X_SCISSOR,70.6,59.6,72.1,34.9,cradily:779;lapras:769;quagsire_shadow:647;diggersby:622;swampert:549,empoleon:176;lickilicky:209;jellicent:272;forretress_shadow:476;kingdra:495
staraptor,Staraptor,75.7,140.3,90.8,125,1594,WING_ATTACK,FLY,CLOSE_COMBAT,62.5,40.9,80,31.1,forretress_shadow:668;quagsire_shadow:652;diggersby:600;jellicent:588;lickilicky:508,stunfisk:87;empoleon:127;cradily:184;furret:190;kingdra:216
armaldo,Armaldo,75.6,133.9,109.1,115,1680,FURY_CUTTER,ROCK_BLAST,LIQUIDATION,75.2,72,72.3,37.4,magcargo:804;crustle:734;talonflame:682;gastrodon:643;ninetales_shadow:517,empoleon:176;jellicent:272;lickilicky:331;cradily:427;kingdra:432
durant,Durant,75.6,135.2,122.4,100,1656,BUG_BITE,X_SCISSOR,STONE_EDGE,73.5,41.7,75.3,64.8,toxapex:625;cradily:610;stunfisk:570;furret:540;lickilicky:530,ninetales_shadow:214;jellicent:243;empoleon:311;kingdra:360;forretress_shadow:460
ivysaur,Ivysaur,75.6,118.7,121,131,1883,VINE_WHIP,POWER_WHIP,SLUDGE_BOMB,66.6,38.9,80.4,52.8,stunfisk:740;quagsire_shadow:656;jellicent:580;kingdra:561;cradily:511,ninetales_shadow:99;empoleon:200;forretress_shadow:210;lickilicky:400;furret:487
shiinotic_shadow,Shiinotic (Shadow),75.6,116.5,134.2,123,1925,ASTONISH,SEED_BOMB,MOONBLAST,73.9,47.2,73.8,57.8,quagsire_shadow:768;kingdra:739;jellicent:682;stunfisk:662;furret:569,ninetales_shadow:202;empoleon:290;cradily:336;forretress_shadow:355;lickilicky:428
bouffalant,Bouffalant,75.5,118.8,115.8,137,1888,MUD_SHOT,STOMP,MEGAHORN,71.4,65.9,76,51.6,toxtricity:777;drampa:744;lapras:540;charjabug:529;lickilicky:503,forretress_shadow:277;kingdra:389;jellicent:407;empoleon:422;cradily:458
kabuto_shadow,Kabuto (Shadow),75.5,134.4,129.4,96,1672,MUD_SHOT,AQUA_JET,ROCK_TOMB,75.7,62.2,76.3,32.4,turtonator:822;ninetales_shadow:786;fearow:786;crustle:697;mantine:598,cradily:295;jellicent:358;lickilicky:365;empoleon:418;kingdra:444
cacturne_shadow,Cacturne (Shadow),75.4,147.2,85,121,1516,SUCKER_PUNCH,TRAILBLAZE,DYNAMIC_PUNCH,72.4,48.8,68,55.3,jellicent:822;stunfisk:657;quagsire_shadow:636;swampert:578;diggersby:545,forretress_shadow:156;cradily:319;lickilicky:340;kingdra:364;empoleon:438
crawdaunt_shadow,Crawdaunt (Shadow),75.4,144.7,98.3,109,1552,WATERFALL,NIGHT_SLASH,SCALD,72.1,58.7,69.1,43.8,ninetales_shadow:848;turtonator:738;lapras:610;swampert:541;lickilicky:518,kingdra:131;forretress_shadow:203;empoleon:233;stunfisk:334;cradily:423
magmortar,Magmortar,75.4,140.8,104.5,108,1589,KARATE_CHOP,FIRE_PUNCH,THUNDERBOLT,74.7,59,66.8,32.1,lapras:782;forretress_shadow:708;ninetales_shadow:675;mantine:597;morpeko_full_belly:592,jellicent:73;kingdra:262;lickilicky:356;cradily:364;empoleon:495
golduck,Golduck,75.3,124.1,112.1,129,1797,CONFUSION,CROSS_CHOP,LIQUIDATION,75.2,72.1,71.9,50.1,magcargo:903;swampert:701;diggersby:662;lapras:596;turtonator:515,jellicent:259;cradily:333;lickilicky:421;empoleon:454;kingdra:478
lampent,Lampent,75.3,132.5,99,129,1692,EMBER,HEAT_WAVE,ENERGY_BALL,71.2,64.7,79.1,41.6,forretress:833;forretress_shadow:806;victreebel_shadow:802;charjabug:744;jumpluff:554,cradily:284;kingdra:317;lickilicky:321;jellicent:381;empoleon:442
swadloon,Swadloon,75.3,106.7,146.2,135,2106,BUG_BITE,ENERGY_BALL,SILVER_WIND,71.4,36.9,75.8,71.3,quagsire_shadow:759;stunfisk:751;jellicent:622;furret:592;kingdra:559,ninetales_shadow:130;empoleon:176;forretress_shadow:214;cradily:399;lickilicky:462
braixen_shadow,Braixen (Shadow),75.2,130.5,106.9,123,1718,EMBER,PSYSHOCK,FLAME_CHARGE,77.3,66.1,67.9,40.1,forretress_shadow:743;jumpluff:731;charjabug:691;crustle:650;toxapex:630,jellicent:282;cradily:315;kingdra:317;lickilicky:328;empoleon:487
delphox_shadow,Delphox (Shadow),75.2,132.6,115.6,110,1687,FIRE_SPIN,PSYSHOCK,BLAST_BURN,65.8,40,72.1,41.8,talonflame:759;jumpluff:713;forretress_shadow:681;forretress:672;ninetales_shadow:640,kingdra:152;jellicent:160;lickilicky:243;empoleon:348;cradily:434
golduck_shadow,Golduck (Shadow),75.2,124.1,112.1,129,1797,CONFUSION,CROSS_CHOP,LIQUIDATION,77.5,70.1,68.4,44.3,turtonator:639;swampert:624;diggersby:596;empoleon:589;quagsire_shadow:542,forretress_shadow:191;jellicent:253;cradily:392;kingdra:457;lickilicky:459
scyther,Scyther,75.2,134.8,109.4,113,1668,FURY_CUTTER,X_SCISSOR,NIGHT_SLASH,77.8,68,69.8,42.1,cradily:800;quagsire_shadow:712;crustle:654;swampert:628;forretress_shadow:575,lickilicky:181;empoleon:323;stunfisk:325;jellicent:336;kingdra:487
suicune,Suicune,75.2,106.2,143,137,2083,ICE_FANG,BUBBLE_BEAM,SCALD,84.4,62.2,78.1,65.8,stunfisk:671;ninetales_shadow:660;cradily:598;turtonator:598;quagsire_shadow:587,forretress_shadow:179;jellicent:278;empoleon:323;lickilicky:446;kingdra:478
bibarel,Bibarel,75.1,122.9,99.2,149,1819,ROLLOUT,SURF,HYPER_FANG,74,52.8,73.5,42.6,jellicent:587;crustle:577;lickilicky:520;ninetales_shadow:516;fearow:516,cradily:260;empoleon:295;stunfisk:337;forretress_shadow:414;kingdra:449
combusken_shadow,Combusken (Shadow),75.1,130.3,100.8,131,1723,EMBER,ROCK_SLIDE,FLAME_CHARGE,68.8,57.6,75.4,43.1,crustle:843;forretress_shadow:797;charjabug:709;jumpluff:709;ninetales_shadow:675,empoleon:225;jellicent:294;kingdra:343;lickilicky:343;cradily:368
zebstrika_shadow,Zebstrika (Shadow),75.1,137.7,95.4,124,1630,LOW_KICK,WILD_CHARGE,DISCHARGE,69.1,54.2,81.4,24.6,empoleon:834;mantine:834;fearow:794;lapras:741;toxapex:629,kingdra:194;forretress_shadow:199;cradily:270;jellicent:355;lickilicky:400
elekid,Elekid,75,126,97.4,120,1474,THUNDER_SHOCK,THUNDER_PUNCH,BRICK_BREAK,75.4,64.7,65.7,54.3,mantine:883;empoleon:845;fearow:845;seaking:845;toxapex:620,kingdra:313;forretress_shadow:332;lickilicky:356;cradily:423;jellicent:435
growlithe_hisuian,Growlithe (Hisuian),75,131.9,89.9,142,1684,EMBER,ROCK_SLIDE,FLAMETHROWER,70.9,46,79.5,45.8,crustle:855;ninetales_shadow:834;fearow:820;forretress_shadow:757;turtonator:549,empoleon:168;jellicent:298;cradily:312;lickilicky:346;kingdra:347
combusken,Combusken,74.9,130.3,100.8,131,1723,EMBER,ROCK_SLIDE,FLAME_CHARGE,71.2,60.4,71.7,55.1,crustle:843;charjabug:748;ninetales_shadow:706;forretress_shadow:599;furret:576,jellicent:262;cradily:281;kingdra:300;lickilicky:337;empoleon:413
tapu_fini,Tapu Fini,74.9,115.8,158.3,105,1926,WATER_GUN,SURF,NATURES_MADNESS,70.4,55.7,74.4,61.5,turtonator:628;kingdra:571;mantine:557;furret:514;ninetales_shadow:514,lickilicky:303;cradily:333;forretress_shadow:355;empoleon:422;jellicent:429
talonflame_shadow,Talonflame (Shadow),74.8,121.4,112.6,135,1847,INCINERATE,FLAME_CHARGE,FLY,72.7,48.3,61.9,58.6,forretress_shadow:896;cradily:755;diggersby:737;ninetales_shadow:703;furret:514,kingdra:122;jellicent:157;stunfisk:212;lickilicky:240;empoleon:352
zebstrika,Zebstrika,74.8,137.7,95.4,124,1630,LOW_KICK,WILD_CHARGE,FLAME_CHARGE,60.8,42.5,80.9,28.6,toxapex:705;mantine:657;lickilicky:512;dunsparce:512;jellicent:504,kingdra:173;forretress_shadow:210;cradily:274;stunfisk:290;empoleon:348
leafeon,Leafeon,74.7,128.1,133.9,102,1750,QUICK_ATTACK,LEAF_BLADE,LAST_RESORT,67.8,50.6,73.1,57.3,swampert:906;quagsire_shadow:784;stunfisk:735;diggersby:637;dunsparce:627,cradily:225;lickilicky:353;empoleon:360;jellicent:365;kingdra:423
chansey,Chansey,74.6,63,120.1,421,3188,ZEN_HEADBUTT,DAZZLING_GLEAM,PSYCHIC,65.5,46,76.8,75.3,toxtricity:637;jellicent:561;toxapex:555;drampa:554;miltank:519,forretress_shadow:207;cradily:250;empoleon:258;kingdra:470;lickilicky:471
electabuzz_shadow,Electabuzz (Shadow),74.6,132.1,112.5,114,1696,THUNDER_SHOCK,THUNDER_PUNCH,THUNDERBOLT,75.5,56.8,73.8,32.1,mantine:877;empoleon:837;jellicent:811;fearow:798;lapras:692,stunfisk:72;cradily:250;lickilicky:315;kingdra:406;forretress_shadow:441
monferno_shadow,Monferno (Shadow),74.6,129.6,96,139,1731,EMBER,FLAME_WHEEL,LOW_SWEEP,70.9,60.7,74.7,45.1,empoleon:852;forretress_shadow:791;crustle:737;charjabug:708;furret:521,kingdra:250;jellicent:256;cradily:343;stunfisk:343;lickilicky:396
torterra_shadow,Torterra (Shadow),74.6,119.9,117,133,1867,MUD_SLAP,FRENZY_PLANT,SAND_TOMB,73.7,46.9,75.8,55.1,stunfisk:827;dunsparce:759;toxapex:748;quagsire_shadow:639;lickilicky:609,jellicent:259;forretress_shadow:277;kingdra:326;cradily:364;empoleon:491
wormadam_sandy,Wormadam (Sandy),74.6,110,144.8,128,2040,SUCKER_PUNCH,BUG_BUZZ,BULLDOZE,73.4,51.4,81.6,57.1,stunfisk:742;charjabug:726;cradily:687;furret:558;jellicent:531,empoleon:209;kingdra:258;ninetales_shadow:313;forretress_shadow:472;lickilicky:484
arcanine_shadow,Arcanine (Shadow),74.5,132,102.5,125,1693,FIRE_FANG,WILD_CHARGE,PSYCHIC_FANGS,73.4,52.8,60.3,57.1,forretress_shadow:776;jumpluff:728;charjabug:696;toxapex:660;toucannon_shadow:596,kingdra:173;jellicent:192;lickilicky:290;cradily:364;empoleon:389
pumpkaboo_small,Pumpkaboo (Small),74.5,115.1,116.8,119,1600,ASTONISH,FOUL_PLAY,GRASS_KNOT,67.1,46.2,73.3,54.3,stunfisk:785;quagsire_shadow:634;swampert:626;jellicent:617;charjabug:579,lickilicky:90;empoleon:290;kingdra:347;cradily:416;forretress_shadow:480
growlithe_shadow,Growlithe (Shadow),74.3,126.8,90.7,135,1555,EMBER,FLAME_WHEEL,BODY_SLAM,79,61,69.6,34.4,empoleon:829;forretress_shadow:696;fearow:696;ninetales_shadow:618;crustle:574,jellicent:253;kingdra:262;stunfisk:325;cradily:340;lickilicky:365
heatran,Heatran,74.3,132.9,112.2,113,1687,FIRE_SPIN,MAGMA_STORM,EARTH_POWER,67.3,37.7,70.7,57.6,forretress_shadow:845;cradily:592;charjabug:535;toxapex:535;furret:526,kingdra:122;jellicent:137;stunfisk:206;empoleon:290;ninetales_shadow:376
manectric,Manectric,74.2,142.4,91.3,121,1574,THUNDER_FANG,PSYCHIC_FANGS,WILD_CHARGE,75,63.3,68.7,55.1,empoleon:830;seaking:830;fearow:809;toxapex:698;mantine:669,cradily:263;kingdra:279;lickilicky:312;forretress_shadow:371;jellicent:493
serperior_shadow,Serperior (Shadow),74.2,110.2,142.2,130,2038,VINE_WHIP,FRENZY_PLANT,LEAF_TORNADO,73.5,43.4,80.4,61.8,jellicent:861;lapras:819;stunfisk:811;kingdra:600;furret:534,forretress_shadow:89;ninetales_shadow:99;cradily:354;empoleon:393;lickilicky:496
kabuto,Kabuto,74.1,134.4,129.4,96,1672,MUD_SHOT,AQUA_JET,ROCK_TOMB,74.5,59.6,71.9,38.9,turtonator:848;fearow:838;ninetales_shadow:807;crustle:682;lickilicky:588,cradily:243;empoleon:315;forretress_shadow:371;kingdra:394;jellicent:477
slowpoke_shadow,Slowpoke (Shadow),74.1,104.1,94.9,186,1840,CONFUSION,PSYSHOCK,WATER_PULSE,74.7,52.3,73.3,49.3,quagsire_shadow:647;lapras:645;kingdra:588;turtonator:567;stunfisk:513,forretress_shadow:179;lickilicky:206;jellicent:253;cradily:357;empoleon:434
geodude_alolan,Geodude (Alolan),74,123.5,123.5,113,1724,VOLT_SWITCH,ROCK_TOMB,ROCK_SLIDE,73.4,48.3,71,47.3,mantine:756;turtonator:716;forretress_shadow:548;ninetales_shadow:539;furret:508,kingdra:237;cradily:274;jellicent:291;empoleon:393;lickilicky:459
charizard,Charizard,73.9,132.7,108.8,117,1691,EMBER,BLAST_BURN,AIR_CUTTER,77.3,64.9,75.6,51.3,empoleon:867;crustle:824;forretress_shadow:816;fearow:739;ninetales_shadow:512,stunfisk:197;kingdra:245;lickilicky:246;jellicent:282;cradily:354
heatran_shadow,Heatran (Shadow),73.9,130.7,115.4,110,1661,FIRE_SPIN,MAGMA_STORM,EARTH_POWER,65.6,36.9,69.8,56.1,jumpluff:886;forretress_shadow:872;forretress:840;cradily:540;miltank:518,kingdra:152;jellicent:160;stunfisk:226;empoleon:348;lickilicky:478
regieleki,Regieleki,73.9,149.8,82.5,119,1472,VOLT_SWITCH,THUNDER_CAGE,HYPER_BEAM,77.3,51.4,63.6,36.4,empoleon:827;jellicent:760;lapras:731;furret:659;forretress_shadow:512,stunfisk:61;lickilicky:221;kingdra:237;ninetales_shadow:257;cradily:284
urshifu_rapid_strike,Urshifu (Rapid Strike),73.9,136.5,97.7,121,1616,COUNTER,AQUA_JET,DYNAMIC_PUNCH,69.8,44.8,71.6,55.8,empoleon:830;lickilicky:652;dunsparce:644;furret:603;diggersby:578,jellicent:118;stunfisk:186;kingdra:389;cradily:413;forretress_shadow:441
crocalor,Crocalor,73.8,119.4,105.7,148,1869,INCINERATE,CRUNCH,FLAMETHROWER,70.7,44.3,76.1,61.5,forretress_shadow:824;forretress:804;jumpluff:793;charjabug:635;furret:614,kingdra:105;empoleon:266;jellicent:384;cradily:392;lickilicky:446
pignite,Pignite,73.8,127.3,87,158,1751,EMBER,ROCK_TOMB,FLAME_CHARGE,66.1,47.9,68.2,55.6,ninetales_shadow:693;forretress_shadow:607;charjabug:579;turtonator:572;crustle:531,kingdra:88;jellicent:266;lickilicky:353;empoleon:409;cradily:447
wormadam_plant,Wormadam (Plant),73.8,110,144.8,128,2040,SUCKER_PUNCH,ENERGY_BALL,BUG_BUZZ,70.1,43.7,75.3,63.8,quagsire_shadow:753;stunfisk:722;kingdra:671;jellicent:613;furret:585,ninetales_shadow:194;cradily:208;empoleon:209;forretress_shadow:238;lickilicky:453
aipom,Aipom,73.7,124.3,106.7,135,1792,ASTONISH,SWIFT,AERIAL_ACE,71.7,63,69.6,49.1,jellicent:677;qwilfish:622;zapdos:588;qwilfish_shadow:574;magnezone_shadow:525,lickilicky:275;cradily:326;empoleon:381;kingdra:419;forretress_shadow:480
moltres_shadow,Moltres (Shadow),73.7,139.9,102,112,1599,WING_ATTACK,FLY,HEAT_WAVE,60.8,37.2,77.4,31.9,jumpluff:772;forretress_shadow:741;turtonator:683;ninetales_shadow:584;seaking:517,empoleon:168;lickilicky:171;jellicent:214;kingdra:233;cradily:399
arcanine,Arcanine,73.6,132,102.5,125,1693,FIRE_FANG,WILD_CHARGE,PSYCHIC_FANGS,70.7,55.6,63.1,58.3,forretress_shadow:828;azumarill:596;jumpluff:568;charjabug:544;ninetales_shadow:532,kingdra:139;jellicent:185;lickilicky:284;cradily:340;empoleon:340
buzzwole,Buzzwole,73.5,128.2,111.6,122,1747,COUNTER,SUPER_POWER,LUNGE,75.4,43.5,76.1,66,lickilicky:643;furret:635;forretress_shadow:545;cradily:540;stunfisk:536,jellicent:262;ninetales_shadow:285;kingdra:300;lapras:405;empoleon:454
suicune_shadow,Suicune (Shadow),73.5,107.1,139.9,136,2039,ICE_FANG,BUBBLE_BEAM,SCALD,81.1,65.5,74,58.1,stunfisk:584;quagsire_shadow:580;lickilicky:533;cradily:511;furret:503,forretress_shadow:222;empoleon:270;ninetales_shadow:369;jellicent:371;kingdra:444
bayleef_shadow,Bayleef (Shadow),73.4,105.5,141.5,142,2122,MAGICAL_LEAF,ANCIENT_POWER,ENERGY_BALL,66.9,32.6,74.4,59.3,quagsire_shadow:940;stunfisk:820;jellicent:605;kingdra:580;furret:573,forretress_shadow:121;ninetales_shadow:146;empoleon:336;cradily:357;lickilicky:450
emboar_shadow,Emboar (Shadow),73.4,137.8,80.4,147,1631,EMBER,BLAST_BURN,HEAT_WAVE,66,55.1,77.9,29.1,empoleon:826;forretress_shadow:782;crustle:724;lapras:605;furret:540,kingdra:80;stunfisk:148;jellicent:253;cradily:343;lickilicky:403
exeggutor_alolan,Exeggutor (Alolan),73.2,134.4,94.8,131,1670,DRAGON_TAIL,SEED_BOMB,DRACO_METEOR,71.2,59.1,70.7,49.6,swampert:797;stunfisk:767;quagsire_shadow:721;lickilicky:629;dunsparce:606,forretress_shadow:121;empoleon:176;cradily:302;kingdra:309;jellicent:445
oddish,Oddish,73.2,122.6,106.7,120,1571,ACID,SEED_BOMB,SLUDGE_BOMB,70.1,51.7,70.8,47.6,swampert:870;stunfisk:666;quagsire_shadow:616;dunsparce:587;kingdra:525,empoleon:86;forretress_shadow:105;jellicent:333;lickilicky:353;cradily:388
zoroark_hisuian,Zoroark (Hisuian),73.1,163.4,87.5,96,1374,SHADOW_CLAW,SHADOW_BALL,FOUL_PLAY,70.7,60.7,69.4,25.6,jellicent:812;magcargo:744;empoleon:682;seaking:682;forretress_shadow:640,furret:87;stunfisk:206;kingdra:258;lickilicky:287;cradily:489
centiskorch,Centiskorch,73,128.7,99.4,136,1740,EMBER,LUNGE,HEAT_WAVE,71.1,59.5,68.7,48.1,forretress:790;charjabug:779;forretress_shadow:764;stunfisk:536;furret:536,kingdra:292;lickilicky:315;cradily:319;jellicent:323;empoleon:434
karrablast_shadow,Karrablast (Shadow),73,127.7,85.7,127,1390,FURY_CUTTER,DRILL_RUN,X_SCISSOR,67.8,59,72.6,28.9,cradily:759;empoleon:720;crustle:681;magcargo:681;quagsire_shadow:559,forretress_shadow:160;lickilicky:181;kingdra:245;jellicent:317;stunfisk:488
aipom_shadow,Aipom (Shadow),72.9,124.3,106.7,135,1792,ASTONISH,SWIFT,AERIAL_ACE,72.1,64.4,64.3,36.6,talonflame:670;jellicent:655;quagsire_shadow:622;ninetales_shadow:529;swampert:525,lickilicky:275;empoleon:290;kingdra:300;forretress_shadow:316;cradily:350
pidgeotto_shadow,Pidgeotto (Shadow),72.8,110.9,100.8,147,1644,WING_ATTACK,AIR_CUTTER,TWISTER,73.1,60.7,65.2,44.1,gastrodon:676;jellicent:649;araquanid:581;forretress_shadow:530;jumpluff:517,stunfisk:81;empoleon:127;cradily:270;kingdra:372;lickilicky:375
alomomola,Alomomola,72.6,97.4,99.4,238,2306,WATERFALL,HYDRO_PUMP,BLIZZARD,61.3,36.4,84.3,57.6,magcargo:766;diggersby:602;ninetales_shadow:575;lickilicky:567;dunsparce:550,kingdra:156;jellicent:211;cradily:274;empoleon:290;forretress_shadow:332
tangrowth_shadow,Tangrowth (Shadow),72.6,120.7,112.7,136,1852,VINE_WHIP,POWER_WHIP,ROCK_SLIDE,59.5,32.4,77.4,40.8,quagsire_shadow:753;stunfisk:746;jellicent:636;lapras:569;furret:518,forretress_shadow:82;empoleon:209;kingdra:237;cradily:336;lickilicky:475
minun,Minun,72.5,116.3,127,130,1922,QUICK_ATTACK,THUNDERBOLT,GRASS_KNOT,63,57.3,83.5,29.9,mantine:646;empoleon:607;seaking:588;lapras:550;fearow:503,forretress_shadow:113;kingdra:156;cradily:263;jellicent:391;lickilicky:396
monferno,Monferno,72.5,129.6,96,139,1731,EMBER,FLAME_WHEEL,LOW_SWEEP,71.6,52.7,72.3,54.3,forretress_shadow:820;charjabug:744;dunsparce:640;furret:607;ninetales_shadow:543,kingdra:224;jellicent:230;lickilicky:381;cradily:413;empoleon:454
wartortle_shadow,Wartortle (Shadow),72.5,107.6,139,139,2080,WATER_GUN,AQUA_JET,ICE_BEAM,63.3,44.9,76,51.6,magcargo:910;diggersby:715;stunfisk:543;quagsire_shadow:532;ninetales_shadow:510,kingdra:127;cradily:243;lickilicky:303;jellicent:326;empoleon:413
exeggutor_alolan_shadow,Exeggutor (Alolan) (Shadow),72.4,134.4,94.8,131,1670,DRAGON_TAIL,SEED_BOMB,DRACO_METEOR,71.9,54.8,67.5,44.6,stunfisk:740;swampert:736;diggersby:713;quagsire_shadow:687;jellicent:633,forretress_shadow:117;empoleon:204;cradily:371;kingdra:385;lickilicky:396
relicanth,Relicanth,72.4,105.1,133.6,152,2138,WATER_GUN,AQUA_TAIL,ANCIENT_POWER,70.7,51.9,71.2,60.8,magcargo:756;turtonator:703;fearow:631;stunfisk:608;crustle:503,cradily:274;kingdra:309;jellicent:346;lickilicky:359;empoleon:360
pignite_shadow,Pignite (Shadow),72.3,127.3,87,158,1751,EMBER,ROCK_TOMB,FLAME_CHARGE,59.7,43.1,67.7,52.1,forretress_shadow:787;ninetales_shadow:734;jumpluff:689;magcargo:661;forretress:607,kingdra:88;jellicent:108;empoleon:225;cradily:364;lickilicky:381
appletun,Appletun,72.2,116.5,102.5,161,1924,ASTONISH,ENERGY_BALL,OUTRAGE,66.5,40.8,74.4,54.3,stunfisk:804;quagsire_shadow:785;charjabug:605;jellicent:593;empoleon:518,forretress_shadow:218;kingdra:275;cradily:329;furret:343;lickilicky:356
crawdaunt,Crawdaunt,72.2,144.7,98.3,109,1552,WATERFALL,NIGHT_SLASH,SCALD,69.8,56.2,65.9,40.3,swampert:633;lickilicky:596;dunsparce:573;jellicent:550;diggersby:550,kingdra:122;forretress_shadow:214;empoleon:262;stunfisk:281;cradily:357
moltres,Moltres,72.2,136.7,103.6,115,1631,WING_ATTACK,FLY,HEAT_WAVE,61,42.5,74.4,38.1,jumpluff:891;forretress_shadow:778;ninetales_shadow:682;diggersby:595;quagsire_shadow:513,empoleon:127;lickilicky:143;jellicent:179;kingdra:216;cradily:340
emboar,Emboar,72.1,137.8,80.4,147,1631,EMBER,BLAST_BURN,HEAT_WAVE,64.1,53,73.3,42.6,forretress_shadow:829;crustle:744;charjabug:724;furret:615;fearow:554,kingdra:88;empoleon:168;jellicent:227;cradily:309;lickilicky:381
herdier,Herdier,72.1,118.8,111.6,142,1885,SAND_ATTACK,DIG,THUNDERBOLT,63.2,47.2,79.7,41.6,toxapex:697;jellicent:683;mantine:661;ninetales_shadow:623;empoleon:538,cradily:291;lickilicky:359;stunfisk:395;kingdra:406;forretress_shadow:441
litleo,Litleo,72.1,121.5,105.7,144,1852,INCINERATE,FLAME_CHARGE,CRUNCH,70.4,44.2,69.6,61.8,forretress_shadow:819;jumpluff:788;forretress:788;charjabug:625;furret:604,kingdra:105;empoleon:282;cradily:388;jellicent:423;lickilicky:465
grovyle_shadow,Grovyle (Shadow),72,136.3,103.2,117,1647,BULLET_SEED,LEAF_BLADE,AERIAL_ACE,66.1,36,74.7,36.4,jellicent:816;lapras:752;quagsire_shadow:713;stunfisk:705;seaking:649,forretress_shadow:50;cradily:312;lickilicky:340;kingdra:427;empoleon:467
ivysaur_shadow,Ivysaur (Shadow),72,119.8,121.3,129,1877,VINE_WHIP,POWER_WHIP,SLUDGE_BOMB,60.7,32.9,78.1,45.1,swampert:891;stunfisk:705;quagsire_shadow:596;furret:527;kingdra:523,forretress_shadow:105;empoleon:209;jellicent:310;cradily:395;lickilicky:459
braixen,Braixen,71.9,130.5,106.9,123,1718,EMBER,PSYSHOCK,FLAME_CHARGE,70.6,58.4,66.4,49.1,charjabug:752;forretress_shadow:711;toucannon_shadow:703;jumpluff:556;ninetales_shadow:512,jellicent:253;cradily:260;kingdra:288;lickilicky:334;empoleon:418
breloom,Breloom,71.9,149.9,96.7,103,1494,FORCE_PALM,DYNAMIC_PUNCH,GRASS_KNOT,71.1,37.7,67.7,62,furret:800;empoleon:762;lickilicky:650;stunfisk:640;cradily:553,jellicent:131;ninetales_shadow:281;kingdra:309;forretress_shadow:351;lapras:494
vaporeon,Vaporeon,71.9,118.4,96.9,165,1894,WATER_GUN,AQUA_TAIL,LAST_RESORT,67.4,46.2,70.8,48.8,diggersby:681;stunfisk:542;ninetales_shadow:530;fearow:515;dunsparce:509,kingdra:127;cradily:284;jellicent:310;empoleon:372;lickilicky:468
cinderace,Cinderace,71.8,139,99.4,117,1617,FIRE_SPIN,BLAST_BURN,PYRO_BALL,61.8,37.4,69.3,45.1,jumpluff:893;forretress_shadow:820;forretress:739;victreebel_shadow:722;charjabug:504,kingdra:122;jellicent:137;lickilicky:221;empoleon:319;cradily:395
delphox,Delphox,71.8,132.6,115.6,110,1687,FIRE_SPIN,PSYSHOCK,BLAST_BURN,62.8,39.2,71,42.3,forretress:695;forretress_shadow:672;ninetales_shadow:640;jumpluff:550;charjabug:513,kingdra:122;jellicent:137;lickilicky:221;empoleon:290;cradily:378
omanyte_shadow,Omanyte (Shadow),71.8,128,135.2,101,1750,MUD_SHOT,ROCK_TOMB,ROCK_BLAST,69.4,60.1,68.4,34.1,turtonator:841;ninetales_shadow:801;crustle:698;toxapex:603;lickilicky:559,cradily:288;empoleon:323;forretress_shadow:328;kingdra:330;jellicent:378
slowking,Slowking,71.8,113.4,120.9,144,1975,CONFUSION,SURF,BLIZZARD,69.3,48.2,72.1,58.1,quagsire_shadow:666;diggersby:642;turtonator:618;ninetales_shadow:531;fearow:517,cradily:211;jellicent:233;kingdra:360;empoleon:413;lickilicky:468
buneary,Buneary,71.7,121.8,100.8,135,1659,QUICK_ATTACK,SWIFT,FIRE_PUNCH,66.9,54.5,70.8,45.1,ursaring_shadow:896;jumpluff:607;abomasnow:592;qwilfish_shadow:544;seaking:529,cradily:204;jellicent:259;lickilicky:309;empoleon:319;kingdra:347
floragato,Floragato,71.7,124.4,110.5,131,1803,LEAFAGE,ENERGY_BALL,PLAY_ROUGH,65.5,31.8,71.9,53.6,quagsire_shadow:801;stunfisk:797;jellicent:675;lapras:671;kingdra:568,forretress_shadow:89;ninetales_shadow:130;empoleon:209;cradily:347;lickilicky:431
dolliv,Dolliv,71.6,118.4,122.6,130,1890,MAGICAL_LEAF,EARTH_POWER,TRAILBLAZE,68.8,32.3,70.8,67.5,jellicent:811;furret:588;kingdra:546;lickilicky:542;empoleon:507,forretress_shadow:85;turtonator:110;ninetales_shadow:123;lapras:326;cradily:336
floatzel,Floatzel,71.6,143.8,81.7,133,1564,WATERFALL,AQUA_JET,SWIFT,69.9,60.5,67.9,36.9,diggersby:763;quagsire_shadow:650;swampert:609;turtonator:597;dunsparce:533,kingdra:122;jellicent:307;cradily:399;lickilicky:450;empoleon:463
gloom,Gloom,71.6,121.3,115.9,131,1844,ACID,SLUDGE_BOMB,MOONBLAST,63.8,41.2,75.4,47.1,azumarill:843;charjabug:641;kingdra:553;furret:534;miltank:507,empoleon:102;forretress_shadow:203;jellicent:259;cradily:423;lickilicky:456
growlithe,Growlithe,71.5,126.8,90.7,135,1555,EMBER,FLAME_WHEEL,BODY_SLAM,70.6,49.1,67.7,47.6,charjabug:788;forretress:785;forretress_shadow:766;toucannon_shadow:696;jumpluff:551,jellicent:195;kingdra:241;cradily:288;lickilicky:328;empoleon:446
oddish_shadow,Oddish (Shadow),71.4,122.6,106.7,120,1571,ACID,SEED_BOMB,SLUDGE_BOMB,65.3,53.4,71,38.4,swampert:829;seaking:620;stunfisk:566;charjabug:533;quagsire_shadow:525,empoleon:127;kingdra:233;cradily:322;lickilicky:350;jellicent:416
stoutland,Stoutland,71.3,123.8,116.2,125,1799,SAND_ATTACK,WILD_CHARGE,CRUNCH,64,42.5,73.8,39.1,jellicent:708;toxapex:696;mantine:652;ninetales_shadow:596;empoleon:504,lickilicky:184;kingdra:190;cradily:270;stunfisk:386;forretress_shadow:476
ponyta_shadow,Ponyta (Shadow),71.2,133.5,108.2,116,1676,EMBER,FLAME_WHEEL,STOMP,74.2,58.7,71.6,29.6,empoleon:823;crustle:823;forretress_shadow:728;fearow:693;charjabug:693,jellicent:259;kingdra:271;stunfisk:348;cradily:350;lickilicky:378
pidgeotto,Pidgeotto,71.1,110.9,100.8,147,1644,WING_ATTACK,AIR_CUTTER,TWISTER,70.9,55.3,66.4,52.3,victreebel_shadow:751;gastrodon:721;jumpluff:551;diggersby:544;quagsire_shadow:520,cradily:250;empoleon:286;lickilicky:306;jellicent:464;kingdra:478
volcanion,Volcanion,70.9,135.5,117.4,103,1640,INCINERATE,SCALD,OVERHEAT,65.5,53.7,67,48.3,forretress_shadow:796;forretress:786;jumpluff:597;ninetales_shadow:592;empoleon:563,kingdra:122;stunfisk:151;lickilicky:215;jellicent:323;cradily:440
ceruledge,Ceruledge,70.8,136.3,114,106,1648,INCINERATE,SHADOW_BALL,HEAT_WAVE,64.5,57.1,58.2,49.8,forretress_shadow:867;forretress:816;charjabug:735;jumpluff:721;ninetales_shadow:655,kingdra:122;jellicent:144;lickilicky:215;empoleon:315;cradily:472
omanyte,Omanyte,70.8,128,135.2,101,1750,MUD_SHOT,ROCK_TOMB,ROCK_BLAST,67.1,56.5,67.7,42.1,turtonator:856;magcargo:737;mantine:702;toxapex:633;seaking:534,cradily:236;kingdra:338;empoleon:418;jellicent:426;lickilicky:484
flareon,Flareon,70.7,142.2,109.9,100,1564,EMBER,SUPER_POWER,HEAT_WAVE,69.8,43.4,75.6,27.1,empoleon:845;furret:695;fearow:695;charjabug:695;forretress_shadow:679,stunfisk:119;cradily:159;jellicent:233;kingdra:351;lickilicky:443
jolteon,Jolteon,70.7,137.4,114.7,103,1624,THUNDER_SHOCK,DISCHARGE,LAST_RESORT,69.6,44.3,71,38.1,empoleon:864;mantine:864;seaking:864;fearow:820;toxapex:631,cradily:163;forretress_shadow:367;lickilicky:368;kingdra:372;jellicent:474
luxray,Luxray,70.7,138,98.9,119,1626,SPARK,WILD_CHARGE,PSYCHIC_FANGS,73.5,63,69.8,40.1,fearow:827;toxapex:693;mantine:668;morpeko_full_belly:663;jellicent:525,forretress_shadow:234;cradily:305;lickilicky:340;kingdra:381;empoleon:454
porygon,Porygon,70.7,120,115.4,135,1870,QUICK_ATTACK,DISCHARGE,HYPER_BEAM,65.8,54.4,79.5,43.1,stunfisk:674;dunsparce:644;mantine:633;lapras:562;lickilicky:533,kingdra:207;cradily:208;forretress_shadow:296;empoleon:418;jellicent:471
karrablast,Karrablast,70.5,127.7,85.7,127,1390,FURY_CUTTER,DRILL_RUN,X_SCISSOR,67.3,64.7,68,30.6,cradily:759;golisopod:681;oranguru:661;barbaracle:633;quagsire_shadow:602,kingdra:258;jellicent:307;lickilicky:362;forretress_shadow:371;empoleon:495
dustox,Dustox,70.3,94.9,148.7,142,2005,CONFUSION,SILVER_WIND,SLUDGE_BOMB,67.4,48.3,71.7,55.3,toxtricity:855;victreebel_shadow:690;toxapex:644;araquanid:535;azumarill:524,empoleon:299;jellicent:304;cradily:350;lickilicky:353;kingdra:474
houndour_shadow,Houndour (Shadow),70.3,140.3,82.3,120,1387,EMBER,CRUNCH,FLAMETHROWER,64.3,57.6,74.7,21.6,empoleon:787;fearow:620;charjabug:600;jumpluff:583;forretress:516,kingdra:80;lickilicky:143;cradily:336;forretress_shadow:460;jellicent:474
eldegoss,Eldegoss,70.2,108.4,160.4,119,2070,BULLET_SEED,ENERGY_BALL,GRASS_KNOT,65.6,37.4,70.1,62.8,quagsire_shadow:798;swampert:785;stunfisk:693;jellicent:609;lickilicky:567,forretress_shadow:128;cradily:260;furret:387;kingdra:427;empoleon:438
charmeleon_shadow,Charmeleon (Shadow),70,126.6,109.4,128,1774,EMBER,FIRE_PUNCH,FLAMETHROWER,65.8,47.1,63.8,39.1,jumpluff:910;charjabug:777;forretress_shadow:761;toucannon_shadow:679;crustle:660,kingdra:88;empoleon:209;jellicent:214;lickilicky:306;cradily:364
blissey,Blissey,69.9,81,111.2,307,2769,ZEN_HEADBUTT,WILD_CHARGE,DAZZLING_GLEAM,55.7,36,81.4,55.8,mantine:581;toxapex:560;lumineon:557;qwilfish:522;pelipper:501,empoleon:176;kingdra:275;cradily:291;lickilicky:421;jellicent:474
cherrim_sunny,Cherrim (Sunshine),69.9,121.8,116.2,130,1843,BULLET_SEED,WEATHER_BALL_FIRE,SOLAR_BEAM,66.9,35.7,68,47.1,stunfisk:796;quagsire_shadow:665;kingdra:538;jellicent:534;furret:507,ninetales_shadow:63;cradily:201;empoleon:295;forretress_shadow:375;lickilicky:484
gloom_shadow,Gloom (Shadow),69.9,121.3,115.9,131,1844,ACID,SLUDGE_BOMB,MOONBLAST,62.5,43.2,72.4,42.6,lickilicky:645;dunsparce:622;charjabug:557;quagsire_shadow:526;kingdra:522,empoleon:127;forretress_shadow:144;jellicent:157;stunfisk:308;cradily:395
chandelure_shadow,Chandelure (Shadow),69.8,151.4,105.2,93,1482,INCINERATE,SHADOW_BALL,ENERGY_BALL,66,46.5,47.7,49.8,forretress_shadow:849;forretress:849;cradily:784;charjabug:672;talonflame:618,kingdra:118;jellicent:195;stunfisk:270;lickilicky:290;empoleon:413
larvesta,Larvesta,69.7,130.8,99.7,131,1710,EMBER,FLAME_WHEEL,BUG_BUZZ,64.8,47.4,70.8,37.1,forretress:755;charjabug:748;forretress_shadow:744;victreebel:729;victreebel_shadow:690,kingdra:88;jellicent:230;lickilicky:334;cradily:454;empoleon:454
corsola,Corsola,69.6,108.5,142,134,2066,BUBBLE,POWER_GEM,ROCK_BLAST,66.1,42.5,67.7,51.1,turtonator:716;fearow:597;lickilicky:574;mantine:567;crustle:544,cradily:218;empoleon:327;jellicent:330;forretress_shadow:351;kingdra:360
skrelp,Skrelp,69.3,104.1,104.1,127,1379,ACID,AQUA_TAIL,TWISTER,68.9,56.1,65,46.8,azumarill:629;magcargo:582;ninetales_shadow:570;araquanid:519;turtonator:507,jellicent:240;lickilicky:290;empoleon:323;cradily:399;kingdra:495
tauros,Tauros,69.3,125.1,119.5,120,1795,TACKLE,TRAILBLAZE,HORN_ATTACK,63.8,55.6,66.3,54.1,seaking:583;lumineon:579;zapdos:520;gastrodon:516;qwilfish_shadow:508,kingdra:271;cradily:319;empoleon:377;jellicent:387;lickilicky:406
ninjask,Ninjask,69.2,144.7,88.4,121,1549,FURY_CUTTER,SHADOW_BALL,AERIAL_ACE,59.7,36.6,62,33.9,cradily:747;quagsire_shadow:681;forretress_shadow:636;crustle:623;swampert:590,jellicent:144;stunfisk:168;empoleon:176;lickilicky:181;kingdra:245
omastar,Omastar,69.2,126.6,128.4,109,1773,MUD_SHOT,ROCK_SLIDE,HYDRO_PUMP,57,52.5,72.6,37.9,turtonator:857;magcargo:642;mantine:614;toxapex:550;fearow:513,cradily:93;jellicent:275;kingdra:334;empoleon:364;lickilicky:431
rotom,Rotom,69.2,132.4,120.4,106,1691,ASTONISH,THUNDERBOLT,OMINOUS_WIND,65.6,38,67.3,53.8,toxapex:783;charjabug:650;forretress_shadow:613;mantine:594;empoleon:504,lickilicky:90;cradily:298;kingdra:300;jellicent:362;stunfisk:401
charmeleon,Charmeleon,69.1,126.6,109.4,128,1774,EMBER,FIRE_PUNCH,RETURN,64,33.3,71.4,46.8,forretress:851;forretress_shadow:773;ninetales_shadow:710;jumpluff:589;charjabug:585,jellicent:163;kingdra:169;cradily:246;lickilicky:303;empoleon:360
pyroar,Pyroar,69.1,135,97.9,126,1667,INCINERATE,FLAME_CHARGE,DARK_PULSE,65.3,51,55.2,52.3,forretress_shadow:833;forretress:757;jumpluff:746;lickilicky:555;charjabug:535,kingdra:122;jellicent:179;stunfisk:200;empoleon:299;cradily:447
chandelure,Chandelure,69,151.4,105.2,93,1482,INCINERATE,SHADOW_BALL,ENERGY_BALL,63.5,52.5,49.3,44.3,forretress_shadow:849;forretress:790;cradily:784;charjabug:672;ninetales_shadow:591,kingdra:139;jellicent:157;stunfisk:223;lickilicky:240;empoleon:348
vileplume,Vileplume,69,128.8,112.7,120,1743,ACID,SLUDGE_BOMB,PETAL_BLIZZARD,60.3,34.7,73.1,36.6,azumarill:845;stunfisk:687;charjabug:604;dunsparce:595;kingdra:508,forretress_shadow:105;jellicent:118;empoleon:127;cradily:375;lickilicky:425
exeggutor_shadow,Exeggutor (Shadow),68.9,136.1,92.5,131,1650,CONFUSION,SEED_BOMB,PSYCHIC,67.6,45.1,67.3,44.1,stunfisk:709;quagsire_shadow:690;swampert:629;lapras:610;diggersby:599,empoleon:229;lickilicky:268;jellicent:275;kingdra:343;cradily:423
mantyke,Mantyke,68.9,100.8,163,120,1973,BUBBLE,WATER_PULSE,AERIAL_ACE,66,39.8,69.4,51.1,diggersby:733;quagsire_shadow:641;ninetales_shadow:600;fearow:591;swampert:545,kingdra:254;jellicent:278;cradily:291;lickilicky:350;empoleon:463
omastar_shadow,Omastar (Shadow),68.5,126.6,128.4,109,1773,MUD_SHOT,ROCK_SLIDE,HYDRO_PUMP,57.9,40,72.8,33.1,turtonator:866;crustle:720;toxapex:600;mantine:582;charjabug:559,empoleon:209;cradily:288;lickilicky:346;jellicent:346;kingdra:427
quilava,Quilava,68.4,126.6,109.4,128,1774,EMBER,FLAME_CHARGE,DIG,61.5,44.6,65.7,52.3,forretress:773;forretress_shadow:703;charjabug:585;jumpluff:582;ninetales_shadow:542,kingdra:88;empoleon:168;jellicent:185;cradily:288;lickilicky:312
grotle_shadow,Grotle (Shadow),68.3,117.8,114.8,141,1908,RAZOR_LEAF,ENERGY_BALL,BODY_SLAM,67.9,36.9,59.6,68.8,quagsire_shadow:943;stunfisk:748;seaking:741;jellicent:677;lapras:599,forretress_shadow:156;cradily:322;lickilicky:353;empoleon:372;kingdra:478
quilava_shadow,Quilava (Shadow),68.3,126.6,109.4,128,1774,EMBER,FLAME_CHARGE,DIG,61.3,45.9,63.8,46.6,jumpluff:902;forretress_shadow:707;forretress:703;ninetales_shadow:675;charjabug:511,kingdra:88;empoleon:209;jellicent:230;lickilicky:343;cradily:361
slowking_shadow,Slowking (Shadow),68.1,113.4,120.9,144,1975,CONFUSION,SURF,BLIZZARD,68.1,48.2,61,50.6,dunsparce:663;diggersby:652;toxapex:625;quagsire_shadow:579;turtonator:559,lickilicky:221;cradily:243;jellicent:272;kingdra:419;empoleon:467
cloyster,Cloyster,67.9,119,169.7,93,1880,ICE_SHARD,ICY_WIND,LIQUIDATION,64.3,39.8,59.4,38.9,diggersby:677;stunfisk:607;jumpluff:607;fearow:553;swampert:537,empoleon:270;jellicent:285;lickilicky:384;kingdra:457;cradily:465
croconaw,Croconaw,67.9,117.7,120,135,1908,WATER_GUN,ICE_PUNCH,WATER_PULSE,61,51,68.2,45.8,magcargo:907;blaziken_shadow:896;diggersby:700;ninetales:603;stunfisk:518,cradily:190;kingdra:275;empoleon:323;jellicent:358;lickilicky:478
delcatty,Delcatty,67.9,111.9,116.8,153,2000,CHARM,WILD_CHARGE,DISARMING_VOICE,53.9,37.2,78.4,44.1,greninja_shadow:699;azumarill:614;ledian:584;jellicent:575;kingdra_shadow:509,forretress_shadow:179;empoleon:209;cradily:368;kingdra:423;lickilicky:468
heatmor,Heatmor,67.9,134.6,92.6,134,1671,FIRE_SPIN,THUNDER_PUNCH,FLAMETHROWER,62.3,36.6,64.1,45.6,forretress_shadow:794;forretress:772;mantine:597;jumpluff:548;charjabug:533,kingdra:122;jellicent:137;lickilicky:221;empoleon:290;cradily:298
rotom_mow,Rotom (Mow),67.9,128.8,144.9,93,1737,THUNDER_SHOCK,OMINOUS_WIND,LEAF_STORM,75.4,46.8,72.1,35.9,jellicent:634;lickilicky:629;empoleon:602;kingdra:569;furret:510,ninetales_shadow:130;forretress_shadow:144;turtonator:203;crustle:256;cradily:347
stufful,Stufful,67.9,124.8,92.1,156,1795,TACKLE,SUPER_POWER,STOMP,66,44.5,72.1,46.1,lickilicky:721;crustle:689;furret:615;forretress_shadow:541;cradily:528,jellicent:166;empoleon:176;stunfisk:264;kingdra:279;ninetales_shadow:321
lilligant_hisuian,Lilligant (Hisuian),67.7,133.4,107.7,117,1683,BULLET_SEED,UPPER_HAND,PETAL_BLIZZARD,58.2,30.9,68.7,39.4,stunfisk:773;quagsire_shadow:764;dunsparce:747;lickilicky:594;furret:542,empoleon:147;jellicent:256;forretress_shadow:304;cradily:336;kingdra:415
oricorio_pom_pom,Oricorio (Pom-Pom),67.7,130.8,102,128,1710,AIR_SLASH,AIR_CUTTER,HURRICANE,63.8,44,69.3,40.8,fearow:621;jumpluff:609;gastrodon:605;seaking:515;araquanid:511,kingdra:241;cradily:281;empoleon:311;lickilicky:318;jellicent:326
ponyta,Ponyta,67.6,133.5,108.2,116,1676,EMBER,FLAME_WHEEL,STOMP,67.1,48.6,68,39.6,forretress:784;charjabug:737;victreebel:737;forretress_shadow:724;jumpluff:543,jellicent:233;kingdra:250;cradily:295;lickilicky:337;empoleon:463
tentacool_shadow,Tentacool (Shadow),67.6,94.1,137.8,113,1466,POISON_STING,WRAP,WATER_PULSE,63.3,50.5,62.2,52.6,magcargo:898;talonflame:800;azumarill:668;toxapex:610;ninetales_shadow:584,jellicent:125;lickilicky:296;cradily:312;kingdra:368;empoleon:381
tirtouga_shadow,Tirtouga (Shadow),67.5,114.3,132.4,130,1970,WATER_GUN,SURF,BODY_SLAM,60.2,46.3,62.9,45.1,magcargo:919;talonflame:861;turtonator:611;lickilicky:561;forretress_shadow:530,kingdra:101;jellicent:176;empoleon:200;cradily:243;stunfisk:337
darmanitan_standard_shadow,Darmanitan (Standard) (Shadow),67.4,149.7,72,138,1490,INCINERATE,ROCK_SLIDE,OVERHEAT,66.8,43.5,46.5,47.6,forretress:797;forretress_shadow:746;charjabug:692;cradily:666;ninetales_shadow:536,kingdra:118;jellicent:182;lickilicky:265;stunfisk:270;empoleon:397
tentacool,Tentacool,67.4,94.1,137.8,113,1466,POISON_STING,WRAP,WATER_PULSE,65.1,53.6,61.9,58.8,blaziken:681;charizard_shadow:681;azumarill:676;magcargo:641;ninetales_shadow:517,jellicent:275;empoleon:315;kingdra:326;cradily:385;lickilicky:400
darmanitan_standard,Darmanitan (Standard),67.2,149.7,72,138,1490,INCINERATE,ROCK_SLIDE,OVERHEAT,64.3,46.3,50.2,42.8,forretress_shadow:797;forretress:771;cradily:713;charjabug:670;ninetales_shadow:619,kingdra:139;jellicent:157;stunfisk:223;lickilicky:240;empoleon:331
rillaboom,Rillaboom,67.2,132.4,99.3,129,1696,RAZOR_LEAF,DRUM_BEATING,EARTH_POWER,67.6,35.5,58.3,64.3,quagsire_shadow:949;swampert:949;stunfisk:786;seaking:666;jellicent:554,forretress_shadow:109;cradily:298;lickilicky:403;empoleon:430;kingdra:478
tirtouga,Tirtouga,67.2,114.3,132.4,130,1970,WATER_GUN,SURF,BODY_SLAM,65.3,46,61.7,46.3,forretress_shadow:580;fearow:565;stunfisk:553;lickilicky:542;turtonator:530,cradily:190;furret:228;kingdra:245;jellicent:330;empoleon:405
sharpedo_shadow,Sharpedo (Shadow),67.1,166.6,64,126,1345,WATERFALL,CRUNCH,POISON_FANG,64,37,55.2,39.4,magcargo:876;ninetales_shadow:805;talonflame:722;cradily:615;fearow:519,kingdra:156;forretress_shadow:175;jellicent:233;lickilicky:278;empoleon:290
snover_shadow,Snover (Shadow),67.1,109.2,100.8,142,1564,POWDER_SNOW,ENERGY_BALL,ICE_BEAM,56.9,29.3,68,37.9,stunfisk:742;quagsire_shadow:728;jumpluff:721;swampert:676;cradily:630,empoleon:127;forretress_shadow:128;lickilicky:175;kingdra:237;jellicent:490
exeggutor,Exeggutor,67,136.1,92.5,131,1650,CONFUSION,SEED_BOMB,PSYCHIC,64,45.5,64.1,45.1,stunfisk:721;quagsire_shadow:721;swampert:713;dunsparce:576;toxapex:515,empoleon:209;lickilicky:221;jellicent:272;kingdra:300;cradily:361
ho_oh,Ho-Oh,66.9,122.9,128.4,114,1801,INCINERATE,BRAVE_BIRD,SACRED_FIRE,60.2,31,73.8,51.3,forretress_shadow:846;diggersby:732;turtonator:657;seaking:565;ninetales_shadow:543,kingdra:105;jellicent:131;lickilicky:203;cradily:225;empoleon:282
nuzleaf_shadow,Nuzleaf (Shadow),66.9,125.2,78.1,157,1536,FEINT_ATTACK,LEAF_BLADE,FOUL_PLAY,61.5,36.1,65,38.9,stunfisk:697;quagsire_shadow:684;jellicent:652;lapras:643;furret:544,forretress_shadow:117;kingdra:233;empoleon:290;cradily:395;lickilicky:471
prinplup,Prinplup,66.9,118.6,117,136,1889,BUBBLE,ICY_WIND,HYDRO_PUMP,63.2,41.5,62.4,36.4,diggersby:727;dunsparce:705;lickilicky:654;fearow:540;turtonator:507,jellicent:230;empoleon:282;kingdra:300;cradily:326;forretress_shadow:343
torracat,Torracat,66.9,135.5,89.8,135,1645,EMBER,FLAME_CHARGE,CRUNCH,64.1,56.5,63.1,41.3,forretress:718;forretress_shadow:692;abomasnow_shadow:637;jumpluff:540;charjabug:533,lickilicky:284;kingdra:296;cradily:340;jellicent:352;empoleon:422
snover,Snover,66.7,109.2,100.8,142,1564,POWDER_SNOW,ENERGY_BALL,ICE_BEAM,60.2,28.7,68,41.8,stunfisk:806;quagsire_shadow:792;swampert:750;morpeko_full_belly:718;azumarill:647,empoleon:86;lickilicky:378;jellicent:426;kingdra:495;cradily:496
weepinbell_shadow,Weepinbell (Shadow),66.7,139.3,82.6,140,1613,ACID,POWER_WHIP,SLUDGE_BOMB,52.9,32.6,67.9,33.1,azumarill:803;stunfisk:600;miltank:560;dunsparce:546;diggersby:514,empoleon:127;jellicent:157;lickilicky:243;kingdra:271;cradily:486
exploud,Exploud,66.6,119.7,99.4,157,1870,ASTONISH,CRUNCH,DISARMING_VOICE,62.3,43.4,67.1,43.3,jellicent:719;marowak_alolan:614;kingdra:598;zapdos:550;empoleon:506,furret:115;lickilicky:253;cradily:361;stunfisk:363;forretress_shadow:460
grotle,Grotle,66.6,117.8,114.8,141,1908,RAZOR_LEAF,BODY_SLAM,ENERGY_BALL,63.5,35.2,64.3,66.3,quagsire_shadow:953;swampert:953;stunfisk:812;seaking:723;jellicent:546,forretress_shadow:132;cradily:295;lickilicky:353;kingdra:419;empoleon:430
shellos,Shellos,66.6,99.1,100.8,166,1660,MUD_SLAP,BODY_SLAM,WATER_PULSE,63.8,40.4,64.7,49.6,empoleon:668;magcargo:668;magnezone_shadow:659;turtonator:617;ninetales_shadow:536,cradily:177;forretress_shadow:214;jellicent:333;kingdra:351;lickilicky:365
croconaw_shadow,Croconaw (Shadow),66.5,117.7,120,135,1908,WATER_GUN,ICE_PUNCH,WATER_PULSE,59.7,48,66.1,41.6,blaziken:896;magcargo:885;diggersby:618;quagsire_shadow:551;turtonator:511,jellicent:176;cradily:243;lickilicky:275;empoleon:336;kingdra:427
darumaka_shadow,Darumaka (Shadow),66.5,131.9,82.3,157,1706,FIRE_FANG,FIRE_PUNCH,FLAME_CHARGE,64.8,42.9,54.6,54.8,forretress_shadow:821;forretress:818;victreebel_shadow:767;magnezone_shadow:748;toucannon_shadow:614,kingdra:173;jellicent:192;lickilicky:278;cradily:322;empoleon:381
porygon2,Porygon2,66.5,122.1,117.9,127,1830,LOCK_ON,TRI_ATTACK,ZAP_CANNON,58.4,50,76.7,32.1,jellicent:724;toxapex:681;mantine:629;lapras:543;charjabug:503,kingdra:97;cradily:190;empoleon:237;lickilicky:396;forretress_shadow:496
basculin,Basculin,66.4,133.9,97.1,129,1679,WATER_GUN,AQUA_TAIL,AQUA_JET,61,43.7,61.1,36.6,magcargo:879;talonflame:744;diggersby:616;turtonator:600;quagsire_shadow:538,jellicent:163;kingdra:220;cradily:350;empoleon:385;lickilicky:450
carnivine,Carnivine,66.4,130.1,101.8,130,1724,VINE_WHIP,ENERGY_BALL,CRUNCH,61.2,32.4,67.5,38.4,stunfisk:788;quagsire_shadow:780;jellicent:661;lapras:561;kingdra:519,forretress_shadow:74;ninetales_shadow:99;empoleon:209;cradily:312;lickilicky:425
watchog,Watchog,66.3,125.1,114,125,1785,LOW_KICK,CRUNCH,HYPER_FANG,58.4,46.3,70.3,33.4,furret:688;dudunsparce:648;qwilfish_shadow:536;zapdos:528;abomasnow:516,kingdra:190;empoleon:299;jellicent:346;cradily:347;lickilicky:462
watchog_shadow,Watchog (Shadow),66.3,125.1,114,125,1785,LOW_KICK,CRUNCH,HYPER_FANG,54.9,46.5,67.7,23.1,lickilicky:612;dunsparce:588;miltank:588;quagsire_shadow:576;qwilfish:536,kingdra:173;forretress_shadow:218;empoleon:290;cradily:368;jellicent:391
darumaka,Darumaka,66.2,131.9,82.3,157,1706,FIRE_FANG,FIRE_PUNCH,FLAME_CHARGE,62.5,44.3,58.5,53.3,forretress:828;forretress_shadow:818;victreebel_shadow:773;jumpluff:592;charjabug:550,kingdra:131;lickilicky:265;cradily:267;jellicent:291;empoleon:331
shaymin_land,Shaymin (Land),66.2,117.8,122.2,132,1902,MAGICAL_LEAF,GRASS_KNOT,SEED_FLARE,56.9,27.2,70.3,50.3,quagsire_shadow:814;swampert:776;stunfisk:700;jellicent:564;furret:556,forretress_shadow:85;cradily:208;empoleon:299;kingdra:309;lickilicky:459
pineco,Pineco,65.8,103.3,115.1,127,1511,BUG_BITE,ROCK_TOMB,SAND_TOMB,62.3,44.3,57.1,58.6,morpeko_full_belly:838;bellossom_shadow:759;bruxish:759;girafarig_shadow:708;gastrodon:594,jellicent:243;kingdra:334;empoleon:352;cradily:375;lickilicky:375
tsareena,Tsareena,65.8,130.4,120.6,109,1715,MAGICAL_LEAF,TRIPLE_AXEL,HIGH_JUMP_KICK,61,33.3,60.8,48.8,quagsire_shadow:922;stunfisk:770;lickilicky:655;dunsparce:633;furret:509,forretress_shadow:93;cradily:246;empoleon:270;kingdra:300;jellicent:375
luxio,Luxio,65.7,133.2,91,139,1687,SPARK,WILD_CHARGE,CRUNCH,53.3,31.9,69.1,31.9,azumarill:769;toxapex:715;mantine:676;ninetales_shadow:525;empoleon:514,kingdra:216;cradily:239;forretress_shadow:257;jellicent:272;lickilicky:481
swellow_shadow,Swellow (Shadow),65.7,135.9,99.9,121,1645,WING_ATTACK,BRAVE_BIRD,SKY_ATTACK,52.9,32.6,69.1,32.1,diggersby:702;quagsire_shadow:611;jellicent:574;forretress_shadow:549;swampert:512,stunfisk:107;empoleon:168;kingdra:194;cradily:208;lickilicky:209
purugly,Purugly,65.5,125.5,105.5,134,1775,SHADOW_CLAW,AERIAL_ACE,THUNDER,55.7,43.2,72.4,28.9,jellicent:671;mantine:630;sealeo:615;seaking:555;lapras:526,kingdra:190;cradily:288;lickilicky:300;empoleon:360;forretress_shadow:417
simisage,Simisage,65.5,135.9,95.8,126,1642,VINE_WHIP,GRASS_KNOT,CRUNCH,58,33.3,66.1,35.4,quagsire_shadow:738;stunfisk:730;jellicent:611;lapras:539;kingdra:523,forretress_shadow:66;empoleon:209;furret:228;cradily:361;lickilicky:446
houndour,Houndour,65.4,140.3,82.3,120,1387,EMBER,CRUNCH,FLAMETHROWER,62.5,59.1,64.3,22.6,fearow:662;jumpluff:620;toucannon_shadow:579;forretress_shadow:516;forretress:516,kingdra:80;empoleon:168;cradily:305;lickilicky:321;jellicent:413
huntail,Huntail,65.2,130.8,125.6,104,1709,WATER_GUN,AQUA_TAIL,CRUNCH,59.5,37.7,63.4,38.9,magcargo:899;blaziken:865;talonflame:754;diggersby:629;quagsire_shadow:562,kingdra:105;jellicent:163;cradily:343;lickilicky:406;empoleon:467
infernape,Infernape,65.2,136.6,100.4,119,1633,FIRE_SPIN,CLOSE_COMBAT,BLAST_BURN,58.4,30.1,62.7,44.8,forretress_shadow:852;lickilicky:621;furret:567;magcargo:533;charjabug:512,kingdra:122;jellicent:137;stunfisk:206;cradily:256;empoleon:319
goldeen,Goldeen,65.1,115.9,105,120,1462,PECK,AQUA_TAIL,HORN_ATTACK,64.8,57.1,56.4,37.4,magmar:808;magmar_shadow:770;charizard_shadow:670;magcargo:562;diggersby:558,jellicent:237;cradily:250;lickilicky:303;kingdra:326;empoleon:397
heliolisk,Heliolisk,65.1,138.1,112.1,105,1626,VOLT_SWITCH,BREAKING_SWIPE,PARABOLIC_CHARGE,63.8,44.2,54.8,45.1,mantine:866;toxapex:690;jellicent:666;empoleon:585;seaking:547,stunfisk:168;cradily:253;kingdra:258;lickilicky:287;forretress_shadow:308
dwebble_shadow,Dwebble (Shadow),65,111.7,120.1,127,1706,SMACK_DOWN,X_SCISSOR,ROCK_TOMB,61.8,42.5,58.9,46.8,talonflame:775;toucannon_shadow:744;fearow:720;emolga:606;charjabug:511,empoleon:204;jellicent:227;cradily:256;kingdra:271;lickilicky:284
nuzleaf,Nuzleaf,65,125.2,78.1,157,1536,FEINT_ATTACK,LEAF_BLADE,FOUL_PLAY,61.5,35.5,63.6,40.8,quagsire_shadow:745;jellicent:710;swampert:694;stunfisk:598;seaking:503,forretress_shadow:117;empoleon:250;cradily:326;lickilicky:393;kingdra:487
stufful_shadow,Stufful (Shadow),65,124.8,92.1,156,1795,TACKLE,SUPER_POWER,STOMP,60.5,51.6,68.9,36.9,diggersby:714;miltank:692;lickilicky:689;dunsparce:679;forretress_shadow:608,empoleon:176;cradily:190;stunfisk:264;kingdra:279;jellicent:285
carracosta_shadow,Carracosta (Shadow),64.9,121.4,126.9,120,1850,WATER_GUN,LIQUIDATION,BODY_SLAM,58.2,36.6,58.7,41.8,magcargo:912;talonflame:850;turtonator:570;lickilicky:516;dunsparce:504,jellicent:163;empoleon:176;kingdra:182;cradily:243;forretress_shadow:308
persian,Persian,64.9,118.6,116.3,137,1890,FEINT_ATTACK,NIGHT_SLASH,POWER_GEM,57.5,48.9,69.4,37.1,sealeo:616;abomasnow:565;charjabug:529;jellicent:521;zapdos_shadow:510,forretress_shadow:332;kingdra:338;cradily:347;empoleon:368;lickilicky:381
rotom_heat,Rotom (Heat),64.9,128.8,144.9,93,1737,THUNDER_SHOCK,OVERHEAT,THUNDERBOLT,56.2,29.8,72.8,32.9,ninetales_shadow:715;forretress:704;jumpluff:672;charjabug:661;forretress_shadow:645,lickilicky:153;kingdra:173;jellicent:214;empoleon:250;cradily:354
sharpedo,Sharpedo,64.8,166.6,64,126,1345,WATERFALL,CRUNCH,POISON_FANG,57.9,36.1,58,34.6,magcargo:884;blaziken:876;ninetales_shadow:837;talonflame:769;turtonator:551,kingdra:131;jellicent:208;empoleon:233;lickilicky:303;cradily:319
yanma,Yanma,64.8,130.8,89.6,146,1713,WING_ATTACK,SILVER_WIND,AERIAL_ACE,56.1,40.4,64.1,34.4,swampert:657;araquanid_shadow:609;gastrodon:568;victreebel_shadow:523;quagsire_shadow:517,empoleon:127;kingdra:173;lickilicky:175;jellicent:352;cradily:392
tangela,Tangela,64.7,125.5,122.8,116,1790,VINE_WHIP,GRASS_KNOT,SLUDGE_BOMB,54.9,28.1,68.4,38.6,stunfisk:793;quagsire_shadow:780;swampert:737;diggersby:681;jellicent:530,forretress_shadow:82;empoleon:209;kingdra:224;cradily:340;lickilicky:412
arboliva,Arboliva,64.6,129.2,116.6,115,1734,MAGICAL_LEAF,EARTH_POWER,TRAILBLAZE,60.5,29.3,62.4,55.8,quagsire_shadow:926;jellicent:778;stunfisk:778;lickilicky:630;dunsparce:608,forretress_shadow:97;furret:265;empoleon:270;kingdra:300;cradily:375
cloyster_shadow,Cloyster (Shadow),64.6,119,169.7,93,1880,ICE_SHARD,ICY_WIND,LIQUIDATION,59.7,42,51.4,33.9,toucannon_shadow:677;diggersby:672;quagsire_shadow:596;jumpluff:559;stunfisk:521,empoleon:151;jellicent:288;kingdra:309;cradily:350;lickilicky:425
teddiursa_shadow,Teddiursa (Shadow),64.6,131.5,90.4,142,1690,LICK,SWIFT,CROSS_CHOP,55.9,49.6,58.5,26.1,starmie:644;starmie_shadow:644;jellicent:549;talonflame:538;ninetales:535,empoleon:262;kingdra:271;forretress_shadow:285;lickilicky:315;cradily:413
luxray_shadow,Luxray (Shadow),64.5,138,98.9,119,1626,SNARL,WILD_CHARGE,PSYCHIC_FANGS,62.2,54.2,73.3,18.9,dunsparce:819;jellicent:760;lapras:718;lickilicky:613;mantine:579,kingdra:131;forretress_shadow:136;empoleon:147;stunfisk:319;cradily:340
rotom_wash,Rotom (Wash),64.5,128.8,144.9,93,1737,THUNDER_SHOCK,THUNDERBOLT,HYDRO_PUMP,51.8,23.6,70.7,31.9,empoleon:682;mantine:682;magcargo:602;kingdra:548;lapras:543,stunfisk:40;cradily:93;forretress_shadow:207;jellicent:233;lickilicky:406
frosmoth,Frosmoth,64.4,141.5,101,111,1587,POWDER_SNOW,ICY_WIND,BUG_BUZZ,59.5,34.6,58,34.1,cradily:752;jumpluff:734;quagsire_shadow:689;stunfisk:666;swampert:621,empoleon:127;lickilicky:171;forretress_shadow:175;kingdra:258;jellicent:314
poliwhirl,Poliwhirl,64.4,114.2,115.9,148,1961,BUBBLE,SCALD,MUD_BOMB,59.7,39.4,67.1,41.1,diggersby:719;stunfisk:570;ninetales_shadow:530;fearow:523;swampert:506,cradily:177;kingdra:279;jellicent:282;lickilicky:381;empoleon:459
carracosta,Carracosta,64.1,121.4,126.9,120,1850,WATER_GUN,LIQUIDATION,BODY_SLAM,58.5,43.8,58.7,43.6,magcargo:895;talonflame:870;diggersby:516;stunfisk:508;toucannon_shadow:504,kingdra:97;cradily:243;jellicent:320;empoleon:348;lickilicky:431
dwebble,Dwebble,64.1,111.7,120.1,127,1706,SMACK_DOWN,X_SCISSOR,ROCK_TOMB,59.2,41.7,63.3,45.8,talonflame:807;toucannon_shadow:720;emolga:657;vespiquen:594;fearow:511,empoleon:176;cradily:225;kingdra:241;jellicent:310;lickilicky:396
arcanine_hisuian,Arcanine (Hisuian),64,132.4,99.4,129,1699,SNARL,WILD_CHARGE,ROCK_SLIDE,57.5,36.9,62.4,28.4,talonflame:872;mantine:689;crustle:682;ninetales_shadow:639;toucannon_shadow:581,empoleon:118;kingdra:122;cradily:260;lickilicky:296;jellicent:490
exeggcute_shadow,Exeggcute (Shadow),64,102.5,117.6,142,1713,CONFUSION,SEED_BOMB,ANCIENT_POWER,63.5,39.4,60.3,45.3,quagsire_shadow:788;swampert:746;gastrodon:651;stunfisk:605;kingdra:552,forretress_shadow:93;empoleon:188;lickilicky:206;jellicent:253;cradily:319
exploud_shadow,Exploud (Shadow),63.9,119.7,99.4,157,1870,ASTONISH,CRUNCH,DISARMING_VOICE,57.7,44.2,61.9,38.9,armarouge:757;starmie:742;bruxish:729;jellicent:678;seaking:535,kingdra:271;lickilicky:281;empoleon:290;forretress_shadow:355;cradily:371
tangela_shadow,Tangela (Shadow),63.9,125.5,122.8,116,1790,VINE_WHIP,GRASS_KNOT,SLUDGE_BOMB,51.3,26.1,67,35.1,swampert:918;quagsire_shadow:775;stunfisk:754;diggersby:637;dunsparce:564,empoleon:250;kingdra:258;jellicent:310;cradily:420;lickilicky:471
exeggcute,Exeggcute,63.8,102.5,117.6,142,1713,CONFUSION,SEED_BOMB,ANCIENT_POWER,62.8,40.1,61.3,51.3,quagsire_shadow:809;swampert:774;stunfisk:707;azumarill:549;diggersby:517,jellicent:214;cradily:305;empoleon:331;lickilicky:356;kingdra:449
infernape_shadow,Infernape (Shadow),63.7,136.6,100.4,119,1633,FIRE_SPIN,CLOSE_COMBAT,BLAST_BURN,57.5,33.2,58,48.3,forretress_shadow:882;forretress:852;victreebel_shadow:743;magnezone_shadow:718;araquanid:588,kingdra:131;jellicent:160;lickilicky:303;cradily:319;empoleon:377
flaaffy,Flaaffy,63.6,121.5,100.4,151,1844,CHARGE_BEAM,DISCHARGE,TRAILBLAZE,58.4,38.9,62.7,40.6,mantine:728;toxapex:589;seaking:582;empoleon:579;fearow:519,lickilicky:275;forretress_shadow:316;kingdra:330;cradily:333;jellicent:493
plusle,Plusle,63.6,128.2,107.2,127,1746,QUICK_ATTACK,THUNDERBOLT,GRASS_KNOT,47,34.7,76.1,22.6,mantine:665;pelipper:629;empoleon:555;seaking:527;lapras:503,jellicent:80;forretress_shadow:167;kingdra:173;cradily:256;lickilicky:353
eelektross,Eelektross,63.5,133.8,99.7,126,1682,VOLT_SWITCH,DRAGON_CLAW,THUNDERBOLT,56.1,38.9,66.8,43.1,toucannon_shadow:817;azumarill:757;mantine:682;toxapex:662;dunsparce:511,cradily:138;kingdra:258;lickilicky:265;forretress_shadow:308;jellicent:368
thwackey,Thwackey,63.5,123.6,107.5,136,1809,RAZOR_LEAF,ENERGY_BALL,GRASS_KNOT,62.2,33.2,52.9,64.5,quagsire_shadow:952;swampert:952;stunfisk:797;seaking:672;jellicent:511,forretress_shadow:117;cradily:277;lickilicky:353;empoleon:360;kingdra:419
pineco_shadow,Pineco (Shadow),63.4,103.3,115.1,127,1511,BUG_BITE,ROCK_TOMB,SAND_TOMB,61.7,42.6,50.4,51.3,morpeko_full_belly:826;raikou_shadow:759;palkia_shadow:641;swampert:578;gastrodon:543,empoleon:262;jellicent:275;lickilicky:278;kingdra:360;cradily:461
vileplume_shadow,Vileplume (Shadow),63.4,128.8,112.7,120,1743,ACID,SLUDGE_BOMB,MOONBLAST,50.4,34.7,68.6,35.1,azumarill:845;raikou:833;miltank:591;dunsparce:541;charjabug:512,empoleon:127;jellicent:157;lickilicky:228;kingdra:233;cradily:253
raboot,Raboot,63.2,128.8,103.7,130,1738,FIRE_SPIN,FLAME_CHARGE,FLAMETHROWER,58.5,37.2,56,51.8,forretress_shadow:800;forretress:753;victreebel_shadow:750;jumpluff:569;charjabug:511,kingdra:211;jellicent:246;cradily:250;lickilicky:293;empoleon:299
braviary,Braviary,63,133.7,92.9,135,1678,AIR_SLASH,FLY,CLOSE_COMBAT,54.2,29.5,65.2,34.9,diggersby:633;jellicent:622;forretress:603;forretress_shadow:548;lickilicky:514,stunfisk:104;empoleon:176;cradily:208;furret:228;kingdra:241
ursaluna_shadow,Ursaluna (Shadow),63,125.6,98.6,144,1786,TACKLE,SWIFT,HIGH_HORSEPOWER,56.6,37,53.9,34.9,morpeko_full_belly:704;dunsparce:656;charjabug:625;talonflame:579;turtonator:517,jellicent:144;empoleon:176;cradily:190;kingdra:271;lickilicky:275
teddiursa,Teddiursa,62.9,131.5,90.4,142,1690,LICK,SWIFT,CROSS_CHOP,57.4,49.6,59.6,28.1,starmie_shadow:644;slowbro_shadow:595;qwilfish:563;ninetales_shadow:535;gyarados:510,empoleon:262;kingdra:271;lickilicky:278;cradily:333;jellicent:496
kyogre_shadow,Kyogre (Shadow),62.8,133.9,116.5,104,1623,WATERFALL,AVALANCHE,SURF,56.6,36.9,53.2,39.1,magcargo:879;crustle:706;toucannon_shadow:610;dunsparce:548;diggersby:524,kingdra:152;jellicent:182;empoleon:233;lickilicky:243;cradily:288
purugly_shadow,Purugly (Shadow),62.7,125.5,105.5,134,1775,SHADOW_CLAW,AERIAL_ACE,THUNDER,50.3,43.2,67.5,24.4,dartrix:727;spidops:645;jellicent:630;orbeetle:582;qwilfish:552,kingdra:216;forretress_shadow:242;empoleon:250;cradily:309;lickilicky:334
manectric_shadow,Manectric (Shadow),62.6,142.4,91.3,121,1574,SNARL,WILD_CHARGE,PSYCHIC_FANGS,59.2,58.2,71,16.2,dunsparce:793;jellicent:764;lapras:723;lickilicky:574;mantine:566,kingdra:131;forretress_shadow:136;empoleon:147;cradily:239;stunfisk:328
ursaluna,Ursaluna,62.6,125.6,98.6,144,1786,TACKLE,SWIFT,HIGH_HORSEPOWER,58.2,32.7,61,36.1,charjabug:670;lickilicky:538;toxapex:531;stunfisk:524;dunsparce:517,jellicent:115;empoleon:176;cradily:190;forretress_shadow:207;kingdra:271
poliwhirl_shadow,Poliwhirl (Shadow),62.5,114.2,115.9,148,1961,BUBBLE,SCALD,MUD_BOMB,58,38.4,61,32.1,diggersby:665;magcargo:628;empoleon:621;quagsire_shadow:581;turtonator:543,cradily:194;forretress_shadow:285;jellicent:294;kingdra:313;lickilicky:450
porygon_shadow,Porygon (Shadow),62.4,120,115.4,135,1870,TACKLE,DISCHARGE,SIGNAL_BEAM,53.6,42.5,65,38.6,linoone:640;ludicolo:637;lickitung:629;seaking:540;lumineon:522,empoleon:176;cradily:190;kingdra:271;lickilicky:275;jellicent:432
ho_oh_shadow,Ho-Oh (Shadow),62.3,123.4,126.4,113,1764,INCINERATE,BRAVE_BIRD,SACRED_FIRE,58.2,33.2,63.8,52.6,forretress_shadow:876;forretress:845;victreebel_shadow:783;diggersby:703;jumpluff:522,kingdra:139;jellicent:157;lickilicky:240;cradily:277;empoleon:331
raticate,Raticate,62.3,125.9,116,122,1783,QUICK_ATTACK,HYPER_FANG,DIG,51.1,38.1,68.7,27.6,quagsire_shadow:643;politoed_shadow:618;ninetales_shadow:569;seaking:553;zapdos:536,empoleon:151;kingdra:173;cradily:246;jellicent:259;lickilicky:362
tranquill,Tranquill,62.2,123.9,102.2,143,1812,AIR_SLASH,HEAT_WAVE,AERIAL_ACE,55.4,30.7,64.7,40.6,forretress:629;forretress_shadow:580;jumpluff:552;diggersby:531;quagsire_shadow:506,empoleon:188;cradily:194;kingdra:241;lickilicky:375;jellicent:397
ambipom_shadow,Ambipom (Shadow),62.1,133.8,100.5,124,1670,ASTONISH,AERIAL_ACE,LOW_SWEEP,58.2,41.8,52.7,29.9,kartana:705;armarouge:693;bruxish:657;jellicent:596;talonflame:532,kingdra:258;lickilicky:284;forretress_shadow:304;empoleon:319;cradily:378
chinchou,Chinchou,62,101.6,94.1,164,1569,BUBBLE,WATER_PULSE,THUNDERBOLT,50.1,25.9,71.4,32.1,empoleon:701;mantine:701;magcargo:649;stunfisk:545;seaking:524,kingdra:80;cradily:145;forretress_shadow:214;lickilicky:368;jellicent:435
persian_shadow,Persian (Shadow),62,118.6,116.3,137,1890,FEINT_ATTACK,NIGHT_SLASH,POWER_GEM,51.3,41.7,65.2,31.1,jellicent:671;orbeetle:613;oranguru:572;seaking:529;zapdos:514,cradily:184;empoleon:209;kingdra:237;lickilicky:337;forretress_shadow:390
porygon2_shadow,Porygon2 (Shadow),62,122.1,117.9,127,1830,LOCK_ON,TRI_ATTACK,ZAP_CANNON,51.8,45.1,72.6,21.4,azumarill:783;toxapex:688;jellicent:649;dunsparce:614;seaking:515,empoleon:86;kingdra:93;forretress_shadow:93;cradily:270;lickilicky:446
entei_shadow,Entei (Shadow),61.6,128.8,95.1,139,1705,FIRE_FANG,FLAME_CHARGE,SCORCHING_SANDS,62.5,34.6,49.3,55.8,forretress:845;forretress_shadow:798;victreebel_shadow:780;toucannon_shadow:636;jumpluff:525,kingdra:135;jellicent:179;lickilicky:278;cradily:298;empoleon:381
rotom_fan,Rotom (Fan),61.6,128.8,144.9,93,1737,ASTONISH,THUNDERBOLT,OMINOUS_WIND,53.1,33.8,63.3,34.6,mantine:650;lumineon:629;fearow:586;forretress:580;emolga:580,lickilicky:115;cradily:225;kingdra:241;empoleon:336;jellicent:336
toedscool,Toedscool,61.6,94.1,137.8,113,1466,MUD_SLAP,EARTH_POWER,WRAP,59.4,39.2,56.7,47.6,stunfisk:823;morpeko_full_belly:823;toxapex:730;charjabug:601;dunsparce:522,kingdra:211;lickilicky:365;empoleon:413;jellicent:419;cradily:440
houndoom_shadow,Houndoom (Shadow),61.5,139.5,97.3,118,1603,SNARL,FOUL_PLAY,FLAMETHROWER,52.6,42.6,54.4,15.9,jellicent:847;marowak_alolan_shadow:728;oranguru:699;jumpluff:610;magnezone_shadow:529,forretress_shadow:144;kingdra:156;empoleon:176;cradily:302;lickilicky:346
beautifly,Beautifly,61.3,144.7,83.9,127,1543,INFESTATION,AIR_CUTTER,SILVER_WIND,58,42.5,61.3,24.9,victreebel:744;gastrodon:685;victreebel_shadow:681;palkia_shadow:641;swampert:582,lickilicky:115;empoleon:217;jellicent:224;kingdra:326;cradily:486
rotom_frost,Rotom (Frost),61.3,128.8,144.9,93,1737,THUNDER_SHOCK,THUNDERBOLT,BLIZZARD,39.7,24.7,73.5,22.6,mantine:682;jumpluff:618;pelipper:586;charjabug:548;stunfisk:537,cradily:93;lickilicky:153;kingdra:190;jellicent:233;empoleon:250
yanmega,Yanmega,61.3,136.8,96,125,1643,WING_ATTACK,AERIAL_ACE,ANCIENT_POWER,50.6,34,60.4,29.9,jumpluff_shadow:700;araquanid_shadow:576;forretress_shadow:560;victreebel_shadow:528;gastrodon:520,empoleon:127;lickilicky:143;kingdra:216;cradily:298;jellicent:358
heliolisk_shadow,Heliolisk (Shadow),61.2,138.1,112.1,105,1626,VOLT_SWITCH,BREAKING_SWIPE,PARABOLIC_CHARGE,63.3,40.1,43.3,42.8,mantine:852;empoleon:819;fearow:771;jellicent:623;toxapex:623,stunfisk:84;cradily:170;kingdra:258;forretress_shadow:296;lickilicky:331
prinplup_shadow,Prinplup (Shadow),61.2,118.6,117,136,1889,BUBBLE,ICY_WIND,HYDRO_PUMP,55.6,37.5,53.4,30.9,dunsparce:672;diggersby:661;magcargo:650;lickilicky:562;ninetales_shadow:507,jellicent:163;cradily:208;forretress_shadow:253;empoleon:286;kingdra:305
entei,Entei,61.1,129.3,96.1,140,1741,FIRE_FANG,FLAME_CHARGE,SCORCHING_SANDS,59.2,32.9,57.4,54.6,forretress_shadow:846;forretress:814;jumpluff:578;ninetales_shadow:535;charjabug:510,kingdra:131;jellicent:144;lickilicky:265;cradily:267;empoleon:299
flaaffy_shadow,Flaaffy (Shadow),61.1,121.5,100.4,151,1844,CHARGE_BEAM,TRAILBLAZE,DISCHARGE,52.3,35,61.9,30.4,talonflame:692;mantine:645;jellicent:586;empoleon:526;toxapex:506,cradily:211;stunfisk:287;lickilicky:312;forretress_shadow:363;kingdra:364
sunflora,Sunflora,61.1,128.7,102.1,132,1736,BULLET_SEED,SLUDGE_BOMB,LEAF_STORM,55.2,21.4,65.9,33.1,stunfisk:776;quagsire_shadow:632;kingdra:526;furret:515;jellicent:503,forretress_shadow:50;ninetales_shadow:63;empoleon:147;cradily:239;lickilicky:440
bulbasaur,Bulbasaur,60.9,111.7,105.8,120,1420,VINE_WHIP,POWER_WHIP,SEED_BOMB,55.9,34.9,60.3,36.6,swampert:870;stunfisk:700;jellicent:641;quagsire_shadow:616;morpeko_full_belly:595,forretress_shadow:105;empoleon:168;cradily:340;lickilicky:375;kingdra:487
raticate_shadow,Raticate (Shadow),60.7,125.9,116,122,1783,QUICK_ATTACK,HYPER_FANG,DIG,47.1,33.5,63.8,20.6,coalossal:663;castform_sunny:573;ninetales:569;quagsire_shadow:553;seaking:512,empoleon:168;kingdra:216;cradily:277;jellicent:288;lickilicky:443
vivillon,Vivillon,60.7,131.7,86.3,149,1694,GUST,ENERGY_BALL,HURRICANE,59.9,39.2,53.7,46.3,victreebel_shadow:785;gastrodon:748;swampert:654;araquanid:597;quagsire_shadow:506,empoleon:188;lickilicky:221;cradily:232;jellicent:272;kingdra:279
clamperl,Clamperl,60.6,124.3,126,105,1646,WATER_GUN,BODY_SLAM,WATER_PULSE,54.4,40.1,55,37.1,magcargo:880;blaziken:866;talonflame:757;diggersby:633;azumarill:514,kingdra:105;jellicent:163;cradily:243;lickilicky:275;empoleon:356
brionne,Brionne,60.5,125.8,117,121,1783,CHARM,AQUA_JET,DISARMING_VOICE,54.1,33.5,60.6,33.6,palkia_shadow:731;magcargo:632;turtonator:537;kingdra:512;drampa:512,cradily:208;forretress_shadow:214;jellicent:371;empoleon:401;lickilicky:425
kingler_shadow,Kingler (Shadow),60.5,144.5,115.6,93,1554,BUBBLE,CRABHAMMER,X_SCISSOR,49,29.6,59.6,23.4,blaziken:865;magcargo:833;magmar_shadow:736;talonflame:715;swampert:548,kingdra:105;empoleon:176;lickilicky:200;jellicent:275;cradily:447
indeedee_female,Indeedee (Female),60.3,121.7,128.2,118,1842,EXTRASENSORY,ENERGY_BALL,PSYCHIC,51.8,31.8,64.5,30.9,jellicent:648;ursaring:631;gastrodon:588;toxapex:580;seaking:555,forretress_shadow:97;kingdra:182;cradily:305;empoleon:413;lickilicky:425
oricorio_baile,Oricorio (Baile),60.3,130.8,102,128,1710,AIR_SLASH,AIR_CUTTER,HURRICANE,55.4,32.4,58.2,39.6,gastrodon:605;victreebel_shadow:582;diggersby:550;jumpluff:550;ninetales_shadow:519,empoleon:147;lickilicky:178;jellicent:182;kingdra:241;cradily:281
houndoom,Houndoom,60.2,139.5,97.3,118,1603,SNARL,FOUL_PLAY,FLAMETHROWER,51.3,38.7,54.1,20.4,abomasnow:639;jumpluff_shadow:610;magnezone_shadow:593;furret:525;forretress:525,empoleon:147;kingdra:152;cradily:256;lickilicky:321;jellicent:448
luxio_shadow,Luxio (Shadow),60.2,133.7,90.2,139,1677,SPARK,WILD_CHARGE,CRUNCH,46.5,25.1,58.3,27.6,toucannon_shadow:769;azumarill:737;toxapex:669;mantine:607;miltank:575,cradily:138;lickilicky:175;kingdra:216;jellicent:285;empoleon:372
mothim,Mothim,60.2,140,82.9,138,1603,BUG_BITE,AERIAL_ACE,BUG_BUZZ,60.8,37.4,48.8,47.8,morpeko_full_belly:753;gastrodon:710;swampert:612;araquanid:565;forretress_shadow:510,jellicent:243;lickilicky:250;empoleon:262;kingdra:372;cradily:430
boltund,Boltund,60.1,136.9,95.3,126,1645,SPARK,CRUNCH,THUNDER,47.8,31.6,62,28.1,gyarados_shadow:757;azumarill:718;mantine:650;toxapex:638;pelipper:611,kingdra:216;cradily:243;jellicent:272;lickilicky:362;empoleon:397
loudred_shadow,Loudred (Shadow),60,125.2,80.6,178,1798,BITE,STOMP,DISARMING_VOICE,63,48.6,42.8,53.3,marowak_alolan_shadow:710;bruxish:705;girafarig:699;palkia_shadow:693;jellicent:623,cradily:284;empoleon:360;kingdra:372;lickilicky:375;forretress_shadow:375
accelgor_shadow,Accelgor (Shadow),59.9,143.2,84.9,129,1569,WATER_SHURIKEN,ENERGY_BALL,BUG_BUZZ,50.3,34.9,55,13.2,cradily:717;magcargo:655;stunfisk:581;quagsire_shadow:577;diggersby:565,kingdra:80;lickilicky:115;empoleon:118;forretress_shadow:164;jellicent:458
whirlipede,Whirlipede,59.8,96.6,157.9,113,1725,POISON_STING,SLUDGE_BOMB,GYRO_BALL,52.1,35,60.8,38.6,azumarill:646;abomasnow:646;victreebel_shadow:584;gyarados_shadow:566;jumpluff:544,empoleon:204;jellicent:208;lickilicky:296;kingdra:385;cradily:444
illumise,Illumise,59.6,111.4,136.2,133,2019,TACKLE,SILVER_WIND,DAZZLING_GLEAM,50.6,37.8,64.9,32.4,gastrodon:650;samurott_hisuian:627;oranguru:597;bellossom:582;quagsire_shadow:567,cradily:107;kingdra:241;jellicent:278;lickilicky:359;empoleon:401
simisear,Simisear,59.6,135.9,95.8,126,1642,FIRE_SPIN,CRUNCH,FLAMETHROWER,54.1,29.8,51.3,42.8,forretress_shadow:781;forretress:757;victreebel_shadow:742;jumpluff:531;charjabug:511,kingdra:122;jellicent:137;lickilicky:221;cradily:256;empoleon:290
rowlet,Rowlet,59.5,98.3,95.7,154,1450,LEAFAGE,ENERGY_BALL,SEED_BOMB,56.1,34.9,55.9,43.6,quagsire_shadow:844;swampert:801;seaking:711;jellicent:532;stunfisk:516,empoleon:168;forretress_shadow:183;cradily:270;lickilicky:318;kingdra:381
fuecoco,Fuecoco,59.3,106.7,93.2,152,1513,INCINERATE,CRUNCH,FLAMETHROWER,57.7,35.8,56.4,40.6,forretress_shadow:828;jumpluff:782;forretress:759;victreebel_shadow:730;charjabug:546,kingdra:105;jellicent:118;empoleon:250;cradily:347;lickilicky:409
tranquill_shadow,Tranquill (Shadow),59.3,123.9,102.2,143,1812,AIR_SLASH,HEAT_WAVE,SKY_ATTACK,55.2,32.6,58.5,39.9,victreebel_shadow:744;gastrodon:653;jellicent:632;forretress:580;forretress_shadow:503,stunfisk:125;empoleon:176;cradily:225;kingdra:271;lickilicky:284
lombre,Lombre,58.9,106.7,112.6,142,1706,BUBBLE,SCALD,GRASS_KNOT,46.6,25.5,65.7,32.6,quagsire_shadow:693;azumarill:676;swampert:665;diggersby:651;stunfisk:573,kingdra:118;cradily:145;lickilicky:378;empoleon:434;jellicent:461
maractus,Maractus,58.9,135.5,95.2,128,1652,BULLET_SEED,AERIAL_ACE,PETAL_BLIZZARD,46.8,30.1,62.6,28.4,azumarill:855;quagsire_shadow:730;swampert:726;stunfisk:710;diggersby:648,cradily:128;empoleon:147;kingdra:194;jellicent:317;lickilicky:434
seel,Seel,58.9,84,114.2,149,1431,WATER_GUN,AQUA_TAIL,ICY_WIND,55.6,44.5,56,40.3,magcargo:708;ninetales:620;blaziken:610;ninetales_shadow:540;diggersby:526,jellicent:176;cradily:256;kingdra:266;lickilicky:325;empoleon:356
ribombee,Ribombee,58.6,136.2,105.9,114,1645,FAIRY_WIND,DAZZLING_GLEAM,BUG_BUZZ,46.2,24.5,64.3,20.6,quagsire_shadow:649;gastrodon:614;cradily:596;furret:578;swampert:570,empoleon:127;lickilicky:140;jellicent:157;kingdra:309;forretress_shadow:371
masquerain,Masquerain,58.5,129.5,109.1,122,1725,AIR_SLASH,AIR_CUTTER,LUNGE,52.9,35.7,53.7,35.9,jumpluff_shadow:754;victreebel_shadow:606;blaziken:602;gastrodon:594;quagsire_shadow:553,empoleon:168;lickilicky:178;cradily:208;kingdra:241;jellicent:326
stantler,Stantler,58.4,132.1,99.4,129,1695,TACKLE,WILD_CHARGE,STOMP,49,34.7,62.4,33.1,azumarill:763;linoone:693;toxapex:647;dudunsparce:589;seaking:507,jellicent:115;empoleon:176;cradily:190;kingdra:271;lickilicky:275
kingler,Kingler,58.3,144.5,115.6,93,1554,BUBBLE,CRABHAMMER,X_SCISSOR,49,30.9,58.2,23.1,magcargo:865;blaziken_shadow:865;talonflame:698;diggersby:586;forretress:510,kingdra:80;lickilicky:178;jellicent:230;empoleon:323;cradily:381
whirlipede_shadow,Whirlipede (Shadow),58.3,96.6,157.9,113,1725,POISON_STING,SLUDGE_BOMB,GYRO_BALL,46.6,27.9,59.7,31.1,victreebel_shadow:584;victreebel:584;azumarill:566;dewott_shadow:566;cradily:513,empoleon:102;kingdra:131;jellicent:214;forretress_shadow:246;lickilicky:315
simipour,Simipour,58.2,135.9,95.8,126,1642,WATER_GUN,SURF,CRUNCH,50,31.9,56.7,35.4,blaziken:888;magcargo:876;magmar_shadow:781;talonflame:738;diggersby:567,kingdra:118;jellicent:163;cradily:243;lickilicky:265;empoleon:475
skorupi_shadow,Skorupi (Shadow),58.2,90.7,139.4,113,1430,POISON_STING,AQUA_TAIL,CROSS_POISON,52.8,44.9,52.7,33.9,flapple:769;blaziken_shadow:712;bellossom_shadow:641;zangoose:592;victreebel:579,jellicent:150;empoleon:163;cradily:194;lickilicky:221;kingdra:275
corphish_shadow,Corphish (Shadow),57.9,131,95.7,117,1469,BUBBLE,AQUA_JET,VICE_GRIP,46.8,28.5,53.9,21.1,magcargo:854;talonflame:739;diggersby:726;swampert:547;turtonator:538,kingdra:80;empoleon:176;lickilicky:178;jellicent:269;cradily:357
roselia,Roselia,57.6,138.5,105.9,110,1615,POISON_JAB,SLUDGE_BOMB,PETAL_BLIZZARD,49,31,59.7,39.6,azumarill:813;flapple:686;bellibolt:604;dunsparce:545;raikou_shadow:522,empoleon:127;jellicent:157;cradily:253;kingdra:283;lickilicky:309
skorupi,Skorupi,57.6,90.7,139.4,113,1430,POISON_STING,AQUA_TAIL,CROSS_POISON,52.6,44.6,53.2,39.4,victreebel:628;zangoose:623;abomasnow:606;victreebel_shadow:579;azumarill:575,empoleon:127;jellicent:221;kingdra:250;lickilicky:296;cradily:333
chespin,Chespin,57.5,105,101.6,136,1452,VINE_WHIP,BODY_SLAM,SEED_BOMB,53.1,36.9,52.5,41.6,gastrodon:841;quagsire_shadow:797;stunfisk:768;swampert:753;azumarill:518,empoleon:168;cradily:218;lickilicky:290;kingdra:394;jellicent:439
tatsugiri_curly,Tatsugiri (Curly),57.4,137.4,108.1,109,1619,WATER_GUN,SURF,OUTRAGE,50.1,29.2,59.2,39.1,blaziken:912;magcargo:903;talonflame:834;ninetales_shadow:577;diggersby:532,kingdra:84;jellicent:163;cradily:243;lickilicky:265;empoleon:266
tatsugiri_droopy,Tatsugiri (Droopy),57.4,137.4,108.1,109,1619,WATER_GUN,SURF,OUTRAGE,50.1,29.2,59.2,39.1,blaziken:912;magcargo:903;talonflame:834;ninetales_shadow:577;diggersby:532,kingdra:84;jellicent:163;cradily:243;lickilicky:265;empoleon:266
tatsugiri_stretchy,Tatsugiri (Stretchy),57.4,137.4,108.1,109,1619,WATER_GUN,SURF,OUTRAGE,50.1,29.2,59.2,39.1,blaziken:912;magcargo:903;talonflame:834;ninetales_shadow:577;diggersby:532,kingdra:84;jellicent:163;cradily:243;lickilicky:265;empoleon:266
loudred,Loudred,57.3,125.2,80.6,178,1798,BITE,STOMP,DISARMING_VOICE,57.5,44.5,51.3,53.1,starmie:772;bruxish:750;kartana:744;girafarig_shadow:699;jellicent:693,cradily:270;kingdra:292;empoleon:299;lickilicky:331;forretress_shadow:332
krabby_shadow,Krabby (Shadow),57.2,148,111.2,92,1515,BUBBLE,VICE_GRIP,RAZOR_SHELL,54.1,40.8,54.6,21.9,magcargo:831;blaziken:820;talonflame:711;castform_sunny:652;swampert:516,kingdra:105;empoleon:176;jellicent:221;cradily:315;lickilicky:403
sawsbuck,Sawsbuck,57.2,129.4,101.8,131,1727,FEINT_ATTACK,WILD_CHARGE,TRAILBLAZE,48.8,29.9,54.1,41.8,quagsire_shadow:622;swampert:618;stunfisk:614;jellicent:576;toxapex:538,forretress_shadow:179;empoleon:225;lickilicky:237;kingdra:241;cradily:309
seadra,Seadra,57.2,131.3,117.5,110,1699,DRAGON_BREATH,HYDRO_PUMP,DRAGON_PULSE,46.2,32.4,61.9,29.6,diggersby:618;politoed:613;magcargo:595;sealeo_shadow:559;lapras:527,cradily:190;jellicent:243;empoleon:266;lickilicky:275;kingdra:427
chespin_shadow,Chespin (Shadow),57.1,105,101.6,136,1452,VINE_WHIP,BODY_SLAM,SEED_BOMB,53.7,40,50.6,33.4,gastrodon:790;quagsire_shadow:750;swampert:687;morpeko_full_belly:683;stunfisk:580,empoleon:209;cradily:256;lickilicky:303;kingdra:355;jellicent:493
corphish,Corphish,56.5,131,95.7,117,1469,BUBBLE,AQUA_JET,VICE_GRIP,48,32.6,53.9,21.6,magcargo:841;talonflame:773;castform_sunny:705;marowak_alolan:611;diggersby:534,kingdra:105;jellicent:246;cradily:302;empoleon:348;lickilicky:356
eevee,Eevee,56.5,99.9,108.3,135,1463,QUICK_ATTACK,BODY_SLAM,SWIFT,52.8,42,52.5,33.9,amoonguss_shadow:640;feraligatr:625;aipom_shadow:607;quaxwell:551;braixen:522,jellicent:189;cradily:225;empoleon:258;kingdra:334;lickilicky:396
stantler_shadow,Stantler (Shadow),56.5,133.5,98.4,128,1684,TACKLE,WILD_CHARGE,STOMP,53.9,40.3,48.1,30.4,azumarill:683;jellicent:589;toxapex:585;spidops:582;dunsparce:554,forretress_shadow:175;cradily:190;kingdra:258;empoleon:262;lickilicky:275
turtwig_shadow,Turtwig (Shadow),56.4,112.6,105,135,1597,TACKLE,ENERGY_BALL,BODY_SLAM,47.1,31,55,30.1,stunfisk:733;morpeko_full_belly:651;swampert:648;gastrodon:551;quagsire_shadow:548,jellicent:83;cradily:149;empoleon:176;kingdra:283;lickilicky:478
popplio,Popplio,56,113.4,99.1,127,1429,WATER_GUN,AQUA_TAIL,AQUA_JET,50.4,35.2,51.1,30.1,magcargo:854;talonflame:759;castform_sunny:720;marowak_alolan:649;diggersby:602,jellicent:163;kingdra:182;cradily:309;empoleon:364;lickilicky:387
turtwig,Turtwig,56,112.6,105,135,1597,TACKLE,ENERGY_BALL,BODY_SLAM,49.8,29.9,56.7,33.4,swampert:729;morpeko_full_belly:703;gastrodon:651;quagsire_shadow:640;stunfisk:618,jellicent:89;cradily:97;empoleon:176;lickilicky:371;kingdra:474
unfezant_shadow,Unfezant (Shadow),55.5,138.5,95.5,122,1616,AIR_SLASH,SKY_ATTACK,HEAT_WAVE,54.1,33,46,36.9,roserade:799;blaziken:799;victreebel_shadow:668;gastrodon:602;jellicent:549,empoleon:204;lickilicky:253;cradily:256;kingdra:258;forretress_shadow:355
audino,Audino,55.3,92.6,137.8,190,2428,ZEN_HEADBUTT,BODY_SLAM,DISARMING_VOICE,47,36.6,58.3,39.6,beedrill:615;dhelmise:605;scolipede:552;qwilfish:547;beedrill_shadow:518,kingdra:190;empoleon:241;cradily:270;lickilicky:334;jellicent:368
krabby,Krabby,55.2,148,111.2,92,1515,BUBBLE,VICE_GRIP,RAZOR_SHELL,52.4,38.3,52.7,23.4,magcargo:875;blaziken_shadow:820;talonflame:755;marowak_alolan_shadow:728;castform_sunny:722,kingdra:80;jellicent:182;cradily:274;empoleon:315;lickilicky:346
gumshoos,Gumshoos,55.1,134.2,84.9,147,1677,BITE,ROCK_TOMB,CRUNCH,57.5,44.3,38.2,48.1,electivire_shadow:758;kartana:751;bruxish:710;girafarig_shadow:663;jellicent:642,cradily:243;empoleon:270;lickilicky:275;kingdra:279;forretress_shadow:292
cinccino,Cinccino,55,134.9,96.1,128,1661,CHARM,AQUA_TAIL,THUNDERBOLT,49.6,34.9,50.6,31.6,greninja_shadow:820;palkia_shadow:683;flapple:683;jellicent:613;greninja:609,empoleon:176;forretress_shadow:191;cradily:239;lickilicky:406;kingdra:419
komala,Komala,55,136.8,110.2,109,1645,ROLLOUT,PAYBACK,BULLDOZE,49.5,37.4,64.3,20.4,magnezone:674;talonflame:665;magnezone_shadow:628;jellicent:623;charizard_shadow:555,empoleon:118;cradily:145;kingdra:152;forretress_shadow:191;lickilicky:403
ambipom,Ambipom,54.8,133.8,100.5,124,1670,ASTONISH,AERIAL_ACE,RETURN,47.6,35.3,53.9,31.9,bruxish:721;starmie_shadow:673;jellicent:645;ludicolo:645;marowak_alolan:516,cradily:225;forretress_shadow:250;lickilicky:259;empoleon:262;kingdra:271
shaymin_sky,Shaymin (Sky),54.8,139.3,94.1,123,1614,MAGICAL_LEAF,ENERGY_BALL,GRASS_KNOT,47.3,25.3,50.6,35.9,quagsire_shadow:963;swampert:963;azumarill:849;diggersby:682;stunfisk:593,lickilicky:200;kingdra:233;cradily:239;empoleon:290;jellicent:362
totodile,Totodile,54.5,110.9,104.1,127,1468,WATER_GUN,AQUA_JET,CRUNCH,48.3,35.8,52.2,29.9,magcargo:854;magmortar_shadow:759;torkoal:681;charizard_shadow:653;forretress_shadow:531,kingdra:127;jellicent:163;cradily:190;lickilicky:418;empoleon:430
drizzile,Drizzile,54.2,137.8,92.1,128,1626,WATER_GUN,SURF,WATER_PULSE,47.8,29.5,50.4,34.9,magcargo:878;blaziken_shadow:871;magmar_shadow:785;talonflame:742;diggersby:566,kingdra:93;jellicent:163;cradily:243;lickilicky:265;empoleon:266
deerling,Deerling,54,109.2,96.6,142,1499,TACKLE,WILD_CHARGE,ENERGY_BALL,44.2,29.6,57.3,33.6,stunfisk:718;gastrodon:602;oinkologne_female:591;quagsire_shadow:580;swampert:545,jellicent:147;cradily:149;empoleon:176;kingdra:250;lickilicky:462
totodile_shadow,Totodile (Shadow),54,110.9,104.1,127,1468,WATER_GUN,AQUA_JET,CRUNCH,46.8,31.5,50.7,31.1,magcargo:877;blaziken_shadow:870;magmar_shadow:748;diggersby:570;forretress:531,kingdra:88;jellicent:163;lickilicky:237;cradily:243;empoleon:454
wugtrio,Wugtrio,53.9,151,108.6,90,1477,MUD_SLAP,LIQUIDATION,SURF,47.3,29.3,46.5,33.1,magcargo:883;blaziken:861;togedemaru:761;toxtricity:761;magnezone_shadow:566,lickilicky:200;kingdra:233;jellicent:233;cradily:239;empoleon:495
unfezant,Unfezant,53.7,138.5,95.5,122,1616,AIR_SLASH,SKY_ATTACK,HEAT_WAVE,47.6,28.7,51.3,34.1,decidueye_hisuian:864;blaziken_shadow:799;gastrodon:655;roserade:573;forretress:561,empoleon:176;cradily:208;kingdra:241;lickilicky:253;jellicent:493
seadra_shadow,Seadra (Shadow),53.5,131.3,117.5,110,1699,DRAGON_BREATH,HYDRO_PUMP,DRAGON_PULSE,44,33.2,56.6,30.6,palkia_shadow:636;sealeo:559;walrein:559;sealeo_shadow:522;dudunsparce:504,empoleon:225;lickilicky:237;cradily:243;jellicent:243;kingdra:377
cherrim_overcast,Cherrim (Overcast),53.3,121.8,116.2,130,1843,BULLET_SEED,DAZZLING_GLEAM,SOLAR_BEAM,43.5,18.5,58.5,28.9,swampert:726;stunfisk:696;quagsire_shadow:665;dunsparce:634;kingdra:538,forretress_shadow:58;cradily:104;empoleon:147;jellicent:410;lickilicky:496
clauncher,Clauncher,53.1,103.3,110.9,127,1456,WATER_GUN,AQUA_JET,CRABHAMMER,46,36.1,50.4,29.4,torkoal:744;charizard_shadow:665;magcargo:661;magmar:649;diggersby:594,jellicent:176;cradily:190;kingdra:199;lickilicky:318;empoleon:385
bulbasaur_shadow,Bulbasaur (Shadow),52.6,111.7,105.8,120,1420,VINE_WHIP,POWER_WHIP,SLUDGE_BOMB,42,22.2,57.3,24.4,azumarill:808;swampert:616;stunfisk:600;diggersby:562;quagsire_shadow:525,lickilicky:175;kingdra:194;empoleon:209;jellicent:272;cradily:350
frogadier_shadow,Frogadier (Shadow),52.3,134.4,100.8,123,1668,BUBBLE,SURF,AERIAL_ACE,42.9,28.9,45.6,25.9,magcargo:861;blaziken_shadow:833;rapidash_shadow:764;diggersby:556;dunsparce:504,kingdra:105;jellicent:131;lickilicky:200;cradily:225;empoleon:434
frogadier,Frogadier,52.1,134.4,100.8,123,1668,BUBBLE,SURF,AERIAL_ACE,43.5,33.2,49.3,23.9,rapidash_shadow:735;torkoal:666;diggersby:605;magcargo:585;quagsire_shadow:508,kingdra:118;jellicent:131;cradily:177;empoleon:385;lickilicky:396
volbeat,Volbeat,52.1,111.4,136.2,133,2019,TACKLE,BUG_BUZZ,THUNDERBOLT,37.1,26.8,65,28.9,poliwrath:582;poliwrath_shadow:541;oinkologne_female:522;gastrodon:518;tentacruel:507,cradily:111;jellicent:115;lickilicky:203;kingdra:241;empoleon:266
piplup_shadow,Piplup (Shadow),51.9,106.7,98.3,131,1374,BUBBLE,DRILL_PECK,ICY_WIND,43,27,43.5,20.4,charizard:648;torkoal:625;greninja_shadow:603;magcargo:595;braixen_shadow:557,kingdra:80;jellicent:256;cradily:277;lickilicky:325;empoleon:340
dottler,Dottler,51.6,85.7,144.5,127,1573,CONFUSION,BUG_BUZZ,PSYCHIC,44.5,29.3,56.6,32.6,decidueye_hisuian:748;poliwrath:677;slowbro:594;lurantis:594;poliwrath_shadow:578,lickilicky:171;jellicent:176;empoleon:200;kingdra:271;cradily:399
octillery,Octillery,51.6,131.5,100.7,128,1697,LOCK_ON,OCTAZOOKA,GUNK_SHOT,44.8,32.9,53.6,17.9,torkoal:671;magcargo:667;marowak_alolan:605;azumarill:535;crustle:523,jellicent:83;cradily:315;empoleon:356;lickilicky:368;kingdra:491
piplup,Piplup,51,106.7,98.3,131,1374,BUBBLE,DRILL_PECK,ICY_WIND,45.2,32.4,43.3,22.6,charizard:675;magmar:652;charizard_shadow:648;magcargo:637;blaziken:576,cradily:229;jellicent:230;empoleon:274;kingdra:279;lickilicky:312
clawitzer,Clawitzer,49.6,134.4,110.5,112,1664,WATER_GUN,CRABHAMMER,ICE_BEAM,46.8,29.2,49.5,35.1,magcargo:906;blaziken:875;charizard_shadow:875;magmar_shadow:794;talonflame:750,kingdra:110;jellicent:163;cradily:243;empoleon:266;lickilicky:275
gorebyss,Gorebyss,49.6,136.2,121,100,1649,CONFUSION,WATER_PULSE,PSYCHIC,47,29.9,50.9,30.1,toxtricity:715;victreebel_shadow:679;diggersby:595;magcargo:575;toxapex:505,cradily:211;jellicent:233;kingdra:258;lickilicky:265;empoleon:454
inteleon,Inteleon,49.1,153.4,89,107,1462,WATER_GUN,SURF,SHADOW_BALL,46.6,27.8,42.5,32.4,blaziken_shadow:864;magcargo:855;blaziken:845;magmar_shadow:771;talonflame:733,jellicent:163;kingdra:165;empoleon:192;lickilicky:209;cradily:284
skiddo,Skiddo,49,115.9,98.3,151,1722,ROCK_SMASH,BRICK_BREAK,SEED_BOMB,44,26.7,47.9,36.9,greninja_shadow:642;quagsire_shadow:615;gastrodon:602;morpeko_full_belly:533;miltank:526,jellicent:118;kingdra:245;lickilicky:343;empoleon:348;cradily:368
ferroseed,Ferroseed,48.5,81.5,142.8,119,1386,METAL_CLAW,GYRO_BALL,RETURN,40.2,21.3,53.4,30.4,lileep:642;gogoat:600;cradily:592;victreebel_shadow:571;crustle:563,forretress_shadow:113;empoleon:135;kingdra:148;jellicent:201;lickilicky:343
indeedee_male,Indeedee (Male),48.1,134.9,114.6,107,1656,EXTRASENSORY,SHADOW_BALL,PSYCHIC,35.4,23.1,52.7,21.4,frillish:672;grafaiai:621;jellicent:570;decidueye_hisuian:537;poliwrath:523,forretress_shadow:101;empoleon:147;cradily:194;kingdra:211;lickilicky:309
porygon_z_shadow,Porygon-Z (Shadow),47.9,147.6,88.1,117,1522,LOCK_ON,TRI_ATTACK,ZAP_CANNON,39.9,21.7,44,10.7,azumarill:688;fearow:611;toucannon:611;toxapex:606;toucannon_shadow:525,empoleon:90;kingdra:165;jellicent:166;cradily:309;lickilicky:371
porygon_z,Porygon-Z,47.6,147.6,88.1,117,1522,LOCK_ON,TRI_ATTACK,ZAP_CANNON,41.7,22.7,42.3,10.9,azumarill:726;toxapex:662;toucannon_shadow:611;jellicent:589;dunsparce:517,kingdra:84;forretress_shadow:85;empoleon:90;cradily:274;lickilicky:450
butterfree,Butterfree,47.1,126.6,112.5,124,1769,CONFUSION,BUG_BUZZ,SIGNAL_BEAM,42.4,26.2,49.5,32.4,victreebel_shadow:741;blaziken:741;gastrodon:717;blaziken_shadow:705;quagsire_shadow:528,empoleon:168;lickilicky:175;cradily:190;jellicent:214;kingdra:237
accelgor,Accelgor,45.8,143.2,84.9,129,1569,WATER_SHURIKEN,BUG_BUZZ,ACID_SPRAY,39.9,21.9,40.2,14.7,magcargo:670;stunfisk:608;quagsire_shadow:593;gastrodon:593;swampert:503,kingdra:55;empoleon:90;lickilicky:112;jellicent:112;cradily:152
butterfree_shadow,Butterfree (Shadow),45.8,126.6,112.5,124,1769,CONFUSION,BUG_BUZZ,SIGNAL_BEAM,46,29.3,40.9,33.4,victreebel_shadow:741;victreebel:741;blaziken:705;toxtricity:697;gastrodon:685,lickilicky:165;empoleon:188;cradily:232;jellicent:253;kingdra:275
anorith_shadow,Anorith (Shadow),45.5,145.4,92,115,1540,STRUGGLE_BUG,AQUA_JET,CROSS_POISON,41.5,25.8,31.2,25.9,morpeko_full_belly:778;greninja_shadow:700;greninja:691;sceptile_shadow:669;kartana:604,jellicent:160;empoleon:204;lickilicky:221;kingdra:300;cradily:413
ferroseed_shadow,Ferroseed (Shadow),42.5,81.5,142.8,119,1386,METAL_CLAW,GYRO_BALL,IRON_HEAD,34.9,21.3,43.9,28.4,lileep:689;cradily_shadow:617;gogoat:575;victreebel:571;victreebel_shadow:533,jellicent:99;kingdra:131;empoleon:213;lickilicky:381;cradily:434
lilligant,Lilligant,42,136.5,105.8,114,1649,CHARM,PETAL_BLIZZARD,HYPER_BEAM,43.8,26.1,28.9,35.4,greninja_shadow:885;palkia_shadow:714;morpeko_full_belly:701;greninja:679;flapple:644,empoleon:172;cradily:239;jellicent:262;lickilicky:284;kingdra:474
anorith,Anorith,40.7,145.4,92,115,1540,STRUGGLE_BUG,AQUA_JET,ANCIENT_POWER,34.4,22.1,35.2,22.6,shiftry_shadow:904;meowscarada:786;greninja_shadow:691;flapple:647;girafarig_shadow:613,jellicent:137;empoleon:176;lickilicky:200;kingdra:241;cradily:350
regigigas_shadow,Regigigas (Shadow),35.5,140.2,102,110,1574,HIDDEN_POWER_ICE,CRUSH_GRIP,THUNDER,36.6,21.9,24.5,24.6,flapple:759;zapdos_shadow:740;thundurus_incarnate_shadow:731;kilowattrel:722;toucannon_shadow:540,empoleon:118;jellicent:195;kingdra:203;lickilicky:253;cradily:336
regigigas,Regigigas,34.5,139.8,104.3,110,1605,HIDDEN_POWER_GROUND,CRUSH_GRIP,FOCUS_BLAST,33.9,20.4,29.1,25.4,togedemaru:845;salazzle:795;magnezone_shadow:763;toxtricity:736;magnezone:722,cradily:177;kingdra:211;lickilicky:221;jellicent:272;empoleon:348
slaking_shadow,Slaking (Shadow),16.1,138.8,83.1,140,1616,YAWN,BODY_SLAM,EARTHQUAKE,9.5,10.3,22.2,4.9,,kingdra:21;cradily:24;empoleon:24;jellicent:28;lickilicky:200
slaking,Slaking,16,138.8,83.1,140,1616,YAWN,BODY_SLAM,EARTHQUAKE,10.3,12,19.7,5.2,regigigas:567,cradily:24;empoleon:24;kingdra:25;jellicent:28;lickilicky:171