speciesId,speciesName,score,attack,defense,hp,statProduct,fastMove,chargedMove1,chargedMove2,leadScore,switchScore,closerScore,attackerScore,topMatchups,topCounters
cradily,Cradily,95.1,105.2,140.3,144,2126,ACID,ROCK_TOMB,GRASS_KNOT,100,86.3,90.1,88.4,ninetales_shadow:718;fearow:666;miltank:597;lickilicky:576;piloswine:513,toucannon_shadow:296;blaziken_shadow:306;clodsire:391;furret:437;gligar_shadow:454
coalossal,Coalossal,93.7,98.1,139.3,167,2285,FIRE_SPIN,ROCK_SLIDE,FLAME_CHARGE,90.1,58.7,84.5,100,ninetales_shadow:811;furret:625;miltank:592;fearow:550;blaziken_shadow:547,gligar_shadow:232;clodsire:283;cradily:385;lickilicky:446;piloswine:451
toucannon_shadow,Toucannon (Shadow),93.4,137.2,96.7,123,1634,PECK,BEAK_BLAST,DRILL_PECK,98.8,100,94.2,50.2,cradily:703;furret:670;fearow:670;gligar_shadow:524;piloswine:508,ninetales_shadow:226;stunfisk_galarian:345;miltank:426;lickilicky:446;clodsire:490
oranguru,Oranguru,92.5,110.1,130,142,2035,CONFUSION,BRUTAL_SWING,TRAILBLAZE,97.4,89.5,84.2,82.7,clodsire:658;gligar_shadow:626;piloswine:605;fearow:552;cradily:542,furret:284;ninetales_shadow:400;pidgeot:411;lickilicky:443;miltank:456
clodsire,Clodsire,92.1,95,119.7,208,2367,POISON_STING,EARTHQUAKE,STONE_EDGE,90.6,66.6,97.7,79.6,ninetales_shadow:752;lickilicky:625;cradily:608;blaziken_shadow:555;miltank:512,quagsire_shadow:83;piloswine:87;gligar_shadow:332;furret:356;pidgeot:485
furret,Furret,92,115.3,105.4,160,1946,SUCKER_PUNCH,SWIFT,TRAILBLAZE,96.4,91.8,83.3,77.8,piloswine:771;clodsire:643;miltank:571;gligar_shadow:565;cradily:562,blaziken_shadow:193;gliscor:284;toucannon_shadow:329;pidgeot:387;ninetales_shadow:416
miltank,Miltank,91.9,105.3,134.8,150,2131,ROLLOUT,BODY_SLAM,ICE_BEAM,93.1,90.8,90.1,90.4,gliscor:850;gligar_shadow:756;pidgeot:716;fearow:650;toucannon_shadow:573,piloswine:366;ninetales_shadow:388;cradily:402;furret:428;clodsire:487
blaziken_shadow,Blaziken (Shadow),91.1,143.9,90.8,119,1556,EMBER,AURA_SPHERE,BLAST_BURN,93.8,71.7,100,44.3,miltank:819;furret:806;piloswine:806;cradily:693;ninetales_shadow:600,quagsire_shadow:102;toucannon_shadow:174;gligar_shadow:175;fearow:197;clodsire:444
pidgeot,Pidgeot,90.8,116.9,115.5,142,1918,WING_ATTACK,TWISTER,BRAVE_BIRD,87.1,81.6,97.1,85.5,gliscor:771;gligar_shadow:672;furret:612;fearow:542;clodsire:514,piloswine:165;ninetales_shadow:202;cradily:281;miltank:283;blaziken_shadow:424
gligar_shadow,Gligar (Shadow),90.2,108.4,145.3,131,2065,WING_ATTACK,NIGHT_SLASH,DIG,93.9,83.4,83.3,85,blaziken_shadow:824;clodsire:667;lickilicky:625;stunfisk_galarian:622;cradily:545,miltank:243;piloswine:318;ninetales_shadow:333;fearow:411;furret:434
turtonator,Turtonator,90.2,113.5,153.6,113,1971,INCINERATE,BRUTAL_SWING,DRAGON_CLAW,92.8,91.1,86,83.5,piloswine:818;ninetales_shadow:712;miltank:592;furret:584;blaziken_shadow:575,fearow:278;clodsire:326;gligar_shadow:362;lickilicky:415;cradily:465
gligar,Gligar,90,108.4,145.3,131,2065,WING_ATTACK,NIGHT_SLASH,DIG,90.6,81.7,85.3,92.2,clodsire:687;stunfisk_galarian:660;ninetales:564;fearow:538;ninetales_shadow:515,miltank:226;piloswine:266;cradily:406;furret:415;blaziken_shadow:470
blaziken,Blaziken,89.9,143.9,90.8,119,1556,EMBER,AURA_SPHERE,BLAST_BURN,94.6,90.7,92.6,58.7,piloswine:844;furret:806;miltank:609;fearow:579;gligar_shadow:529,quagsire_shadow:77;clodsire:367;ninetales_shadow:428;cradily:434;lickilicky:487
lickilicky,Lickilicky,89.8,105.7,125.5,160,2124,ROLLOUT,BODY_SLAM,SHADOW_BALL,91.1,88.6,86,83.2,fearow:596;miltank:565;gliscor:559;pidgeot:525;quagsire_shadow:503,gligar_shadow:374;clodsire:375;ninetales_shadow:388;cradily:423;furret:434
ninetales_shadow,Ninetales (Shadow),89.6,114.3,135.5,126,1954,EMBER,WEATHER_BALL_FIRE,OVERHEAT,93.6,75.1,87.2,75.2,piloswine:869;gligar_shadow:666;miltank:611;lickilicky:611;furret:583,quagsire_shadow:220;clodsire:247;cradily:281;blaziken_shadow:399;fearow:435
gliscor,Gliscor,89.3,115.6,144.4,116,1939,WING_ATTACK,SAND_TOMB,ACROBATICS,89.4,72.9,94.5,77,furret:715;gligar_shadow:676;quagsire_shadow:672;clodsire:663;fearow:543,miltank:150;piloswine:175;ninetales_shadow:182;blaziken_shadow:449;cradily:496
ninetales,Ninetales,89.2,114.3,135.5,126,1954,EMBER,WEATHER_BALL_FIRE,OVERHEAT,91.8,67.3,87.9,89.4,piloswine:876;furret:591;lickilicky:579;blaziken_shadow:571;miltank:511,quagsire_shadow:198;cradily:236;clodsire:305;toucannon_shadow:459;gligar_shadow:484
toucannon,Toucannon,89,137.2,96.7,123,1634,PECK,BEAK_BLAST,DRILL_PECK,92.9,88,89.6,55.4,blaziken_shadow:788;fearow:711;gligar_shadow:548;lickilicky:544;ninetales_shadow:540,furret:221;clodsire:326;cradily:343;miltank:356;piloswine:477
trumbeak_shadow,Trumbeak (Shadow),89,133.7,94.3,132,1665,PECK,DRILL_PECK,ROCK_BLAST,95.8,90.7,85,46.3,blaziken_shadow:810;furret:693;fearow:693;gligar_shadow:553;piloswine:541,ninetales_shadow:281;clodsire:382;cradily:406;miltank:420;lickilicky:446
dodrio,Dodrio,88.8,143.7,98.4,110,1557,PECK,DRILL_PECK,BRAVE_BIRD,90.3,88.9,92,46.3,blaziken_shadow:804;fearow:677;quagsire_shadow:645;gliscor:645;toucannon_shadow:631,furret:221;ninetales_shadow:242;miltank:366;clodsire:468;cradily:486
drampa,Drampa,88.5,136.8,104.2,115,1640,DRAGON_BREATH,SWIFT,DRAGON_PULSE,86.8,91.3,86.4,65.4,fearow:760;ninetales:708;toucannon_shadow:682;lickilicky:608;gliscor:547,miltank:223;ninetales_shadow:253;gligar_shadow:267;cradily:305;clodsire:399
torkoal,Torkoal,88.5,107.5,151.3,128,2084,EMBER,FLAME_WHEEL,OVERHEAT,90.9,68.2,90.8,77.3,piloswine:878;furret:632;blaziken_shadow:585;ninetales_shadow:539;miltank:503,quagsire_shadow:96;clodsire:384;cradily:395;lickilicky:481;gligar_shadow:496
fearow,Fearow,88,131.4,104.6,124,1706,PECK,DRILL_PECK,DRILL_RUN,92.4,85.8,83.8,58.2,blaziken_shadow:802;turtonator:721;stunfisk_galarian:629;gligar_shadow:588;ninetales_shadow:564,cradily:333;miltank:350;clodsire:367;furret:462;piloswine:467
quagsire,Quagsire,88,111.2,112.6,161,2018,MUD_SHOT,AQUA_TAIL,STONE_EDGE,88.3,62.8,85.2,88.9,ninetales_shadow:801;clodsire:645;gligar_shadow:611;miltank:586;fearow:574,furret:250;gliscor:280;cradily:281;piloswine:370;pidgeot:397
quagsire_shadow,Quagsire (Shadow),87.8,111.2,112.6,161,2018,MUD_SHOT,AQUA_TAIL,STONE_EDGE,88.3,67.2,81.8,85.8,clodsire:916;ninetales_shadow:779;miltank:580;fearow:540;gligar_shadow:537,cradily:222;furret:278;gliscor:327;piloswine:461;lickilicky:496
dubwool,Dubwool,87.4,110.6,143,128,2025,DOUBLE_KICK,BODY_SLAM,PAYBACK,88.6,83.7,86.2,75.5,piloswine:625;miltank:589;lickilicky:589;furret:585;fearow:562,blaziken_shadow:205;ninetales_shadow:317;clodsire:406;gligar_shadow:423;cradily:451
piloswine,Piloswine,87.4,121,99.4,154,1855,POWDER_SNOW,ICICLE_SPEAR,HIGH_HORSEPOWER,85.1,64,83.7,81.1,clodsire:912;gligar_shadow:681;miltank:633;lickilicky:607;fearow:532,ninetales_shadow:130;blaziken_shadow:193;furret:228;cradily:486;toucannon_shadow:491
gliscor_shadow,Gliscor (Shadow),87.3,115.6,144.4,116,1939,WING_ATTACK,SAND_TOMB,ACROBATICS,95.9,73.2,92.3,71.9,furret:693;clodsire:642;ninetales_shadow:607;gligar_shadow:603;cradily:534,piloswine:162;fearow:258;pidgeot:278;toucannon_shadow:313;miltank:316
magcargo,Magcargo,87.3,110.9,156.3,117,2029,EMBER,ROCK_TOMB,OVERHEAT,89.8,46.7,86.7,85.5,piloswine:863;ninetales_shadow:803;miltank:670;furret:619;blaziken_shadow:521,quagsire_shadow:77;swampert_shadow:102;gligar_shadow:129;clodsire:177;cradily:465
piloswine_shadow,Piloswine (Shadow),86.8,121,99.4,154,1855,POWDER_SNOW,ICICLE_SPEAR,HIGH_HORSEPOWER,87.8,64.4,82.5,64.4,clodsire:899;cradily:866;gligar_shadow:814;miltank:662;lickilicky:662,ninetales_shadow:130;ninetales:130;blaziken_shadow:231;fearow:447;furret:481
lileep,Lileep,86.5,100.8,138.6,151,2111,ACID,GRASS_KNOT,ANCIENT_POWER,85.3,66,89.6,74.7,quagsire_shadow:748;fearow:609;miltank:529;gliscor:519;lickilicky:506,piloswine:120;clodsire:382;gligar_shadow:423;cradily:427;ninetales_shadow:476
swampert_shadow,Swampert (Shadow),86.5,122.9,109.1,136,1826,MUD_SHOT,HYDRO_CANNON,EARTHQUAKE,88.6,69.1,82.5,65.4,clodsire:863;gligar_shadow:797;piloswine:764;ninetales_shadow:742;furret:511,cradily:291;blaziken_shadow:306;lickilicky:365;miltank:373;fearow:435
oinkologne_female,Oinkologne (Female),86.4,109.6,111.5,167,2042,MUD_SLAP,BODY_SLAM,TRAILBLAZE,87.9,67.6,77.7,80.9,clodsire:667;miltank:586;lickilicky:586;piloswine:508;ninetales_shadow:502,gligar_shadow:282;fearow:306;cradily:375;furret:393;blaziken_shadow:432
diggersby,Diggersby,86.2,95.7,140.3,174,2337,MUD_SHOT,FIRE_PUNCH,SCORCHING_SANDS,86.9,80.2,85.9,87.1,ninetales_shadow:761;clodsire:715;stunfisk_galarian:709;furret:594;blaziken_shadow:540,gligar_shadow:309;piloswine:337;miltank:416;cradily:427;lickilicky:440
greedent,Greedent,86.2,106.8,110.7,177,2094,MUD_SHOT,BODY_SLAM,TRAILBLAZE,85.4,86.6,82,75.7,quagsire_shadow:748;magcargo:661;clodsire:607;coalossal:553;piloswine:533,cradily:357;furret:365;miltank:373;gligar_shadow:385;ninetales_shadow:484
cradily_shadow,Cradily (Shadow),86.1,105.2,140.3,144,2126,ACID,ROCK_TOMB,GRASS_KNOT,88.6,64.3,81.6,65.4,quagsire_shadow:732;fearow:593;furret:531;ninetales_shadow:513;miltank:506,piloswine:133;blaziken_shadow:268;lickilicky:450;clodsire:454;gligar_shadow:458
dunsparce,Dunsparce,85.8,104.7,110.9,184,2139,ROLLOUT,DRILL_RUN,ROCK_SLIDE,86.3,72.2,85,71.9,fearow:657;clodsire:614;toucannon_shadow:584;ninetales_shadow:529;pidgeot:502,piloswine:334;cradily:347;gligar_shadow:381;miltank:423;furret:465
marowak_alolan_shadow,Marowak (Alolan) (Shadow),85.8,109.6,148.8,125,2041,FIRE_SPIN,SHADOW_BONE,BONE_CLUB,86.1,72.8,80.1,73.4,piloswine:740;blaziken_shadow:740;ninetales_shadow:720;stunfisk_galarian:564;miltank:528,lickilicky:318;gligar_shadow:332;clodsire:370;cradily:395;furret:418
kecleon,Kecleon,85.7,115.5,142.2,118,1940,SUCKER_PUNCH,THUNDER_PUNCH,DYNAMIC_PUNCH,84.6,63.2,87.2,75.2,miltank:707;lickilicky:572;cradily:546;fearow:546;furret:533,blaziken_shadow:193;ninetales_shadow:242;piloswine:334;clodsire:348;gligar_shadow:423
rapidash_shadow,Rapidash (Shadow),85.7,133.6,111.5,112,1670,INCINERATE,DRILL_RUN,WILD_CHARGE,87.6,96,77.9,45.6,piloswine:852;stunfisk_galarian:794;furret:683;ninetales:669;ninetales_shadow:638,blaziken_shadow:268;gligar_shadow:324;cradily:440;miltank:440;clodsire:490
rufflet,Rufflet,85.7,126.7,92.1,152,1775,PECK,BRAVE_BIRD,FLY,81.8,57.6,91.5,54.8,gliscor:723;pidgeot:625;gligar_shadow:608;lickilicky:595;furret:542,miltank:186;piloswine:198;ninetales_shadow:242;clodsire:307;cradily:465
seismitoad,Seismitoad,85.6,120.3,100.8,154,1869,MUD_SHOT,EARTH_POWER,ICY_WIND,88.4,70.1,83.7,77.5,ninetales_shadow:795;blaziken_shadow:603;gligar_shadow:600;miltank:597;clodsire:597,cradily:256;furret:368;lickilicky:375;piloswine:396;fearow:415
victini,Victini,85.6,120.4,119.3,129,1855,CONFUSION,V_CREATE,PSYSHOCK,82.9,77.2,89.4,58.2,blaziken_shadow:926;clodsire:856;ninetales_shadow:736;piloswine:720;pidgeot:651,lickilicky:190;furret:237;gligar_shadow:251;cradily:388;miltank:466
abomasnow,Abomasnow,85.5,117.8,112,143,1888,POWDER_SNOW,WEATHER_BALL_ICE,ENERGY_BALL,85.3,56.2,79.2,83.2,quagsire_shadow:821;gligar_shadow:744;fearow:713;piloswine:576;furret:545,ninetales_shadow:130;blaziken_shadow:193;miltank:373;clodsire:411;cradily:451
abomasnow_shadow,Abomasnow (Shadow),85.3,117.8,112,143,1888,POWDER_SNOW,WEATHER_BALL_ICE,ENERGY_BALL,88.1,53.4,79.1,69.3,gligar_shadow:713;cradily:660;fearow:650;furret:541;piloswine:503,ninetales_shadow:130;blaziken_shadow:231;miltank:386;lickilicky:393;clodsire:475
blacephalon,Blacephalon,85.3,173.6,88.4,84,1290,INCINERATE,MIND_BLOWN,SHADOW_BALL,79.2,59.6,97.6,39.1,cradily:815;clodsire:779;piloswine:755;miltank:565;lickilicky:565,quagsire_shadow:180;ninetales_shadow:242;furret:246;gligar_shadow:267;blaziken_shadow:294
dudunsparce,Dudunsparce,85.2,116.1,98.5,169,1935,ROLLOUT,BODY_SLAM,DRILL_RUN,84.9,80.1,80.3,69.3,toucannon_shadow:736;clodsire:585;miltank:562;lickilicky:562;fearow:511,piloswine:334;cradily:385;furret:481;ninetales_shadow:492;gligar_shadow:496
munchlax,Munchlax,85.1,103.1,96.5,218,2172,TACKLE,BODY_SLAM,BULLDOZE,87.4,76.1,79.2,80.1,fearow:616;pidgeot:557;gliscor:555;ninetales_shadow:522;lickilicky:513,cradily:295;clodsire:396;gligar_shadow:412;furret:462;miltank:490
obstagoon,Obstagoon,85.1,113.2,127.9,137,1985,COUNTER,NIGHT_SLASH,CROSS_CHOP,86.1,72,79.2,82.7,piloswine:777;furret:722;miltank:602;cradily:536;fearow:532,ninetales_shadow:242;blaziken_shadow:306;clodsire:353;gligar_shadow:404;quagsire_shadow:456
diggersby_shadow,Diggersby (Shadow),85,95.7,140.3,174,2337,MUD_SHOT,SCORCHING_SANDS,FIRE_PUNCH,86.4,78.9,85.5,77.3,ninetales:761;lickilicky:686;clodsire:678;stunfisk_galarian:632;ninetales_shadow:537,gligar_shadow:339;piloswine:347;miltank:416;cradily:489;furret:490
noctowl,Noctowl,85,105.3,120.1,168,2126,WING_ATTACK,SKY_ATTACK,SHADOW_BALL,83.6,61.1,87,76.2,swampert_shadow:696;drampa:610;diggersby:547;gligar_shadow:514;gligar:514,piloswine:165;miltank:343;cradily:434;clodsire:463;ninetales_shadow:468
raticate_alolan,Raticate (Alolan),84.9,107,130.1,150,2091,QUICK_ATTACK,CRUNCH,RETURN,85.9,67.5,88.2,65.2,furret:706;miltank:630;gligar_shadow:626;lickilicky:616;piloswine:593,ninetales_shadow:194;blaziken_shadow:231;cradily:364;clodsire:403;quagsire_shadow:416
trumbeak,Trumbeak,84.9,134,93.2,134,1676,PECK,DRILL_PECK,ROCK_BLAST,90.8,80.1,78.9,53.6,blaziken_shadow:817;fearow:735;diggersby:638;ninetales_shadow:570;gligar_shadow:555,clodsire:324;cradily:336;miltank:353;furret:446;piloswine:470
obstagoon_shadow,Obstagoon (Shadow),84.8,113.2,127.9,137,1985,COUNTER,CROSS_CHOP,NIGHT_SLASH,84.9,69.9,80.6,76.8,furret:664;miltank:638;cradily:551;fearow:507;piloswine:503,ninetales_shadow:281;clodsire:283;blaziken_shadow:382;gligar_shadow:385;quagsire_shadow:478
flygon,Flygon,84.7,127.9,109.5,125,1752,DRAGON_TAIL,SAND_TOMB,TWISTER,86.4,62.2,79.6,58.5,ninetales:728;lickilicky:624;cradily:556;ninetales_shadow:556;clodsire:548,piloswine:165;blaziken_shadow:306;miltank:340;furret:437;gligar_shadow:469
marowak_alolan,Marowak (Alolan),84.7,109.6,148.8,125,2041,FIRE_SPIN,BONE_CLUB,SHADOW_BONE,85.9,69.4,83.3,84.5,blaziken_shadow:760;piloswine:740;ninetales:592;gliscor:580;ninetales_shadow:532,clodsire:314;furret:346;cradily:440;miltank:460;gligar_shadow:465
swampert,Swampert,84.5,122.9,109.1,136,1826,MUD_SHOT,HYDRO_CANNON,EARTHQUAKE,86.1,59.1,80.3,76.5,ninetales_shadow:772;clodsire:761;lickilicky:665;miltank:588;piloswine:551,cradily:260;blaziken_shadow:268;furret:334;fearow:399;gligar_shadow:446
fletchinder,Fletchinder,84.4,123.3,102.6,143,1811,PECK,FLY,HEAT_WAVE,82.4,67.9,86.2,64.9,ninetales_shadow:741;gligar_shadow:604;piloswine:538;fearow:520;furret:510,lickilicky:175;miltank:186;quagsire_shadow:220;clodsire:302;cradily:343
stunfisk_galarian,Stunfisk (Galarian),84.2,101.4,126.6,172,2212,MUD_SHOT,ROCK_SLIDE,EARTHQUAKE,84.3,74.3,85.7,76.8,pidgeot:709;miltank:636;clodsire:616;lickilicky:601;cradily:598,ninetales_shadow:162;blaziken_shadow:231;piloswine:282;gligar_shadow:377;furret:456
girafarig_shadow,Girafarig (Shadow),84,130.3,101.5,130,1721,CONFUSION,PSYCHIC_FANGS,TRAILBLAZE,95.1,89.3,63.1,46.1,clodsire:842;piloswine:726;miltank:603;lickilicky:603;furret:534,gligar_shadow:278;ninetales_shadow:305;stunfisk_galarian:348;fearow:427;cradily:461
marshtomp_shadow,Marshtomp (Shadow),83.8,120.4,111.4,139,1865,MUD_SHOT,SURF,SLUDGE,83.9,71.7,82.5,56.4,ninetales_shadow:741;gligar_shadow:636;miltank:625;lickilicky:597;clodsire:543,cradily:239;piloswine:256;blaziken_shadow:306;fearow:330;furret:393
skeledirge,Skeledirge,83.8,121.2,109.7,139,1849,INCINERATE,TORCH_SONG,SHADOW_BALL,83.6,76.9,79.9,72.9,ninetales_shadow:733;piloswine:701;miltank:615;cradily:532;blaziken_shadow:517,lickilicky:203;gligar_shadow:248;furret:300;fearow:326;clodsire:451
carkol,Carkol,83.7,97,141.5,168,2308,SMACK_DOWN,ROCK_SLIDE,FLAME_CHARGE,78.9,42.3,75.5,88.9,ninetales_shadow:812;miltank:622;blaziken_shadow:550;fearow:547;furret:526,clodsire:211;gligar_shadow:217;piloswine:272;cradily:350;lickilicky:475
castform_sunny,Castform (Sunny),83.7,112.6,121.2,146,1994,EMBER,WEATHER_BALL_FIRE,SOLAR_BEAM,81.9,63.4,80.4,75.5,piloswine:753;gliscor:636;furret:616;stunfisk_galarian:606;blaziken_shadow:568,gligar_shadow:129;clodsire:305;ninetales_shadow:345;cradily:347;miltank:420
fletchinder_shadow,Fletchinder (Shadow),83.7,123.3,102.6,143,1811,PECK,FLY,HEAT_WAVE,77.7,55,85.7,54.6,blaziken_shadow:898;ninetales:741;gliscor:636;gligar_shadow:590;pidgeot:545,miltank:183;furret:265;ninetales_shadow:281;clodsire:362;cradily:375
spinda,Spinda,83.7,110,110,142,1721,SUCKER_PUNCH,ROCK_TOMB,ICY_WIND,82.1,67.6,76.2,67.7,gligar_shadow:619;fearow:577;quagsire_shadow:570;clodsire:549;ninetales:545,ninetales_shadow:242;piloswine:418;cradily:430;miltank:453;furret:481
flygon_shadow,Flygon (Shadow),83.3,127.9,109.5,125,1752,DRAGON_TAIL,SAND_TOMB,TWISTER,83.6,67,73.5,52.5,quagsire_shadow:600;gliscor:572;gligar_shadow:568;ninetales:556;cradily:504,piloswine:146;furret:250;ninetales_shadow:281;clodsire:394;miltank:400
pidgeot_shadow,Pidgeot (Shadow),83.3,116.9,115.5,142,1918,WING_ATTACK,TWISTER,BRAVE_BIRD,84.6,86.4,90.8,54.8,gliscor:721;turtonator:661;gligar_shadow:609;lickilicky:602;furret:542,piloswine:198;ninetales_shadow:202;clodsire:276;miltank:330;cradily:454
camerupt,Camerupt,83.2,133.5,100.5,125,1678,INCINERATE,EARTH_POWER,ROCK_TOMB,86.3,67,70.7,58.7,clodsire:892;ninetales_shadow:736;miltank:664;cradily:556;piloswine:532,quagsire_shadow:133;blaziken_shadow:231;gligar_shadow:278;furret:315;fearow:326
hippowdon,Hippowdon,83.2,116.1,116.7,142,1926,SAND_ATTACK,WEATHER_BALL_ROCK,EARTH_POWER,84.9,75.4,82.6,70.1,lickilicky:683;ninetales_shadow:658;clodsire:612;miltank:591;blaziken_shadow:510,piloswine:282;cradily:347;fearow:395;gligar_shadow:400;furret:409
lileep_shadow,Lileep (Shadow),83.1,100.8,138.6,151,2111,ACID,GRASS_KNOT,ANCIENT_POWER,79.1,51.8,86.4,50.7,quagsire_shadow:721;fearow:569;cradily:546;lickilicky:533;miltank:529,piloswine:100;ninetales_shadow:202;blaziken_shadow:268;gligar_shadow:354;clodsire:435
talonflame_shadow,Talonflame (Shadow),83.1,121.4,112.6,135,1847,INCINERATE,FLAME_CHARGE,FLY,84.3,72.8,70.2,60.3,cradily:755;toucannon_shadow:662;gligar_shadow:559;ninetales_shadow:529;furret:514,miltank:230;lickilicky:240;blaziken_shadow:323;clodsire:471;piloswine:483
garchomp,Garchomp,83,132.4,101.4,126,1694,DRAGON_TAIL,TWISTER,SAND_TOMB,86.6,61,73,52.8,lickilicky:607;gligar_shadow:591;cradily:539;ninetales_shadow:535;clodsire:527,piloswine:165;fearow:258;blaziken_shadow:331;miltank:346;furret:443
vigoroth,Vigoroth,83,116.2,114.1,145,1923,COUNTER,BODY_SLAM,ROCK_SLIDE,84.4,68.4,78.2,72.6,piloswine:789;miltank:651;furret:586;lickilicky:565;cradily:524,ninetales_shadow:242;blaziken_shadow:306;clodsire:377;gligar_shadow:377;quagsire_shadow:475
mamoswine_shadow,Mamoswine (Shadow),82.9,136.2,87.3,138,1642,POWDER_SNOW,ICICLE_SPEAR,STONE_EDGE,85.9,50.8,82.8,44,clodsire:887;cradily:851;gligar_shadow:818;piloswine:706;furret:670,ninetales_shadow:162;quagsire_shadow:226;blaziken_shadow:268;miltank:446;lickilicky:446
furfrou,Furfrou,82.8,115.5,125.1,134,1938,SUCKER_PUNCH,SURF,GRASS_KNOT,78.1,62.3,85.3,63.9,coalossal:738;gligar_shadow:645;quagsire_shadow:589;fearow:555;ninetales:522,ninetales_shadow:242;piloswine:298;cradily:427;miltank:456;clodsire:459
hippowdon_shadow,Hippowdon (Shadow),82.8,116.1,116.7,142,1926,SAND_ATTACK,WEATHER_BALL_ROCK,EARTH_POWER,85.6,79.6,82.8,52,clodsire:904;lickilicky:605;ninetales_shadow:602;furret:545;quagsire_shadow:507,gligar_shadow:267;piloswine:376;cradily:378;blaziken_shadow:382;miltank:446
zygarde,Zygarde (50% Forme),82.7,114.1,128.3,133,1948,DRAGON_TAIL,CRUNCH,EARTHQUAKE,84.6,62.3,81.8,68.5,clodsire:774;cradily:657;blaziken_shadow:545;lickilicky:545;furret:526,miltank:143;piloswine:207;quagsire_shadow:428;gligar_shadow:435;ninetales_shadow:472
marowak,Marowak,82.6,109.6,148.8,125,2041,MUD_SLAP,BONE_CLUB,ROCK_SLIDE,83.4,63.5,79.9,77.8,blaziken_shadow:868;stunfisk_galarian:800;clodsire:620;lickilicky:564;cradily:540,piloswine:230;gligar_shadow:328;furret:368;miltank:370;ninetales_shadow:392
armarouge,Armarouge,82.5,132.1,109.6,117,1695,INCINERATE,PSYSHOCK,HEAT_WAVE,83.9,87.5,79.9,49.2,piloswine_shadow:858;piloswine:841;fearow:739;blaziken:619;gligar_shadow:517,cradily:399;ninetales_shadow:448;clodsire:451;miltank:463;furret:468
girafarig,Girafarig,82.4,130.3,101.5,130,1721,CONFUSION,PSYCHIC_FANGS,TRAILBLAZE,87.4,80.8,71.1,62.8,clodsire:846;blaziken_shadow:811;gliscor:600;ninetales_shadow:576;gligar_shadow:515,cradily:336;lickilicky:418;furret:431;miltank:436;piloswine:461
ursaring_shadow,Ursaring (Shadow),82.4,139.6,91.3,126,1607,SHADOW_CLAW,CLOSE_COMBAT,SWIFT,96.8,93.7,72.3,24.7,cradily:757;furret:678;piloswine:678;miltank:591;lickilicky:591,ninetales_shadow:194;clodsire:322;pidgeot:330;blaziken_shadow:344;gligar_shadow:461
marowak_shadow,Marowak (Shadow),82,109.6,148.8,125,2041,MUD_SLAP,BONE_CLUB,ROCK_SLIDE,82.3,57.8,74,68.2,clodsire:884;blaziken_shadow:876;quagsire_shadow:556;fearow:524;lickilicky:504,piloswine:275;gligar_shadow:343;cradily:347;miltank:443;ninetales_shadow:448
marshtomp,Marshtomp,81.9,119.8,111.5,140,1871,MUD_SHOT,SURF,SLUDGE,83.4,62.8,80.8,68.2,ninetales_shadow:767;clodsire:603;miltank:596;blaziken_shadow:521;lickilicky:521,cradily:225;furret:315;fearow:383;gligar_shadow:412;piloswine:487
mamoswine,Mamoswine,81.8,136.2,87.3,138,1642,POWDER_SNOW,ICICLE_SPEAR,STONE_EDGE,81.8,55.3,79.6,47.4,cradily:865;clodsire:855;gligar_shadow:800;fearow:706;furret:510,ninetales_shadow:130;piloswine:230;blaziken_shadow:231;miltank:423;lickilicky:487
gastrodon,Gastrodon,81.6,113.2,103.4,168,1967,MUD_SLAP,BODY_SLAM,EARTH_POWER,79.2,49.6,77,83.2,clodsire:913;blaziken_shadow:901;ninetales_shadow:791;miltank:645;quagsire_shadow:520,cradily:208;gligar_shadow:286;fearow:322;furret:375;piloswine:396
vigoroth_shadow,Vigoroth (Shadow),81.5,116.2,114.1,145,1923,COUNTER,BODY_SLAM,ROCK_SLIDE,80.8,63.7,77.5,65.7,furret:689;lickilicky:665;miltank:606;piloswine:506;cradily:503,clodsire:247;ninetales_shadow:281;fearow:286;gligar_shadow:377;blaziken_shadow:382
bibarel,Bibarel,81.4,122.9,99.2,149,1819,ROLLOUT,SURF,HYPER_FANG,82.8,53.7,79.1,61,ninetales_shadow:768;piloswine:721;gligar_shadow:651;clodsire:614;miltank:520,blaziken_shadow:205;cradily:260;quagsire_shadow:369;furret:381;pidgeot:450
rapidash,Rapidash,81.3,133.6,111.5,112,1670,INCINERATE,DRILL_RUN,WILD_CHARGE,80.6,89.5,72.4,53.8,piloswine_shadow:852;piloswine:834;stunfisk_galarian:834;ninetales_shadow:669;abomasnow_shadow:669,gligar_shadow:278;cradily:364;clodsire:415;furret:434;miltank:486
victreebel_shadow,Victreebel (Shadow),81.3,135.1,93.5,131,1656,ACID,LEAF_BLADE,SLUDGE_BOMB,80.9,64.1,72.8,40.2,swampert_shadow:824;quagsire_shadow:667;piloswine:583;fearow:549;diggersby:541,ninetales_shadow:226;clodsire:266;cradily:409;miltank:423;gligar_shadow:423
decidueye_hisuian,Decidueye (Hisuian),81.1,126.9,109.4,127,1765,PSYCHO_CUT,ENERGY_BALL,AURA_SPHERE,77.9,65.5,79.4,67.7,quagsire_shadow:795;piloswine:677;furret:657;lickilicky:641;miltank:531,ninetales_shadow:99;gligar_shadow:106;blaziken_shadow:268;cradily:375;clodsire:432
raticate_alolan_shadow,Raticate (Alolan) (Shadow),81,107,130.1,150,2091,QUICK_ATTACK,CRUNCH,HYPER_BEAM,74.4,56.7,87.6,55.1,clodsire:636;gligar:613;fearow:553;lickilicky:550;gligar_shadow:526,ninetales_shadow:202;miltank:380;cradily:434;furret:446;piloswine:467
runerigus,Runerigus,81,111.7,165.3,109,2013,SHADOW_CLAW,SHADOW_BALL,ROCK_TOMB,82.6,72,75.5,53,quagsire_shadow:678;clodsire:660;gligar_shadow:651;cradily:577;ninetales_shadow:527,piloswine:198;furret:246;lickilicky:253;blaziken_shadow:298;miltank:436
victreebel,Victreebel,81,135.1,93.5,131,1656,ACID,LEAF_BLADE,SLUDGE_BOMB,77.2,65.5,73.3,52,swampert_shadow:858;quagsire_shadow:725;piloswine:652;diggersby:591;piloswine_shadow:583,ninetales_shadow:194;clodsire:245;cradily:340;miltank:353;gligar_shadow:389
whiscash_shadow,Whiscash (Shadow),81,107.5,108.2,178,2074,MUD_SHOT,MUD_BOMB,SCALD,82.3,53.4,83.1,66.2,ninetales_shadow:794;piloswine:780;miltank:598;clodsire:592;blaziken_shadow:558,cradily:277;furret:303;quagsire_shadow:394;fearow:447;gligar_shadow:492
staravia_shadow,Staravia (Shadow),80.9,131.9,91.5,135,1631,WING_ATTACK,BRAVE_BIRD,FLY,72.2,54.1,83,36.3,clodsire:803;blaziken_shadow:759;cradily:707;gliscor:633;gligar_shadow:503,lickilicky:175;miltank:186;furret:190;piloswine:230;ninetales_shadow:242
hippopotas_shadow,Hippopotas (Shadow),80.7,115.1,111.7,152,1956,SAND_ATTACK,ROCK_TOMB,BODY_SLAM,78.4,76,76,53.3,magcargo:851;coalossal:753;turtonator:588;clodsire:562;cradily:549,gligar_shadow:259;piloswine:350;furret:375;miltank:493;ninetales_shadow:496
claydol,Claydol,80.6,103.5,172.6,121,2164,MUD_SLAP,ROCK_TOMB,SHADOW_BALL,80.3,48.1,77.2,67,stunfisk_galarian:818;coalossal:694;blaziken_shadow:681;clodsire:623;ninetales_shadow:603,piloswine:207;furret:256;gligar_shadow:354;miltank:480;cradily:486
lickitung,Lickitung,80.6,96.6,127.7,186,2296,LICK,BODY_SLAM,POWER_WHIP,80.8,67.6,78.9,76.5,piloswine:655;quagsire_shadow:642;gliscor:594;gligar_shadow:513;ninetales:510,furret:365;clodsire:372;ninetales_shadow:380;cradily:388;miltank:393
gogoat,Gogoat,80.4,119.7,94.9,165,1876,VINE_WHIP,LEAF_BLADE,ROCK_SLIDE,80.1,61.9,74.3,63.6,piloswine:724;lickilicky:612;furret:539;miltank:518;clodsire:509,ninetales_shadow:99;blaziken_shadow:155;fearow:274;gligar_shadow:408;cradily:413
hippopotas,Hippopotas,80.4,115.1,111.7,152,1956,SAND_ATTACK,ROCK_TOMB,BODY_SLAM,78.4,66.4,74.3,62.8,clodsire:615;coalossal:595;cradily:565;blaziken_shadow:529;stunfisk_galarian:526,ninetales_shadow:253;piloswine:269;furret:290;gligar_shadow:377;miltank:410
whiscash,Whiscash,80.4,107.5,108.2,178,2074,MUD_SHOT,MUD_BOMB,SCALD,79.9,47.6,82,75.5,ninetales_shadow:806;clodsire:674;blaziken_shadow:615;lickilicky:606;piloswine:530,cradily:229;furret:318;fearow:342;miltank:410;gligar_shadow:423
castform,Castform,80.3,112.6,121.2,146,1994,HEX,WEATHER_BALL_ROCK,ENERGY_BALL,80.8,69.6,78.6,57.7,quagsire_shadow:647;gligar_shadow:554;ninetales:530;piloswine:506;fearow:503,furret:240;miltank:370;ninetales_shadow:373;clodsire:382;cradily:447
magmar,Magmar,80.3,135.1,107.6,114,1659,KARATE_CHOP,FIRE_PUNCH,SCORCHING_SANDS,82.3,73.2,74.7,53.8,coalossal:842;piloswine:837;ninetales_shadow:710;ninetales:710;toucannon_shadow:679,clodsire:314;gligar_shadow:320;cradily:361;miltank:420;furret:475
wigglytuff,Wigglytuff,80.3,115.1,75.5,223,1939,CHARM,ICY_WIND,SWIFT,81.6,55.8,75.3,70.6,gligar_shadow:605;quagsire_shadow:594;fearow:549;furret:533;pidgeot:506,ninetales_shadow:170;cradily:312;clodsire:319;piloswine:324;miltank:446
chesnaught,Chesnaught,80.2,119.3,126.9,124,1879,LOW_KICK,FRENZY_PLANT,SUPER_POWER,75.6,41.5,78.9,75,miltank:766;lickilicky:766;furret:717;cradily:681;clodsire:596,gligar_shadow:129;ninetales_shadow:162;fearow:185;piloswine:262;blaziken_shadow:268
oinkologne,Oinkologne,80.1,117.6,101.5,159,1901,MUD_SLAP,BODY_SLAM,TRAILBLAZE,80.1,61.9,74.7,68.8,coalossal:751;quagsire_shadow:666;clodsire:644;lickilicky:556;miltank:506,gligar_shadow:293;cradily:336;ninetales_shadow:337;furret:428;piloswine:457
nidoqueen_shadow,Nidoqueen (Shadow),80,116.5,118.4,139,1920,MUD_SLAP,EARTH_POWER,POISON_FANG,84.8,65,70.4,61.5,clodsire:758;furret:676;cradily:633;ninetales_shadow:597;miltank:521,quagsire_shadow:204;gligar_shadow:209;piloswine:298;pidgeot:299;fearow:334
camerupt_shadow,Camerupt (Shadow),79.9,133.5,100.5,125,1678,INCINERATE,EARTH_POWER,ROCK_TOMB,82.3,66.9,63.6,47.4,clodsire:860;cradily:800;piloswine:772;miltank:640;toucannon_shadow:620,ninetales_shadow:226;lickilicky:253;blaziken_shadow:268;furret:303;gligar_shadow:324
jumpluff_shadow,Jumpluff (Shadow),79.9,96.7,156.9,153,2323,FAIRY_WIND,ENERGY_BALL,ACROBATICS,72.4,52.6,77.7,74.4,quagsire_shadow:964;swampert_shadow:823;diggersby:650;lickilicky:513;furret:503,ninetales_shadow:83;miltank:283;cradily:309;gligar_shadow:393;clodsire:492
staraptor_shadow,Staraptor (Shadow),79.9,140.3,90.8,125,1594,WING_ATTACK,FLY,CLOSE_COMBAT,67.4,59,81.6,35.3,magcargo:756;blaziken_shadow:740;cradily:708;gliscor:604;turtonator:516,miltank:153;ninetales_shadow:194;furret:221;gligar_shadow:255;clodsire:387
bellossom_shadow,Bellossom (Shadow),79.8,115,132.2,128,1948,ACID,LEAF_BLADE,DAZZLING_GLEAM,76.1,70.2,71.1,66.4,quagsire_shadow:925;swampert_shadow:718;piloswine:679;diggersby:671;toucannon_shadow:574,ninetales_shadow:162;clodsire:221;cradily:319;miltank:350;gligar_shadow:358
golurk_shadow,Golurk (Shadow),79.8,133.3,98.5,128,1681,MUD_SLAP,SHADOW_PUNCH,DYNAMIC_PUNCH,76.6,58.4,64.1,45.8,cradily:902;clodsire:902;blaziken_shadow:859;stunfisk_galarian:730;coalossal:730,gligar_shadow:118;furret:265;piloswine:321;miltank:326;ninetales_shadow:400
nidoqueen,Nidoqueen,79.8,116.5,118.4,139,1920,MUD_SLAP,EARTH_POWER,POISON_FANG,82.9,63.4,70.2,74.2,clodsire:946;blaziken_shadow:852;cradily:676;miltank:607;furret:503,gligar_shadow:194;piloswine:253;fearow:278;lickilicky:431;ninetales_shadow:432
jumpluff,Jumpluff,79.7,96.7,156.9,153,2323,FAIRY_WIND,ENERGY_BALL,ACROBATICS,76.6,53.4,78.7,78.6,quagsire_shadow:964;swampert_shadow:846;furret:591;gligar_shadow:545;lickilicky:529,ninetales_shadow:83;piloswine:100;miltank:310;clodsire:379;cradily:381
vibrava,Vibrava,79.7,125.2,95.7,127,1523,DRAGON_BREATH,SAND_TOMB,BUG_BUZZ,80.1,68.2,69.2,68.2,cradily:842;ninetales_shadow:712;quagsire_shadow:570;ninetales:562;clodsire:511,piloswine:162;gligar_shadow:293;miltank:313;furret:346;blaziken_shadow:352
heatran_shadow,Heatran (Shadow),79.6,130.7,115.4,110,1661,FIRE_SPIN,MAGMA_STORM,EARTH_POWER,75.1,42.1,74.1,65.7,piloswine:872;pidgeot:686;miltank:677;clodsire:581;cradily:540,ninetales_shadow:194;furret:287;blaziken_shadow:306;gligar_shadow:324;lickilicky:478
gabite,Gabite,79.4,128.7,102.4,132,1741,MUD_SHOT,TWISTER,DIG,75.7,61.6,80.1,61.8,coalossal:837;ninetales:746;ninetales_shadow:742;cradily:560;clodsire:553,piloswine:107;blaziken_shadow:268;gligar_shadow:278;miltank:280;furret:315
garchomp_shadow,Garchomp (Shadow),79.4,132.4,101.4,126,1694,DRAGON_TAIL,TWISTER,SAND_TOMB,81.1,62.6,68,36,coalossal:793;quagsire_shadow:583;ninetales:535;gliscor:531;gligar_shadow:515,furret:243;ninetales_shadow:281;cradily:388;clodsire:399;miltank:430
bibarel_shadow,Bibarel (Shadow),79.3,122.9,99.2,149,1819,ROLLOUT,SURF,HYPER_FANG,78.6,57.9,77.2,41.2,piloswine:661;gliscor:600;gligar_shadow:587;pidgeot:577;ninetales_shadow:506,blaziken_shadow:231;cradily:305;clodsire:367;miltank:383;furret:412
kangaskhan,Kangaskhan,79.2,114.5,110.8,153,1944,LOW_KICK,BRICK_BREAK,CRUNCH,80.8,71.7,71.9,74.2,miltank:650;cradily:581;stunfisk_galarian:568;lickilicky:565;furret:549,gligar_shadow:286;clodsire:300;ninetales_shadow:313;blaziken_shadow:432;piloswine:483
linoone,Linoone,79.2,114.1,111.7,154,1965,SHADOW_CLAW,SWIFT,GRASS_KNOT,80.3,74.5,78.6,64.4,swampert_shadow:853;piloswine:782;quagsire_shadow:730;gligar_shadow:561;stunfisk_galarian:555,ninetales_shadow:321;miltank:363;furret:390;clodsire:408;cradily:496
dartrix,Dartrix,79.1,112.4,115.5,154,2001,PECK,BRAVE_BIRD,ENERGY_BALL,75.2,50.8,78.7,64.9,quagsire_shadow:860;blaziken_shadow:762;furret:623;lickilicky:597;gligar_shadow:564,miltank:150;piloswine:198;ninetales_shadow:202;cradily:312;clodsire:312
ludicolo,Ludicolo,79,116.4,123.6,134,1931,ASTONISH,WEATHER_BALL_WATER,ENERGY_BALL,77.6,62.8,76.9,67,quagsire_shadow:843;gliscor:634;piloswine:608;clodsire:555;gligar_shadow:552,furret:128;ninetales_shadow:253;blaziken_shadow:331;cradily:333;miltank:386
bellossom,Bellossom,78.7,115,132.2,128,1948,ACID,LEAF_BLADE,DAZZLING_GLEAM,80.1,66.9,71.6,68,quagsire_shadow:824;swampert_shadow:753;piloswine_shadow:679;furret:574;miltank:562,ninetales_shadow:285;gligar_shadow:362;cradily:409;piloswine:422;clodsire:471
magby,Magby,78.7,139.4,95.7,120,1603,KARATE_CHOP,FIRE_PUNCH,BRICK_BREAK,81.3,69.8,68.7,60,piloswine:845;piloswine_shadow:808;fearow:733;toucannon_shadow:658;ninetales:520,clodsire:221;gligar_shadow:324;ninetales_shadow:361;cradily:447;miltank:456
flapple,Flapple,78.6,138.1,100.1,117,1618,DRAGON_BREATH,SEED_BOMB,DRAGON_PULSE,76.2,59.7,72.4,49.4,quagsire_shadow:910;swampert_shadow:713;lickilicky:606;diggersby:542;turtonator:512,gligar_shadow:221;miltank:223;ninetales_shadow:253;cradily:354;clodsire:384
growlithe_hisuian,Growlithe (Hisuian),78.5,131.9,89.9,142,1684,EMBER,ROCK_SLIDE,FLAMETHROWER,74.6,52.6,81.6,60.3,pidgeot:855;ninetales_shadow:834;fearow:820;toucannon_shadow:785;piloswine:679,gligar_shadow:171;cradily:312;clodsire:314;miltank:383;furret:384
dipplin,Dipplin,78.4,114.6,128.8,132,1950,DRAGON_TAIL,SEED_BOMB,OUTRAGE,78.2,53.2,69.9,64.6,quagsire_shadow:852;furret:602;clodsire:541;gligar_shadow:526;ninetales:515,piloswine:207;ninetales_shadow:226;miltank:266;blaziken_shadow:327;cradily:340
venusaur,Venusaur,78.4,122.1,122.1,123,1836,VINE_WHIP,FRENZY_PLANT,SLUDGE,76.1,78.4,76,60.5,quagsire_shadow:873;lickilicky:601;furret:544;cradily:512;miltank:504,ninetales_shadow:99;blaziken_shadow:155;piloswine:262;clodsire:358;gligar_shadow:473
tauros_blaze,Tauros (Blaze),78.2,127.8,120.6,114,1759,DOUBLE_KICK,FLAME_CHARGE,TRAILBLAZE,76.9,49.9,68.9,65.7,miltank:706;piloswine:697;lickilicky:622;stunfisk_galarian:618;furret:605,blaziken_shadow:294;gligar_shadow:309;clodsire:391;ninetales_shadow:460;cradily:465
delphox_shadow,Delphox (Shadow),78.1,132.6,115.6,110,1687,FIRE_SPIN,PSYSHOCK,BLAST_BURN,71.4,46.7,74.8,41.7,piloswine:831;piloswine_shadow:813;clodsire:777;dubwool:640;miltank:527,ninetales_shadow:226;gligar_shadow:278;furret:287;blaziken_shadow:357;cradily:434
lurantis,Lurantis,78.1,126.2,117.8,119,1770,LEAFAGE,LEAF_BLADE,SUPER_POWER,73.9,58.1,73,69.5,swampert_shadow:936;quagsire_shadow:920;stunfisk_galarian:701;piloswine:693;furret:571,ninetales_shadow:130;clodsire:286;cradily:329;miltank:446;gligar_shadow:450
typhlosion_shadow,Typhlosion (Shadow),78.1,132.7,108.8,117,1691,INCINERATE,BLAST_BURN,THUNDER_PUNCH,80.9,64,69.1,44.8,piloswine:858;clodsire:773;pidgeot:739;cradily:717;fearow:696,blaziken_shadow:268;furret:303;miltank:320;gligar_shadow:324;ninetales_shadow:448
farfetchd,Farfetch'd,78,116.8,109.2,131,1671,FURY_CUTTER,LEAF_BLADE,AERIAL_ACE,78.2,69.9,72.8,63.1,diggersby:809;quagsire_shadow:725;piloswine_shadow:652;swampert_shadow:603;gligar_shadow:580,clodsire:235;miltank:280;ninetales_shadow:365;cradily:381;furret:415
magmar_shadow,Magmar (Shadow),78,135.1,107.6,114,1659,EMBER,FIRE_PUNCH,SCORCHING_SANDS,82.1,71.7,75.5,35.8,piloswine:837;stunfisk_galarian:776;ninetales:710;ninetales_shadow:679;toucannon_shadow:640,cradily:319;miltank:346;furret:368;clodsire:418;gligar_shadow:435
staravia,Staravia,78,131.9,91.5,135,1631,WING_ATTACK,BRAVE_BIRD,FLY,67.4,46.2,84.2,39.6,diggersby:633;gligar:629;gligar_shadow:555;lickilicky:544;swampert_shadow:540,miltank:150;piloswine:198;ninetales_shadow:202;clodsire:312;cradily:315
linoone_galarian,Linoone (Galarian),77.9,114.1,111.7,154,1965,SNARL,BODY_SLAM,DIG,74.4,65,72.6,61.3,miltank:551;lickilicky:551;stunfisk_galarian:545;gligar_shadow:512;fearow:512,ninetales_shadow:115;piloswine:305;cradily:354;clodsire:384;furret:453
monferno_shadow,Monferno (Shadow),77.9,129.6,96,139,1731,EMBER,FLAME_WHEEL,LOW_SWEEP,75.1,79.5,77.7,46.6,piloswine:816;stunfisk_galarian:816;piloswine_shadow:802;furret:521;gligar_shadow:517,blaziken_shadow:193;ninetales_shadow:337;cradily:343;clodsire:355;miltank:433
claydol_shadow,Claydol (Shadow),77.8,103.5,172.6,121,2164,MUD_SLAP,ROCK_TOMB,SHADOW_BALL,78.7,44.4,70.2,66.7,blaziken_shadow:863;clodsire:789;cradily:590;fearow:545;ninetales_shadow:541,gligar_shadow:156;piloswine:253;furret:278;miltank:473;lickilicky:493
pignite,Pignite,77.8,127.3,87,158,1751,EMBER,ROCK_TOMB,FLAME_CHARGE,75.6,51.7,70.9,59.7,ninetales:680;piloswine:670;miltank:544;ninetales_shadow:544;blaziken_shadow:541,fearow:165;clodsire:274;gligar_shadow:393;furret:421;cradily:447
zangoose,Zangoose,77.8,144.7,87.7,122,1550,FURY_CUTTER,CLOSE_COMBAT,NIGHT_SLASH,87.6,63.1,67.2,32.4,cradily:790;furret:709;piloswine:709;miltank:635;lickilicky:635,blaziken_shadow:163;ninetales_shadow:170;clodsire:223;pidgeot:288;gligar_shadow:320
chansey,Chansey,77.7,63,120.1,421,3188,ZEN_HEADBUTT,DAZZLING_GLEAM,PSYCHIC,67.6,50.8,75.3,82.7,ursaring:633;ludicolo:619;flygon_shadow:578;drampa:554;miltank:519,ninetales_shadow:230;cradily:250;furret:362;gligar_shadow:396;clodsire:427
rhyperior_shadow,Rhyperior (Shadow),77.7,126.7,104.5,134,1775,MUD_SLAP,DRILL_RUN,ROCK_WRECKER,73.6,42.3,69.9,48.4,clodsire:906;blaziken_shadow:906;ninetales_shadow:686;lickilicky:582;furret:574,gligar_shadow:137;fearow:145;miltank:236;piloswine:321;cradily:427
vibrava_shadow,Vibrava (Shadow),77.7,125.2,95.7,127,1523,DRAGON_BREATH,SAND_TOMB,BUG_BUZZ,81.6,63.1,58.4,49.7,cradily:791;coalossal:751;ninetales:712;ninetales_shadow:637;quagsire_shadow:539,piloswine:178;miltank:260;gligar_shadow:293;clodsire:413;furret:453
gourgeist_large,Gourgeist (Large),77.6,115.9,137.2,122,1940,INCINERATE,SHADOW_BALL,SEED_BOMB,75.2,70.5,71.9,69.3,quagsire_shadow:913;stunfisk_galarian:754;cradily:590;clodsire:586;miltank:504,ninetales_shadow:146;blaziken_shadow:222;piloswine:327;gligar_shadow:362;furret:387
combusken,Combusken,77.4,130.3,100.8,131,1723,EMBER,ROCK_SLIDE,FLAME_CHARGE,71.4,56.7,75.5,62.6,piloswine:671;furret:576;magcargo:576;coalossal:549;ninetales_shadow:530,blaziken_shadow:155;cradily:281;clodsire:281;miltank:350;gligar_shadow:396
gabite_shadow,Gabite (Shadow),77.4,128.7,102.4,132,1741,MUD_SHOT,TWISTER,DIG,73.4,52.6,75.3,42.2,turtonator:848;coalossal:810;ninetales:742;ninetales_shadow:693;toucannon_shadow:655,cradily:298;miltank:313;clodsire:329;gligar_shadow:347;furret:368
lopunny,Lopunny,77.4,112,143.6,124,1996,LOW_KICK,THUNDER_PUNCH,SHADOW_BALL,78.2,76.1,77.5,58.2,miltank:560;cradily:556;furret:524;fearow:512;piloswine:504,ninetales_shadow:162;blaziken_shadow:193;gligar_shadow:351;clodsire:387;lickilicky:487
venusaur_shadow,Venusaur (Shadow),77.4,122.1,122.1,123,1836,VINE_WHIP,FRENZY_PLANT,SLUDGE,70.4,74.8,77.2,47.9,swampert_shadow:882;quagsire_shadow:703;diggersby:634;lickilicky:630;furret:552,ninetales_shadow:130;cradily:350;gligar_shadow:354;miltank:370;clodsire:389
steelix_shadow,Steelix (Shadow),77.3,98.4,183.2,126,2273,THUNDER_FANG,PSYCHIC_FANGS,CRUNCH,76.4,55,64.8,79.8,miltank:662;fearow:615;furret:579;lickilicky:543;cradily:531,piloswine:240;ninetales_shadow:257;blaziken_shadow:369;gligar_shadow:381;clodsire:391
bewear,Bewear,77.2,129.6,87.1,153,1729,SHADOW_CLAW,SUPER_POWER,STOMP,80.4,65.8,73.3,55.1,piloswine:767;ninetales_shadow:607;furret:581;miltank:526;lickilicky:519,fearow:84;blaziken_shadow:268;clodsire:271;gligar_shadow:370;cradily:444
sandslash,Sandslash,77.2,120.4,123,125,1853,SAND_ATTACK,NIGHT_SLASH,ROCK_TOMB,71.7,72.2,72.4,49.2,magcargo:864;coalossal:748;turtonator:564;clodsire:552;stunfisk_galarian:540,ninetales_shadow:253;gligar_shadow:297;miltank:356;furret:365;cradily:475
crocalor,Crocalor,77.1,119.4,105.7,148,1869,INCINERATE,CRUNCH,FLAMETHROWER,76.1,68.8,77.2,61.3,piloswine_shadow:827;piloswine:699;dubwool:682;furret:614;stunfisk_galarian:581,gligar_shadow:248;clodsire:365;cradily:392;ninetales_shadow:416;miltank:446
excadrill_shadow,Excadrill (Shadow),77.1,142.6,78.7,140,1573,MUD_SHOT,DRILL_RUN,ROCK_SLIDE,74.2,55.8,78.2,33.2,stunfisk_galarian:803;fearow:782;toucannon_shadow:710;miltank:564;lickilicky:525,ninetales_shadow:194;cradily:315;gligar_shadow:343;furret:393;clodsire:490
incineroar,Incineroar,77.1,125.2,109.1,131,1791,FIRE_FANG,BRUTAL_SWING,BLAST_BURN,75.4,56.2,73.8,59.5,piloswine_shadow:858;piloswine:698;furret:606;ninetales_shadow:564;stunfisk_galarian:519,clodsire:221;cradily:253;blaziken_shadow:268;gligar_shadow:297;miltank:416
excadrill,Excadrill,77,142.6,78.7,140,1573,MUD_SHOT,DRILL_RUN,ROCK_SLIDE,75.9,64.3,74.8,39.4,fearow:817;toucannon_shadow:746;miltank:617;lickilicky:585;cradily:560,ninetales_shadow:162;gligar_shadow:301;furret:371;piloswine:376;clodsire:411
salazzle,Salazzle,77,147,91.2,114,1529,INCINERATE,POISON_FANG,DRAGON_PULSE,81.9,57,65.8,45.3,piloswine:837;cradily:824;fearow:688;toucannon_shadow:600;turtonator:570,gligar_shadow:293;clodsire:302;miltank:416;ninetales_shadow:440;furret:471
stunfisk,Stunfisk,77,101.4,126.6,172,2212,THUNDER_SHOCK,MUD_BOMB,DISCHARGE,77.6,56.9,74.3,67.7,fearow:636;lickilicky:563;clodsire:546;furret:540;blaziken_shadow:511,piloswine:243;gligar_shadow:301;cradily:385;miltank:423;ninetales_shadow:460
heatran,Heatran,76.9,132.9,112.2,113,1687,FIRE_SPIN,MAGMA_STORM,EARTH_POWER,73.2,39.9,75.3,61.5,piloswine:796;cradily:592;miltank:544;pidgeot:544;furret:526,ninetales_shadow:198;blaziken_shadow:256;gligar_shadow:270;fearow:314;clodsire:468
volcanion,Volcanion,76.9,135.5,117.4,103,1640,INCINERATE,SCALD,OVERHEAT,73.2,71.3,66.7,52,piloswine:898;coalossal:878;clodsire:805;ninetales:791;ninetales_shadow:771,blaziken_shadow:231;furret:265;gligar_shadow:278;cradily:440;miltank:493
braixen_shadow,Braixen (Shadow),76.8,130.5,106.9,123,1718,EMBER,PSYSHOCK,FLAME_CHARGE,78.1,70.1,67.2,46.9,piloswine:833;stunfisk_galarian:792;toucannon_shadow:666;gligar_shadow:532;ninetales:508,cradily:315;miltank:340;ninetales_shadow:365;clodsire:377;furret:406
chatot,Chatot,76.8,139.6,78.4,147,1610,PECK,HEAT_WAVE,SKY_ATTACK,75.1,68.2,71.6,43.5,blaziken_shadow:806;gliscor:666;turtonator:605;gligar_shadow:551;pidgeot:540,miltank:186;ninetales_shadow:242;furret:265;clodsire:312;cradily:329
linoone_galarian_shadow,Linoone (Galarian) (Shadow),76.8,114.1,111.7,154,1965,SNARL,BODY_SLAM,DIG,67.9,62.9,73.5,50.7,oranguru:717;ludicolo:652;typhlosion_shadow:646;furret:594;gligar:512,ninetales_shadow:142;cradily:253;clodsire:324;gligar_shadow:343;miltank:416
golurk,Golurk,76.7,133.3,98.5,128,1681,MUD_SLAP,SHADOW_PUNCH,DYNAMIC_PUNCH,73.2,55.2,61.9,47.1,blaziken_shadow:855;magcargo:839;stunfisk_galarian:742;coalossal:734;clodsire:730,gligar_shadow:110;miltank:270;furret:312;ninetales_shadow:476;cradily:482
magmortar_shadow,Magmortar (Shadow),76.7,140.8,104.5,108,1589,KARATE_CHOP,FIRE_PUNCH,THUNDERBOLT,79.2,77.5,70.7,32.7,piloswine:787;piloswine_shadow:787;fearow:662;drampa:662;toucannon_shadow:620,ninetales_shadow:202;clodsire:250;gligar_shadow:370;miltank:433;cradily:434
palpitoad,Palpitoad,76.7,116.2,102.9,161,1927,MUD_SHOT,EARTH_POWER,WATER_PULSE,74.2,39.3,78.4,61,ninetales_shadow:773;piloswine:773;miltank:621;clodsire:621;blaziken_shadow:534,cradily:250;furret:359;lickilicky:365;fearow:407;gligar_shadow:427
steelix,Steelix,76.7,98.4,183.2,126,2273,THUNDER_FANG,PSYCHIC_FANGS,CRUNCH,78.2,57.9,63.1,77.3,pidgeot:817;fearow:654;miltank:623;lickilicky:599;cradily:575,ninetales_shadow:305;piloswine:308;furret:431;clodsire:449;gligar_shadow:461
swellow,Swellow,76.7,135.9,99.9,121,1645,WING_ATTACK,BRAVE_BIRD,AERIAL_ACE,66.2,42.7,82.6,38.4,ludicolo:636;diggersby:607;gligar:599;lickilicky:541;swampert_shadow:520,miltank:150;ninetales_shadow:202;clodsire:276;gligar_shadow:454;cradily:458
combusken_shadow,Combusken (Shadow),76.6,130.3,100.8,131,1723,EMBER,ROCK_SLIDE,FLAME_CHARGE,72.2,60.5,74.3,47.4,ninetales_shadow:675;pidgeot:652;piloswine:595;stunfisk_galarian:561;ninetales:530,blaziken_shadow:193;gligar_shadow:232;clodsire:338;cradily:368;miltank:380
typhlosion,Typhlosion,76.6,132.7,108.8,117,1691,INCINERATE,BLAST_BURN,THUNDER_PUNCH,76.4,59.9,72.1,48.9,piloswine_shadow:858;piloswine:841;pidgeot:782;fearow:739;miltank:542,gligar_shadow:278;ninetales_shadow:376;furret:409;clodsire:449;cradily:468
servine,Servine,76.5,105.8,140.3,142,2110,VINE_WHIP,GRASS_KNOT,WRAP,73.6,58.8,70.4,78.6,quagsire_shadow:911;swampert_shadow:778;diggersby:633;stunfisk_galarian:616;clodsire:584,ninetales_shadow:289;miltank:333;furret:371;gligar_shadow:408;cradily:454
ursaring,Ursaring,76.5,139.6,91.3,126,1607,SHADOW_CLAW,CLOSE_COMBAT,SWIFT,79.9,54,66.8,29.8,furret:718;piloswine:718;stunfisk_galarian:646;toucannon_shadow:638;ninetales_shadow:535,cradily:184;clodsire:281;blaziken_shadow:306;gligar_shadow:385;miltank:456
electrode_hisuian,Electrode (Hisuian),76.4,123.2,128.7,115,1825,THUNDER_SHOCK,WILD_CHARGE,ENERGY_BALL,67.4,45.8,80.8,48.1,quagsire_shadow:865;pidgeot:821;swampert_shadow:682;lickilicky:586;fearow:539,ninetales_shadow:130;clodsire:221;cradily:239;gligar_shadow:354;miltank:383
gourgeist_super,Gourgeist (Super),76.2,115,131.6,129,1954,INCINERATE,SHADOW_BALL,SEED_BOMB,74.7,56.7,71.9,69.5,quagsire_shadow:794;stunfisk_galarian:732;clodsire:604;cradily:534;miltank:519,ninetales_shadow:111;blaziken_shadow:222;piloswine:327;gligar_shadow:358;furret:384
maushold,Maushold,76.2,116.2,121.9,136,1928,MUD_SHOT,SWIFT,CRUNCH,72.6,72.5,72.4,60.3,armarouge:746;ludicolo:654;pidgeotto_shadow:573;dunsparce:525;turtonator:503,ninetales_shadow:325;cradily:343;miltank:373;gligar_shadow:374;clodsire:475
toedscruel,Toedscruel,76.2,108.9,143.5,131,2047,MUD_SLAP,SEED_BOMB,EARTH_POWER,76.9,41.5,69.7,72.4,blaziken_shadow:782;clodsire:744;cradily:591;furret:576;lickilicky:503,fearow:116;miltank:166;piloswine:230;gligar_shadow:290;ninetales_shadow:392
donphan_shadow,Donphan (Shadow),75.9,125.2,113.1,126,1786,MUD_SLAP,BODY_SLAM,TRAILBLAZE,77.7,62.2,57.2,50.7,clodsire:900;blaziken_shadow:853;stunfisk_galarian:734;lickilicky:674;ninetales_shadow:543,miltank:250;piloswine:298;gligar_shadow:309;cradily:357;furret:446
rhyperior,Rhyperior,75.9,126.7,104.5,134,1775,MUD_SLAP,DRILL_RUN,ROCK_WRECKER,75.2,42.4,68.9,50.2,clodsire:906;blaziken_shadow:876;miltank:802;lickilicky:660;ninetales_shadow:570,gligar_shadow:110;fearow:145;piloswine:253;cradily:354;furret:484
sceptile_shadow,Sceptile (Shadow),75.9,135.6,109.3,111,1646,FURY_CUTTER,LEAF_BLADE,BREAKING_SWIPE,77.9,58.1,74.3,40.4,quagsire_shadow:693;furret:680;stunfisk_galarian:621;piloswine:590;cradily:527,ninetales_shadow:138;blaziken_shadow:155;clodsire:307;gligar_shadow:423;miltank:433
gourgeist_average,Gourgeist (Average),75.7,115.9,145,115,1934,INCINERATE,SHADOW_BALL,SEED_BOMB,73.9,57.2,71.3,69.3,quagsire_shadow:908;stunfisk_galarian:747;swampert_shadow:734;cradily:573;clodsire:573,ninetales_shadow:111;piloswine:327;gligar_shadow:362;furret:387;miltank:490
moltres_shadow,Moltres (Shadow),75.6,139.9,102,112,1599,WING_ATTACK,FLY,HEAT_WAVE,66.4,49.3,72.3,35,blaziken_shadow:852;blaziken:834;turtonator:683;gligar:562;gliscor:531,miltank:153;ninetales_shadow:242;gligar_shadow:255;clodsire:387;cradily:399
bewear_shadow,Bewear (Shadow),75.5,129.6,87.1,153,1729,SHADOW_CLAW,SUPER_POWER,STOMP,87.3,87.1,79.1,30.6,furret:790;cradily:781;piloswine:735;miltank:660;ninetales_shadow:529,fearow:125;pidgeot:309;clodsire:324;blaziken_shadow:344;gligar_shadow:446
emboar_shadow,Emboar (Shadow),75.5,137.8,80.4,147,1631,EMBER,BLAST_BURN,HEAT_WAVE,68.6,61.3,80.1,26,piloswine:792;stunfisk_galarian:792;piloswine_shadow:758;miltank:574;furret:540,gligar_shadow:175;blaziken_shadow:193;ninetales_shadow:337;clodsire:341;cradily:343
kartana,Kartana,75.5,169.1,99.3,79,1328,FURY_CUTTER,LEAF_BLADE,SACRED_SWORD,78.9,30.3,76.7,42.7,cradily:784;piloswine:651;furret:594;clodsire:569;quagsire_shadow:531,blaziken_shadow:96;ninetales_shadow:107;gligar_shadow:435;lickilicky:465;miltank:476
growlithe_shadow,Growlithe (Shadow),75.4,126.8,90.7,135,1555,EMBER,FLAME_WHEEL,BODY_SLAM,78.6,65.8,71.1,36.8,piloswine:829;stunfisk_galarian:796;piloswine_shadow:796;fearow:696;toucannon_shadow:629,ninetales_shadow:305;clodsire:310;gligar_shadow:328;cradily:340;miltank:373
moltres,Moltres,75.4,136.7,103.6,115,1631,WING_ATTACK,FLY,HEAT_WAVE,67.1,46.8,78,39.9,jumpluff:891;blaziken_shadow:839;diggersby:595;gligar_shadow:578;blaziken:539,miltank:123;ninetales_shadow:202;furret:228;clodsire:319;cradily:340
monferno,Monferno,75.4,129.6,96,139,1731,EMBER,FLAME_WHEEL,LOW_SWEEP,75.6,70.1,74.8,53.3,piloswine:852;piloswine_shadow:816;stunfisk_galarian:636;furret:607;coalossal:521,clodsire:290;ninetales_shadow:349;miltank:393;gligar_shadow:412;cradily:413
pignite_shadow,Pignite (Shadow),75.4,127.3,87,158,1751,EMBER,ROCK_TOMB,FLAME_CHARGE,72.1,44.9,69.9,57.2,ninetales_shadow:731;piloswine:642;coalossal:594;stunfisk_galarian:569;ninetales:544,blaziken_shadow:155;clodsire:302;cradily:364;miltank:416;gligar_shadow:431
arcanine,Arcanine,75.3,132,102.5,125,1693,FIRE_FANG,WILD_CHARGE,PSYCHIC_FANGS,79.4,65.8,61.7,56.1,piloswine:671;ninetales:588;ninetales_shadow:532;miltank:528;stunfisk_galarian:508,blaziken_shadow:294;gligar_shadow:335;cradily:340;clodsire:343;furret:487
cacturne,Cacturne,75.2,147.2,85,121,1516,SUCKER_PUNCH,TRAILBLAZE,DYNAMIC_PUNCH,73.7,52.8,70.6,49.2,stunfisk_galarian:652;diggersby:603;lickilicky:574;cradily:566;furret:504,miltank:260;gligar_shadow:293;ninetales_shadow:297;piloswine:327;clodsire:432
gourgeist_small,Gourgeist (Small),75.2,116.8,152.9,107,1913,INCINERATE,SHADOW_BALL,SEED_BOMB,73.4,55.5,71.6,67.7,quagsire_shadow:901;stunfisk_galarian:789;swampert_shadow:705;clodsire:635;cradily:551,ninetales_shadow:111;piloswine:327;gligar_shadow:362;furret:387;miltank:496
sandslash_shadow,Sandslash (Shadow),75.2,120.4,123,125,1853,SAND_ATTACK,NIGHT_SLASH,ROCK_TOMB,71.9,75.1,69.7,39.1,magcargo:820;coalossal:728;dunsparce:688;turtonator:548;clodsire:520,cradily:326;gligar_shadow:343;miltank:360;furret:368;ninetales_shadow:488
donphan,Donphan,75.1,125.2,113.1,126,1786,MUD_SLAP,BODY_SLAM,TRAILBLAZE,76.6,56.7,59.7,58.5,blaziken_shadow:817;clodsire:746;turtonator:742;coalossal:718;quagsire_shadow:531,piloswine:253;gligar_shadow:301;cradily:322;miltank:443;ninetales_shadow:448
emboar,Emboar,75.1,137.8,80.4,147,1631,EMBER,BLAST_BURN,HEAT_WAVE,70.9,60.5,77.9,34.7,piloswine:826;furret:615;stunfisk_galarian:615;fearow:554;gligar_shadow:510,blaziken_shadow:155;ninetales_shadow:301;cradily:309;clodsire:365;miltank:390
hydrapple,Hydrapple,75.1,122.2,110.7,136,1841,DRAGON_TAIL,SEED_BOMB,OUTRAGE,71.9,48.7,70.2,58.2,quagsire_shadow:845;swampert_shadow:801;dubwool:661;diggersby:643;furret:544,ninetales_shadow:226;gligar_shadow:248;miltank:296;cradily:368;clodsire:406
lampent_shadow,Lampent (Shadow),75.1,132.5,99,129,1692,EMBER,HEAT_WAVE,ENERGY_BALL,68.4,67.2,76,34.5,jumpluff:918;piloswine:802;stunfisk_galarian:802;piloswine_shadow:763;fearow:686,gligar_shadow:175;ninetales_shadow:329;clodsire:334;cradily:336;miltank:410
sceptile,Sceptile,75.1,135.6,109.3,111,1646,FURY_CUTTER,LEAF_BLADE,BREAKING_SWIPE,74.6,62,71.3,54.3,quagsire_shadow:914;swampert_shadow:914;stunfisk_galarian:662;piloswine:630;lickilicky:603,ninetales_shadow:138;clodsire:276;miltank:326;gligar_shadow:377;cradily:472
delphox,Delphox,75,132.6,115.6,110,1687,FIRE_SPIN,PSYSHOCK,BLAST_BURN,68.6,47,76.2,40.2,abomasnow_shadow:886;piloswine_shadow:831;piloswine:631;pidgeot:581;miltank:559,ninetales_shadow:226;furret:243;gligar_shadow:270;cradily:378;clodsire:427
arcanine_shadow,Arcanine (Shadow),74.9,132,102.5,125,1693,FIRE_FANG,WILD_CHARGE,PSYCHIC_FANGS,76.6,62.9,59.4,56.9,abomasnow_shadow:896;piloswine_shadow:836;piloswine:816;toucannon_shadow:596;ninetales:532,ninetales_shadow:250;miltank:343;cradily:364;gligar_shadow:419;clodsire:425
celebi,Celebi,74.9,120.4,119.3,129,1855,CONFUSION,AURA_SPHERE,LEAF_STORM,75.2,58.4,74,60.3,blaziken_shadow:810;quagsire_shadow:794;swampert_shadow:720;clodsire:593;stunfisk_galarian:538,ninetales_shadow:226;furret:237;gligar_shadow:301;cradily:413;miltank:493
tropius,Tropius,74.9,101.4,128,170,2208,AIR_SLASH,LEAF_BLADE,BRUTAL_SWING,71.1,43.3,69.1,72.4,quagsire_shadow:879;swampert_shadow:829;diggersby:667;gligar:514;furret:502,ninetales_shadow:198;cradily:284;miltank:303;clodsire:401;gligar_shadow:408
cacturne_shadow,Cacturne (Shadow),74.8,147.2,85,121,1516,SUCKER_PUNCH,TRAILBLAZE,DYNAMIC_PUNCH,73.1,57.3,68,54.1,oranguru:822;clodsire:619;stunfisk_galarian:557;diggersby:545;swampert_shadow:508,cradily:319;miltank:333;ninetales_shadow:333;gligar_shadow:362;furret:375
nidoking,Nidoking,74.8,129.4,105.2,127,1731,FURY_CUTTER,SAND_TOMB,EARTH_POWER,72.2,58.4,69.1,47.6,cradily:901;coalossal:720;stunfisk_galarian:704;furret:673;lickilicky:629,ninetales_shadow:170;piloswine:230;gligar_shadow:286;clodsire:430;miltank:436
palossand,Palossand,74.7,116.5,123,134,1922,ASTONISH,SHADOW_BALL,SAND_TOMB,76.2,54,67,65.2,stunfisk_galarian:802;clodsire:656;gligar_shadow:544;cradily:537;ninetales:514,piloswine:253;ninetales_shadow:293;furret:378;miltank:380;blaziken_shadow:445
snorlax_shadow,Snorlax (Shadow),74.7,108.4,102.2,187,2073,LICK,BODY_SLAM,SUPER_POWER,71.7,49.3,77.7,42.7,clodsire:598;stunfisk_galarian:593;piloswine:564;cradily:548;gligar_shadow:548,miltank:246;ninetales_shadow:253;lickilicky:253;blaziken_shadow:323;furret:434
wyrdeer,Wyrdeer,74.5,126.6,95.5,146,1767,CONFUSION,STOMP,WILD_CHARGE,76.2,66,73.5,53.3,blaziken_shadow:873;blaziken:842;quagsire_shadow:640;ludicolo:613;swampert_shadow:513,ninetales_shadow:281;cradily:371;miltank:380;clodsire:430;gligar_shadow:496
servine_shadow,Servine (Shadow),74.4,105.8,140.3,142,2110,VINE_WHIP,GRASS_KNOT,WRAP,71.4,55,67.4,73.4,quagsire_shadow:816;swampert_shadow:757;gligar_shadow:595;stunfisk_galarian:566;clodsire:510,piloswine:262;ninetales_shadow:341;cradily:361;miltank:383;furret:456
meowscarada,Meowscarada,74.2,140.3,99.1,115,1600,LEAFAGE,NIGHT_SLASH,FRENZY_PLANT,76.2,57.6,69.1,50.7,quagsire_shadow:926;furret:821;lickilicky:643;piloswine:604;gligar_shadow:526,ninetales_shadow:130;blaziken_shadow:231;miltank:306;clodsire:396;cradily:409
braixen,Braixen,74.1,130.5,106.9,123,1718,EMBER,PSYSHOCK,FLAME_CHARGE,71.4,65.7,69.4,53.8,abomasnow_shadow:849;piloswine:833;piloswine_shadow:833;toucannon_shadow:703;ninetales_shadow:508,cradily:260;clodsire:310;furret:343;miltank:356;gligar_shadow:381
cinderace,Cinderace,74.1,139,99.4,117,1617,FIRE_SPIN,BLAST_BURN,PYRO_BALL,68.4,42.3,73.1,41.7,piloswine_shadow:803;piloswine:645;dubwool:611;pidgeot:529;miltank:525,ninetales_shadow:198;furret:265;gligar_shadow:270;clodsire:358;cradily:395
meganium,Meganium,74.1,110.8,139,131,2018,VINE_WHIP,FRENZY_PLANT,EARTHQUAKE,62.6,31.8,71.3,62.8,quagsire_shadow:904;swampert_shadow:767;stunfisk_galarian:606;coalossal:606;clodsire:564,ninetales_shadow:123;piloswine:230;cradily:375;miltank:420;gligar_shadow:492
nidoking_shadow,Nidoking (Shadow),74,129.4,105.2,127,1731,FURY_CUTTER,SAND_TOMB,EARTH_POWER,69.1,66.7,66.3,40.9,cradily:901;clodsire:901;lickilicky:681;stunfisk_galarian:637;ninetales_shadow:507,blaziken_shadow:163;gligar_shadow:179;furret:221;miltank:223;piloswine:275
staraptor,Staraptor,74,140.3,90.8,125,1594,WING_ATTACK,FLY,CLOSE_COMBAT,63.9,56.7,70.6,35,jumpluff:696;diggersby:600;dubwool:560;gligar_shadow:544;lickilicky:508,cradily:184;miltank:186;furret:190;ninetales_shadow:202;clodsire:324
torterra,Torterra,74,119.9,117,133,1867,MUD_SLAP,FRENZY_PLANT,SAND_TOMB,74.6,40.5,68.5,63.1,clodsire:725;blaziken_shadow:725;lickilicky:684;cradily:560;quagsire_shadow:537,miltank:203;piloswine:253;furret:284;ninetales_shadow:301;gligar_shadow:438
ferrothorn,Ferrothorn,73.9,107.1,152.7,128,2094,BULLET_SEED,POWER_WHIP,THUNDER,69.9,28.5,74,72.1,miltank:742;lickilicky:660;piloswine:636;fearow:558;furret:550,ninetales_shadow:63;blaziken_shadow:105;gligar_shadow:396;clodsire:439;cradily:486
litleo,Litleo,73.9,121.5,105.7,144,1852,INCINERATE,FLAME_CHARGE,CRUNCH,75.2,56.2,66.8,62.1,abomasnow_shadow:913;piloswine_shadow:826;piloswine:704;furret:604;stunfisk_galarian:569,gligar_shadow:248;clodsire:338;cradily:388;ninetales_shadow:416;miltank:466
serperior,Serperior,73.9,110.2,142.2,130,2038,VINE_WHIP,FRENZY_PLANT,AERIAL_ACE,64.6,37.7,73,63.1,swampert_shadow:769;quagsire_shadow:676;diggersby:619;stunfisk_galarian:603;clodsire:565,ninetales_shadow:123;piloswine:230;cradily:375;miltank:416;gligar_shadow:488
charmeleon_shadow,Charmeleon (Shadow),73.8,126.6,109.4,128,1774,EMBER,FIRE_PUNCH,FLAMETHROWER,73.4,55.9,67.7,38.9,piloswine:855;piloswine_shadow:820;toucannon_shadow:679;gligar_shadow:578;pidgeot:570,clodsire:334;miltank:353;cradily:364;ninetales_shadow:373;furret:493
shiftry_shadow,Shiftry (Shadow),73.8,133.4,88,143,1680,SNARL,LEAF_BLADE,FOUL_PLAY,69.9,54.4,72.3,37.6,quagsire_shadow:912;swampert_shadow:902;stunfisk_galarian:611;piloswine:587;lickilicky:559,ninetales_shadow:123;clodsire:295;miltank:306;cradily:309;gligar_shadow:419
typhlosion_hisuian,Typhlosion (Hisuian),73.6,139.6,106.8,108,1611,EMBER,SHADOW_BALL,WILD_CHARGE,65.2,43,83.7,30.6,pidgeot:754;fearow:703;piloswine:611;toucannon_shadow:611;piloswine_shadow:574,ninetales_shadow:123;gligar_shadow:141;clodsire:336;cradily:368;miltank:376
growlithe,Growlithe,73.4,126.8,90.7,135,1555,EMBER,FLAME_WHEEL,BODY_SLAM,75.2,56.6,68.4,46.6,piloswine:862;piloswine_shadow:829;abomasnow_shadow:829;victreebel_shadow:729;toucannon_shadow:696,clodsire:278;cradily:288;gligar_shadow:408;miltank:443;ninetales_shadow:496
magmortar,Magmortar,73.2,140.8,104.5,108,1589,KARATE_CHOP,FIRE_PUNCH,THUNDERBOLT,71.6,61.9,65.8,38.9,piloswine:828;abomasnow_shadow:828;piloswine_shadow:787;toucannon_shadow:662;pidgeot:527,ninetales_shadow:202;clodsire:223;gligar_shadow:328;cradily:364;miltank:406
lampent,Lampent,73,132.5,99,129,1692,EMBER,HEAT_WAVE,ENERGY_BALL,70.1,64.3,74.8,39.4,piloswine:841;piloswine_shadow:802;victreebel_shadow:802;abomasnow_shadow:658;miltank:534,clodsire:283;cradily:284;ninetales_shadow:341;furret:371;gligar_shadow:404
chesnaught_shadow,Chesnaught (Shadow),72.8,119.3,126.9,124,1879,VINE_WHIP,FRENZY_PLANT,SUPER_POWER,61.2,27.7,77.2,55.1,stunfisk_galarian:794;quagsire_shadow:786;lickilicky:737;furret:645;miltank:532,ninetales_shadow:130;gligar_shadow:175;cradily:184;piloswine:295;clodsire:384
landorus_incarnate,Landorus (Incarnate),72.8,140.2,100.8,113,1599,MUD_SHOT,EARTH_POWER,ROCK_SLIDE,71.2,50.9,80.8,32.7,stunfisk_galarian:730;fearow:685;toucannon_shadow:641;clodsire:588;ninetales_shadow:513,piloswine:94;miltank:273;cradily:305;gligar_shadow:312;furret:343
ho_oh,Ho-Oh,72.6,122.9,128.4,114,1801,INCINERATE,BRAVE_BIRD,SACRED_FIRE,64.2,41.7,79.7,55.1,diggersby:732;turtonator:657;piloswine:548;ninetales:504;gligar:504,miltank:203;clodsire:206;cradily:225;ninetales_shadow:265;gligar_shadow:370
sandaconda,Sandaconda,72.6,123,132,112,1820,MUD_SLAP,EARTH_POWER,WRAP,72.4,45.8,62.3,59.5,blaziken_shadow:794;stunfisk_galarian:772;clodsire:736;lickilicky:638;miltank:540,cradily:239;piloswine:262;furret:290;gligar_shadow:332;ninetales_shadow:436
roserade,Roserade,72.5,141.9,114.3,97,1574,POISON_STING,WEATHER_BALL_FIRE,LEAF_STORM,79.1,61.7,63.3,40.2,quagsire_shadow:690;furret:685;gliscor:618;piloswine:582;fearow:530,gligar_shadow:106;ninetales_shadow:130;clodsire:177;cradily:434;miltank:493
whimsicott,Whimsicott,72.5,118.7,135,118,1892,FAIRY_WIND,SEED_BOMB,MOONBLAST,70.1,42.6,68.2,58.7,quagsire_shadow:919;swampert_shadow:737;drampa:707;dubwool:563;gligar_shadow:529,ninetales_shadow:99;clodsire:163;cradily:333;miltank:406;furret:493
mudsdale,Mudsdale,72.2,123.5,107.1,136,1800,MUD_SLAP,BODY_SLAM,EARTHQUAKE,72.6,52,60.1,55.9,blaziken_shadow:819;clodsire:757;coalossal:702;lickilicky:658;miltank:555,piloswine:253;cradily:270;furret:278;gligar_shadow:282;ninetales_shadow:448
drilbur_shadow,Drilbur (Shadow),72,139.4,81.5,142,1614,MUD_SLAP,DRILL_RUN,ROCK_TOMB,68.4,37.9,64.6,42.2,clodsire:869;blaziken_shadow:855;stunfisk_galarian:679;coalossal:654;lickilicky:514,gligar_shadow:137;miltank:260;furret:309;ninetales_shadow:420;cradily:472
grovyle,Grovyle,71.9,136.3,103.2,117,1647,QUICK_ATTACK,LEAF_BLADE,AERIAL_ACE,66.2,59.4,65,46.3,quagsire_shadow:918;swampert_shadow:880;piloswine:649;diggersby:628;piloswine_shadow:572,ninetales_shadow:130;cradily:236;clodsire:269;miltank:323;gligar_shadow:393
bouffalant,Bouffalant,71.7,118.8,115.8,137,1888,MUD_SHOT,STOMP,MEGAHORN,69.4,62.8,70.1,51.8,drampa:744;flapple:744;ludicolo:704;abomasnow:638;lickilicky:503,ninetales_shadow:329;gligar_shadow:385;clodsire:387;miltank:443;cradily:458
ceruledge,Ceruledge,71.7,136.3,114,106,1648,INCINERATE,SHADOW_BALL,HEAT_WAVE,68.7,54.9,62.9,47.9,piloswine_shadow:844;dubwool:839;piloswine:806;ninetales:740;miltank:504,ninetales_shadow:194;gligar_shadow:209;furret:265;clodsire:432;cradily:472
ponyta_shadow,Ponyta (Shadow),71.7,133.5,108.2,116,1676,EMBER,FLAME_WHEEL,STOMP,76.7,61.3,68,28.6,piloswine:823;stunfisk_galarian:780;fearow:693;toucannon_shadow:646;gligar_shadow:560,ninetales_shadow:345;clodsire:348;cradily:350;miltank:413;furret:456
pidgeotto_shadow,Pidgeotto (Shadow),71.6,110.9,100.8,147,1644,WING_ATTACK,AIR_CUTTER,TWISTER,75.7,62.2,60.2,44.8,flygon_shadow:687;ludicolo:656;gligar:568;swampert_shadow:540;jumpluff:517,clodsire:269;cradily:270;miltank:286;ninetales_shadow:349;gligar_shadow:465
pyroar,Pyroar,71.6,135,97.9,126,1667,INCINERATE,FLAME_CHARGE,DARK_PULSE,73.2,53.1,55.5,48.7,piloswine_shadow:837;piloswine:650;miltank:555;lickilicky:555;ninetales_shadow:511,blaziken_shadow:231;furret:253;gligar_shadow:278;clodsire:377;cradily:447
quilladin,Quilladin,71.6,114.9,130.2,130,1947,VINE_WHIP,ENERGY_BALL,BODY_SLAM,70.1,56.7,66.3,65.2,quagsire_shadow:926;swampert_shadow:753;stunfisk_galarian:580;diggersby:526;lickilicky:503,ninetales_shadow:257;cradily:312;clodsire:403;gligar_shadow:446;miltank:486
snorlax,Snorlax,71.6,108.4,102.2,187,2073,LICK,BODY_SLAM,SUPER_POWER,68.1,50.8,70.2,50.5,ludicolo:676;piloswine:631;abomasnow_shadow:598;piloswine_shadow:564;swampert_shadow:505,ninetales_shadow:170;miltank:236;clodsire:382;gligar_shadow:389;cradily:434
shiftry,Shiftry,71.5,133.4,88,143,1680,SNARL,LEAF_BLADE,FOUL_PLAY,68.2,54,68.5,48.7,quagsire_shadow:912;swampert_shadow:902;piloswine:650;lickilicky:625;furret:552,ninetales_shadow:103;clodsire:245;cradily:253;miltank:266;gligar_shadow:370
torterra_shadow,Torterra (Shadow),71.5,119.9,117,133,1867,MUD_SLAP,FRENZY_PLANT,SAND_TOMB,69.6,37.3,68.2,54.8,clodsire:815;blaziken_shadow:793;stunfisk_galarian:793;quagsire_shadow:639;lickilicky:609,gligar_shadow:114;miltank:236;furret:303;ninetales_shadow:361;cradily:364
charmeleon,Charmeleon,71.3,126.6,109.4,128,1774,EMBER,FIRE_PUNCH,RETURN,67.9,48.7,71.9,44,piloswine:855;piloswine_shadow:855;abomasnow_shadow:855;ninetales_shadow:710;jumpluff:589,gligar_shadow:171;cradily:246;clodsire:343;furret:356;miltank:400
pidgeotto,Pidgeotto,71.2,110.9,100.8,147,1644,WING_ATTACK,AIR_CUTTER,TWISTER,73.4,55.6,65.8,55.9,blaziken:843;ludicolo:687;gligar_shadow:568;diggersby:544;drampa:523,cradily:250;miltank:263;piloswine:279;ninetales_shadow:285;clodsire:353
ferrothorn_shadow,Ferrothorn (Shadow),71.1,107.1,152.7,128,2094,BULLET_SEED,POWER_WHIP,THUNDER,65.1,26.1,73.1,59,miltank:585;clodsire:582;lickilicky:566;piloswine:558;fearow:519,ninetales_shadow:63;blaziken_shadow:130;furret:443;cradily:444;gligar_shadow:480
breloom,Breloom,71,149.9,96.7,103,1494,FORCE_PALM,DYNAMIC_PUNCH,GRASS_KNOT,71.4,36.4,63.3,65.7,furret:800;miltank:650;blaziken_shadow:645;cradily:553;piloswine:509,gligar_shadow:152;clodsire:175;fearow:241;ninetales_shadow:281;quagsire_shadow:425
quilava,Quilava,70.9,126.6,109.4,128,1774,EMBER,FLAME_CHARGE,DIG,68.6,46.8,69.9,60.3,piloswine:675;abomasnow_shadow:675;piloswine_shadow:644;jumpluff:582;blaziken:542,clodsire:262;cradily:288;miltank:336;gligar_shadow:393;ninetales_shadow:496
amoonguss,Amoonguss,70.8,109.3,105.9,177,2050,ASTONISH,GRASS_KNOT,FOUL_PLAY,66.6,40.8,67.5,59.2,quagsire_shadow:655;ludicolo:649;clodsire:587;flygon_shadow:553;gligar_shadow:533,piloswine:207;ninetales_shadow:226;miltank:293;furret:356;cradily:392
weepinbell_shadow,Weepinbell (Shadow),70.8,139.3,82.6,140,1613,ACID,POWER_WHIP,SEED_BOMB,64.9,46.7,66.5,34.2,quagsire_shadow:650;ludicolo:646;dubwool:578;diggersby:528;swampert_shadow:503,gligar_shadow:175;ninetales_shadow:226;clodsire:326;miltank:383;cradily:468
centiskorch,Centiskorch,70.6,128.7,99.4,136,1740,EMBER,LUNGE,HEAT_WAVE,70.2,55.9,64.8,47.4,piloswine:867;piloswine_shadow:830;abomasnow_shadow:720;dubwool:584;furret:536,clodsire:269;ninetales_shadow:289;cradily:319;miltank:320;gligar_shadow:396
chandelure_shadow,Chandelure (Shadow),70.6,151.4,105.2,93,1482,INCINERATE,SHADOW_BALL,ENERGY_BALL,71.7,54.6,44.8,48.7,piloswine_shadow:833;cradily:784;clodsire:784;piloswine:779;toucannon_shadow:559,furret:256;ninetales_shadow:257;gligar_shadow:278;miltank:296;blaziken_shadow:407
flareon,Flareon,70.5,142.2,109.9,100,1564,EMBER,SUPER_POWER,HEAT_WAVE,73.1,46.1,70.7,25.7,piloswine:794;piloswine_shadow:794;furret:695;fearow:695;toucannon_shadow:595,ninetales_shadow:123;cradily:159;clodsire:286;gligar_shadow:419;miltank:476
quilava_shadow,Quilava (Shadow),70.4,126.6,109.4,128,1774,EMBER,FLAME_CHARGE,DIG,64.4,44.7,67,52.3,jumpluff:902;dartrix:714;piloswine:644;abomasnow_shadow:640;piloswine_shadow:566,ninetales_shadow:146;clodsire:288;cradily:361;miltank:396;gligar_shadow:431
quilladin_shadow,Quilladin (Shadow),70.3,114.9,130.2,130,1947,VINE_WHIP,ENERGY_BALL,BODY_SLAM,70.2,61.7,62.1,56.4,swampert_shadow:934;quagsire_shadow:926;diggersby:696;stunfisk_galarian:661;furret:519,ninetales_shadow:99;cradily:343;clodsire:355;miltank:376;gligar_shadow:469
trevenant,Trevenant,70.2,127.8,104.6,131,1752,SHADOW_CLAW,SEED_BOMB,SHADOW_BALL,67.7,39.9,67,51.2,quagsire_shadow:919;piloswine:652;clodsire:572;gliscor:568;cradily:511,gligar_shadow:175;ninetales_shadow:194;miltank:206;furret:271;blaziken_shadow:340
landorus_incarnate_shadow,Landorus (Incarnate) (Shadow),70.1,140.2,100.8,113,1599,MUD_SHOT,EARTH_POWER,ROCK_SLIDE,66.7,48.4,77,25,clodsire:849;coalossal:654;stunfisk_galarian:646;fearow:641;toucannon_shadow:553,gligar_shadow:72;furret:128;ninetales_shadow:194;miltank:306;cradily:364
amoonguss_shadow,Amoonguss (Shadow),70,109.3,105.9,177,2050,ASTONISH,GRASS_KNOT,FOUL_PLAY,64.7,44.4,64.8,47.6,ludicolo:638;quagsire_shadow:570;stunfisk_galarian:556;zangoose:539;gligar:533,ninetales_shadow:202;gligar_shadow:244;miltank:333;cradily:447;clodsire:447
decidueye,Decidueye,69.9,127.8,115.2,119,1754,LEAFAGE,FRENZY_PLANT,SPIRIT_SHACKLE,64.6,59.9,70.1,51,swampert_shadow:936;quagsire_shadow:920;gliscor:584;clodsire:554;furret:546,ninetales_shadow:130;gligar_shadow:175;miltank:186;piloswine:327;cradily:430
dhelmise,Dhelmise,69.9,139.7,109.3,105,1605,SHADOW_CLAW,POWER_WHIP,BRUTAL_SWING,65.1,57.5,64.1,40.7,swampert_shadow:647;stunfisk_galarian:633;quagsire_shadow:519;clodsire:509;gliscor:509,furret:96;ninetales_shadow:194;miltank:196;gligar_shadow:209;cradily:388
grafaiai,Grafaiai,69.9,134.2,107.7,115,1664,MUD_SLAP,POISON_FANG,SLUDGE_BOMB,68.6,42.4,59.2,49.2,blaziken_shadow:800;magcargo:786;coalossal:717;turtonator:534;cradily:508,gligar_shadow:202;furret:265;clodsire:360;miltank:383;ninetales_shadow:404
houndour_shadow,Houndour (Shadow),69.9,140.3,82.3,120,1387,EMBER,CRUNCH,FLAMETHROWER,63.4,59.3,71.9,21.6,piloswine:745;abomasnow_shadow:733;piloswine_shadow:704;fearow:620;jumpluff:583,miltank:123;clodsire:331;cradily:336;ninetales_shadow:448;gligar_shadow:484
mudbray,Mudbray,69.9,129.8,98.6,134,1717,MUD_SLAP,BODY_SLAM,EARTHQUAKE,68.4,51.8,57.3,50.2,blaziken_shadow:861;magcargo:847;coalossal:746;clodsire:742;lickilicky:600,gligar_shadow:259;cradily:274;furret:278;miltank:390;ninetales_shadow:448
sandshrew,Sandshrew,69.7,118.4,113.4,127,1707,SAND_ATTACK,SAND_TOMB,ROCK_TOMB,68.1,59.4,61.2,47.1,magcargo:838;coalossal:759;ninetales_shadow:614;turtonator:602;clodsire:566,piloswine:279;gligar_shadow:305;furret:306;miltank:340;cradily:368
trevenant_shadow,Trevenant (Shadow),69.7,127.8,104.6,131,1752,SHADOW_CLAW,SHADOW_BALL,SEED_BOMB,65.4,44,66.7,45.3,quagsire_shadow:732;stunfisk_galarian:679;magcargo:675;swampert_shadow:641;piloswine:576,gligar_shadow:209;ninetales_shadow:226;miltank:266;clodsire:459;cradily:475
darmanitan_standard,Darmanitan (Standard),69.5,149.7,72,138,1490,INCINERATE,ROCK_SLIDE,OVERHEAT,67.4,55.6,51.7,42.2,abomasnow_shadow:865;piloswine_shadow:822;piloswine:815;clodsire:760;cradily:713,ninetales_shadow:210;miltank:243;blaziken_shadow:256;furret:290;gligar_shadow:309
swellow_shadow,Swellow (Shadow),69.5,135.9,99.9,121,1645,WING_ATTACK,BRAVE_BIRD,SKY_ATTACK,51.2,36.4,76,34.7,blaziken_shadow:764;diggersby:702;victreebel_shadow:623;ludicolo:557;gligar:520,miltank:186;clodsire:189;ninetales_shadow:194;cradily:208;gligar_shadow:255
buneary,Buneary,69.4,121.8,100.8,135,1659,QUICK_ATTACK,SWIFT,FIRE_PUNCH,66.6,50.9,64.5,44.3,ursaring_shadow:896;ludicolo:659;typhlosion_shadow:625;jumpluff:607;abomasnow_shadow:518,cradily:204;miltank:320;gligar_shadow:324;clodsire:348;ninetales_shadow:369
drilbur,Drilbur,69.4,139.4,81.5,142,1614,MUD_SLAP,DRILL_RUN,ROCK_TOMB,64.9,38.5,64.3,38.6,clodsire:869;blaziken_shadow:848;stunfisk_galarian:746;coalossal:665;turtonator:510,gligar_shadow:110;miltank:213;furret:265;cradily:385;ninetales_shadow:476
wormadam_sandy,Wormadam (Sandy),69.4,110,144.8,128,2040,SUCKER_PUNCH,BUG_BUZZ,BULLDOZE,72.9,45.3,72.1,51.2,cradily:687;dubwool:621;stunfisk_galarian:574;furret:558;clodsire:511,piloswine:198;blaziken_shadow:214;ninetales_shadow:242;gligar_shadow:461;miltank:466
infernape,Infernape,69.3,136.6,100.4,119,1633,FIRE_SPIN,CLOSE_COMBAT,BLAST_BURN,64.7,40,71.3,45.6,miltank:621;lickilicky:621;piloswine:617;furret:567;ninetales:533,ninetales_shadow:198;clodsire:218;cradily:256;blaziken_shadow:256;gligar_shadow:270
meganium_shadow,Meganium (Shadow),69.2,110.8,139,131,2018,VINE_WHIP,FRENZY_PLANT,EARTHQUAKE,62.9,30.5,66,48.9,quagsire_shadow:919;stunfisk_galarian:732;furret:580;clodsire:541;gligar_shadow:519,ninetales_shadow:99;blaziken_shadow:193;piloswine:295;cradily:357;miltank:433
stufful,Stufful,69.2,124.8,92.1,156,1795,TACKLE,SUPER_POWER,STOMP,68.2,48.8,69.6,53.8,miltank:721;lickilicky:721;furret:615;cradily:528;stunfisk_galarian:509,piloswine:246;ninetales_shadow:261;gligar_shadow:267;blaziken_shadow:323;clodsire:326
onix,Onix,69,84,207.5,105,1831,ROCK_THROW,ROCK_SLIDE,SAND_TOMB,68.4,37.6,63.6,70.6,pidgeot:728;toucannon_shadow:719;ninetales_shadow:680;fearow:657;gligar_shadow:580,furret:206;cradily:225;piloswine:246;miltank:343;clodsire:387
onix_shadow,Onix (Shadow),69,84,207.5,105,1831,ROCK_THROW,ROCK_SLIDE,SAND_TOMB,70.6,41.1,57.5,69.8,ninetales_shadow:766;pidgeot:714;lickilicky:619;fearow:571;gligar_shadow:528,cradily:208;piloswine:233;furret:246;clodsire:338;miltank:483
larvesta,Larvesta,68.9,130.8,99.7,131,1710,EMBER,FLAME_WHEEL,BUG_BUZZ,68.6,56.2,70.6,34.5,piloswine:843;piloswine_shadow:805;victreebel_shadow:690;abomasnow_shadow:664;oranguru:576,clodsire:283;ninetales_shadow:305;miltank:340;gligar_shadow:416;cradily:454
darumaka_shadow,Darumaka (Shadow),68.8,131.9,82.3,157,1706,FIRE_FANG,FIRE_PUNCH,FLAME_CHARGE,68.1,49.1,59.2,55.1,abomasnow_shadow:885;piloswine_shadow:840;piloswine:805;victreebel_shadow:767;toucannon_shadow:614,ninetales_shadow:242;clodsire:302;cradily:322;miltank:323;gligar_shadow:396
krookodile,Krookodile,68.8,133.1,98,129,1685,MUD_SLAP,SAND_TOMB,CRUNCH,65.7,34.9,59.9,52.3,clodsire:903;blaziken_shadow:856;stunfisk_galarian:744;coalossal:693;lickilicky:689,gligar_shadow:110;miltank:226;cradily:256;furret:278;ninetales_shadow:492
sandshrew_shadow,Sandshrew (Shadow),68.5,118.4,113.4,127,1707,SAND_ATTACK,SAND_TOMB,ROCK_TOMB,63.9,59.4,55.5,45.8,coalossal:724;turtonator:696;ninetales:614;ninetales_shadow:531;clodsire:503,gligar_shadow:148;miltank:286;cradily:295;furret:334;piloswine:340
ponyta,Ponyta,68.4,133.5,108.2,116,1676,EMBER,FLAME_WHEEL,STOMP,69.2,54,66.8,37.3,abomasnow_shadow:840;piloswine:823;piloswine_shadow:823;dartrix:780;jumpluff:543,clodsire:286;cradily:295;gligar_shadow:309;ninetales_shadow:333;miltank:396
weepinbell,Weepinbell,68.4,137.9,84.8,139,1627,ACID,POWER_WHIP,SEED_BOMB,66.4,49.1,62.9,40.7,quagsire_shadow:712;dubwool:651;lickilicky:607;swampert_shadow:589;piloswine_shadow:528,gligar_shadow:141;ninetales_shadow:194;clodsire:290;miltank:316;cradily:388
pumpkaboo_super,Pumpkaboo (Super),68.3,111.7,113.4,141,1788,ASTONISH,GRASS_KNOT,FOUL_PLAY,63.6,40.6,61.2,52,marowak_shadow:684;swampert_shadow:638;quagsire_shadow:631;stunfisk_galarian:556;dubwool:507,ninetales_shadow:202;gligar_shadow:244;miltank:333;cradily:427;clodsire:442
darumaka,Darumaka,68.2,131.9,82.3,157,1706,FIRE_FANG,FIRE_PUNCH,FLAME_CHARGE,66.1,50.3,59.4,51.2,abomasnow_shadow:882;piloswine_shadow:805;victreebel_shadow:773;piloswine:675;jumpluff:592,clodsire:240;cradily:267;gligar_shadow:297;ninetales_shadow:325;miltank:483
golett_shadow,Golett (Shadow),68.2,119.3,89.9,141,1513,ASTONISH,SHADOW_PUNCH,BRICK_BREAK,67.6,55.9,48,39.6,magcargo:783;skeledirge:719;stunfisk_galarian:691;blaziken_shadow:539;typhlosion_shadow:514,gligar_shadow:278;ninetales_shadow:289;miltank:290;clodsire:387;cradily:461
rhyhorn_shadow,Rhyhorn (Shadow),68.2,112.5,111,159,1987,MUD_SLAP,BULLDOZE,STOMP,70.7,44,55.5,54.6,blaziken_shadow:921;clodsire:783;ninetales_shadow:754;lickilicky:525;miltank:509,gligar_shadow:110;fearow:145;piloswine:275;furret:278;cradily:295
zygarde_10,Zygarde (10% Forme),68.2,138.1,119.1,98,1613,DRAGON_TAIL,CRUNCH,EARTHQUAKE,64.4,43,69.2,31.7,magcargo:663;lickilicky:658;turtonator:612;coalossal:581;oranguru:515,miltank:190;gligar_shadow:244;ninetales_shadow:253;cradily:312;clodsire:324
graveler_shadow,Graveler (Shadow),68.1,122.6,129.8,115,1831,MUD_SLAP,ROCK_SLIDE,DIG,66.1,35.5,55.3,51.8,blaziken_shadow:891;coalossal:734;ninetales_shadow:713;lickilicky:613;pidgeot:539,gligar_shadow:137;cradily:270;miltank:303;furret:303;clodsire:478
leafeon,Leafeon,68.1,128.1,133.9,102,1750,QUICK_ATTACK,LEAF_BLADE,ENERGY_BALL,64.1,55.5,59.9,52.8,quagsire_shadow:906;swampert_shadow:906;piloswine:686;diggersby:637;piloswine_shadow:598,ninetales_shadow:130;cradily:225;clodsire:278;miltank:336;gligar_shadow:377
torracat,Torracat,68.1,135.5,89.8,135,1645,EMBER,FLAME_CHARGE,CRUNCH,65.2,59.1,62.1,47.9,dartrix:729;piloswine:662;abomasnow_shadow:637;piloswine_shadow:585;jumpluff:540,clodsire:271;cradily:340;miltank:343;ninetales_shadow:376;gligar_shadow:404
snover_shadow,Snover (Shadow),68,109.2,100.8,142,1564,POWDER_SNOW,ENERGY_BALL,ICE_BEAM,60.2,29.7,67.9,41.2,clodsire:721;gliscor:658;cradily:630;diggersby:517;swampert_shadow:507,ninetales_shadow:130;miltank:186;furret:228;piloswine:230;gligar_shadow:450
aipom,Aipom,67.8,124.3,106.7,135,1792,ASTONISH,SWIFT,AERIAL_ACE,64.6,56.4,63.1,46.1,skeledirge:729;ludicolo:670;typhlosion_shadow:640;gliscor_shadow:548;swampert_shadow:525,miltank:236;ninetales_shadow:253;cradily:326;clodsire:348;gligar_shadow:484
aipom_shadow,Aipom (Shadow),67.8,124.3,106.7,135,1792,ASTONISH,SWIFT,AERIAL_ACE,65.7,58.1,58.7,33.7,dartrix:729;skeledirge:670;ludicolo:662;typhlosion_shadow:581;gliscor:548,miltank:283;ninetales_shadow:309;clodsire:348;cradily:350;gligar_shadow:473
exeggutor_alolan,Exeggutor (Alolan),67.8,134.4,94.8,131,1670,DRAGON_TAIL,SEED_BOMB,DRACO_METEOR,66.6,53.2,63.8,40.4,diggersby:744;swampert_shadow:736;coalossal:687;lickilicky:629;quagsire_shadow:530,gligar_shadow:217;ninetales_shadow:253;clodsire:274;cradily:302;miltank:333
houndoom,Houndoom,67.8,139.5,97.3,118,1603,FIRE_FANG,FOUL_PLAY,FLAMETHROWER,64.7,41.8,61.9,50.7,abomasnow_shadow:889;piloswine:826;piloswine_shadow:805;oranguru:707;furret:559,ninetales_shadow:202;clodsire:252;cradily:277;miltank:330;gligar_shadow:339
infernape_shadow,Infernape (Shadow),67.8,136.6,100.4,119,1633,FIRE_SPIN,CLOSE_COMBAT,BLAST_BURN,63.7,42.6,64.5,48.9,abomasnow_shadow:890;piloswine:806;piloswine_shadow:794;coalossal:718;miltank:550,ninetales_shadow:226;clodsire:262;gligar_shadow:278;cradily:319;furret:353
serperior_shadow,Serperior (Shadow),67.8,110.2,142.2,130,2038,VINE_WHIP,FRENZY_PLANT,LEAF_TORNADO,67.7,40.3,66.7,55.9,quagsire_shadow:800;gliscor:684;gligar_shadow:588;stunfisk_galarian:550;furret:534,ninetales_shadow:99;piloswine:295;cradily:354;clodsire:403;miltank:433
darmanitan_standard_shadow,Darmanitan (Standard) (Shadow),67.7,149.7,72,138,1490,INCINERATE,ROCK_SLIDE,OVERHEAT,70.2,47.9,43.8,48.4,piloswine:822;piloswine_shadow:822;clodsire:760;cradily:666;toucannon_shadow:572,miltank:213;ninetales_shadow:257;gligar_shadow:278;blaziken_shadow:306;furret:340
parasect,Parasect,67.7,124.1,118.2,123,1807,FURY_CUTTER,X_SCISSOR,CROSS_POISON,66.1,43.5,64.3,51.5,drampa:752;swampert_shadow:723;cradily:703;dubwool:682;piloswine_shadow:589,ninetales_shadow:138;gligar_shadow:148;clodsire:206;miltank:370;furret:378
tauros,Tauros,67.7,125.1,119.5,120,1795,TACKLE,TRAILBLAZE,HORN_ATTACK,62.9,57.2,62.8,51.8,fletchinder_shadow:695;ludicolo:679;farfetchd:583;gligar:537;swampert_shadow:520,ninetales_shadow:273;cradily:319;gligar_shadow:324;clodsire:334;miltank:423
geodude_shadow,Geodude (Shadow),67.5,123.5,123.5,113,1724,ROCK_THROW,ROCK_TOMB,ROCK_SLIDE,70.6,38.9,47.7,61.3,ninetales_shadow:889;toucannon_shadow:862;fearow:853;ninetales:738;pidgeot:676,clodsire:170;miltank:260;cradily:298;gligar_shadow:339;furret:340
watchog_shadow,Watchog (Shadow),67.3,125.1,114,125,1785,LOW_KICK,CRUNCH,HYPER_FANG,59.4,47.7,66.8,26,lickilicky:612;ludicolo:604;miltank:588;dunsparce:588;pidgeot:552,gligar_shadow:129;ninetales_shadow:202;clodsire:286;furret:303;cradily:368
graveler,Graveler,67.2,121.4,130.9,116,1845,MUD_SLAP,ROCK_SLIDE,DIG,66.1,35.8,58.5,48.4,blaziken_shadow:892;ninetales_shadow:556;lickilicky:530;miltank:512;fearow:508,gligar_shadow:110;cradily:225;furret:253;piloswine:253;clodsire:396
ho_oh_shadow,Ho-Oh (Shadow),67.1,123.4,126.4,113,1764,INCINERATE,BRAVE_BIRD,SACRED_FIRE,61.7,40.8,69.6,54.8,abomasnow_shadow:840;victreebel_shadow:783;piloswine_shadow:716;diggersby:703;jumpluff:522,miltank:183;ninetales_shadow:210;clodsire:242;cradily:277;gligar_shadow:385
rhyhorn,Rhyhorn,67.1,112.5,111,159,1987,MUD_SLAP,BULLDOZE,STOMP,68.6,39.6,57.7,62.8,blaziken_shadow:883;ninetales:786;ninetales_shadow:767;lickilicky:616;miltank:603,piloswine:230;cradily:239;furret:253;gligar_shadow:301;clodsire:442
pumpkaboo_large,Pumpkaboo (Large),67,113.4,115.1,133,1737,ASTONISH,GRASS_KNOT,FOUL_PLAY,61.7,40.6,60.2,48.9,swampert_shadow:718;quagsire_shadow:612;marowak_shadow:575;magmar:575;stunfisk_galarian:545,ninetales_shadow:202;gligar_shadow:244;miltank:336;clodsire:444;cradily:454
chandelure,Chandelure,66.9,151.4,105.2,93,1482,INCINERATE,SHADOW_BALL,ENERGY_BALL,64.7,48.7,47.8,43.5,abomasnow_shadow:865;piloswine:822;cradily:784;piloswine_shadow:779;dubwool:768,furret:218;ninetales_shadow:226;gligar_shadow:232;miltank:243;clodsire:480
oddish,Oddish,66.8,122.6,106.7,120,1571,ACID,SEED_BOMB,SLUDGE_BOMB,62.2,45.3,62.9,44.5,swampert_shadow:829;quagsire_shadow:741;dartrix:595;dunsparce:587;ludicolo:562,clodsire:170;ninetales_shadow:194;gligar_shadow:286;miltank:303;cradily:388
exeggutor_shadow,Exeggutor (Shadow),66.7,136.1,92.5,131,1650,CONFUSION,SEED_BOMB,PSYCHIC,68.2,54.6,59.2,39.4,blaziken_shadow:767;blaziken:767;clodsire:675;diggersby:599;swampert_shadow:595,gligar_shadow:263;miltank:270;ninetales_shadow:305;furret:315;cradily:423
grovyle_shadow,Grovyle (Shadow),66.7,136.3,103.2,117,1647,BULLET_SEED,LEAF_BLADE,AERIAL_ACE,61.1,35.6,66.7,28.8,quagsire_shadow:893;swampert_shadow:880;stunfisk_galarian:628;diggersby:585;piloswine:572,ninetales_shadow:297;clodsire:298;cradily:312;miltank:326;gligar_shadow:423
tangrowth,Tangrowth,66.6,120.7,112.7,136,1852,VINE_WHIP,POWER_WHIP,ROCK_SLIDE,57.5,31.1,65.7,47.9,swampert_shadow:930;quagsire_shadow:797;diggersby:705;ludicolo:514;stunfisk_galarian:507,ninetales_shadow:99;clodsire:326;cradily:343;miltank:350;gligar_shadow:454
raboot,Raboot,66.5,128.8,103.7,130,1738,FIRE_SPIN,FLAME_CHARGE,FLAMETHROWER,62.6,41.5,58.5,52,abomasnow_shadow:903;piloswine_shadow:803;piloswine:673;jumpluff:569;miltank:550,cradily:250;gligar_shadow:278;ninetales_shadow:281;furret:340;clodsire:367
sandygast,Sandygast,66.4,113.4,111.7,135,1712,ASTONISH,SHADOW_BALL,SAND_TOMB,64.6,45.2,56.7,51,magmar:696;gligar:614;typhlosion_shadow:574;clodsire:566;gligar_shadow:537,furret:212;piloswine:253;ninetales_shadow:281;cradily:312;miltank:376
zoroark_hisuian,Zoroark (Hisuian),66.3,163.4,87.5,96,1374,SHADOW_CLAW,SHADOW_BALL,FOUL_PLAY,64.7,49.9,61.9,23.4,magcargo:744;piloswine_shadow:578;toucannon_shadow:526;stunfisk_galarian:526;flygon_shadow:520,ninetales_shadow:226;gligar_shadow:244;miltank:276;clodsire:461;cradily:489
snover,Snover,66,109.2,100.8,142,1564,POWDER_SNOW,ENERGY_BALL,ICE_BEAM,63.6,29.5,64.6,40.2,swampert_shadow:676;gliscor:605;gligar:602;gligar_shadow:531;piloswine:531,ninetales_shadow:99;miltank:360;furret:440;clodsire:468;cradily:496
exeggutor_alolan_shadow,Exeggutor (Alolan) (Shadow),65.7,134.4,94.8,131,1670,DRAGON_TAIL,SEED_BOMB,DRACO_METEOR,65.2,49,58.4,36.5,diggersby:713;swampert_shadow:706;coalossal:618;dunsparce:534;ludicolo:526,ninetales_shadow:222;gligar_shadow:232;clodsire:334;cradily:371;miltank:386
golett,Golett,65.7,119.3,89.9,141,1513,ASTONISH,SHADOW_PUNCH,BRICK_BREAK,66.1,57,48,46.6,skeledirge:684;marowak_alolan_shadow:673;magmar:645;typhlosion_shadow:599;clodsire:503,miltank:280;ninetales_shadow:293;furret:296;cradily:347;gligar_shadow:435
watchog,Watchog,65.7,125.1,114,125,1785,LOW_KICK,CRUNCH,GRASS_KNOT,59.9,47.9,70.1,38.4,quagsire_shadow:660;diggersby_shadow:612;quagsire:608;swampert:592;piloswine:544,ninetales_shadow:162;clodsire:266;gligar_shadow:335;miltank:380;cradily:381
trapinch_shadow,Trapinch (Shadow),65.6,148.7,78.1,120,1395,SAND_ATTACK,SAND_TOMB,CRUNCH,57.2,46.8,56,38.9,clodsire:820;stunfisk_galarian:812;blaziken_shadow:658;coalossal:583;turtonator:529,gligar_shadow:76;ninetales_shadow:297;cradily:350;miltank:356;furret:381
oricorio_baile,Oricorio (Baile),65.5,130.8,102,128,1710,AIR_SLASH,AIR_CUTTER,HURRICANE,62.2,37,66.3,45.3,blaziken_shadow:871;blaziken:675;victreebel_shadow:582;diggersby:550;jumpluff:550,miltank:166;clodsire:250;cradily:281;gligar_shadow:423;ninetales_shadow:488
swadloon,Swadloon,65.5,106.7,146.2,135,2106,BUG_BITE,ENERGY_BALL,SILVER_WIND,63.1,30.8,62.8,63.9,ludicolo:700;dubwool:651;swampert_shadow:648;furret:592;quagsire_shadow:588,ninetales_shadow:130;gligar_shadow:194;clodsire:300;cradily:399;miltank:480
shiinotic,Shiinotic,65.4,116.5,134.2,123,1925,ASTONISH,SEED_BOMB,MOONBLAST,62.7,34.4,63.6,54.1,quagsire_shadow:796;swampert_shadow:634;stunfisk_galarian:556;drampa:520;gligar:516,ninetales_shadow:182;clodsire:257;cradily:288;miltank:353;gligar_shadow:408
leavanny,Leavanny,65.3,129.4,110.2,121,1727,SHADOW_CLAW,LEAF_BLADE,X_SCISSOR,61.2,39.6,60.4,40.7,swampert_shadow:921;quagsire_shadow:793;piloswine:661;piloswine_shadow:623;diggersby:578,ninetales_shadow:162;miltank:246;clodsire:290;cradily:357;gligar_shadow:400
porygon,Porygon,65.3,120,115.4,135,1870,QUICK_ATTACK,DISCHARGE,HYPER_BEAM,58.4,42.4,72.4,34.2,ludicolo:614;miltank:611;gligar_shadow:600;gligar:596;lickilicky:533,ninetales_shadow:202;furret:206;cradily:208;clodsire:221;piloswine:253
bayleef,Bayleef,65.1,105.5,141.5,142,2122,MAGICAL_LEAF,ANCIENT_POWER,ENERGY_BALL,58.7,28.3,64.3,62.1,swampert_shadow:940;quagsire_shadow:926;diggersby:644;ludicolo:584;oranguru:517,ninetales_shadow:142;cradily:343;clodsire:355;miltank:400;gligar_shadow:454
houndour,Houndour,65.1,140.3,82.3,120,1387,EMBER,CRUNCH,FLAMETHROWER,65.4,57.9,63.8,25.5,piloswine:787;piloswine_shadow:745;fearow:662;jumpluff:620;toucannon_shadow:579,gligar_shadow:171;cradily:305;clodsire:317;miltank:326;ninetales_shadow:392
ivysaur,Ivysaur,65,118.7,121,131,1883,VINE_WHIP,POWER_WHIP,SLUDGE_BOMB,58.7,30,66.7,46.9,swampert_shadow:893;quagsire_shadow:755;dubwool:717;diggersby:713;cradily:511,ninetales_shadow:99;gligar_shadow:171;piloswine:262;clodsire:353;miltank:410
eldegoss,Eldegoss,64.8,108.4,160.4,119,2070,BULLET_SEED,ENERGY_BALL,GRASS_KNOT,55.4,33.6,62.6,57.2,quagsire_shadow:815;swampert_shadow:760;stunfisk_galarian:630;diggersby:613;lickilicky:567,ninetales_shadow:87;cradily:260;miltank:326;gligar_shadow:381;clodsire:391
pumpkaboo_average,Pumpkaboo (Average),64.7,114.2,115.9,126,1670,ASTONISH,GRASS_KNOT,FOUL_PLAY,57.5,37,58.7,44.5,swampert_shadow:702;stunfisk_galarian:646;quagsire_shadow:595;marowak_shadow:551;magmar:551,ninetales_shadow:202;gligar_shadow:209;miltank:230;cradily:437;clodsire:447
stufful_shadow,Stufful (Shadow),64.6,124.8,92.1,156,1795,TACKLE,SUPER_POWER,STOMP,61.6,53.1,68.9,37.3,diggersby:714;miltank:692;lickilicky:689;coalossal:641;ludicolo:625,cradily:190;gligar_shadow:267;clodsire:334;furret:340;ninetales_shadow:349
oddish_shadow,Oddish (Shadow),64.3,122.6,106.7,120,1571,ACID,SEED_BOMB,SLUDGE_BOMB,61.4,45.5,59.9,32.9,swampert_shadow:829;jumpluff:791;quagsire_shadow:675;ludicolo:675;dunsparce:504,gligar_shadow:141;clodsire:216;ninetales_shadow:226;cradily:322;miltank:360
exeggutor,Exeggutor,64.1,136.1,92.5,131,1650,CONFUSION,SEED_BOMB,PSYCHIC,63.4,49.9,55.6,38.9,blaziken:812;blaziken_shadow:767;swampert_shadow:629;victreebel_shadow:622;quagsire_shadow:511,miltank:220;gligar_shadow:232;ninetales_shadow:257;cradily:361;clodsire:451
heatmor,Heatmor,64.1,134.6,92.6,134,1671,FIRE_SPIN,THUNDER_PUNCH,FLAMETHROWER,65.6,38.2,54.6,42,abomasnow_shadow:884;piloswine_shadow:828;piloswine:817;pidgeot:574;miltank:511,clodsire:218;gligar_shadow:270;furret:278;cradily:298;ninetales_shadow:440
tangrowth_shadow,Tangrowth (Shadow),64.1,120.7,112.7,136,1852,VINE_WHIP,POWER_WHIP,ROCK_SLIDE,54.9,29.4,63.6,35,swampert_shadow:908;quagsire_shadow:753;diggersby:680;gliscor:529;furret:518,ninetales_shadow:130;miltank:186;gligar_shadow:213;cradily:336;clodsire:362
krokorok,Krokorok,64,134,87.9,142,1674,MUD_SLAP,CRUNCH,EARTHQUAKE,59.2,32.9,55.5,49.4,magcargo:855;blaziken_shadow:848;blaziken:827;coalossal:735;lickilicky:503,gligar_shadow:110;miltank:213;cradily:256;ninetales_shadow:476;clodsire:497
geodude,Geodude,63.9,123.5,123.5,113,1724,ROCK_THROW,ROCK_TOMB,ROCK_SLIDE,64.4,37.9,50.4,59.7,toucannon_shadow:871;ninetales:765;ninetales_shadow:738;pidgeot:694;coalossal:584,clodsire:170;cradily:253;gligar_shadow:297;furret:303;miltank:343
shiinotic_shadow,Shiinotic (Shadow),63.7,116.5,134.2,123,1925,ASTONISH,SEED_BOMB,MOONBLAST,61.4,37.1,60.2,40.7,quagsire_shadow:776;flygon_shadow:760;swampert_shadow:686;marowak_shadow:666;furret:569,miltank:96;ninetales_shadow:202;gligar_shadow:270;clodsire:317;cradily:336
wormadam_plant,Wormadam (Plant),63.6,110,144.8,128,2040,SUCKER_PUNCH,ENERGY_BALL,BUG_BUZZ,60.7,35.6,63.4,52.3,swampert_shadow:792;oranguru:652;dubwool:621;furret:585;quagsire_shadow:570,ninetales_shadow:194;cradily:208;gligar_shadow:232;clodsire:322;miltank:406
dolliv,Dolliv,63.5,118.4,122.6,130,1890,MAGICAL_LEAF,EARTH_POWER,TRAILBLAZE,63.2,29.7,52.6,59.5,quagsire_shadow:919;stunfisk_galarian:723;furret:588;lickilicky:542;gligar_shadow:511,ninetales_shadow:123;cradily:336;piloswine:357;clodsire:389;miltank:426
entei_shadow,Entei (Shadow),63.4,128.8,95.1,139,1705,FIRE_FANG,FLAME_CHARGE,SCORCHING_SANDS,66.4,41.5,47.3,55.4,abomasnow_shadow:888;piloswine_shadow:823;piloswine:816;victreebel_shadow:780;toucannon_shadow:636,ninetales_shadow:242;clodsire:283;cradily:298;gligar_shadow:354;miltank:376
floragato,Floragato,63.4,124.4,110.5,131,1803,LEAFAGE,ENERGY_BALL,PLAY_ROUGH,57.4,30.6,58.7,47.6,swampert_shadow:942;quagsire_shadow:919;diggersby:702;stunfisk_galarian:660;ludicolo:526,ninetales_shadow:130;miltank:203;clodsire:338;cradily:347;gligar_shadow:480
blissey,Blissey,63.3,81,111.2,307,2769,ZEN_HEADBUTT,WILD_CHARGE,DAZZLING_GLEAM,53.5,37.4,71.3,51.5,pidgeotto_shadow:568;pidgeotto:553;farfetchd:552;fletchinder:552;pidgeot_shadow:543,ninetales_shadow:210;cradily:291;clodsire:350;gligar_shadow:370;miltank:416
bayleef_shadow,Bayleef (Shadow),63.2,105.5,141.5,142,2122,MAGICAL_LEAF,ANCIENT_POWER,ENERGY_BALL,62.1,28.8,56,50,swampert_shadow:954;quagsire_shadow:940;furret:573;stunfisk_galarian:559;gligar_shadow:549,ninetales_shadow:146;cradily:357;piloswine:366;clodsire:423;miltank:466
dugtrio_alolan,Dugtrio (Alolan),63.2,148.1,112.9,90,1506,MUD_SLAP,MUD_BOMB,IRON_HEAD,64.1,31.8,51.6,44,clodsire:800;blaziken_shadow:727;miltank:588;lickilicky:566;cradily:555,gligar_shadow:137;fearow:145;furret:287;piloswine:298;ninetales_shadow:380
arcanine_hisuian,Arcanine (Hisuian),63,132.4,99.4,129,1699,SNARL,WILD_CHARGE,ROCK_SLIDE,57.9,31.5,60.7,42,ninetales_shadow:825;ninetales:732;pidgeot:670;typhlosion_shadow:596;toucannon_shadow:581,clodsire:187;cradily:260;miltank:316;gligar_shadow:354;furret:359
braviary,Braviary,63,133.7,92.9,135,1678,AIR_SLASH,FLY,CLOSE_COMBAT,55,31.4,61.6,37.6,blaziken_shadow:818;ludicolo:644;diggersby:633;roserade:607;lickilicky:514,miltank:166;clodsire:175;cradily:208;ninetales_shadow:253;gligar_shadow:309
entei,Entei,63,129.3,96.1,140,1741,FIRE_FANG,FLAME_CHARGE,SCORCHING_SANDS,60.7,38.6,57.2,53,abomasnow_shadow:889;piloswine_shadow:817;victreebel_shadow:796;piloswine:685;jumpluff:578,clodsire:221;cradily:267;miltank:283;ninetales_shadow:301;gligar_shadow:312
pumpkaboo_small,Pumpkaboo (Small),62.8,115.1,116.8,119,1600,ASTONISH,GRASS_KNOT,FOUL_PLAY,55,34.5,56,42.2,swampert_shadow:684;decidueye_hisuian:651;swampert:626;quagsire_shadow:571;marowak_shadow:529,miltank:96;ninetales_shadow:202;gligar_shadow:209;cradily:416;clodsire:478
houndoom_shadow,Houndoom (Shadow),62.7,139.5,97.3,118,1603,SNARL,FOUL_PLAY,FLAMETHROWER,55.4,41.5,58.2,18.2,oranguru:699;dartrix:639;jumpluff:610;flygon_shadow:580;piloswine:546,ninetales_shadow:170;cradily:302;miltank:330;clodsire:355;gligar_shadow:435
appletun,Appletun,62.6,116.5,102.5,161,1924,ASTONISH,ENERGY_BALL,OUTRAGE,60.6,30.3,61.6,44.8,quagsire_shadow:652;ludicolo:630;swampert_shadow:611;gligar_shadow:543;diggersby:534,miltank:73;ninetales_shadow:253;cradily:329;furret:343;clodsire:399
raticate,Raticate,62.6,125.9,116,122,1783,QUICK_ATTACK,HYPER_FANG,DIG,50.2,39.3,68.4,31.9,quagsire_shadow:643;farfetchd:594;pidgeotto:586;marshtomp_shadow:549;pidgeotto_shadow:532,ninetales_shadow:202;cradily:246;gligar_shadow:251;clodsire:367;miltank:373
ursaluna_shadow,Ursaluna (Shadow),62.6,125.6,98.6,144,1786,TACKLE,SWIFT,HIGH_HORSEPOWER,55.9,40.8,51.9,33.2,fletchinder:663;dunsparce:656;gliscor:531;pidgeot:520;turtonator:517,cradily:190;clodsire:211;miltank:223;gligar_shadow:267;ninetales_shadow:337
dugtrio_alolan_shadow,Dugtrio (Alolan) (Shadow),62.4,148.1,112.9,90,1506,MUD_SLAP,MUD_BOMB,IRON_HEAD,63.2,34.2,46.1,46.9,magcargo:794;clodsire:777;blaziken_shadow:716;stunfisk_galarian:544;miltank:538,gligar_shadow:137;cradily:319;furret:331;piloswine:366;ninetales_shadow:440
grotle_shadow,Grotle (Shadow),62.4,117.8,114.8,141,1908,RAZOR_LEAF,ENERGY_BALL,BODY_SLAM,62.7,37.1,50.9,62.3,swampert_shadow:946;quagsire_shadow:943;piloswine_shadow:698;diggersby:680;piloswine:677,ninetales_shadow:218;miltank:296;cradily:322;clodsire:348;gligar_shadow:412
ivysaur_shadow,Ivysaur (Shadow),62.4,119.8,121.3,129,1877,VINE_WHIP,POWER_WHIP,SLUDGE_BOMB,52.2,25,65.5,41.2,swampert_shadow:872;quagsire_shadow:717;diggersby:624;ludicolo:585;furret:527,ninetales_shadow:130;miltank:186;gligar_shadow:213;clodsire:362;cradily:395
dugtrio_shadow,Dugtrio (Shadow),62.2,136.7,120,100,1643,SUCKER_PUNCH,MUD_BOMB,STONE_EDGE,59.4,46.7,47.5,34,clodsire:865;stunfisk_galarian:660;dunsparce:620;skeledirge:590;coalossal:560,ninetales_shadow:257;miltank:260;cradily:277;furret:284;gligar_shadow:339
porygon2,Porygon2,62.2,122.1,117.9,127,1830,LOCK_ON,TRI_ATTACK,ZAP_CANNON,54.7,46.1,60.4,33.7,noctowl:791;ludicolo:653;farfetchd:610;gligar_shadow:523;gligar:507,furret:81;ninetales_shadow:87;cradily:190;clodsire:375;miltank:403
cherrim_sunny,Cherrim (Sunshine),62,121.8,116.2,130,1843,BULLET_SEED,WEATHER_BALL_FIRE,SOLAR_BEAM,58.2,30.8,60.6,37.8,diggersby:688;swampert_shadow:615;quagsire_shadow:607;stunfisk_galarian:542;furret:507,ninetales_shadow:63;cradily:201;gligar_shadow:278;clodsire:377;miltank:476
herdier,Herdier,62,118.8,111.6,142,1885,SAND_ATTACK,DIG,THUNDERBOLT,51,38.5,66.2,42.2,coalossal:750;castform_sunny:658;clodsire:598;pidgeotto_shadow:573;farfetchd:542,gligar_shadow:251;ninetales_shadow:253;cradily:291;furret:340;miltank:346
stoutland,Stoutland,62,123.8,116.2,125,1799,SAND_ATTACK,WILD_CHARGE,CRUNCH,51,40.5,60.1,36.5,skeledirge:708;rufflet:708;farfetchd:628;pidgeotto_shadow:612;pidgeot_shadow:556,miltank:216;ninetales_shadow:253;cradily:270;gligar_shadow:282;clodsire:348
fuecoco,Fuecoco,61.8,106.7,93.2,152,1513,INCINERATE,CRUNCH,FLAMETHROWER,62.1,42.3,59.4,40.2,abomasnow_shadow:848;piloswine_shadow:832;jumpluff:782;piloswine:690;stunfisk_galarian:519,gligar_shadow:217;clodsire:322;cradily:347;ninetales_shadow:373;miltank:406
ursaluna,Ursaluna,61.8,125.6,98.6,144,1786,TACKLE,SWIFT,HIGH_HORSEPOWER,59.2,37.9,56,36.3,clodsire:569;typhlosion_shadow:548;lickilicky:538;gligar:524;dunsparce:517,cradily:190;furret:237;ninetales_shadow:253;gligar_shadow:278;miltank:446
simisear,Simisear,61.7,135.9,95.8,126,1642,FIRE_SPIN,CRUNCH,FLAMETHROWER,56.2,37.4,53.3,42.2,abomasnow_shadow:876;piloswine_shadow:817;victreebel_shadow:742;piloswine:630;jumpluff:531,clodsire:218;ninetales_shadow:226;cradily:256;gligar_shadow:270;miltank:426
teddiursa_shadow,Teddiursa (Shadow),61.7,131.5,90.4,142,1690,LICK,SWIFT,CROSS_CHOP,54.2,48.8,55.8,24.4,lileep_shadow:700;fletchinder_shadow:573;victini:573;talonflame:538;incineroar:531,ninetales_shadow:253;gligar_shadow:267;miltank:316;clodsire:341;cradily:413
trapinch,Trapinch,61.7,148.7,78.1,120,1395,SAND_ATTACK,SAND_TOMB,CRUNCH,57,52.3,52.2,37.1,magcargo:787;dunsparce:658;coalossal:650;turtonator:612;flygon_shadow:587,gligar_shadow:83;miltank:293;ninetales_shadow:297;cradily:312;clodsire:439
exeggcute,Exeggcute,61.6,102.5,117.6,142,1713,CONFUSION,SEED_BOMB,ANCIENT_POWER,61.9,42.3,55.6,48.9,quagsire_shadow:802;swampert_shadow:746;blaziken_shadow:742;marowak_shadow:612;diggersby:517,ninetales_shadow:194;cradily:305;miltank:346;gligar_shadow:396;clodsire:480
tsareena,Tsareena,61.5,130.4,120.6,109,1715,MAGICAL_LEAF,TRIPLE_AXEL,HIGH_JUMP_KICK,55,28.5,56,42.5,swampert_shadow:940;quagsire_shadow:922;stunfisk_galarian:665;lickilicky:655;furret:509,ninetales_shadow:123;miltank:196;cradily:246;gligar_shadow:251;clodsire:375
gloom,Gloom,61.4,121.3,115.9,131,1844,ACID,SLUDGE_BOMB,MOONBLAST,56.2,33.6,60.9,39.9,ludicolo:637;dubwool:564;dartrix:538;furret:534;quagsire_shadow:515,gligar_shadow:129;ninetales_shadow:194;clodsire:199;miltank:410;cradily:423
rillaboom,Rillaboom,61.4,132.4,99.3,129,1696,RAZOR_LEAF,DRUM_BEATING,EARTH_POWER,62.4,36.7,48.5,55.1,quagsire_shadow:949;swampert_shadow:937;piloswine_shadow:655;stunfisk_galarian:562;diggersby:507,ninetales_shadow:214;cradily:298;gligar_shadow:339;miltank:376;clodsire:473
silicobra,Silicobra,61.3,99.1,115.9,131,1506,MUD_SLAP,EARTH_POWER,WRAP,58.4,34.9,52.9,50.7,clodsire:759;coalossal:690;typhlosion_shadow:580;stunfisk_galarian:511;dubwool:511,cradily:194;furret:240;gligar_shadow:263;ninetales_shadow:365;miltank:373
exeggcute_shadow,Exeggcute (Shadow),61.2,102.5,117.6,142,1713,CONFUSION,SEED_BOMB,ANCIENT_POWER,61.2,43.5,56.3,44,blaziken_shadow:806;quagsire_shadow:781;blaziken:742;swampert_shadow:672;marowak_shadow:538,gligar_shadow:202;ninetales_shadow:226;furret:237;miltank:243;cradily:319
lilligant_hisuian,Lilligant (Hisuian),61.1,133.4,107.7,117,1683,BULLET_SEED,UPPER_HAND,PETAL_BLIZZARD,52.2,25.6,57.3,38.9,quagsire_shadow:764;stunfisk_galarian:636;swampert_shadow:636;lickilicky:594;furret:542,ninetales_shadow:63;gligar_shadow:99;clodsire:204;cradily:336;miltank:400
lombre,Lombre,61.1,106.7,112.6,142,1706,BUBBLE,SCALD,GRASS_KNOT,51.7,27.9,64.8,43.5,stunfisk_galarian:735;coalossal:679;diggersby:651;swampert_shadow:619;quagsire_shadow:616,cradily:145;ninetales_shadow:281;gligar_shadow:312;miltank:356;clodsire:490
tranquill_shadow,Tranquill (Shadow),61,123.9,102.2,143,1812,AIR_SLASH,HEAT_WAVE,AERIAL_ACE,57.7,35.5,53.6,43,blaziken_shadow:800;victreebel_shadow:744;flapple:716;ludicolo:629;farfetchd:566,miltank:190;clodsire:197;cradily:225;ninetales_shadow:281;gligar_shadow:347
nuzleaf_shadow,Nuzleaf (Shadow),60.9,125.2,78.1,157,1536,FEINT_ATTACK,LEAF_BLADE,FOUL_PLAY,56.9,38.2,56.3,31.7,oranguru:671;ludicolo:598;swampert_shadow:573;diggersby:570;furret:544,gligar_shadow:209;miltank:223;ninetales_shadow:226;clodsire:341;cradily:395
raticate_shadow,Raticate (Shadow),60.9,125.9,116,122,1783,QUICK_ATTACK,HYPER_FANG,DIG,47.5,37.4,62.6,21.3,coalossal:663;quagsire:643;ludicolo:631;castform_sunny:573;pidgeotto:532,gligar_shadow:213;ninetales_shadow:242;cradily:277;clodsire:379;miltank:453
cubone_shadow,Cubone (Shadow),60.7,88.2,133.6,127,1497,MUD_SLAP,BONE_CLUB,DIG,60.9,33.6,50.7,42.5,blaziken_shadow:838;coalossal:759;clodsire:748;turtonator:598;stunfisk_galarian:503,gligar_shadow:152;cradily:277;ninetales_shadow:365;furret:365;miltank:380
dugtrio,Dugtrio,60.6,136.7,120,100,1643,SUCKER_PUNCH,MUD_BOMB,STONE_EDGE,52.5,38.9,53.6,31.1,girafarig_shadow:655;dunsparce:645;coalossal:620;skeledirge:595;castform_sunny:595,miltank:223;cradily:253;gligar_shadow:255;ninetales_shadow:281;clodsire:413
tranquill,Tranquill,59.9,123.9,102.2,143,1812,AIR_SLASH,HEAT_WAVE,AERIAL_ACE,55.7,31.7,59.5,44.5,decidueye_hisuian:870;ludicolo:681;farfetchd:604;jumpluff:552;diggersby:531,miltank:166;cradily:194;clodsire:194;ninetales_shadow:226;gligar_shadow:309
eevee,Eevee,59.8,99.9,108.3,135,1463,QUICK_ATTACK,BODY_SLAM,DIG,56.2,50.5,54.6,38.1,growlithe_hisuian:833;typhlosion_shadow:655;growlithe:574;arcanine_shadow:566;magmar_shadow:522,cradily:211;ninetales_shadow:297;clodsire:312;gligar_shadow:354;miltank:356
indeedee_female,Indeedee (Female),59.7,121.7,128.2,118,1842,EXTRASENSORY,ENERGY_BALL,PSYCHIC,50.7,37.6,61.1,36.8,seismitoad:686;ursaring:631;decidueye_hisuian:622;quagsire:588;ludicolo:580,ninetales_shadow:198;cradily:305;miltank:360;gligar_shadow:446;clodsire:497
nuzleaf,Nuzleaf,59.5,125.2,78.1,157,1536,FEINT_ATTACK,LEAF_BLADE,FOUL_PLAY,55.9,37.9,53.8,33.7,quagsire_shadow:745;oranguru:732;swampert_shadow:656;ludicolo:601;marowak_shadow:595,miltank:186;ninetales_shadow:194;gligar_shadow:213;clodsire:286;cradily:326
persian,Persian,59.4,118.6,116.3,137,1890,FEINT_ATTACK,NIGHT_SLASH,POWER_GEM,53.7,39.1,61.6,37.3,skeledirge:656;abomasnow:565;marowak_alolan_shadow:554;pidgeotto_shadow:547;torkoal:507,ninetales_shadow:202;clodsire:334;gligar_shadow:339;cradily:347;miltank:366
groudon_shadow,Groudon (Shadow),59.3,133.9,116.5,104,1623,MUD_SHOT,PRECIPICE_BLADES,FIRE_PUNCH,62.7,51.5,64.8,16.2,clodsire:879;magcargo:764;stunfisk_galarian:682;coalossal:629;turtonator:538,furret:128;ninetales_shadow:194;miltank:260;gligar_shadow:278;cradily:451
phanpy,Phanpy,59.3,102.5,94.9,186,1811,TACKLE,ROCK_SLIDE,TRAILBLAZE,51.2,35.8,59.4,50,growlithe_hisuian:658;centiskorch:580;marowak_shadow:513;fearow:510;trumbeak:505,ninetales_shadow:170;miltank:320;cradily:326;clodsire:379;gligar_shadow:435
grotle,Grotle,59.2,117.8,114.8,141,1908,RAZOR_LEAF,BODY_SLAM,ENERGY_BALL,58.2,34.7,51.9,57.4,swampert_shadow:960;quagsire_shadow:953;piloswine_shadow:677;stunfisk_galarian:556;diggersby:514,ninetales_shadow:202;cradily:295;miltank:376;gligar_shadow:377;clodsire:391
cubone,Cubone,59,88.2,133.6,127,1497,MUD_SLAP,BONE_CLUB,RETURN,57.9,28,54.8,49.7,coalossal:649;clodsire:598;stunfisk_galarian:578;ninetales:511;turtonator:507,gligar_shadow:118;miltank:300;ninetales_shadow:309;furret:315;cradily:371
golem_shadow,Golem (Shadow),58.8,125.1,122.2,117,1791,MUD_SLAP,STONE_EDGE,EARTHQUAKE,60.6,30.1,47,50.5,blaziken_shadow:893;turtonator:807;ninetales_shadow:709;coalossal:709;lickilicky:576,gligar_shadow:137;miltank:236;cradily:288;furret:328;clodsire:391
rhydon_shadow,Rhydon (Shadow),58.8,126.2,103.3,136,1776,MUD_SLAP,STONE_EDGE,EARTHQUAKE,60.9,29.4,46.5,50.2,blaziken_shadow:908;turtonator:805;coalossal:705;ninetales_shadow:691;lickilicky:555,gligar_shadow:137;miltank:236;cradily:288;furret:328;clodsire:391
delcatty,Delcatty,58.5,111.9,116.8,153,2000,CHARM,WILD_CHARGE,DISARMING_VOICE,53.7,35.2,61.6,40.4,vibrava_shadow:735;garchomp:611;noctowl:588;ludicolo:545;pidgeotto:542,ninetales_shadow:142;clodsire:223;gligar_shadow:309;cradily:368;miltank:486
toedscool,Toedscool,58.5,94.1,137.8,113,1466,MUD_SLAP,EARTH_POWER,WRAP,59,38.3,44.6,45.6,clodsire:668;stunfisk_galarian:668;swampert_shadow:584;coalossal:544;dunsparce:522,ninetales_shadow:242;furret:246;gligar_shadow:255;miltank:260;cradily:440
gloom_shadow,Gloom (Shadow),58.4,121.3,115.9,131,1844,ACID,SLUDGE_BOMB,MOONBLAST,50.5,30.9,57,38.9,flapple:690;dubwool:683;lickilicky:645;dunsparce:622;ludicolo:553,clodsire:103;gligar_shadow:171;miltank:223;ninetales_shadow:226;cradily:395
exploud,Exploud,58.2,119.7,99.4,157,1870,ASTONISH,CRUNCH,DISARMING_VOICE,51.5,35.8,57,39.9,ludicolo:621;marowak_alolan:614;dipplin:608;marowak_alolan_shadow:538;flygon:515,miltank:240;ninetales_shadow:253;cradily:361;clodsire:362;gligar_shadow:450
thwackey,Thwackey,57.9,123.6,107.5,136,1809,RAZOR_LEAF,ENERGY_BALL,GRASS_KNOT,58.5,33.6,44.6,57.2,quagsire_shadow:952;swampert_shadow:941;piloswine:665;piloswine_shadow:632;ludicolo:507,ninetales_shadow:178;cradily:277;miltank:306;clodsire:329;gligar_shadow:400
vileplume,Vileplume,57.8,128.8,112.7,120,1743,ACID,SLUDGE_BOMB,PETAL_BLIZZARD,48.9,25.7,59,32.2,dipplin:654;sceptile_shadow:641;bellossom_shadow:633;dunsparce:595;ludicolo:566,clodsire:69;gligar_shadow:171;miltank:186;ninetales_shadow:194;cradily:375
rhydon,Rhydon,57.7,126.2,103.3,136,1776,MUD_SLAP,STONE_EDGE,EARTHQUAKE,58,27.9,53.1,45.8,blaziken_shadow:878;coalossal:698;lickilicky:639;ninetales_shadow:573;miltank:533,gligar_shadow:110;cradily:239;piloswine:253;furret:278;clodsire:326
rotom_heat,Rotom (Heat),57.7,128.8,144.9,93,1737,THUNDER_SHOCK,OVERHEAT,THUNDERBOLT,54.2,23.8,67.7,24.4,pidgeot:666;piloswine:645;dubwool:645;piloswine_shadow:612;ninetales_shadow:537,gligar_shadow:129;clodsire:137;furret:165;cradily:354;miltank:456
carnivine,Carnivine,57.6,130.1,101.8,130,1724,VINE_WHIP,ENERGY_BALL,CRUNCH,51.4,28.6,55.8,34,swampert_shadow:892;quagsire_shadow:780;diggersby:661;marowak_shadow:646;ludicolo:511,ninetales_shadow:99;miltank:150;gligar_shadow:213;cradily:312;clodsire:334
loudred_shadow,Loudred (Shadow),57.6,125.2,80.6,178,1798,BITE,STOMP,DISARMING_VOICE,61.4,47.3,37.8,51.5,armarouge:735;marowak_alolan_shadow:710;girafarig:699;skeledirge:651;ludicolo:598,clodsire:281;cradily:284;miltank:293;ninetales_shadow:349;gligar_shadow:366
tangela,Tangela,57.6,125.5,122.8,116,1790,VINE_WHIP,GRASS_KNOT,SLUDGE_BOMB,52.5,26.7,58.2,34.5,swampert_shadow:918;quagsire_shadow:780;diggersby:681;ludicolo:560;marowak_shadow:560,ninetales_shadow:99;gligar_shadow:251;cradily:340;clodsire:372;miltank:396
golem,Golem,57.2,125.1,122.2,117,1791,MUD_SLAP,STONE_EDGE,EARTHQUAKE,57.7,28,52.8,45.8,blaziken_shadow:893;coalossal:705;lickilicky:623;ninetales_shadow:559;miltank:521,gligar_shadow:110;cradily:239;piloswine:253;furret:278;clodsire:326
porygon_shadow,Porygon (Shadow),57.2,120,115.4,135,1870,TACKLE,DISCHARGE,SIGNAL_BEAM,51.4,39.1,56,38.9,linoone:640;ludicolo:637;lickitung:629;marshtomp:570;pidgeotto:559,cradily:190;clodsire:211;ninetales_shadow:253;gligar_shadow:267;miltank:293
teddiursa,Teddiursa,57.2,131.5,90.4,142,1690,LICK,SWIFT,CROSS_CHOP,52.2,44.1,54.8,25,ludicolo:654;trevenant:644;victini:637;celebi:637;charmeleon:552,ninetales_shadow:253;gligar_shadow:267;miltank:283;clodsire:319;cradily:333
arboliva,Arboliva,57.1,129.2,116.6,115,1734,MAGICAL_LEAF,EARTH_POWER,TRAILBLAZE,52.7,25.4,47.8,45.3,swampert_shadow:943;quagsire_shadow:926;stunfisk_galarian:678;diggersby:656;lickilicky:630,ninetales_shadow:123;miltank:203;clodsire:211;gligar_shadow:251;cradily:375
simisage,Simisage,57,135.9,95.8,126,1642,VINE_WHIP,GRASS_KNOT,CRUNCH,47.9,28.3,57,31.9,swampert_shadow:888;quagsire_shadow:738;diggersby:658;marowak_shadow:595;ludicolo:535,ninetales_shadow:99;miltank:150;gligar_shadow:175;clodsire:338;cradily:361
ambipom_shadow,Ambipom (Shadow),56.9,133.8,100.5,124,1670,ASTONISH,AERIAL_ACE,LOW_SWEEP,53.9,35.9,46.8,26,armarouge:693;skeledirge:625;fletchinder_shadow:560;talonflame_shadow:544;talonflame:532,clodsire:240;ninetales_shadow:242;miltank:290;gligar_shadow:297;cradily:378
pupitar_shadow,Pupitar (Shadow),56.9,120.1,111.8,139,1868,BITE,ANCIENT_POWER,DIG,60.7,42,38.8,50.5,skeledirge:809;girafarig_shadow:697;typhlosion_shadow:654;trumbeak:600;toucannon_shadow:539,miltank:243;clodsire:281;cradily:284;gligar_shadow:366;ninetales_shadow:492
tangela_shadow,Tangela (Shadow),56.9,125.5,122.8,116,1790,VINE_WHIP,GRASS_KNOT,SLUDGE_BOMB,46.7,23.6,57.5,29.1,quagsire_shadow:918;swampert:918;swampert_shadow:905;diggersby:637;dunsparce:564,ninetales_shadow:130;miltank:186;gligar_shadow:213;clodsire:372;cradily:420
unfezant_shadow,Unfezant (Shadow),56.9,138.5,95.5,122,1616,AIR_SLASH,HEAT_WAVE,SKY_ATTACK,56.9,35,45.3,40.7,blaziken_shadow:823;blaziken:799;roserade:799;victreebel_shadow:668;ludicolo:569,miltank:213;clodsire:218;ninetales_shadow:222;cradily:256;gligar_shadow:270
exploud_shadow,Exploud (Shadow),56.8,119.7,99.4,157,1870,ASTONISH,CRUNCH,DISARMING_VOICE,52,38.8,50.5,34.7,armarouge:757;victini:694;ludicolo:659;dipplin:550;marowak_alolan:538,gligar_shadow:270;ninetales_shadow:281;miltank:286;clodsire:350;cradily:371
audino,Audino,56.5,92.6,137.8,190,2428,ZEN_HEADBUTT,BODY_SLAM,DISARMING_VOICE,50,38.2,59.2,42.7,nidoking:634;dhelmise:605;monferno:552;combusken:542;flygon:507,ninetales_shadow:202;cradily:270;clodsire:319;miltank:336;gligar_shadow:358
purugly,Purugly,56.4,125.5,105.5,134,1775,SHADOW_CLAW,AERIAL_ACE,THUNDER,49.7,39.9,57.7,27.3,ludicolo:638;skeledirge:623;pidgeotto:574;marowak_alolan:552;pidgeotto_shadow:537,ninetales_shadow:202;cradily:288;clodsire:293;miltank:306;gligar_shadow:408
loudred,Loudred,56.2,125.2,80.6,178,1798,BITE,DISARMING_VOICE,STOMP,56,41.8,48.8,54.6,kartana:744;golurk:702;girafarig_shadow:699;victini:676;marowak_alolan_shadow:556,ninetales_shadow:253;clodsire:254;cradily:270;gligar_shadow:312;miltank:323
porygon2_shadow,Porygon2 (Shadow),56.2,122.1,117.9,127,1830,LOCK_ON,TRI_ATTACK,ZAP_CANNON,51.2,45.8,55,20.8,noctowl:740;flygon_shadow:692;ludicolo:649;dunsparce:614;gligar:523,ninetales_shadow:170;clodsire:237;cradily:270;gligar_shadow:343;miltank:453
persian_shadow,Persian (Shadow),56,118.6,116.3,137,1890,FEINT_ATTACK,NIGHT_SLASH,POWER_GEM,48,33.8,55.3,30.6,ludicolo:642;skeledirge:594;oranguru:572;marowak_alolan:554;noctowl:507,cradily:184;ninetales_shadow:202;gligar_shadow:213;clodsire:252;miltank:353
shaymin_land,Shaymin (Land),56,117.8,122.2,132,1902,MAGICAL_LEAF,GRASS_KNOT,SEED_FLARE,51,24.8,53.9,40.7,swampert_shadow:935;quagsire_shadow:920;furret:556;stunfisk_galarian:541;diggersby:518,ninetales_shadow:123;cradily:208;miltank:260;gligar_shadow:278;clodsire:492
unfezant,Unfezant,55.1,138.5,95.5,122,1616,AIR_SLASH,HEAT_WAVE,SKY_ATTACK,51.9,31.2,48,37.1,decidueye_hisuian:864;parasect:856;blaziken_shadow:799;ludicolo:610;roserade:573,miltank:190;clodsire:197;cradily:208;ninetales_shadow:253;gligar_shadow:312
purugly_shadow,Purugly (Shadow),55,125.5,105.5,134,1775,SHADOW_CLAW,AERIAL_ACE,THUNDER,46,37.3,54.3,21.9,dartrix:727;fletchinder_shadow:638;ludicolo:615;skeledirge:548;pidgeotto:537,gligar_shadow:213;ninetales_shadow:242;clodsire:278;cradily:309;miltank:340
stantler_shadow,Stantler (Shadow),54.7,133.5,98.4,128,1684,TACKLE,WILD_CHARGE,STOMP,51.2,42.3,43.1,32.7,castform:679;staraptor:667;lickitung:660;linoone:609;dunsparce:554,cradily:190;clodsire:262;ninetales_shadow:273;miltank:293;gligar_shadow:354
stantler,Stantler,54.1,132.1,99.4,129,1695,TACKLE,WILD_CHARGE,STOMP,49,38,52.4,33.5,linoone:693;ludicolo:643;leavanny:616;pidgeotto:589;dudunsparce:589,cradily:190;ninetales_shadow:253;gligar_shadow:267;miltank:293;clodsire:319
cinccino,Cinccino,53.9,134.9,96.1,128,1661,CHARM,AQUA_TAIL,THUNDERBOLT,48.9,36.8,47.7,30.6,flygon:722;garchomp:722;flygon_shadow:714;flapple:683;ludicolo:601,ninetales_shadow:170;cradily:239;gligar_shadow:244;clodsire:288;miltank:390
phanpy_shadow,Phanpy (Shadow),53.9,102.5,94.9,186,1811,TACKLE,ROCK_SLIDE,TRAILBLAZE,48.4,35.9,50.7,44.3,bouffalant:586;seismitoad:580;dudunsparce:516;marowak:513;vigoroth:502,ninetales_shadow:253;gligar_shadow:274;cradily:288;miltank:383;clodsire:444
vileplume_shadow,Vileplume (Shadow),53.6,128.8,112.7,120,1743,ACID,SLUDGE_BOMB,MOONBLAST,43.9,27.9,51.4,32.7,cradily_shadow:670;noctowl:616;dunsparce:541;dubwool:508;ludicolo:508,clodsire:103;gligar_shadow:141;miltank:223;ninetales_shadow:226;cradily:253
rotom_mow,Rotom (Mow),52.8,128.8,144.9,93,1737,THUNDER_SHOCK,OMINOUS_WIND,LEAF_STORM,52.7,30.9,52.1,22.1,lickilicky:629;swampert_shadow:602;gliscor:586;pidgeot:559;furret:510,gligar_shadow:129;ninetales_shadow:130;clodsire:137;miltank:140;cradily:347
pupitar,Pupitar,52.6,120.1,111.8,139,1868,BITE,ANCIENT_POWER,DIG,53.9,35.2,42.9,48.1,girafarig_shadow:658;toucannon:643;fletchinder:593;fletchinder_shadow:564;dodrio:528,clodsire:211;cradily:243;gligar_shadow:278;ninetales_shadow:369;miltank:383
gumshoos,Gumshoos,52.3,134.2,84.9,147,1677,BITE,ROCK_TOMB,CRUNCH,54.7,39.6,34.8,47.4,kartana:751;armarouge:741;skeledirge:666;girafarig_shadow:663;girafarig:629,clodsire:211;cradily:243;gligar_shadow:274;miltank:293;ninetales_shadow:349
bulbasaur,Bulbasaur,52.2,111.7,105.8,120,1420,VINE_WHIP,POWER_WHIP,SEED_BOMB,45.7,31.5,48.2,33.7,swampert:870;quagsire:870;quagsire_shadow:741;swampert_shadow:600;zangoose:508,ninetales_shadow:99;miltank:256;clodsire:286;gligar_shadow:309;cradily:340
chespin_shadow,Chespin (Shadow),51.8,105,101.6,136,1452,VINE_WHIP,BODY_SLAM,SEED_BOMB,48,39.9,41.2,30.9,quagsire:922;quagsire_shadow:897;marowak_shadow:764;swampert:687;swampert_shadow:647,ninetales_shadow:99;gligar_shadow:175;cradily:256;clodsire:257;miltank:273
rowlet,Rowlet,51.8,98.3,95.7,154,1450,LEAFAGE,ENERGY_BALL,SEED_BOMB,48.5,31.4,44.3,35.3,marowak_shadow:928;swampert_shadow:769;diggersby:542;dubwool:542;ludicolo:522,ninetales_shadow:99;clodsire:242;miltank:243;cradily:270;gligar_shadow:320
sunflora,Sunflora,51.7,128.7,102.1,132,1736,BULLET_SEED,LEAF_STORM,SLUDGE_BOMB,46,19.8,51.9,23.4,diggersby:674;swampert_shadow:643;quagsire_shadow:575;dubwool:518;furret:515,ninetales_shadow:63;miltank:96;gligar_shadow:137;cradily:239;clodsire:375
komala,Komala,51.3,136.8,110.2,109,1645,ROLLOUT,PAYBACK,BULLDOZE,45.2,34.1,57,19.3,skeledirge:665;fletchinder:665;talonflame:665;typhlosion_shadow:573;ludicolo:545,cradily:145;gligar_shadow:213;ninetales_shadow:253;clodsire:286;miltank:413
bulbasaur_shadow,Bulbasaur (Shadow),50.9,111.7,105.8,120,1420,VINE_WHIP,POWER_WHIP,SEED_BOMB,44.7,30.5,46.1,23.9,swampert_shadow:845;quagsire_shadow:675;flygon_shadow:616;marowak_shadow:616;diggersby:575,ninetales_shadow:99;gligar_shadow:175;miltank:280;clodsire:336;cradily:340
maractus,Maractus,50.9,135.5,95.2,128,1652,BULLET_SEED,AERIAL_ACE,PETAL_BLIZZARD,39,25.4,52.1,21.1,swampert:726;diggersby:648;swampert_shadow:640;diggersby_shadow:597;quagsire_shadow:519,ninetales_shadow:63;miltank:96;clodsire:110;cradily:128;gligar_shadow:137
ambipom,Ambipom,50.4,133.8,100.5,124,1670,ASTONISH,AERIAL_ACE,RETURN,42.5,32.3,50.5,28.3,lampent_shadow:794;golurk_shadow:657;ludicolo:645;dipplin:540;marowak_alolan:516,cradily:225;gligar_shadow:244;miltank:266;ninetales_shadow:281;clodsire:302
sawsbuck,Sawsbuck,50.2,129.4,101.8,131,1727,FEINT_ATTACK,WILD_CHARGE,TRAILBLAZE,47.2,29.1,40.9,40.9,ludicolo:698;swampert_shadow:618;diggersby_shadow:618;swampert:618;quagsire_shadow:561,ninetales_shadow:178;gligar_shadow:225;cradily:309;miltank:316;clodsire:329
turtwig_shadow,Turtwig (Shadow),50.1,112.6,105,135,1597,TACKLE,ENERGY_BALL,BODY_SLAM,40.7,28.9,47,25,swampert:648;hippowdon:603;diggersby_shadow:596;quagsire:592;hippowdon_shadow:562,cradily:149;miltank:150;clodsire:197;ninetales_shadow:206;gligar_shadow:221
chespin,Chespin,49.9,105,101.6,136,1452,VINE_WHIP,BODY_SLAM,SEED_BOMB,47,36.5,42.6,34.7,quagsire_shadow:922;quagsire:922;swampert:753;swampert_shadow:687;marowak_shadow:687,ninetales_shadow:99;cradily:218;clodsire:237;miltank:276;gligar_shadow:332
shaymin_sky,Shaymin (Sky),49.4,139.3,94.1,123,1614,MAGICAL_LEAF,ENERGY_BALL,GRASS_KNOT,42.5,23.3,42.9,33.7,swampert_shadow:971;quagsire_shadow:963;diggersby:682;dubwool:658;ludicolo:520,ninetales_shadow:142;gligar_shadow:209;miltank:213;clodsire:218;cradily:239
turtwig,Turtwig,48.8,112.6,105,135,1597,TACKLE,ENERGY_BALL,BODY_SLAM,44.2,30,45.3,25.7,swampert:729;swampert_shadow:648;quagsire:644;quagsire_shadow:592;marowak_shadow:533,cradily:97;ninetales_shadow:138;miltank:163;gligar_shadow:187;clodsire:288
ferroseed,Ferroseed,48.4,81.5,142.8,119,1386,METAL_CLAW,GYRO_BALL,RETURN,42.7,21,48.5,36.8,lileep:642;cradily:592;victreebel_shadow:571;bellossom:567;flapple:529,ninetales_shadow:67;clodsire:257;gligar_shadow:335;furret:343;miltank:356
porygon_z_shadow,Porygon-Z (Shadow),47.8,147.6,88.1,117,1522,LOCK_ON,TRI_ATTACK,ZAP_CANNON,42.7,25.6,45.8,11,noctowl:662;gliscor_shadow:628;fearow:611;toucannon:611;toucannon_shadow:525,ninetales_shadow:138;gligar_shadow:148;miltank:150;cradily:309;clodsire:310
indeedee_male,Indeedee (Male),47.2,134.9,114.6,107,1656,EXTRASENSORY,SHADOW_BALL,PSYCHIC,35.5,24.2,50.9,23.1,emboar_shadow:761;weepinbell_shadow:668;shiinotic:579;runerigus:560;decidueye_hisuian:537,gligar_shadow:190;cradily:194;ninetales_shadow:226;clodsire:262;miltank:323
roselia,Roselia,47,138.5,105.9,110,1615,POISON_JAB,SLUDGE_BOMB,PETAL_BLIZZARD,43.5,24.8,42.9,37.6,sceptile_shadow:790;sceptile:750;flapple:686;dunsparce:545;ludicolo:518,clodsire:103;gligar_shadow:156;miltank:203;ninetales_shadow:226;cradily:253
regigigas_shadow,Regigigas (Shadow),46.4,140.2,102,110,1574,HIDDEN_POWER_ICE,CRUSH_GRIP,THUNDER,49.5,26.4,30.3,37.3,flygon_shadow:759;gliscor:709;gligar:554;toucannon_shadow:540;gligar_shadow:522,ninetales_shadow:142;miltank:190;furret:221;clodsire:305;cradily:336
deerling,Deerling,46.3,109.2,96.6,142,1499,TACKLE,WILD_CHARGE,ENERGY_BALL,42.9,28.8,43.6,30.1,ludicolo:728;quagsire:626;oinkologne_female:591;swampert:545;quagsire_shadow:521,cradily:149;miltank:170;ninetales_shadow:194;gligar_shadow:267;clodsire:370
heliolisk,Heliolisk,46.3,138.1,112.1,105,1626,VOLT_SWITCH,BREAKING_SWIPE,PARABOLIC_CHARGE,44.9,24.8,35.8,29.1,toucannon_shadow:771;noctowl:704;ludicolo:652;pidgeot:628;dartrix:566,gligar_shadow:156;clodsire:177;cradily:253;ninetales_shadow:281;miltank:283
porygon_z,Porygon-Z,46.2,147.6,88.1,117,1522,LOCK_ON,TRI_ATTACK,ZAP_CANNON,42.5,29.7,42.7,11.3,noctowl:717;dodrio:653;toucannon_shadow:611;flygon_shadow:606;dunsparce:517,ninetales_shadow:154;clodsire:237;miltank:266;cradily:274;gligar_shadow:328
skiddo,Skiddo,45.8,115.9,98.3,151,1722,ROCK_SMASH,SEED_BOMB,BRICK_BREAK,44,26.1,39.5,35.3,obstagoon_shadow:678;oinkologne_female:655;meowscarada:579;stunfisk_galarian:546;quagsire:536,clodsire:117;gligar_shadow:125;ninetales_shadow:166;miltank:366;cradily:368
heliolisk_shadow,Heliolisk (Shadow),45.5,138.1,112.1,105,1626,VOLT_SWITCH,BREAKING_SWIPE,PARABOLIC_CHARGE,45.2,25.4,30.2,29.1,toucannon_shadow:795;fearow:771;noctowl:652;pidgeot:585;ludicolo:523,cradily:170;gligar_shadow:194;clodsire:211;miltank:283;ninetales_shadow:341
cherrim_overcast,Cherrim (Overcast),44.5,121.8,116.2,130,1843,BULLET_SEED,DAZZLING_GLEAM,SOLAR_BEAM,34.7,16.8,48.8,20.6,swampert_shadow:696;quagsire_shadow:607;ludicolo:573;oranguru:542;dubwool:507,ninetales_shadow:63;clodsire:98;cradily:104;gligar_shadow:125;miltank:300
ferroseed_shadow,Ferroseed (Shadow),43.5,81.5,142.8,119,1386,METAL_CLAW,GYRO_BALL,IRON_HEAD,38.8,19.8,41.9,30.6,lileep:689;cradily_shadow:617;victreebel:571;victreebel_shadow:533;flygon_shadow:529,ninetales_shadow:99;gligar_shadow:202;clodsire:326;miltank:336;cradily:434
lilligant,Lilligant,38.7,136.5,105.8,114,1649,CHARM,PETAL_BLIZZARD,HYPER_BEAM,41.5,25.1,22.5,31.4,garchomp_shadow:754;flygon:719;garchomp:719;flygon_shadow:706;flapple:644,clodsire:132;ninetales_shadow:142;miltank:213;cradily:239;gligar_shadow:240
regigigas,Regigigas,32.3,139.8,104.3,110,1605,HIDDEN_POWER_GROUND,CRUSH_GRIP,THUNDER,32.3,18.2,25.9,25.5,growlithe_hisuian:850;salazzle:795;heatran:745;typhlosion_shadow:559;rapidash_shadow:559,gligar_shadow:83;cradily:177;miltank:236;clodsire:240;ninetales_shadow:337
talonflame,Talonflame,26,121.4,112.6,135,1847,INCINERATE,FLY,BRAVE_BIRD,87.1,76.3,82.1,69.3,ninetales_shadow:740;gligar_shadow:633;furret:588;piloswine:555;miltank:518,quagsire_shadow:164;lickilicky:203;fearow:310;clodsire:442;cradily:472
slaking_shadow,Slaking (Shadow),16,138.8,83.1,140,1616,YAWN,BODY_SLAM,EARTHQUAKE,8.6,12.2,20.7,5.1,,clodsire:16;ninetales_shadow:19;gligar_shadow:22;miltank:23;cradily:24
slaking,Slaking,15.8,138.8,83.1,140,1616,YAWN,BODY_SLAM,EARTHQUAKE,9.6,12.2,19.3,5.4,regigigas:567,clodsire:19;gligar_shadow:22;ninetales_shadow:23;cradily:24;miltank:173