speciesId,speciesName,score,attack,defense,hp,statProduct,fastMove,chargedMove1,chargedMove2,leadScore,switchScore,closerScore,attackerScore,topMatchups,topCounters
piloswine,Piloswine,96.4,121,99.4,154,1855,POWDER_SNOW,ICICLE_SPEAR,STONE_EDGE,97.2,97.8,100,77.3,altaria:792;drapion_shadow:623;lickilicky:607;stunfisk_galarian:564;corviknight:545,togekiss:352;forretress:371;wigglytuff:470;quagsire_shadow:484;cradily:486
piloswine_shadow,Piloswine (Shadow),95.7,121,99.4,154,1855,POWDER_SNOW,ICICLE_SPEAR,STONE_EDGE,100,100,98.4,65,cradily:866;altaria:792;lickilicky:642;wigglytuff:607;corviknight:525,qwilfish_shadow:166;scizor_shadow:219;togekiss:395;forretress:410;lanturn:414
diggersby,Diggersby,95.3,95.7,140.3,174,2337,QUICK_ATTACK,FIRE_PUNCH,SCORCHING_SANDS,92.8,89.1,93.1,100,drapion_shadow:767;corviknight:718;stunfisk_galarian:712;forretress:620;lickilicky:600,togekiss:330;cradily:371;piloswine:383;altaria:405;wigglytuff:419
forretress,Forretress,93.3,109.7,145.4,128,2044,BUG_BITE,SAND_TOMB,ROCK_TOMB,94.3,66.2,88.9,92.6,cradily:710;wigglytuff:605;togekiss:585;lickilicky:558;corviknight:503,talonflame:129;altaria:206;diggersby:379;stunfisk_galarian:389;clodsire:480
clodsire,Clodsire,93.2,95,119.7,208,2367,POISON_STING,EARTHQUAKE,STONE_EDGE,89.4,75.8,99.8,79,togekiss:670;wigglytuff:668;lickilicky:625;cradily:608;forretress:519,quagsire_shadow:83;piloswine:305;stunfisk_galarian:360;altaria:380;corviknight:390
stunfisk_galarian,Stunfisk (Galarian),93,101.4,126.6,172,2212,MUD_SHOT,ROCK_SLIDE,EARTHQUAKE,93.6,75.1,96,90,wigglytuff:665;forretress:610;lickilicky:601;cradily:598;corviknight:575,quagsire_shadow:124;diggersby:287;togekiss:343;piloswine:435;altaria:460
crustle,Crustle,92.8,120.3,134.7,115,1864,FURY_CUTTER,X_SCISSOR,ROCK_WRECKER,96.1,95.7,97.2,66.2,cradily:891;altaria:786;lickilicky:560;togekiss:547;wigglytuff:543,stunfisk_galarian:357;corviknight:363;quagsire_shadow:391;clodsire:391;forretress:492
altaria,Altaria,92.6,103.4,151.9,138,2168,DRAGON_BREATH,SKY_ATTACK,FLAMETHROWER,92.5,74.1,93.4,90.8,forretress:793;corviknight:681;drapion_shadow:681;quagsire_shadow:605;stunfisk_galarian:539,piloswine:207;wigglytuff:300;togekiss:360;lickilicky:368;cradily:388
corviknight,Corviknight,92.6,106.9,130.6,150,2097,SAND_ATTACK,AIR_CUTTER,PAYBACK,93.1,87,93.6,93.6,wigglytuff:640;clodsire:610;lickilicky:600;guzzlord:583;drapion_shadow:580,altaria:318;togekiss:413;cradily:420;piloswine:454;forretress:496
swalot,Swalot,91.9,103.4,122.6,171,2169,MUD_SHOT,SLUDGE,ICE_BEAM,88.7,77.8,95.6,84.6,wigglytuff:719;altaria:646;togekiss:576;lickilicky:523;cradily:505,corviknight:223;stunfisk_galarian:264;quagsire_shadow:335;piloswine:347;forretress:363
diggersby_shadow,Diggersby (Shadow),91.5,95.7,140.3,174,2337,QUICK_ATTACK,SCORCHING_SANDS,FIRE_PUNCH,93.3,91.7,92.7,83.4,drapion_shadow:701;stunfisk_galarian:635;corviknight:629;forretress:600;lickilicky:566,altaria:347;piloswine:418;togekiss:421;cradily:489;wigglytuff:491
cradily,Cradily,91.4,105.2,140.3,144,2126,ACID,ROCK_TOMB,GRASS_KNOT,93.1,80.6,91.7,78,wigglytuff:670;altaria:611;togekiss:604;corviknight:579;piloswine:513,crustle:108;forretress:289;clodsire:391;stunfisk_galarian:401;drapion_shadow:461
mamoswine,Mamoswine,91.2,136.2,87.3,138,1642,POWDER_SNOW,ICICLE_SPEAR,STONE_EDGE,92,84.7,97.2,54.7,cradily:865;clodsire:855;altaria:768;togekiss:742;wigglytuff:590,piloswine:230;stunfisk_galarian:383;corviknight:393;forretress:394;lickilicky:487
dunsparce,Dunsparce,91.1,104.7,110.9,184,2139,ROLLOUT,DRILL_RUN,ROCK_SLIDE,91,83.5,92.5,80.1,talonflame:801;drapion_shadow:676;togekiss:578;altaria:570;wigglytuff:546,piloswine:344;cradily:368;lickilicky:440;corviknight:443;forretress:488
altaria_shadow,Altaria (Shadow),90.9,103.4,151.9,138,2168,DRAGON_BREATH,SKY_ATTACK,FLAMETHROWER,88.6,76.1,92.9,81.3,quagsire_shadow:847;forretress:753;corviknight:666;diggersby:652;drapion_shadow:597,piloswine:207;wigglytuff:336;togekiss:391;cradily:406;lickilicky:475
lickilicky,Lickilicky,90.7,105.7,125.5,160,2124,ROLLOUT,BODY_SLAM,SHADOW_BALL,91.2,90.6,91,77.1,talonflame:796;altaria:631;togekiss:534;drapion_shadow:512;quagsire_shadow:503,piloswine:392;corviknight:400;cradily:423;forretress:441;wigglytuff:448
mamoswine_shadow,Mamoswine (Shadow),90.7,136.2,87.3,138,1642,POWDER_SNOW,ICICLE_SPEAR,STONE_EDGE,94.4,78.4,95.6,48.1,cradily:851;togekiss:706;altaria:692;corviknight:634;wigglytuff:565,quagsire_shadow:226;drapion_shadow:241;lickilicky:446;stunfisk_galarian:453;forretress:480
crustle_shadow,Crustle (Shadow),90.6,120.3,134.7,115,1864,FURY_CUTTER,X_SCISSOR,ROCK_WRECKER,90.9,92.2,98.6,45.5,cradily:865;altaria:682;wigglytuff:613;forretress:578;lickilicky:513,togekiss:178;stunfisk_galarian:261;piloswine:262;corviknight:480;quagsire_shadow:493
articuno,Articuno,90.5,112.6,139.6,126,1981,POWDER_SNOW,ICY_WIND,HURRICANE,91,71.6,88.4,87,altaria:797;togekiss:650;corviknight:642;wigglytuff:563;cradily:511,quagsire_shadow:189;piloswine:237;forretress:269;stunfisk_galarian:343;lickilicky:462
gliscor,Gliscor,90.3,115.6,144.4,116,1939,WING_ATTACK,SAND_TOMB,ACROBATICS,94.9,84.4,93.8,76.4,quagsire_shadow:672;wigglytuff:607;stunfisk_galarian:607;togekiss:586;forretress:530,piloswine:175;corviknight:343;altaria:438;lickilicky:440;cradily:496
toucannon_shadow,Toucannon (Shadow),90.3,137.2,96.7,123,1634,PECK,BEAK_BLAST,DRILL_PECK,91.5,83,92.4,42.4,cradily:703;forretress:695;togekiss:670;altaria:589;wigglytuff:508,drapion_shadow:271;corviknight:323;stunfisk_galarian:345;lickilicky:446;guzzlord:486
togekiss,Togekiss,89.9,124.2,125.8,115,1799,PECK,PSYSHOCK,AURA_SPHERE,89.9,90,87.2,66.7,stunfisk_galarian:656;piloswine:647;altaria:639;corviknight:586;drapion_shadow:582,cradily:395;wigglytuff:412;forretress:414;quagsire_shadow:434;lickilicky:465
abomasnow_shadow,Abomasnow (Shadow),89.8,117.8,112,143,1888,POWDER_SNOW,WEATHER_BALL_ICE,ENERGY_BALL,91.7,76.6,88.1,61,altaria:797;togekiss:681;cradily:660;wigglytuff:632;stunfisk_galarian:601,forretress:222;quagsire_shadow:251;lickilicky:375;corviknight:453;piloswine:470
gligar_shadow,Gligar (Shadow),89.8,108.4,145.3,131,2065,WING_ATTACK,NIGHT_SLASH,DIG,92.6,84.1,86.5,82,lickilicky:625;stunfisk_galarian:622;forretress:557;cradily:545;altaria:515,piloswine:318;corviknight:393;wigglytuff:394;togekiss:430;quagsire_shadow:462
spiritomb,Spiritomb,89.8,120.7,147.8,104,1857,SUCKER_PUNCH,ROCK_TOMB,SHADOW_BALL,88.6,76.1,87.9,71.4,corviknight:649;togekiss:620;cradily:591;altaria:548;piloswine:519,wigglytuff:201;guzzlord:213;crustle:317;forretress:332;talonflame:340
forretress_shadow,Forretress (Shadow),89.4,109.7,145.4,128,2044,BUG_BITE,SAND_TOMB,ROCK_TOMB,88.9,63.8,87.2,86.5,cradily:695;drapion_shadow:644;lickilicky:632;piloswine:589;wigglytuff:566,altaria:246;togekiss:317;corviknight:430;quagsire_shadow:444;stunfisk_galarian:479
abomasnow,Abomasnow,89.3,117.8,112,143,1888,POWDER_SNOW,WEATHER_BALL_ICE,ENERGY_BALL,90.5,75.2,86.9,68.6,guzzlord:800;altaria:797;gliscor:762;togekiss:713;corviknight:653,forretress:238;lickilicky:359;piloswine:399;cradily:451;wigglytuff:482
mandibuzz,Mandibuzz,89,92.1,151.2,175,2440,SNARL,FOUL_PLAY,SHADOW_BALL,88.3,72.9,88.2,90.3,quagsire_shadow:685;corviknight:642;diggersby:577;togekiss:545;altaria:522,wigglytuff:150;cradily:295;forretress:324;piloswine:331;lickilicky:490
quagsire_shadow,Quagsire (Shadow),89,111.2,112.6,161,2018,MUD_SHOT,AQUA_TAIL,STONE_EDGE,89.7,77.4,88.6,72.6,stunfisk_galarian:875;drapion_shadow:655;togekiss:565;corviknight:537;piloswine:515,cradily:222;altaria:394;forretress:402;wigglytuff:405;lickilicky:496
wormadam_trash,Wormadam (Trash),88.9,104.9,151.1,135,2142,SUCKER_PUNCH,BUG_BUZZ,IRON_HEAD,88.6,76.9,90.8,80.8,piloswine:644;wigglytuff:640;togekiss:629;guzzlord:603;cradily:537,altaria:206;stunfisk_galarian:412;forretress:414;corviknight:430;lickilicky:475
zweilous,Zweilous,88.9,120.4,110.2,140,1859,DRAGON_BREATH,BODY_SLAM,DARK_PULSE,89.2,67.7,85.7,75.7,quagsire_shadow:760;drapion_shadow:625;clodsire:610;cradily:525;lickilicky:517,wigglytuff:65;forretress:191;togekiss:239;altaria:380;corviknight:423
gligar,Gligar,88.8,108.4,145.3,131,2065,WING_ATTACK,DIG,NIGHT_SLASH,90.2,83.5,87,88.6,drapion_shadow:706;scizor_shadow:702;clodsire:687;stunfisk_galarian:660;forretress:534,wigglytuff:343;corviknight:380;togekiss:404;cradily:406;altaria:460
quagsire,Quagsire,88.7,111.2,112.6,161,2018,MUD_SHOT,AQUA_TAIL,STONE_EDGE,87.9,73.7,89.6,81.3,stunfisk_galarian:779;lickilicky:704;drapion_shadow:670;piloswine:590;wigglytuff:518,cradily:281;forretress:386;altaria:416;corviknight:420;togekiss:469
hydreigon_shadow,Hydreigon (Shadow),88.5,136,104.5,116,1650,DRAGON_BREATH,BRUTAL_SWING,FLY,91.3,73.7,84.5,50.7,quagsire_shadow:659;altaria:586;lickilicky:586;corviknight:573;piloswine:521,wigglytuff:47;forretress:128;stunfisk_galarian:316;cradily:413;togekiss:473
toucannon,Toucannon,88.5,137.2,96.7,123,1634,PECK,BEAK_BLAST,DRILL_PECK,89.2,82.5,89.3,49.2,togekiss:711;altaria:691;forretress:691;wigglytuff:573;lickilicky:544,quagsire_shadow:220;cradily:343;stunfisk_galarian:348;corviknight:420;piloswine:477
morgrem,Morgrem,88.3,124.8,98,147,1799,SUCKER_PUNCH,FOUL_PLAY,PLAY_ROUGH,86.8,73.1,89.3,66.7,altaria:683;quagsire_shadow:646;piloswine:540;lickilicky:523;corviknight:506,wigglytuff:190;cradily:250;togekiss:386;stunfisk_galarian:453;forretress:480
togetic,Togetic,88.3,110.1,150.2,123,2035,FAIRY_WIND,PSYSHOCK,HEAT_WAVE,87.3,82.9,88.8,87,forretress:833;altaria:678;corviknight:662;togekiss:613;quagsire_shadow:560,piloswine:133;cradily:208;lickilicky:384;wigglytuff:417;stunfisk_galarian:491
sableye_shadow,Sableye (Shadow),88.2,119.6,124.6,125,1864,SHADOW_CLAW,FOUL_PLAY,POWER_GEM,87.8,83.5,90.1,54.4,altaria:696;drapion_shadow:668;togekiss:576;cradily:528;lickilicky:528,wigglytuff:89;piloswine:230;stunfisk_galarian:415;corviknight:446;forretress:472
dodrio,Dodrio,88.1,143.7,98.4,110,1557,PECK,DRILL_PECK,BRAVE_BIRD,89.7,77.7,92.5,40.8,togekiss:722;altaria:654;forretress:654;quagsire_shadow:645;wigglytuff:559,stunfisk_galarian:290;corviknight:330;lickilicky:406;cradily:486;piloswine:487
guzzlord,Guzzlord,88.1,113.2,66,265,1983,DRAGON_TAIL,BRUTAL_SWING,SLUDGE_BOMB,87,57.4,85.5,81.1,drapion_shadow:673;clodsire:641;quagsire_shadow:626;lickilicky:571;altaria:518,wigglytuff:58;togekiss:108;forretress:261;corviknight:416;cradily:420
sableye,Sableye,88.1,119.6,124.6,125,1864,SHADOW_CLAW,FOUL_PLAY,POWER_GEM,87.1,84.2,89.6,65,talonflame:675;togekiss:644;stunfisk_galarian:596;altaria:552;cradily:540,wigglytuff:242;forretress:386;corviknight:410;piloswine:415;lickilicky:421
steelix,Steelix,88.1,98.4,183.2,126,2273,THUNDER_FANG,PSYCHIC_FANGS,CRUNCH,88.7,69.4,80.5,91,wigglytuff:690;togekiss:682;altaria:630;cradily:575;corviknight:543,stunfisk_galarian:200;quagsire_shadow:257;piloswine:347;forretress:437;drapion_shadow:495
articuno_shadow,Articuno (Shadow),88,115.1,136.9,123,1939,POWDER_SNOW,TRIPLE_AXEL,HURRICANE,88.9,77.2,85.8,60.6,cradily:800;altaria:703;forretress:670;wigglytuff:638;corviknight:589,lickilicky:221;quagsire_shadow:245;crustle:291;piloswine:314;stunfisk_galarian:337
flamigo,Flamigo,88,137.9,95.5,123,1622,WING_ATTACK,UPPER_HAND,BRAVE_BIRD,88.3,76,88.9,54.7,forretress:792;stunfisk_galarian:723;altaria:691;piloswine:589;lickilicky:508,wigglytuff:177;togekiss:221;clodsire:278;corviknight:336;cradily:409
wigglytuff,Wigglytuff,88,115.1,75.5,223,1939,CHARM,ICY_WIND,SWIFT,87.9,70.6,86.4,82.3,altaria:699;quagsire_shadow:594;togekiss:587;lickilicky:551;piloswine:529,cradily:329;stunfisk_galarian:334;corviknight:360;drapion_shadow:377;forretress:394
gliscor_shadow,Gliscor (Shadow),87.8,115.6,144.4,116,1939,WING_ATTACK,SAND_TOMB,ACROBATICS,96.9,77,93.1,69.5,forretress:750;altaria:672;wigglytuff:650;togekiss:556;cradily:534,piloswine:162;swalot:330;corviknight:363;diggersby:419;crustle:439
moltres_galarian,Moltres (Galarian),87.7,115.1,134.6,124,1922,SUCKER_PUNCH,FLY,BRAVE_BIRD,83.7,75.1,91.5,68.1,altaria:572;forretress:540;quagsire_shadow:528;togekiss:520;lickilicky:504,wigglytuff:174;cradily:253;piloswine:262;stunfisk_galarian:433;corviknight:480
steelix_shadow,Steelix (Shadow),87.7,98.4,183.2,126,2273,THUNDER_FANG,PSYCHIC_FANGS,CRUNCH,87.8,60.7,81.2,90.3,corviknight:765;wigglytuff:638;altaria:595;forretress:555;cradily:531,stunfisk_galarian:78;diggersby:272;piloswine:279;quagsire_shadow:310;guzzlord:313
zweilous_shadow,Zweilous (Shadow),87.6,120.4,110.2,140,1859,DRAGON_BREATH,BODY_SLAM,DARK_PULSE,88.4,64.4,85.8,59.4,talonflame:810;lickilicky:625;drapion_shadow:610;altaria:585;guzzlord:525,wigglytuff:65;forretress:167;togekiss:352;corviknight:436;cradily:440
talonflame,Talonflame,87.5,121.4,112.6,135,1847,INCINERATE,FLY,BRAVE_BIRD,86.3,78.7,84.1,77.1,forretress:870;corviknight:777;wigglytuff:629;togekiss:540;piloswine:533,quagsire_shadow:164;lickilicky:203;stunfisk_galarian:281;altaria:445;cradily:472
umbreon,Umbreon,87.5,90.2,177,156,2492,SNARL,FOUL_PLAY,LAST_RESORT,87.8,74.6,86.4,86,corviknight:634;lickilicky:621;stunfisk_galarian:586;quagsire_shadow:570;drapion_shadow:554,wigglytuff:201;togekiss:273;forretress:371;altaria:394;cradily:440
furret,Furret,87.2,115.3,105.4,160,1946,SUCKER_PUNCH,SWIFT,TRAILBLAZE,87.5,85.1,83.1,72.1,quagsire_shadow:721;stunfisk_galarian:568;lickilicky:565;cradily:562;piloswine:537,togekiss:134;wigglytuff:318;forretress:363;corviknight:430;altaria:474
weezing_galarian_shadow,Weezing (Galarian) (Shadow),87.1,117.6,139.5,116,1905,FAIRY_WIND,SLUDGE,BRUTAL_SWING,87.6,83.8,84.6,68.6,wigglytuff:784;togekiss:762;altaria:655;lickilicky:543;forretress:530,quagsire_shadow:310;stunfisk_galarian:340;piloswine:347;corviknight:393;cradily:461
pelipper,Pelipper,86.8,123.2,128.7,115,1825,WING_ATTACK,WEATHER_BALL_WATER,HURRICANE,86.3,70.5,83.6,65.3,diggersby:730;forretress:673;stunfisk_galarian:665;wigglytuff:604;togekiss:543,quagsire_shadow:189;cradily:263;lickilicky:431;corviknight:463;piloswine:483
thievul,Thievul,86.8,119.8,121.9,127,1856,SUCKER_PUNCH,NIGHT_SLASH,PLAY_ROUGH,85.7,79.3,82.4,69.1,altaria:578;stunfisk_galarian:570;clodsire:570;lickilicky:539;corviknight:515,togekiss:178;wigglytuff:262;forretress:390;cradily:489;piloswine:496
kingambit,Kingambit,86.7,127.2,112,124,1768,METAL_SOUND,FOUL_PLAY,IRON_HEAD,84.7,77.4,83.8,74.5,drapion_shadow:721;lickilicky:717;cradily:705;piloswine:669;wigglytuff:641,stunfisk_galarian:255;togekiss:308;forretress:332;altaria:347;corviknight:496
malamar,Malamar,86.7,117.2,116.5,139,1899,PSYWAVE,SUPER_POWER,FOUL_PLAY,87.6,76.6,88.6,60.1,lickilicky:640;piloswine:611;cradily:550;togekiss:543;corviknight:535,forretress:140;altaria:358;wigglytuff:419;quagsire_shadow:459;drapion_shadow:474
trumbeak_shadow,Trumbeak (Shadow),86.7,133.7,94.3,132,1665,PECK,DRILL_PECK,ROCK_BLAST,89.6,81.8,85.3,43.3,crustle:768;forretress:715;togekiss:693;quagsire_shadow:651;piloswine:541,cradily:406;altaria:431;lickilicky:446;wigglytuff:484;corviknight:496
murkrow_shadow,Murkrow (Shadow),86.6,143.1,81.1,135,1568,PECK,DRILL_PECK,FOUL_PLAY,83.7,72,92.7,40.3,guzzlord:685;togekiss:662;crustle:625;quagsire_shadow:614;talonflame:566,wigglytuff:150;corviknight:413;cradily:420;forretress:457;altaria:489
pidgeot,Pidgeot,86.6,116.9,115.5,142,1918,WING_ATTACK,AIR_CUTTER,BRAVE_BIRD,87,65.9,87.7,78.7,forretress:795;talonflame:697;drapion_shadow:686;guzzlord:647;togekiss:549,cradily:256;piloswine:285;altaria:409;corviknight:410;wigglytuff:493
gourgeist_large,Gourgeist (Large),86.5,115.9,137.2,122,1940,INCINERATE,SHADOW_BALL,SEED_BOMB,84.5,78.6,87,77.1,quagsire_shadow:913;stunfisk_galarian:754;forretress:680;cradily:590;corviknight:524,togekiss:265;piloswine:327;altaria:347;lickilicky:371;wigglytuff:419
gourgeist_super,Gourgeist (Super),86.5,115,131.6,129,1954,INCINERATE,SHADOW_BALL,SEED_BOMB,83.6,77.2,87.2,82.3,quagsire_shadow:794;stunfisk_galarian:732;forretress:697;corviknight:538;cradily:534,togekiss:213;piloswine:327;altaria:347;wigglytuff:419;lickilicky:478
gyarados_shadow,Gyarados (Shadow),86.5,130.7,108.5,121,1717,DRAGON_BREATH,AQUA_TAIL,TWISTER,90.4,73.2,86.5,42.4,altaria:747;piloswine:735;forretress:578;corviknight:528;stunfisk_galarian:516,wigglytuff:325;togekiss:326;cradily:368;lickilicky:368;quagsire_shadow:490
malamar_shadow,Malamar (Shadow),86.5,117.2,116.5,139,1899,PSYWAVE,FOUL_PLAY,SUPER_POWER,84.5,60.6,88.6,56.8,lickilicky:719;stunfisk_galarian:651;quagsire_shadow:640;drapion_shadow:589;piloswine:532,forretress:105;wigglytuff:226;cradily:239;corviknight:403;altaria:445
drapion_shadow,Drapion (Shadow),86.4,117.8,136.8,118,1903,POISON_STING,CRUNCH,AQUA_TAIL,85.3,87.4,83.4,65.5,gourgeist_super:817;wigglytuff:622;weezing_galarian_shadow:610;furret:588;cradily:538,altaria:318;piloswine:376;togekiss:417;corviknight:420;forretress:453
lanturn,Lanturn,86.4,104.8,105.5,194,2145,WATER_GUN,SURF,THUNDERBOLT,84.5,67.7,91.7,67.6,piloswine:649;quagsire_shadow:577;corviknight:546;wigglytuff:536;togekiss:512,stunfisk_galarian:351;lickilicky:406;cradily:427;forretress:429;altaria:485
miltank,Miltank,86.3,105.3,134.8,150,2131,ROLLOUT,BODY_SLAM,THUNDERBOLT,87.3,78.6,84.1,72.6,talonflame:796;altaria:620;togekiss:573;wigglytuff:513;drapion_shadow:503,cradily:326;forretress:402;corviknight:403;lickilicky:434;piloswine:464
fearow,Fearow,86.1,131.4,104.6,124,1706,PECK,DRILL_PECK,DRILL_RUN,85.3,86.5,85.8,54.4,gourgeist_super:754;talonflame:689;diggersby:608;swalot:564;drapion_shadow:516,cradily:333;altaria:394;corviknight:396;wigglytuff:450;forretress:492
rufflet,Rufflet,86,126.7,92.1,152,1775,PECK,BRAVE_BIRD,FLY,84.4,56.1,91.7,51.8,forretress:730;wigglytuff:611;lickilicky:595;altaria:523;togekiss:509,piloswine:198;quagsire_shadow:220;stunfisk_galarian:250;corviknight:300;cradily:465
hippowdon_shadow,Hippowdon (Shadow),85.9,116.1,116.7,142,1926,SAND_ATTACK,WEATHER_BALL_ROCK,SCORCHING_SANDS,84,87.3,87,61.5,clodsire:890;stunfisk_galarian:880;lickilicky:605;drapion_shadow:605;quagsire_shadow:507,altaria:307;wigglytuff:345;cradily:357;forretress:363;corviknight:483
qwilfish,Qwilfish,85.9,131.1,105.5,123,1703,POISON_STING,AQUA_TAIL,ICE_BEAM,85.8,83.6,80.3,58.2,wigglytuff:768;togekiss:752;altaria:739;drapion_shadow:548;cradily:536,corviknight:230;lickilicky:371;piloswine:405;forretress:410;stunfisk_galarian:456
dragalge,Dragalge,85.8,117.8,143.1,113,1906,ACID,AQUA_TAIL,OUTRAGE,87.3,83.8,86,66.5,talonflame:796;altaria:663;drapion_shadow:659;cradily:632;wigglytuff:597,corviknight:206;piloswine:340;forretress:363;togekiss:465;lickilicky:490
hydreigon,Hydreigon,85.8,136,104.5,116,1650,DRAGON_BREATH,BRUTAL_SWING,FLY,87.3,72.9,80.2,60.6,drapion_shadow:646;lickilicky:612;altaria:581;guzzlord:530;quagsire_shadow:504,wigglytuff:47;togekiss:95;forretress:152;cradily:388;corviknight:483
camerupt_shadow,Camerupt (Shadow),85.7,133.5,100.5,125,1678,INCINERATE,ROCK_TOMB,SCORCHING_SANDS,88.3,67.6,73.1,63.9,forretress:832;wigglytuff:708;altaria:696;corviknight:576;cradily:564,quagsire_shadow:161;lickilicky:253;diggersby:261;drapion_shadow:283;togekiss:352
hawlucha,Hawlucha,85.7,127.4,107.6,128,1756,LOW_KICK,FLYING_PRESS,AERIAL_ACE,83.9,69.7,85.7,69.1,lickilicky:859;cradily:808;forretress:710;quagsire_shadow:699;piloswine:644,togekiss:91;altaria:268;clodsire:365;wigglytuff:383;corviknight:420
qwilfish_shadow,Qwilfish (Shadow),85.7,131.1,105.5,123,1703,POISON_STING,AQUA_TAIL,ICE_BEAM,90.2,89.6,78.6,39.1,altaria:739;wigglytuff:739;togekiss:711;piloswine:581;stunfisk_galarian:520,corviknight:256;lickilicky:321;quagsire_shadow:338;cradily:447;forretress:472
camerupt,Camerupt,85.6,133.5,100.5,125,1678,INCINERATE,ROCK_TOMB,SCORCHING_SANDS,84.2,67.1,78.8,69.1,talonflame:772;forretress:756;wigglytuff:740;stunfisk_galarian:644;togekiss:528,corviknight:436;piloswine:444;altaria:449;cradily:458;lickilicky:478
pangoro,Pangoro,85.6,133.9,93.7,133,1670,KARATE_CHOP,CLOSE_COMBAT,NIGHT_SLASH,93.8,66.4,86.5,66.5,cradily:827;piloswine:759;lickilicky:725;corviknight:548;forretress:541,wigglytuff:96;togekiss:195;gliscor:280;clodsire:300;altaria:387
drapion,Drapion,85.5,117.8,136.8,118,1903,POISON_STING,CRUNCH,AQUA_TAIL,82.6,89.4,83.9,70.5,furret:661;weezing_galarian_shadow:639;gourgeist_super:588;togekiss:538;altaria:508,forretress:230;piloswine:331;corviknight:380;cradily:406;wigglytuff:468
golisopod,Golisopod,85.5,124,134.6,108,1804,FURY_CUTTER,X_SCISSOR,AQUA_JET,85,84.7,84.3,50.7,piloswine:856;cradily:773;guzzlord:657;stunfisk_galarian:583;drapion_shadow:541,togekiss:91;corviknight:270;altaria:286;wigglytuff:385;forretress:398
gourgeist_average,Gourgeist (Average),85.5,115.9,145,115,1934,INCINERATE,SHADOW_BALL,SEED_BOMB,83.6,77.4,85.5,75.2,quagsire_shadow:908;stunfisk_galarian:747;forretress:682;cradily:573;corviknight:517,togekiss:213;piloswine:327;altaria:347;lickilicky:371;wigglytuff:419
lickitung,Lickitung,85.5,96.6,127.7,186,2296,LICK,BODY_SLAM,POWER_WHIP,85.8,78.3,84.6,81.8,quagsire_shadow:642;piloswine:629;gliscor:594;stunfisk_galarian:588;altaria:518,wigglytuff:385;cradily:388;corviknight:396;togekiss:417;forretress:457
hippowdon,Hippowdon,85.4,116.1,116.7,142,1926,SAND_ATTACK,WEATHER_BALL_ROCK,SCORCHING_SANDS,84.2,81,87.2,71.9,stunfisk_galarian:764;drapion_shadow:633;togekiss:552;lickilicky:545;forretress:507,piloswine:282;cradily:329;corviknight:346;wigglytuff:349;altaria:456
tentacruel,Tentacruel,85.4,108.9,143.5,131,2047,ACID,SCALD,PAYBACK,82.3,63.8,89.3,59.1,wigglytuff:790;cradily:652;piloswine:648;forretress:534;togekiss:522,corviknight:303;stunfisk_galarian:308;lickilicky:450;quagsire_shadow:453;altaria:467
gyarados,Gyarados,85.3,130.7,108.5,121,1717,DRAGON_BREATH,AQUA_TAIL,TWISTER,87,77.5,82,58.4,altaria:685;forretress:665;stunfisk_galarian:636;guzzlord:611;corviknight:566,wigglytuff:291;cradily:295;togekiss:304;lickilicky:340;piloswine:493
runerigus,Runerigus,85.3,111.7,165.3,109,2013,SHADOW_CLAW,SHADOW_BALL,ROCK_TOMB,83.6,77,83.9,65.3,togekiss:674;forretress:600;cradily:577;stunfisk_galarian:577;altaria:564,piloswine:198;wigglytuff:253;lickilicky:253;drapion_shadow:372;corviknight:493
talonflame_shadow,Talonflame (Shadow),85.3,121.4,112.6,135,1847,INCINERATE,FLAME_CHARGE,FLY,84.7,76,73.8,69.8,forretress:870;corviknight:759;wigglytuff:759;cradily:755;diggersby:625,lickilicky:240;togekiss:334;stunfisk_galarian:340;altaria:402;piloswine:483
toxapex,Toxapex,85.3,91.9,224.3,118,2433,POISON_JAB,BRINE,SLUDGE_WAVE,81,64.4,90.1,76.4,wigglytuff:728;talonflame:699;togekiss:644;guzzlord:622;piloswine:593,forretress:277;corviknight:376;lickilicky:387;altaria:467;cradily:493
swampert_shadow,Swampert (Shadow),85.2,122.9,109.1,136,1826,MUD_SHOT,HYDRO_CANNON,EARTHQUAKE,85.5,72,88.1,51.8,piloswine:764;stunfisk_galarian:750;wigglytuff:613;quagsire_shadow:602;forretress:551,altaria:184;cradily:291;corviknight:320;lickilicky:365;togekiss:404
dubwool,Dubwool,85.1,110.6,143,128,2025,DOUBLE_KICK,BODY_SLAM,PAYBACK,84.5,76.1,84.1,67.4,piloswine:625;guzzlord:621;quagsire_shadow:593;lickilicky:589;corviknight:527,togekiss:230;forretress:375;altaria:442;cradily:451;wigglytuff:464
murkrow,Murkrow,85.1,143.1,81.1,135,1568,PECK,DRILL_PECK,FOUL_PLAY,87.8,73.4,84.8,43.6,togekiss:700;quagsire_shadow:666;drapion_shadow:562;corviknight:537;stunfisk_galarian:522,wigglytuff:163;cradily:347;altaria:409;forretress:410;lickilicky:425
marowak,Marowak,85,109.6,148.8,125,2041,MUD_SLAP,BONE_CLUB,ROCK_SLIDE,84.2,70.3,85.5,74.7,stunfisk_galarian:800;drapion_shadow:696;clodsire:640;lickilicky:564;cradily:540,altaria:351;wigglytuff:405;togekiss:430;forretress:433;corviknight:493
mantine,Mantine,84.9,105.5,166.5,121,2127,WING_ATTACK,AERIAL_ACE,ICE_BEAM,82.7,57.7,87,72.8,gliscor:834;togekiss:657;forretress:636;altaria:628;diggersby:623,piloswine:198;corviknight:296;lickilicky:334;cradily:343;wigglytuff:372
scizor_shadow,Scizor (Shadow),84.9,137.8,112,105,1622,BULLET_PUNCH,NIGHT_SLASH,TRAILBLAZE,84.4,66.5,75.3,55.6,cradily:880;piloswine:804;crustle:804;wigglytuff:728;togekiss:695,lickilicky:290;stunfisk_galarian:340;corviknight:343;forretress:351;altaria:394
araquanid,Araquanid,84.8,97.4,174,136,2306,BUG_BITE,WATER_PULSE,BUBBLE_BEAM,89.6,76.7,86.4,81.1,cradily:676;quagsire_shadow:672;guzzlord:672;drapion_shadow:654;piloswine:639,togekiss:208;corviknight:283;altaria:380;forretress:414;wigglytuff:473
hippopotas_shadow,Hippopotas (Shadow),84.8,115.1,111.7,152,1956,SAND_ATTACK,ROCK_TOMB,BODY_SLAM,83.2,81.9,80.7,57.3,drapion_shadow:621;cradily:549;altaria:539;togekiss:536;stunfisk_galarian:509,piloswine:350;wigglytuff:385;corviknight:403;forretress:406;lickilicky:484
skarmory,Skarmory,84.8,105.5,166.5,121,2127,AIR_SLASH,BRAVE_BIRD,SKY_ATTACK,76.7,48,92,75.2,wigglytuff:690;forretress:636;guzzlord:623;gliscor:623;clodsire:578,piloswine:262;togekiss:265;corviknight:276;cradily:482;altaria:496
dudunsparce,Dudunsparce,84.7,116.1,98.5,169,1935,ROLLOUT,BODY_SLAM,DRILL_RUN,86,81.9,80.3,61.7,drapion_shadow:615;stunfisk_galarian:582;lickilicky:562;piloswine:511;altaria:502,corviknight:346;togekiss:391;forretress:394;cradily:413;wigglytuff:470
emolga,Emolga,84.5,127.5,110.2,125,1758,THUNDER_SHOCK,ACROBATICS,DISCHARGE,83.4,57.4,86.9,63.6,togekiss:852;corviknight:792;talonflame:708;crustle:679;drapion_shadow:512,piloswine:68;cradily:312;altaria:409;wigglytuff:450;forretress:476
gourgeist_small,Gourgeist (Small),84.5,116.8,152.9,107,1913,INCINERATE,SHADOW_BALL,SEED_BOMB,81.8,74.8,85.5,74.2,quagsire_shadow:901;stunfisk_galarian:789;forretress:658;clodsire:635;cradily:551,togekiss:230;corviknight:320;lickilicky:331;altaria:351;wigglytuff:434
greninja_shadow,Greninja (Shadow),84.5,139.5,100.3,115,1611,WATER_SHURIKEN,HYDRO_CANNON,NIGHT_SLASH,89.6,58.1,89.3,37.5,piloswine:821;togekiss:721;cradily:713;corviknight:582;lickilicky:547,wigglytuff:100;forretress:121;crustle:265;guzzlord:294;altaria:438
greedent,Greedent,84.4,106.8,110.7,177,2094,MUD_SHOT,BODY_SLAM,TRAILBLAZE,81,76.6,83.1,73.3,quagsire_shadow:748;drapion_shadow:663;clodsire:627;piloswine:607;wigglytuff:528,forretress:242;corviknight:280;cradily:357;togekiss:382;altaria:405
stunfisk,Stunfisk,84.4,101.4,126.6,172,2212,THUNDER_SHOCK,MUD_BOMB,DISCHARGE,84.2,61.9,84.6,81.1,corviknight:822;togekiss:741;altaria:636;crustle:601;lickilicky:563,piloswine:243;cradily:385;wigglytuff:412;stunfisk_galarian:436;forretress:484
weezing_galarian,Weezing (Galarian),84.4,117.6,139.5,116,1905,FAIRY_WIND,SLUDGE,BRUTAL_SWING,84.4,76.7,82,79,guzzlord:892;wigglytuff:762;altaria:693;cradily:556;crustle:530,piloswine:285;corviknight:323;lickilicky:412;togekiss:478;forretress:492
dragonite_shadow,Dragonite (Shadow),84.2,135.8,107.3,113,1647,DRAGON_BREATH,THUNDER_PUNCH,SUPER_POWER,86,60.3,86,46.9,crustle:818;cradily:774;quagsire_shadow:725;togekiss:685;altaria:530,wigglytuff:78;piloswine:172;lickilicky:253;forretress:410;corviknight:436
marowak_shadow,Marowak (Shadow),84.2,109.6,148.8,125,2041,MUD_SLAP,BONE_CLUB,ROCK_SLIDE,83.2,64.7,81.2,69.5,stunfisk_galarian:907;drapion_shadow:612;quagsire_shadow:556;togekiss:544;lickilicky:504,cradily:347;corviknight:370;altaria:380;forretress:437;wigglytuff:439
cradily_shadow,Cradily (Shadow),84.1,105.2,140.3,144,2126,ACID,ROCK_TOMB,GRASS_KNOT,83.2,57.2,84.8,57.5,quagsire_shadow:732;wigglytuff:711;corviknight:625;altaria:593;togekiss:562,piloswine:133;stunfisk_galarian:258;forretress:304;lickilicky:450;drapion_shadow:457
hippopotas,Hippopotas,84,115.1,111.7,152,1956,SAND_ATTACK,ROCK_TOMB,BODY_SLAM,82.7,73.4,81,64.6,drapion_shadow:648;clodsire:638;cradily:565;stunfisk_galarian:552;altaria:546,piloswine:269;wigglytuff:369;forretress:414;corviknight:430;togekiss:452
heracross,Heracross,83.9,134.6,108.4,114,1665,FURY_CUTTER,UPPER_HAND,ROCK_TOMB,81.1,52.9,86,56.3,cradily:802;piloswine:732;quagsire_shadow:675;stunfisk_galarian:662;lickilicky:657,togekiss:78;wigglytuff:136;corviknight:273;forretress:437;altaria:438
drampa,Drampa,83.8,136.8,104.2,115,1640,DRAGON_BREATH,SWIFT,DRAGON_PULSE,85.2,73.1,75.9,51.1,talonflame:786;gourgeist_super:708;lickilicky:608;altaria:578;gliscor:547,wigglytuff:224;corviknight:260;togekiss:295;forretress:300;cradily:305
noctowl,Noctowl,83.8,105.3,120.1,168,2126,WING_ATTACK,SKY_ATTACK,SHADOW_BALL,80.5,61,86,70.2,gourgeist_super:714;togekiss:613;scizor_shadow:577;forretress:538;altaria:505,piloswine:165;lickilicky:371;wigglytuff:372;cradily:434;corviknight:483
trumbeak,Trumbeak,83.8,134,93.2,134,1676,PECK,DRILL_PECK,ROCK_BLAST,84.9,77,82,51.6,marowak_shadow:776;gourgeist_super:742;talonflame:682;diggersby:563;drapion_shadow:518,cradily:336;altaria:398;wigglytuff:452;corviknight:456;forretress:496
fletchinder_shadow,Fletchinder (Shadow),83.7,123.3,102.6,143,1811,PECK,FLY,HEAT_WAVE,77.4,58.7,86.5,50.7,forretress:821;talonflame:751;wigglytuff:744;corviknight:674;gliscor:636,lickilicky:171;piloswine:230;togekiss:317;cradily:375;altaria:442
scizor,Scizor,83.6,137.8,112,105,1622,BULLET_PUNCH,NIGHT_SLASH,TRAILBLAZE,84.2,63.6,76.4,63.6,piloswine:804;wigglytuff:728;togekiss:709;drapion_shadow:671;cradily:600,corviknight:280;stunfisk_galarian:305;altaria:329;forretress:343;lickilicky:431
swampert,Swampert,83.6,122.9,109.1,136,1826,MUD_SHOT,HYDRO_CANNON,EARTHQUAKE,82.1,66.8,84.1,67.6,stunfisk_galarian:863;quagsire_shadow:680;lickilicky:665;drapion_shadow:625;piloswine:551,altaria:166;cradily:260;forretress:312;wigglytuff:347;corviknight:496
urshifu_single_strike,Urshifu (Single Strike),83.5,136.5,97.7,121,1616,SUCKER_PUNCH,BRICK_BREAK,DYNAMIC_PUNCH,82.9,64.8,80.8,49.7,cradily:747;stunfisk_galarian:727;lickilicky:669;forretress:545;corviknight:524,wigglytuff:107;togekiss:221;altaria:286;piloswine:314;clodsire:319
munchlax,Munchlax,83.4,103.1,96.5,218,2172,TACKLE,BODY_SLAM,BULLDOZE,84.5,76.3,79.3,72.6,drapion_shadow:665;gliscor:555;wigglytuff:520;lickilicky:513;guzzlord:513,cradily:295;forretress:382;corviknight:410;togekiss:430;altaria:496
mightyena_shadow,Mightyena (Shadow),83.3,125.8,105.7,133,1771,SUCKER_PUNCH,CRUNCH,POISON_FANG,83.2,72.6,75.7,56.6,stunfisk_galarian:646;corviknight:639;lickilicky:620;talonflame:582;drapion_shadow:507,togekiss:239;forretress:250;altaria:333;wigglytuff:381;cradily:465
oranguru,Oranguru,83.3,110.1,130,142,2035,CONFUSION,BRUTAL_SWING,TRAILBLAZE,85.7,63.8,77.4,70.2,piloswine:623;togekiss:591;altaria:570;cradily:542;wigglytuff:514,corviknight:246;forretress:253;drapion_shadow:334;lickilicky:443;stunfisk_galarian:470
charizard_shadow,Charizard (Shadow),83.2,132.7,108.8,117,1691,EMBER,BLAST_BURN,AIR_CUTTER,92.5,83.6,93.1,49.5,forretress:816;corviknight:730;wigglytuff:726;togekiss:696;piloswine:696,drapion_shadow:173;lickilicky:256;quagsire_shadow:288;altaria:340;cradily:420
greninja,Greninja,83.2,139.5,100.3,115,1611,WATER_SHURIKEN,HYDRO_CANNON,NIGHT_SLASH,85.8,71.1,84.5,46.9,piloswine:856;drapion_shadow:660;stunfisk_galarian:647;lickilicky:621;corviknight:613,forretress:121;wigglytuff:123;altaria:351;cradily:420;togekiss:465
spidops,Spidops,83.2,110.9,138.9,131,2020,SHADOW_CLAW,LUNGE,ROCK_TOMB,83.6,77,79.8,59.6,cradily:637;quagsire_shadow:629;talonflame:606;togekiss:595;guzzlord:583,lickilicky:240;forretress:269;wigglytuff:381;corviknight:383;altaria:405
drifblim,Drifblim,83.1,119.1,75.7,209,1887,HEX,ICY_WIND,SHADOW_BALL,83.1,60.1,81,64.8,togekiss:631;cradily:595;altaria:593;forretress:555;corviknight:521,piloswine:162;wigglytuff:235;lickilicky:343;drapion_shadow:372;stunfisk_galarian:392
genesect,Genesect,83.1,141,111.6,100,1575,FURY_CUTTER,X_SCISSOR,TECHNO_BLAST_NORMAL,81,61.2,84.3,54.2,cradily:895;wigglytuff:679;drapion_shadow:665;guzzlord:625;piloswine:610,corviknight:86;togekiss:186;altaria:192;forretress:335;lickilicky:396
pidgeot_shadow,Pidgeot (Shadow),83.1,116.9,115.5,142,1918,WING_ATTACK,BRAVE_BIRD,AIR_CUTTER,91.7,73.4,89.6,59.4,altaria:732;forretress:732;wigglytuff:630;drapion_shadow:616;lickilicky:602,stunfisk_galarian:270;piloswine:340;togekiss:417;cradily:454;corviknight:473
spinda,Spinda,83.1,110,110,142,1721,SUCKER_PUNCH,ROCK_TOMB,ICY_WIND,79.2,80.4,76.2,59.1,gourgeist_super:644;charjabug:612;quagsire_shadow:570;altaria:566;clodsire:549,togekiss:173;forretress:296;wigglytuff:343;corviknight:426;cradily:430
samurott_hisuian,Samurott (Hisuian),83,132.6,96.7,132,1694,FURY_CUTTER,SACRED_SWORD,ICY_WIND,84.4,75.8,77.1,52.3,altaria:712;guzzlord:670;piloswine:666;lickilicky:647;drapion_shadow:587,wigglytuff:278;forretress:292;togekiss:378;corviknight:390;cradily:440
fletchinder,Fletchinder,82.9,123.3,102.6,143,1811,PECK,FLY,HEAT_WAVE,78.8,64.1,86.2,55.8,forretress:821;diggersby:629;wigglytuff:573;togekiss:569;piloswine:538,stunfisk_galarian:90;lickilicky:175;cradily:343;altaria:391;corviknight:470
jumpluff_shadow,Jumpluff (Shadow),82.8,96.7,156.9,153,2323,FAIRY_WIND,AERIAL_ACE,ACROBATICS,83.6,74.6,84.3,66.5,quagsire_shadow:601;drapion_shadow:584;togekiss:565;wigglytuff:549;altaria:526,piloswine:133;corviknight:283;cradily:309;forretress:390;lickilicky:412
toxicroak_shadow,Toxicroak (Shadow),82.8,136.2,93.7,129,1648,POISON_STING,DYNAMIC_PUNCH,SHADOW_BALL,74.5,63.5,93.2,33.2,lickilicky:887;cradily:810;piloswine:686;drapion_shadow:604;wigglytuff:589,corviknight:63;altaria:351;forretress:414;stunfisk_galarian:459;togekiss:465
vespiquen,Vespiquen,82.8,108.8,143.4,132,2062,FURY_CUTTER,X_SCISSOR,POWER_GEM,80,74.5,81.5,64.3,guzzlord:731;articuno:723;talonflame:662;drapion_shadow:625;scizor_shadow:560,corviknight:276;wigglytuff:383;forretress:402;cradily:451;altaria:467
castform,Castform,82.7,112.6,121.2,146,1994,HEX,WEATHER_BALL_ROCK,ENERGY_BALL,81.4,74.8,80.8,61.5,talonflame:777;quagsire_shadow:729;gourgeist_super:633;piloswine:602;altaria:592,corviknight:376;forretress:386;wigglytuff:399;togekiss:400;cradily:420
bombirdier,Bombirdier,82.6,127.8,117.1,117,1752,SUCKER_PUNCH,FLY,ROCK_TOMB,81.3,62.4,77.2,56.3,corviknight:653;forretress:611;lickilicky:606;togekiss:534;altaria:508,wigglytuff:183;quagsire_shadow:282;piloswine:295;cradily:413;stunfisk_galarian:424
lopunny,Lopunny,82.6,112,143.6,124,1996,LOW_KICK,TRIPLE_AXEL,FOCUS_BLAST,81.1,68.7,85.1,64.8,cradily:616;lickilicky:592;altaria:540;corviknight:532;forretress:528,crustle:204;wigglytuff:298;togekiss:347;drapion_shadow:427;clodsire:439
toxicroak,Toxicroak,82.6,136.2,93.7,129,1648,POISON_STING,DYNAMIC_PUNCH,SHADOW_BALL,79.2,68.7,87.2,47.4,lickilicky:887;piloswine:724;wigglytuff:643;cradily:627;forretress:554,togekiss:265;corviknight:316;altaria:347;stunfisk_galarian:389;quagsire_shadow:422
dartrix,Dartrix,82.5,112.4,115.5,154,2001,PECK,BRAVE_BIRD,SEED_BOMB,85.7,63.9,84.8,65.8,quagsire_shadow:964;forretress:730;lickilicky:581;guzzlord:548;drapion_shadow:509,altaria:224;cradily:267;corviknight:326;togekiss:347;wigglytuff:495
incineroar,Incineroar,82.5,125.2,109.1,131,1791,FIRE_FANG,BRUTAL_SWING,BLAST_BURN,81,63.2,81.9,66.7,forretress:706;piloswine:698;swalot:637;corviknight:587;stunfisk_galarian:519,cradily:253;altaria:307;togekiss:308;wigglytuff:423;lickilicky:443
lileep,Lileep,82.5,100.8,138.6,151,2111,ACID,ANCIENT_POWER,GRASS_KNOT,79.2,56.1,86.7,62.2,quagsire_shadow:748;altaria:619;wigglytuff:592;togekiss:566;lickilicky:506,piloswine:120;corviknight:240;forretress:242;stunfisk_galarian:383;cradily:427
qwilfish_hisuian,Qwilfish (Hisuian),82.5,128,112.3,121,1742,POISON_STING,AQUA_TAIL,SHADOW_BALL,81.1,82.4,78.4,55.4,togekiss:747;drapion_shadow:661;talonflame:644;wigglytuff:632;swalot:586,corviknight:310;forretress:332;altaria:333;lickilicky:396;cradily:475
sandslash,Sandslash,82.5,120.4,123,125,1853,SAND_ATTACK,NIGHT_SLASH,ROCK_TOMB,79.3,75.7,80,56.3,talonflame:740;drapion_shadow:600;clodsire:576;stunfisk_galarian:568;altaria:560,wigglytuff:378;corviknight:383;forretress:398;togekiss:465;cradily:475
tyranitar,Tyranitar,82.4,129.7,111.4,120,1734,DRAGON_BREATH,BRUTAL_SWING,STONE_EDGE,78.2,65.4,80.3,60.8,altaria:695;lickilicky:666;guzzlord:645;drapion_shadow:554;corviknight:541,togekiss:95;wigglytuff:96;piloswine:207;forretress:312;cradily:385
charizard,Charizard,82.3,132.7,108.8,117,1691,EMBER,BLAST_BURN,AIR_CUTTER,89.6,78.1,87.4,60.6,forretress:816;corviknight:760;wigglytuff:756;togekiss:739;piloswine:739,drapion_shadow:156;lickilicky:246;altaria:260;quagsire_shadow:332;cradily:354
marshtomp_shadow,Marshtomp (Shadow),82.2,120.4,111.4,139,1865,MUD_SHOT,SURF,SLUDGE,78.8,77,84.3,52.1,talonflame:809;crustle:708;drapion_shadow:701;lickilicky:597;stunfisk_galarian:517,altaria:206;cradily:239;corviknight:313;forretress:386;wigglytuff:461
zapdos,Zapdos,82.1,135.6,104.6,115,1633,THUNDER_SHOCK,DRILL_PECK,HEAT_WAVE,81.6,77,82.7,52.3,corviknight:891;forretress:721;talonflame:665;togekiss:582;stunfisk_galarian:534,cradily:236;lickilicky:315;altaria:322;wigglytuff:356;piloswine:415
flygon,Flygon,82,127.9,109.5,125,1752,DRAGON_TAIL,SAND_TOMB,TWISTER,82.4,60.1,76.2,53.3,drapion_shadow:688;altaria:644;lickilicky:624;cradily:556;stunfisk_galarian:508,togekiss:156;piloswine:165;wigglytuff:199;corviknight:266;forretress:281
palossand,Palossand,82,116.5,123,134,1922,ASTONISH,SHADOW_BALL,SAND_TOMB,84.2,66.5,77.7,74.2,stunfisk_galarian:802;forretress:660;altaria:615;togekiss:582;cradily:537,piloswine:253;corviknight:336;lickilicky:375;wigglytuff:392;quagsire_shadow:462
charjabug,Charjabug,81.9,114.7,134.8,126,1949,VOLT_SWITCH,X_SCISSOR,DISCHARGE,80.8,65.8,83.1,67.9,corviknight:702;scizor_shadow:638;togekiss:630;talonflame:630;drapion_shadow:575,piloswine:275;cradily:305;altaria:318;forretress:382;wigglytuff:417
pawniard,Pawniard,81.9,131.9,107.7,119,1692,FURY_CUTTER,NIGHT_SLASH,X_SCISSOR,81.4,70,78.4,68.3,lickilicky:768;guzzlord:747;drapion_shadow:705;cradily:697;piloswine:596,togekiss:204;corviknight:220;wigglytuff:280;altaria:322;forretress:355
scrafty,Scrafty,81.9,110.4,156.7,117,2025,COUNTER,FOUL_PLAY,UPPER_HAND,78.7,47.4,83.6,71.9,lickilicky:794;cradily:623;piloswine:623;quagsire_shadow:576;corviknight:504,togekiss:134;altaria:155;wigglytuff:181;clodsire:420;forretress:460
whiscash_shadow,Whiscash (Shadow),81.9,107.5,108.2,178,2074,MUD_SHOT,MUD_BOMB,SCALD,78.8,58.9,87.2,58.4,drapion_shadow:654;stunfisk_galarian:598;piloswine:592;lickilicky:525;forretress:502,cradily:277;altaria:329;wigglytuff:331;corviknight:336;togekiss:365
zapdos_shadow,Zapdos (Shadow),81.9,138.1,103.4,112,1601,THUNDER_SHOCK,DRILL_PECK,HEAT_WAVE,87.9,84.4,84.6,30.4,togekiss:794;forretress:700;talonflame:700;corviknight:691;piloswine:504,cradily:288;stunfisk_galarian:360;wigglytuff:385;lickilicky:387;altaria:394
linoone,Linoone,81.8,114.1,111.7,154,1965,SHADOW_CLAW,SWIFT,GRASS_KNOT,80.5,78,81.9,63.4,piloswine:782;quagsire_shadow:730;marowak_shadow:581;stunfisk_galarian:577;swalot:548,corviknight:376;wigglytuff:387;forretress:394;altaria:416;cradily:496
salamence_shadow,Salamence (Shadow),81.8,143.4,93,117,1562,DRAGON_TAIL,FLY,BRUTAL_SWING,85.3,56,87.2,32.7,talonflame:722;gliscor:615;forretress:611;diggersby:542;altaria:525,wigglytuff:65;togekiss:243;corviknight:323;lickilicky:346;cradily:357
dragonite,Dragonite,81.7,135.8,107.3,113,1647,DRAGON_BREATH,THUNDER_PUNCH,SUPER_POWER,82.4,60.4,77.6,49.7,crustle:818;quagsire_shadow:756;stunfisk_galarian:601;lickilicky:557;corviknight:539,wigglytuff:91;cradily:239;forretress:382;togekiss:386;altaria:492
golbat_shadow,Golbat (Shadow),81.7,117.6,116.2,139,1901,WING_ATTACK,POISON_FANG,SHADOW_BALL,77.5,74.9,76,58.4,gourgeist_super:766;wigglytuff:737;drapion_shadow:687;gliscor:676;talonflame:636,togekiss:243;cradily:305;altaria:329;corviknight:410;forretress:488
litleo,Litleo,81.6,121.5,105.7,144,1852,INCINERATE,FLAME_CHARGE,CRUNCH,81.3,71.1,74.8,73.8,wigglytuff:802;forretress:788;piloswine:704;stunfisk_galarian:569;drapion_shadow:520,altaria:282;togekiss:295;cradily:388;corviknight:443;lickilicky:465
mightyena,Mightyena,81.6,125.8,105.7,133,1771,SUCKER_PUNCH,CRUNCH,POISON_FANG,81.4,73.7,76.4,67.9,gourgeist_super:770;corviknight:665;talonflame:657;quagsire_shadow:654;lickilicky:503,forretress:269;wigglytuff:385;cradily:388;altaria:394;togekiss:395
oinkologne_female,Oinkologne (Female),81.6,109.6,111.5,167,2042,MUD_SLAP,BODY_SLAM,TRAILBLAZE,81.3,66.2,77.6,72.4,quagsire_shadow:733;drapion_shadow:667;stunfisk_galarian:598;lickilicky:586;piloswine:583,corviknight:303;forretress:320;altaria:358;cradily:375;wigglytuff:414
xatu_shadow,Xatu (Shadow),81.6,132.2,107.9,119,1698,PECK,PSYSHOCK,AERIAL_ACE,83.2,78.6,77.7,36.5,togekiss:701;quagsire_shadow:651;piloswine:533;forretress:504;wigglytuff:504,stunfisk_galarian:302;corviknight:303;cradily:406;lickilicky:406;altaria:431
raikou,Raikou,81.5,131.9,110.6,116,1693,THUNDER_SHOCK,WILD_CHARGE,AURA_SPHERE,81.1,67.3,84.8,44.5,crustle:737;talonflame:685;corviknight:642;togekiss:573;drapion_shadow:538,cradily:305;forretress:343;altaria:380;lickilicky:453;wigglytuff:484
charjabug_shadow,Charjabug (Shadow),81.4,114.7,134.8,126,1949,VOLT_SWITCH,X_SCISSOR,DISCHARGE,82.9,71.7,82.4,56.1,corviknight:702;weezing_galarian_shadow:674;drapion_shadow:670;scizor_shadow:567;togekiss:555,cradily:361;altaria:362;lickilicky:403;forretress:421;wigglytuff:448
gastrodon,Gastrodon,81.4,113.2,103.4,168,1967,MUD_SLAP,BODY_SLAM,WATER_PULSE,79.8,52.8,81.9,70.5,clodsire:913;stunfisk_galarian:791;drapion_shadow:684;piloswine:574;quagsire_shadow:520,cradily:208;altaria:231;corviknight:370;togekiss:426;forretress:468
morpeko_full_belly,Morpeko (Hangry),81.4,140.4,96.2,118,1596,THUNDER_SHOCK,AURA_WHEEL_ELECTRIC,PSYCHIC_FANGS,80.1,58,79.6,60.8,togekiss:843;corviknight:766;talonflame:741;lickilicky:601;drapion_shadow:559,wigglytuff:114;piloswine:198;cradily:267;forretress:437;altaria:449
decidueye_hisuian,Decidueye (Hisuian),81.3,126.9,109.4,127,1765,PSYCHO_CUT,TRAILBLAZE,AURA_SPHERE,78.5,66.8,79.1,67.4,quagsire_shadow:795;stunfisk_galarian:688;piloswine:677;lickilicky:641;diggersby:559,altaria:253;corviknight:300;wigglytuff:309;forretress:320;cradily:375
tyranitar_shadow,Tyranitar (Shadow),81.3,129.7,111.4,120,1734,DRAGON_BREATH,BRUTAL_SWING,STONE_EDGE,77.1,53.1,79.5,47.4,talonflame:779;altaria:695;lickilicky:625;guzzlord:595;gliscor:545,wigglytuff:78;togekiss:95;forretress:144;corviknight:336;cradily:371
flygon_shadow,Flygon (Shadow),81.2,127.9,109.5,125,1752,DRAGON_TAIL,SAND_TOMB,TWISTER,80.1,59.5,74.3,47.4,talonflame:788;quagsire_shadow:600;altaria:556;drapion_shadow:512;cradily:504,togekiss:126;piloswine:146;wigglytuff:213;corviknight:300;forretress:328
ursaring_shadow,Ursaring (Shadow),81.2,139.6,91.3,126,1607,SHADOW_CLAW,SWIFT,CLOSE_COMBAT,89.9,86.1,76.2,25.4,cradily:757;piloswine:678;lickilicky:591;quagsire_shadow:515;forretress:503,drapion_shadow:156;wigglytuff:316;altaria:394;corviknight:483;togekiss:491
whiscash,Whiscash,81.2,107.5,108.2,178,2074,MUD_SHOT,MUD_BOMB,SCALD,82.7,56.3,82.9,67.2,stunfisk_galarian:643;lickilicky:606;piloswine:603;wigglytuff:528;forretress:508,cradily:229;altaria:289;togekiss:317;guzzlord:435;corviknight:490
overqwil,Overqwil,81,131,106.8,122,1708,POISON_STING,AQUA_TAIL,SHADOW_BALL,81,79.5,74.6,49.5,togekiss:750;drapion_shadow:651;wigglytuff:635;talonflame:627;cradily:524,corviknight:310;forretress:335;piloswine:337;altaria:340;lickilicky:403
raticate_alolan,Raticate (Alolan),81,107,130.1,150,2091,QUICK_ATTACK,CRUNCH,RETURN,77.2,51.6,85.3,54.2,lickilicky:616;guzzlord:610;piloswine:593;drapion_shadow:563;gliscor:553,forretress:265;wigglytuff:286;cradily:364;corviknight:423;altaria:471
salazzle,Salazzle,81,147,91.2,114,1529,INCINERATE,POISON_FANG,DRAGON_PULSE,85.3,58.3,70.9,52.5,wigglytuff:842;cradily:824;forretress:820;togekiss:688;altaria:666,quagsire_shadow:152;drapion_shadow:271;corviknight:390;stunfisk_galarian:401;lickilicky:428
celesteela,Celesteela,80.8,119.5,120.7,130,1877,AIR_SLASH,BODY_SLAM,IRON_HEAD,80,60.3,80,68.1,wigglytuff:653;gliscor:588;togekiss:557;crustle:550;clodsire:511,altaria:304;piloswine:376;forretress:382;cradily:406;corviknight:466
lugia,Lugia,80.8,102.4,167.1,127,2174,DRAGON_TAIL,FLY,AEROBLAST,75.6,65.3,85.7,52.1,altaria:614;quagsire_shadow:606;gliscor:594;togekiss:586;lickilicky:559,piloswine:162;forretress:292;corviknight:350;wigglytuff:412;cradily:413
vigoroth_shadow,Vigoroth (Shadow),80.8,116.2,114.1,145,1923,COUNTER,BODY_SLAM,ROCK_SLIDE,75.9,58.7,79,56.3,lickilicky:665;stunfisk_galarian:658;quagsire_shadow:634;drapion_shadow:620;cradily:503,togekiss:134;altaria:289;forretress:359;piloswine:470;wigglytuff:473
skarmory_shadow,Skarmory (Shadow),80.7,105.5,166.5,121,2127,AIR_SLASH,BRAVE_BIRD,SKY_ATTACK,71.4,44.2,90.3,65.3,clodsire:727;forretress:681;wigglytuff:628;guzzlord:541;gliscor:512,altaria:199;lickilicky:303;corviknight:340;togekiss:352;cradily:489
grimmsnarl,Grimmsnarl,80.6,136.2,90.8,133,1646,SUCKER_PUNCH,FOUL_PLAY,PLAY_ROUGH,75.8,61.6,78.1,52.1,furret:665;corviknight:635;talonflame:601;gliscor:571;altaria:518,wigglytuff:181;togekiss:221;cradily:270;piloswine:295;forretress:496
golurk_shadow,Golurk (Shadow),80.4,133.3,98.5,128,1681,MUD_SLAP,SHADOW_PUNCH,DYNAMIC_PUNCH,80.5,60,67.1,51.4,cradily:902;drapion_shadow:902;stunfisk_galarian:730;forretress:660;wigglytuff:527,togekiss:156;altaria:286;lickilicky:312;piloswine:321;corviknight:430
raikou_shadow,Raikou (Shadow),80.4,133.5,109.9,113,1659,THUNDER_SHOCK,WILD_CHARGE,AURA_SPHERE,84.5,71.4,83.8,30.4,togekiss:818;piloswine:716;corviknight:615;wigglytuff:592;forretress:548,cradily:375;stunfisk_galarian:380;quagsire_shadow:391;lickilicky:462;altaria:478
excadrill_shadow,Excadrill (Shadow),80.3,142.6,78.7,140,1573,MUD_SHOT,DRILL_RUN,ROCK_SLIDE,75.9,55.2,89.1,32.5,clodsire:910;togekiss:782;stunfisk_galarian:782;piloswine:675;lickilicky:514,corviknight:296;cradily:340;altaria:416;forretress:445;wigglytuff:446
araquanid_shadow,Araquanid (Shadow),80.2,97.4,174,136,2306,BUG_BITE,BUBBLE_BEAM,WATER_PULSE,87.3,76.7,83.3,70.5,piloswine:647;lickilicky:632;cradily:628;wigglytuff:591;togekiss:514,forretress:238;altaria:286;stunfisk_galarian:331;clodsire:425;corviknight:436
claydol,Claydol,80.2,103.5,172.6,121,2164,MUD_SLAP,ROCK_TOMB,SHADOW_BALL,74.1,48.8,79.6,60.6,stunfisk_galarian:818;swalot:710;drapion_shadow:648;clodsire:640;talonflame:508,forretress:250;altaria:340;corviknight:426;wigglytuff:482;cradily:486
excadrill,Excadrill,80.2,142.6,78.7,140,1573,MUD_SHOT,DRILL_RUN,ROCK_SLIDE,75.1,71.9,84.8,45.2,stunfisk_galarian:692;crustle:596;lickilicky:575;drapion_shadow:564;cradily:553,corviknight:263;altaria:318;wigglytuff:369;forretress:398;togekiss:478
tentacruel_shadow,Tentacruel (Shadow),80.2,108.9,143.5,131,2047,ACID,SCALD,PAYBACK,70.6,59.2,87.4,46.2,wigglytuff:755;drapion_shadow:610;piloswine:606;swalot:561;cradily:541,corviknight:333;altaria:369;forretress:378;togekiss:421;lickilicky:471
vigoroth,Vigoroth,80.2,116.2,114.1,145,1923,COUNTER,BODY_SLAM,ROCK_SLIDE,77.1,60.9,80,59.9,drapion_shadow:582;lickilicky:565;piloswine:551;stunfisk_galarian:544;cradily:524,togekiss:91;forretress:277;altaria:384;corviknight:433;wigglytuff:455
aerodactyl,Aerodactyl,80.1,134.4,103.3,120,1667,DRAGON_BREATH,ROCK_SLIDE,EARTH_POWER,75,59,80.2,43.6,talonflame:795;altaria:695;crustle:650;togekiss:550;corviknight:537,piloswine:207;lickilicky:209;cradily:340;wigglytuff:358;forretress:453
armaldo_shadow,Armaldo (Shadow),80,133.9,109.1,115,1680,FURY_CUTTER,ROCK_BLAST,LIQUIDATION,79.7,79,76.4,31.8,cradily:852;togekiss:691;crustle:647;talonflame:630;diggersby:617,piloswine:275;corviknight:323;wigglytuff:367;forretress:378;altaria:427
centiskorch,Centiskorch,80,128.7,99.4,136,1740,EMBER,LUNGE,HEAT_WAVE,82.1,71.4,78.1,50.2,piloswine:867;forretress:790;corviknight:639;guzzlord:588;wigglytuff:518,altaria:202;lickilicky:315;cradily:319;togekiss:439;stunfisk_galarian:456
garchomp,Garchomp,80,132.4,101.4,126,1694,DRAGON_TAIL,TWISTER,SAND_TOMB,79,55.1,74,48.3,talonflame:805;drapion_shadow:678;altaria:646;lickilicky:607;cradily:539,togekiss:156;piloswine:165;wigglytuff:206;corviknight:253;forretress:285
larvesta,Larvesta,80,130.8,99.7,131,1710,EMBER,FLAME_WHEEL,BUG_BUZZ,79.3,64.7,82.9,40.5,piloswine:843;scizor_shadow:812;forretress:755;corviknight:610;guzzlord:564,altaria:213;lickilicky:334;wigglytuff:448;cradily:454;togekiss:460
golbat,Golbat,79.8,117.6,116.2,139,1901,WING_ATTACK,POISON_FANG,SHADOW_BALL,78.4,59.3,79,71.6,gourgeist_super:762;talonflame:690;wigglytuff:589;cradily:507;corviknight:503,piloswine:165;altaria:322;togekiss:426;lickilicky:443;forretress:445
lileep_shadow,Lileep (Shadow),79.8,100.8,138.6,151,2111,ACID,ANCIENT_POWER,GRASS_KNOT,70.9,46.7,85.1,48.3,quagsire_shadow:721;talonflame:715;wigglytuff:632;cradily:546;lickilicky:533,piloswine:100;forretress:257;corviknight:263;togekiss:265;altaria:452
sandslash_shadow,Sandslash (Shadow),79.8,120.4,123,125,1853,SAND_ATTACK,NIGHT_SLASH,ROCK_TOMB,77.7,79.5,76.4,45.9,talonflame:692;drapion_shadow:548;clodsire:548;corviknight:508;altaria:504,togekiss:195;cradily:326;piloswine:344;wigglytuff:394;forretress:406
marshtomp,Marshtomp,79.7,119.8,111.5,140,1871,MUD_SHOT,SURF,SLUDGE,76.2,70,81.4,57,crustle:771;clodsire:625;diggersby:589;stunfisk_galarian:553;lickilicky:521,altaria:184;cradily:225;forretress:296;wigglytuff:378;corviknight:470
slowking_galarian,Slowking (Galarian),79.5,117.3,117.9,138,1910,ACID,PSYSHOCK,SHADOW_BALL,75.4,65.4,82,56.3,wigglytuff:793;gourgeist_super:760;swalot:644;togekiss:641;cradily:608,corviknight:186;forretress:312;altaria:362;lickilicky:368;piloswine:396
ampharos_shadow,Ampharos (Shadow),79.4,126.8,107.9,129,1766,VOLT_SWITCH,BRUTAL_SWING,TRAILBLAZE,78.5,77.2,69.7,46.6,togekiss:802;crustle:686;corviknight:624;wigglytuff:593;quagsire_shadow:538,cradily:329;piloswine:353;altaria:373;forretress:433;lickilicky:478
pawmot,Pawmot,79.4,145,95.4,112,1552,THUNDER_SHOCK,BRICK_BREAK,WILD_CHARGE,78.2,63.6,77.7,47.1,crustle:816;forretress:714;togekiss:683;drapion_shadow:558;corviknight:549,wigglytuff:114;altaria:235;cradily:354;piloswine:373;lickilicky:428
victreebel,Victreebel,79.3,135.1,93.5,131,1656,ACID,LEAF_BLADE,SLUDGE_BOMB,78.2,60.6,74.8,50.2,wigglytuff:782;quagsire_shadow:725;togekiss:652;piloswine:652;diggersby:538,corviknight:160;forretress:183;altaria:289;cradily:340;lickilicky:450
victreebel_shadow,Victreebel (Shadow),79.3,135.1,93.5,131,1656,ACID,LEAF_BLADE,SLUDGE_BOMB,81.1,64.5,73.8,37.7,wigglytuff:767;quagsire_shadow:667;marowak_shadow:652;togekiss:583;piloswine:583,corviknight:213;forretress:226;cradily:409;lickilicky:443;altaria:463
drifblim_shadow,Drifblim (Shadow),79.2,119.1,75.7,209,1887,ASTONISH,ICY_WIND,SHADOW_BALL,81.9,54.1,67.4,57.3,forretress:815;corviknight:811;altaria:564;togekiss:533;cradily:523,lickilicky:112;drapion_shadow:207;wigglytuff:295;piloswine:321;guzzlord:479
skuntank,Skuntank,79.1,121.7,95.1,158,1831,POISON_JAB,CRUNCH,TRAILBLAZE,74,59.3,79.3,59.6,lickilicky:661;gourgeist_super:639;wigglytuff:626;togekiss:537;piloswine:506,corviknight:266;forretress:285;stunfisk_galarian:343;altaria:434;cradily:461
ferrothorn,Ferrothorn,79,107.1,152.7,128,2094,BULLET_SEED,POWER_WHIP,THUNDER,75.4,50,82.4,62,lickilicky:660;piloswine:636;stunfisk_galarian:613;wigglytuff:566;togekiss:527,altaria:141;forretress:277;drapion_shadow:309;corviknight:376;cradily:486
gogoat,Gogoat,79,119.7,94.9,165,1876,VINE_WHIP,LEAF_BLADE,ROCK_SLIDE,78,60.6,77.9,55.4,quagsire_shadow:915;piloswine:724;lickilicky:612;wigglytuff:603;stunfisk_galarian:572,forretress:97;togekiss:265;altaria:315;corviknight:326;cradily:413
pachirisu,Pachirisu,79,91.5,157.1,142,2044,VOLT_SWITCH,HYPER_FANG,THUNDER_PUNCH,77.4,53.8,79.1,75.9,talonflame:813;togekiss:742;scizor_shadow:669;corviknight:612;wigglytuff:528,cradily:250;piloswine:250;altaria:442;lickilicky:446;forretress:457
salamence,Salamence,79,143.4,93,117,1562,DRAGON_TAIL,FLY,BRUTAL_SWING,80.8,52,81,36.3,gourgeist_super:807;talonflame:773;gliscor:645;crustle:641;diggersby:564,wigglytuff:69;cradily:385;corviknight:436;forretress:441;altaria:496
weezing,Weezing,79,117.5,140.2,116,1913,ROLLOUT,SLUDGE_BOMB,SHADOW_BALL,67.2,49.1,85.1,54.2,gourgeist_super:711;wigglytuff:607;articuno:573;charjabug:568;weezing_galarian_shadow:564,togekiss:217;corviknight:366;forretress:398;cradily:416;altaria:449
amoonguss,Amoonguss,78.9,109.3,105.9,177,2050,ASTONISH,FOUL_PLAY,GRASS_KNOT,74.3,55.2,81.2,66.2,quagsire_shadow:655;clodsire:607;marowak_shadow:576;scizor_shadow:548;charjabug:505,altaria:311;corviknight:356;forretress:363;wigglytuff:387;cradily:392
lokix,Lokix,78.8,132.8,104,122,1687,SUCKER_PUNCH,X_SCISSOR,TRAILBLAZE,76.1,64.4,71.4,52.5,furret:618;gourgeist_super:602;drapion_shadow:569;lickilicky:553;diggersby:512,forretress:234;wigglytuff:338;altaria:365;corviknight:416;cradily:447
snorlax_shadow,Snorlax (Shadow),78.8,108.4,102.2,187,2073,LICK,BODY_SLAM,SUPER_POWER,75.1,62.2,79.6,47.4,stunfisk_galarian:617;clodsire:598;piloswine:564;cradily:548;altaria:518,lickilicky:253;togekiss:278;corviknight:320;wigglytuff:352;forretress:410
nidoqueen,Nidoqueen,78.7,116.5,118.4,139,1920,MUD_SLAP,STONE_EDGE,POISON_FANG,77.7,47.1,76,65.8,wigglytuff:794;drapion_shadow:669;cradily:661;guzzlord:618;forretress:593,altaria:112;piloswine:253;corviknight:380;togekiss:430;lickilicky:443
furfrou,Furfrou,78.6,115.5,125.1,134,1938,SUCKER_PUNCH,SURF,GRASS_KNOT,73.2,61.6,81.7,55.6,drifblim:753;gourgeist_super:623;quagsire_shadow:589;piloswine:537;marowak_shadow:526,wigglytuff:360;altaria:365;cradily:427;corviknight:433;forretress:449
kleavor,Kleavor,78.6,143.6,104.5,104,1561,FURY_CUTTER,X_SCISSOR,ROCK_SLIDE,77.4,72.8,82,29.4,cradily:850;piloswine:706;crustle:706;altaria:634;talonflame:629,togekiss:186;forretress:308;wigglytuff:376;corviknight:380;lickilicky:381
raichu,Raichu,78.6,133.5,110.6,114,1685,THUNDER_SHOCK,WILD_CHARGE,TRAILBLAZE,80.1,55.4,75.3,41.7,wigglytuff:657;corviknight:635;lickilicky:596;togekiss:565;forretress:557,altaria:206;guzzlord:220;stunfisk_galarian:363;cradily:378;piloswine:379
bellibolt,Bellibolt,78.4,115,110.1,154,1953,THUNDER_SHOCK,ZAP_CANNON,PARABOLIC_CHARGE,76.2,44.2,79.5,63.9,togekiss:720;lickilicky:675;altaria:603;corviknight:561;wigglytuff:555,forretress:167;piloswine:181;stunfisk_galarian:218;quagsire_shadow:263;cradily:309
jumpluff,Jumpluff,78.3,96.7,156.9,153,2323,FAIRY_WIND,AERIAL_ACE,ENERGY_BALL,73.3,64.7,79.8,69.1,quagsire_shadow:957;marowak_shadow:915;furret:578;diggersby:565;lickilicky:562,cradily:243;forretress:246;corviknight:270;wigglytuff:405;altaria:427
orbeetle,Orbeetle,78.3,107.9,168.6,114,2075,PSYCHO_CUT,PSYSHOCK,BUG_BUZZ,75.9,59.5,79.3,57.3,swalot:785;clodsire:614;togekiss:535;cradily:526;quagsire_shadow:508,forretress:207;altaria:297;corviknight:303;piloswine:340;wigglytuff:457
roserade,Roserade,78.3,141.9,114.3,97,1574,POISON_STING,WEATHER_BALL_FIRE,LEAF_STORM,87.6,81.5,75.2,43.8,wigglytuff:742;quagsire_shadow:690;piloswine:582;forretress:556;togekiss:530,stunfisk_galarian:241;altaria:300;corviknight:303;cradily:434;lickilicky:487
scolipede,Scolipede,78.3,131.7,120.3,107,1698,POISON_STING,AQUA_TAIL,MEGAHORN,79.2,64.7,75.9,42.2,wigglytuff:733;drapion_shadow:672;weezing_galarian_shadow:630;gourgeist_super:621;guzzlord:607,corviknight:206;altaria:304;forretress:371;togekiss:404;cradily:489
slowbro_galarian,Slowbro (Galarian),78.3,119.1,108.3,146,1885,CONFUSION,DRAIN_PUNCH,SLUDGE_BOMB,80.8,65.8,73.6,61.7,wigglytuff:664;togekiss:606;cradily:585;piloswine:582;altaria:541,corviknight:270;forretress:281;stunfisk_galarian:328;drapion_shadow:444;lickilicky:453
staravia,Staravia,78.3,131.9,91.5,135,1631,WING_ATTACK,BRAVE_BIRD,FLY,68.6,48.7,82.4,34.1,swalot:722;forretress:696;talonflame:607;wigglytuff:562;lickilicky:544,piloswine:198;togekiss:221;corviknight:306;cradily:315;altaria:376
crawdaunt_shadow,Crawdaunt (Shadow),78.2,144.7,98.3,109,1552,WATERFALL,NIGHT_SLASH,SCALD,77.4,57,74,43.6,clodsire:775;piloswine:766;diggersby:610;stunfisk_galarian:577;lickilicky:518,wigglytuff:181;forretress:214;altaria:369;cradily:423;corviknight:496
garchomp_shadow,Garchomp (Shadow),78.1,132.4,101.4,126,1694,DRAGON_TAIL,TWISTER,SAND_TOMB,77.4,56.4,71,38.4,gourgeist_super:805;talonflame:757;quagsire_shadow:583;altaria:559;gliscor:531,togekiss:195;wigglytuff:219;forretress:289;corviknight:303;cradily:388
golurk,Golurk,78.1,133.3,98.5,128,1681,MUD_SLAP,SHADOW_PUNCH,DYNAMIC_PUNCH,75.9,55.7,67.6,53.7,stunfisk_galarian:742;clodsire:730;diggersby:640;wigglytuff:621;forretress:519,altaria:228;lickilicky:278;corviknight:310;togekiss:326;cradily:482
toedscruel,Toedscruel,78.1,108.9,143.5,131,2047,MUD_SLAP,SEED_BOMB,WRAP,76.7,50.6,68.6,77.3,quagsire_shadow:751;stunfisk_galarian:713;clodsire:652;drapion_shadow:622;cradily:591,togekiss:260;forretress:351;altaria:355;corviknight:366;wigglytuff:466
chatot,Chatot,78,139.6,78.4,147,1610,PECK,SKY_ATTACK,HEAT_WAVE,72.8,58.9,77.1,40,forretress:717;gliscor:666;gourgeist_super:656;talonflame:571;corviknight:551,piloswine:230;togekiss:265;altaria:326;cradily:329;wigglytuff:457
venusaur,Venusaur,77.9,122.1,122.1,123,1836,VINE_WHIP,FRENZY_PLANT,SLUDGE,74.6,55.1,79.3,54.9,quagsire_shadow:873;lickilicky:601;wigglytuff:585;stunfisk_galarian:565;cradily:512,togekiss:134;corviknight:193;forretress:207;altaria:250;piloswine:262
ampharos,Ampharos,77.8,126.8,107.9,129,1766,VOLT_SWITCH,BRUTAL_SWING,TRAILBLAZE,77.1,66.1,72.8,62,togekiss:841;scizor_shadow:763;talonflame:717;quagsire_shadow:612;drapion_shadow:503,cradily:312;altaria:329;forretress:363;corviknight:460;wigglytuff:466
chesnaught_shadow,Chesnaught (Shadow),77.8,119.3,126.9,124,1879,LOW_KICK,FRENZY_PLANT,SUPER_POWER,71.1,42.1,83.1,53.5,stunfisk_galarian:794;quagsire_shadow:770;lickilicky:737;cradily:685;drapion_shadow:592,togekiss:73;wigglytuff:177;altaria:278;forretress:464;corviknight:480
armaldo,Armaldo,77.7,133.9,109.1,115,1680,FURY_CUTTER,ROCK_BLAST,LIQUIDATION,76.2,71.6,76.4,36.5,crustle:734;talonflame:682;guzzlord:556;drapion_shadow:526;gliscor:526,corviknight:240;wigglytuff:340;forretress:355;altaria:387;cradily:427
ludicolo,Ludicolo,77.7,116.4,123.6,134,1931,ASTONISH,WEATHER_BALL_WATER,LEAF_STORM,76.1,58.7,78.6,60.1,talonflame:757;corviknight:641;quagsire_shadow:634;piloswine:608;stunfisk_galarian:578,togekiss:234;altaria:282;cradily:298;forretress:324;wigglytuff:455
nidorina,Nidorina,77.7,110.9,113.4,157,1975,POISON_STING,POISON_FANG,THUNDERBOLT,79,58.6,74.3,67.6,talonflame:780;wigglytuff:656;lickilicky:643;cradily:640;togekiss:550,stunfisk_galarian:95;piloswine:337;corviknight:383;altaria:416;forretress:433
ursaring,Ursaring,77.7,139.6,91.3,126,1607,SHADOW_CLAW,SWIFT,CLOSE_COMBAT,81,65.6,71.7,32.7,piloswine:718;crustle:678;stunfisk_galarian:646;scizor_shadow:599;guzzlord:567,cradily:184;wigglytuff:269;altaria:322;corviknight:436;forretress:453
amoonguss_shadow,Amoonguss (Shadow),77.6,109.3,105.9,177,2050,ASTONISH,GRASS_KNOT,FOUL_PLAY,74.3,61.6,76.9,51.4,charjabug:632;steelix_shadow:598;stunfisk_galarian:581;forretress_shadow:581;quagsire_shadow:570,altaria:340;wigglytuff:367;corviknight:386;cradily:447;forretress:468
magnemite_shadow,Magnemite (Shadow),77.6,147.8,113.6,90,1512,VOLT_SWITCH,MAGNET_BOMB,DISCHARGE,78.7,49.9,76.2,45.7,altaria:716;wigglytuff:683;forretress:577;cradily:577;piloswine:505,stunfisk_galarian:90;quagsire_shadow:164;drapion_shadow:292;corviknight:403;lickilicky:443
sneasel_shadow,Sneasel (Shadow),77.6,133.9,111.7,111,1662,ICE_SHARD,AVALANCHE,FOUL_PLAY,73.7,41.3,77.4,40.8,altaria:725;cradily:725;piloswine:594;corviknight:567;guzzlord:563,forretress:121;stunfisk_galarian:186;lickilicky:200;wigglytuff:204;togekiss:460
staravia_shadow,Staravia (Shadow),77.6,131.9,91.5,135,1631,WING_ATTACK,BRAVE_BIRD,FLY,68.6,49.7,81,30.6,clodsire:803;cradily:707;forretress:692;gliscor:633;diggersby:592,lickilicky:175;togekiss:221;corviknight:323;altaria:460;wigglytuff:466
trevenant_shadow,Trevenant (Shadow),77.6,127.8,104.6,131,1752,SHADOW_CLAW,SHADOW_BALL,FOUL_PLAY,75.4,59.5,74.8,40.3,altaria:709;stunfisk_galarian:679;corviknight:641;forretress:587;gourgeist_super:568,wigglytuff:213;lickilicky:259;togekiss:265;cradily:475;piloswine:477
venomoth,Venomoth,77.6,127,107.5,129,1763,PSYWAVE,POISON_FANG,BUG_BUZZ,76.2,63.6,69,50.7,cradily:844;drapion_shadow:674;togekiss:647;wigglytuff:573;guzzlord:569,corviknight:290;lickilicky:306;piloswine:340;altaria:347;forretress:406
vullaby,Vullaby,77.6,100.8,129.4,157,2049,AIR_SLASH,BRAVE_BIRD,FOUL_PLAY,75.8,49.7,80.2,63.2,gourgeist_super:729;guzzlord:621;gliscor:547;drapion_shadow:538;diggersby:509,wigglytuff:204;cradily:319;forretress:339;corviknight:470;altaria:485
aerodactyl_shadow,Aerodactyl (Shadow),77.5,134.4,103.3,120,1667,DRAGON_BREATH,ROCK_SLIDE,EARTH_POWER,70.2,54.5,79.1,36,talonflame:762;altaria:695;gliscor:658;diggersby:600;stunfisk_galarian:504,togekiss:95;wigglytuff:343;corviknight:406;cradily:420;forretress:476
magneton_shadow,Magneton (Shadow),77.5,143.4,114.6,95,1563,THUNDER_SHOCK,DISCHARGE,MAGNET_BOMB,76.7,45.6,81.9,40.5,togekiss:852;piloswine:784;wigglytuff:700;corviknight:615;cradily:578,quagsire_shadow:102;stunfisk_galarian:197;lickilicky:393;forretress:406;altaria:416
bellossom_shadow,Bellossom (Shadow),77.4,115,132.2,128,1948,ACID,LEAF_BLADE,DAZZLING_GLEAM,76.2,54.9,73.8,51.1,quagsire_shadow:925;piloswine:679;wigglytuff:652;guzzlord:570;diggersby:562,forretress:97;corviknight:226;cradily:319;togekiss:443;altaria:489
dedenne,Dedenne,77.3,124.3,109,133,1804,THUNDER_SHOCK,DISCHARGE,PLAY_ROUGH,70.6,46.4,80.5,62,guzzlord:906;talonflame:725;altaria:672;togekiss:650;corviknight:503,piloswine:81;cradily:93;wigglytuff:336;forretress:351;lickilicky:409
electivire_shadow,Electivire (Shadow),77.3,143.3,100.8,108,1562,THUNDER_SHOCK,ICE_PUNCH,WILD_CHARGE,79.8,63.6,90.7,17.9,togekiss:787;altaria:731;crustle:625;corviknight:587;wigglytuff:541,forretress:160;stunfisk_galarian:209;piloswine:311;cradily:322;lickilicky:493
escavalier_shadow,Escavalier (Shadow),77.3,132.1,117.6,108,1679,BUG_BITE,DRILL_RUN,RAZOR_SHELL,78.4,63.9,73.1,60.6,cradily:884;drapion_shadow:652;wigglytuff:625;forretress:620;piloswine:574,corviknight:170;togekiss:186;stunfisk_galarian:238;lickilicky:303;altaria:329
girafarig_shadow,Girafarig (Shadow),77.3,130.3,101.5,130,1721,CONFUSION,PSYCHIC_FANGS,TRAILBLAZE,84.9,64.2,58.6,45,togekiss:726;piloswine:726;lickilicky:603;quagsire_shadow:596;wigglytuff:565,forretress:230;corviknight:310;stunfisk_galarian:348;cradily:461;altaria:489
oinkologne,Oinkologne,77.3,117.6,101.5,159,1901,MUD_SLAP,BODY_SLAM,TRAILBLAZE,75.1,61.6,74.3,59.1,drapion_shadow:682;quagsire_shadow:666;stunfisk_galarian:584;lickilicky:556;piloswine:506,altaria:246;forretress:300;cradily:336;corviknight:353;wigglytuff:410
scyther_shadow,Scyther (Shadow),77.3,134.8,109.4,113,1668,FURY_CUTTER,X_SCISSOR,NIGHT_SLASH,81,67.1,74,38.9,crustle:818;cradily:774;quagsire_shadow:676;forretress:575;piloswine:553,lickilicky:240;togekiss:295;altaria:311;wigglytuff:340;corviknight:456
zygarde,Zygarde (50% Forme),77.3,114.1,128.3,133,1948,DRAGON_TAIL,CRUNCH,EARTHQUAKE,73.7,50.3,79.5,58,gourgeist_super:669;cradily:642;clodsire:642;stunfisk_galarian:605;guzzlord:515,wigglytuff:96;togekiss:247;corviknight:283;altaria:391;forretress:425
chesnaught,Chesnaught,77.2,119.3,126.9,124,1879,LOW_KICK,FRENZY_PLANT,SUPER_POWER,73.3,42.1,79.3,65,stunfisk_galarian:806;quagsire_shadow:790;lickilicky:766;cradily:681;drapion_shadow:653,togekiss:91;altaria:210;corviknight:393;wigglytuff:399;forretress:453
graveler_alolan,Graveler (Alolan),77.2,121.4,130.9,116,1845,VOLT_SWITCH,STONE_EDGE,ROCK_BLAST,79.5,45.1,74.3,62.5,altaria:780;wigglytuff:685;corviknight:633;lickilicky:577;togekiss:568,quagsire_shadow:114;stunfisk_galarian:133;cradily:309;piloswine:431;forretress:496
kecleon,Kecleon,77.2,115.5,142.2,118,1940,SUCKER_PUNCH,AERIAL_ACE,ICE_BEAM,72.2,58.9,82.6,48.8,gourgeist_super:614;altaria:559;piloswine:559;charjabug:555;cradily:533,togekiss:134;wigglytuff:325;forretress:378;lickilicky:381;corviknight:476
magnezone_shadow,Magnezone (Shadow),77.2,134.3,121.1,102,1661,VOLT_SWITCH,WILD_CHARGE,MIRROR_SHOT,85.7,49.6,81.4,55.1,altaria:789;wigglytuff:720;forretress:686;cradily:583;corviknight:549,quagsire_shadow:152;clodsire:177;stunfisk_galarian:203;piloswine:370;guzzlord:418
nidoqueen_shadow,Nidoqueen (Shadow),77.2,116.5,118.4,139,1920,MUD_SLAP,STONE_EDGE,POISON_FANG,74.6,42.2,73.1,60.3,wigglytuff:766;drapion_shadow:636;cradily:618;lickilicky:615;forretress:510,togekiss:126;corviknight:163;altaria:268;piloswine:298;stunfisk_galarian:409
obstagoon_shadow,Obstagoon (Shadow),77.2,113.2,127.9,137,1985,COUNTER,CROSS_CHOP,NIGHT_SLASH,72.5,48.7,75,62.9,lickilicky:693;stunfisk_galarian:682;diggersby:675;drapion_shadow:620;cradily:551,togekiss:134;forretress:210;altaria:271;wigglytuff:271;corviknight:460
raticate_alolan_shadow,Raticate (Alolan) (Shadow),77.2,107,130.1,150,2091,QUICK_ATTACK,CRUNCH,HYPER_BEAM,69.8,45.9,82.7,47.1,clodsire:636;diggersby:583;lickilicky:550;swalot:550;corviknight:503,forretress:132;togekiss:178;wigglytuff:322;altaria:391;cradily:434
bibarel,Bibarel,77.1,122.9,99.2,149,1819,ROLLOUT,SURF,HYPER_FANG,76.9,60.9,78.6,48.1,piloswine:721;clodsire:614;lickilicky:520;corviknight:513;stunfisk_galarian:510,togekiss:247;cradily:260;forretress:339;wigglytuff:374;altaria:384
kartana,Kartana,77.1,169.1,99.3,79,1328,FURY_CUTTER,LEAF_BLADE,SACRED_SWORD,79.5,56.9,77.4,32.5,cradily:784;guzzlord:765;piloswine:651;crustle:632;quagsire_shadow:531,forretress:144;corviknight:240;altaria:286;togekiss:378;wigglytuff:459
pyroar,Pyroar,77.1,135,97.9,126,1667,INCINERATE,FLAME_CHARGE,DARK_PULSE,77.2,57.2,66,59.1,forretress:757;wigglytuff:742;talonflame:738;piloswine:650;lickilicky:555,togekiss:300;altaria:336;stunfisk_galarian:337;cradily:447;corviknight:483
scolipede_shadow,Scolipede (Shadow),77.1,131.7,120.3,107,1698,POISON_STING,AQUA_TAIL,X_SCISSOR,76.1,73.7,72.2,37.7,guzzlord:771;abomasnow:742;wigglytuff:696;weezing_galarian_shadow:588;stunfisk:528,corviknight:223;altaria:297;cradily:406;forretress:410;togekiss:473
bewear,Bewear,77,129.6,87.1,153,1729,SHADOW_CLAW,SUPER_POWER,STOMP,78.8,70.6,79.1,51.4,piloswine:767;quagsire_shadow:637;forretress:532;stunfisk_galarian:522;lickilicky:519,wigglytuff:69;altaria:311;corviknight:410;togekiss:417;cradily:444
bewear_shadow,Bewear (Shadow),77,129.6,87.1,153,1729,SHADOW_CLAW,SUPER_POWER,STOMP,83.2,62.7,85.1,37.5,cradily:781;piloswine:735;lickilicky:643;forretress:588;corviknight:549,wigglytuff:71;diggersby:71;clodsire:324;altaria:336;togekiss:456
swoobat,Swoobat,77,126.6,101.6,138,1777,CONFUSION,FLY,PSYCHIC_FANGS,80.1,58.4,64.1,56.8,clodsire:855;altaria:724;talonflame:652;wigglytuff:648;togekiss:630,corviknight:226;cradily:312;lickilicky:331;forretress:410;piloswine:438
trevenant,Trevenant,77,127.8,104.6,131,1752,SHADOW_CLAW,SEED_BOMB,SHADOW_BALL,74.1,62.7,73.3,47.4,quagsire_shadow:919;piloswine:652;forretress:587;cradily:511;stunfisk_galarian:507,lickilicky:203;togekiss:221;altaria:231;wigglytuff:255;corviknight:260
maushold,Maushold,76.9,116.2,121.9,136,1928,MUD_SHOT,SWIFT,CRUNCH,72.4,67,75.2,56.8,dunsparce:669;drapion_shadow:584;weezing_galarian_shadow:584;gourgeist_super:558;swalot:533,forretress:343;cradily:343;corviknight:383;altaria:427;wigglytuff:428
snorlax,Snorlax,76.9,108.4,102.2,187,2073,LICK,BODY_SLAM,SUPER_POWER,73.8,61.3,77.4,54.2,piloswine:631;abomasnow:628;steelix_shadow:593;altaria:532;drifblim:508,forretress:316;corviknight:326;wigglytuff:338;togekiss:408;cradily:434
graveler_alolan_shadow,Graveler (Alolan) (Shadow),76.7,122.6,129.8,115,1831,VOLT_SWITCH,STONE_EDGE,ROCK_BLAST,78.5,49.1,69.8,50.4,altaria:669;wigglytuff:613;forretress:560;lickilicky:543;corviknight:517,quagsire_shadow:139;stunfisk_galarian:142;piloswine:305;cradily:378;togekiss:460
magneton,Magneton,76.7,143.4,114.6,95,1563,VOLT_SWITCH,MAGNET_BOMB,DISCHARGE,78.7,46.8,77.2,50.9,wigglytuff:700;cradily:610;piloswine:568;corviknight:526;lickilicky:505,quagsire_shadow:139;stunfisk_galarian:203;guzzlord:396;forretress:429;altaria:431
nidorina_shadow,Nidorina (Shadow),76.7,110.9,113.4,157,1975,POISON_STING,POISON_FANG,DIG,74,55.1,73.8,61,wigglytuff:818;togekiss:796;drapion_shadow:649;cradily:605;lickilicky:573,corviknight:186;piloswine:207;stunfisk_galarian:261;forretress:343;altaria:478
staraptor_shadow,Staraptor (Shadow),76.7,140.3,90.8,125,1594,WING_ATTACK,FLY,CLOSE_COMBAT,64.6,45.4,81.5,27.5,cradily:708;forretress:668;gliscor:604;gourgeist_super:596;diggersby:576,lickilicky:171;wigglytuff:230;togekiss:265;corviknight:443;altaria:474
xatu,Xatu,76.7,132.2,107.9,119,1698,PECK,PSYSHOCK,AERIAL_ACE,76.2,68.8,72.9,38.2,gourgeist_super:760;swalot:718;talonflame:693;diggersby:596;togekiss:554,corviknight:240;cradily:336;forretress:382;altaria:394;wigglytuff:450
gabite,Gabite,76.6,128.7,102.4,132,1741,MUD_SHOT,TWISTER,DIG,69.8,55.5,77.1,50,drapion_shadow:704;charjabug:700;clodsire:579;weezing_galarian_shadow:568;cradily:560,wigglytuff:91;togekiss:152;corviknight:210;altaria:318;forretress:347
grimer,Grimer,76.6,121,88.2,172,1836,POISON_JAB,SLUDGE,MUD_BOMB,70.7,49.3,79.3,54.4,wigglytuff:787;weezing_galarian_shadow:700;cradily:636;drapion_shadow:601;charjabug:529,corviknight:180;piloswine:198;forretress:277;togekiss:395;altaria:471
obstagoon,Obstagoon,76.6,113.2,127.9,137,1985,COUNTER,NIGHT_SLASH,CROSS_CHOP,74.1,51.2,75.2,67.6,lickilicky:733;stunfisk_galarian:635;guzzlord:620;piloswine:551;cradily:536,togekiss:91;forretress:238;wigglytuff:338;corviknight:400;altaria:427
magnezone,Magnezone,76.5,134.3,121.1,102,1661,VOLT_SWITCH,WILD_CHARGE,MIRROR_SHOT,84.7,45.4,80.3,59.4,forretress:764;wigglytuff:754;corviknight:637;cradily:617;lickilicky:583,quagsire_shadow:127;stunfisk_galarian:145;clodsire:149;guzzlord:349;altaria:474
bellossom,Bellossom,76.4,115,132.2,128,1948,ACID,LEAF_BLADE,DAZZLING_GLEAM,74.5,54,75.5,58.9,quagsire_shadow:824;wigglytuff:644;guzzlord:632;marowak_shadow:593;furret:574,forretress:140;altaria:206;corviknight:226;togekiss:378;cradily:409
venusaur_shadow,Venusaur (Shadow),76.4,122.1,122.1,123,1836,VINE_WHIP,FRENZY_PLANT,SLUDGE,71.2,59.3,78.3,41.5,wigglytuff:768;quagsire_shadow:703;weezing_galarian_shadow:646;lickilicky:630;diggersby:593,togekiss:134;corviknight:200;forretress:226;altaria:282;cradily:350
whimsicott,Whimsicott,76.4,118.7,135,118,1892,FAIRY_WIND,SEED_BOMB,MOONBLAST,71.7,43.2,78.4,59.9,quagsire_shadow:919;altaria:889;guzzlord:796;marowak_shadow:652;dunsparce:648,corviknight:260;togekiss:260;forretress:292;cradily:333;wigglytuff:399
escavalier,Escavalier,76.3,132.1,117.6,108,1679,BUG_BITE,DRILL_RUN,RAZOR_SHELL,78.5,57.2,77.1,58.9,drapion_shadow:685;cradily:629;guzzlord:615;piloswine:606;lickilicky:513,corviknight:170;togekiss:204;altaria:257;forretress:425;wigglytuff:448
frosmoth,Frosmoth,76.3,141.5,101,111,1587,POWDER_SNOW,ICY_WIND,BUG_BUZZ,75.1,62.1,70.2,39.8,cradily:752;altaria:720;gliscor:644;marowak_shadow:630;guzzlord:549,lickilicky:171;forretress:269;togekiss:395;corviknight:453;wigglytuff:461
thundurus_incarnate_shadow,Thundurus (Incarnate) (Shadow),76.3,148.1,95.5,107,1514,THUNDER_SHOCK,THUNDER_PUNCH,BRICK_BREAK,76.6,66.4,71.7,40.5,corviknight:827;togekiss:785;crustle:728;talonflame:658;scizor_shadow:658,cradily:361;altaria:376;lickilicky:381;forretress:394;wigglytuff:457
bibarel_shadow,Bibarel (Shadow),76.2,122.9,99.2,149,1819,ROLLOUT,SURF,HYPER_FANG,72.7,63.2,76.7,34.1,talonflame:795;marowak_shadow:667;piloswine:661;gliscor:600;scizor_shadow:540,cradily:305;corviknight:406;forretress:414;wigglytuff:437;altaria:456
skuntank_shadow,Skuntank (Shadow),76.2,121.7,95.1,158,1831,POISON_JAB,CRUNCH,TRAILBLAZE,71.1,45.1,74.3,49.5,togekiss:743;drapion_shadow:642;lickilicky:636;wigglytuff:617;cradily:560,piloswine:207;stunfisk_galarian:261;altaria:307;corviknight:350;forretress:371
ferrothorn_shadow,Ferrothorn (Shadow),76.1,107.1,152.7,128,2094,BULLET_SEED,POWER_WHIP,THUNDER,67.5,39,81.9,50.7,quagsire_shadow:742;wigglytuff:617;stunfisk_galarian:585;lickilicky:566;piloswine:558,togekiss:95;altaria:155;forretress:171;corviknight:420;cradily:444
claydol_shadow,Claydol (Shadow),75.9,103.5,172.6,121,2164,MUD_SLAP,ROCK_TOMB,SHADOW_BALL,72.5,39.5,71.6,55.8,stunfisk_galarian:805;clodsire:789;drapion_shadow:669;togekiss:615;cradily:590,piloswine:253;forretress:285;altaria:376;corviknight:470;wigglytuff:477
girafarig,Girafarig,75.9,130.3,101.5,130,1721,CONFUSION,PSYCHIC_FANGS,TRAILBLAZE,79.7,61.9,62.3,53.5,clodsire:846;togekiss:765;talonflame:630;wigglytuff:626;gliscor:600,forretress:292;corviknight:336;cradily:336;altaria:384;lickilicky:418
venomoth_shadow,Venomoth (Shadow),75.9,127,107.5,129,1763,PSYWAVE,POISON_FANG,BUG_BUZZ,69.8,62.1,66.2,43.3,cradily:844;wigglytuff:717;togekiss:569;swalot:569;guzzlord:503,lickilicky:209;piloswine:224;forretress:230;corviknight:293;altaria:369
farfetchd,Farfetch'd,75.8,116.8,109.2,131,1671,FURY_CUTTER,LEAF_BLADE,AERIAL_ACE,74,61.5,73.1,53.3,gastrodon:904;quagsire_shadow:725;diggersby:648;gourgeist_super:564;guzzlord:549,corviknight:206;altaria:224;forretress:269;wigglytuff:282;cradily:381
golett_shadow,Golett (Shadow),75.8,119.3,89.9,141,1513,ASTONISH,SHADOW_PUNCH,BRICK_BREAK,75.9,61,60,48.8,crustle:762;gourgeist_super:712;stunfisk_galarian:691;forretress:666;talonflame:627,wigglytuff:271;togekiss:339;altaria:413;corviknight:456;cradily:461
corvisquire,Corvisquire,75.7,118.1,104.7,153,1893,PECK,SKY_ATTACK,PAYBACK,72.7,50.3,77.4,50.2,drapion_shadow:640;weezing_galarian_shadow:640;togekiss:584;furret:584;diggersby:526,cradily:343;altaria:402;wigglytuff:410;corviknight:420;forretress:468
grimer_shadow,Grimer (Shadow),75.7,122.7,86.8,171,1824,POISON_JAB,SLUDGE,MUD_BOMB,69.4,45.9,77.1,46.6,wigglytuff:739;drapion_shadow:652;lickilicky:628;talonflame:602;cradily:535,corviknight:123;piloswine:198;forretress:324;altaria:456;togekiss:482
weezing_shadow,Weezing (Shadow),75.6,117.6,139.5,116,1905,ROLLOUT,SLUDGE_BOMB,SHADOW_BALL,64.9,42.1,83.1,37.9,wigglytuff:754;articuno:737;gourgeist_super:655;weezing_galarian_shadow:650;charjabug:573,togekiss:278;corviknight:373;altaria:427;forretress:429;cradily:493
electivire,Electivire,75.5,143.3,100.8,108,1562,THUNDER_SHOCK,ICE_PUNCH,WILD_CHARGE,74.6,56.7,79.3,30.8,togekiss:828;crustle:717;talonflame:643;corviknight:606;gliscor:587,forretress:191;piloswine:246;cradily:267;altaria:478;wigglytuff:497
electrode,Electrode,75.5,122.8,126.3,118,1832,VOLT_SWITCH,DISCHARGE,FOUL_PLAY,74.3,55.7,75.5,62.2,corviknight:745;talonflame:741;togekiss:648;drapion_shadow:618;altaria:512,cradily:239;piloswine:272;lickilicky:375;forretress:382;wigglytuff:401
kilowattrel,Kilowattrel,75.5,143.2,92.5,118,1563,THUNDER_SHOCK,ACROBATICS,AERIAL_ACE,73.3,56.7,79.6,31.1,togekiss:826;corviknight:762;scizor_shadow:699;forretress:677;talonflame:639,piloswine:68;lickilicky:296;altaria:307;wigglytuff:327;cradily:333
magnemite,Magnemite,75.3,147.8,113.6,90,1512,VOLT_SWITCH,MAGNET_BOMB,DISCHARGE,75.9,46.4,75.3,48.5,togekiss:883;wigglytuff:683;cradily:588;piloswine:544;drapion_shadow:516,stunfisk_galarian:75;corviknight:336;altaria:438;forretress:457;lickilicky:490
sandshrew,Sandshrew,75.3,118.4,113.4,127,1707,SAND_ATTACK,SAND_TOMB,ROCK_TOMB,71.1,63.8,70.9,53.7,talonflame:728;drapion_shadow:594;clodsire:594;stunfisk_galarian:515;altaria:503,corviknight:270;forretress:316;wigglytuff:329;cradily:368;togekiss:456
vibrava_shadow,Vibrava (Shadow),75.3,125.2,95.7,127,1523,DRAGON_BREATH,SAND_TOMB,BUG_BUZZ,77.2,64.2,56.9,47.1,cradily:791;talonflame:700;crustle:681;charjabug:629;quagsire_shadow:539,wigglytuff:230;togekiss:243;forretress:324;corviknight:380;altaria:463
buneary,Buneary,75.2,121.8,100.8,135,1659,QUICK_ATTACK,SWIFT,FIRE_PUNCH,70.1,66.8,72.2,45.7,ursaring_shadow:896;murkrow_shadow:729;abomasnow:592;salamence:585;abomasnow_shadow:518,cradily:204;altaria:304;corviknight:340;wigglytuff:363;forretress:484
crawdaunt,Crawdaunt,75.2,144.7,98.3,109,1552,WATERFALL,NIGHT_SLASH,SCALD,76.2,59.5,69.1,39.8,talonflame:756;piloswine:619;stunfisk_galarian:610;lickilicky:596;corviknight:568,forretress:214;wigglytuff:230;togekiss:308;altaria:315;cradily:357
sandygast,Sandygast,75.2,113.4,111.7,135,1712,ASTONISH,SHADOW_BALL,SAND_TOMB,74.3,59.5,69.7,62.5,crustle:666;forretress:655;clodsire:592;togekiss:518;stunfisk_galarian:507,altaria:268;cradily:312;corviknight:336;lickilicky:362;wigglytuff:374
staraptor,Staraptor,75.2,140.3,90.8,125,1594,WING_ATTACK,FLY,CLOSE_COMBAT,64.7,49.3,74.6,32.3,marowak_shadow:736;forretress_shadow:668;gourgeist_super:656;talonflame:576;lickilicky:508,cradily:184;corviknight:376;altaria:387;wigglytuff:448;forretress:484
swellow,Swellow,75.2,135.9,99.9,121,1645,WING_ATTACK,BRAVE_BIRD,AERIAL_ACE,65.9,41.9,81,33.9,swalot:710;gourgeist_super:685;forretress:661;wigglytuff:549;lickilicky:541,piloswine:198;togekiss:221;corviknight:276;altaria:329;cradily:458
moltres_shadow,Moltres (Shadow),75.1,139.9,102,112,1599,WING_ATTACK,FLY,HEAT_WAVE,66.2,41.9,78.8,29,forretress:772;talonflame:683;wigglytuff:674;corviknight:580;gliscor:531,lickilicky:171;piloswine:230;togekiss:265;cradily:399;altaria:471
muk,Muk,75.1,115.8,111.7,148,1916,POISON_JAB,THUNDER_PUNCH,DARK_PULSE,69.3,47.1,75.5,56.6,wigglytuff:807;talonflame:709;weezing_galarian_shadow:564;furret:540;charjabug:520,corviknight:303;altaria:384;cradily:392;togekiss:473;forretress:488
sneasler,Sneasler,75.1,145.4,94.7,112,1543,SHADOW_CLAW,CLOSE_COMBAT,X_SCISSOR,70.9,53.7,77.6,35.8,cradily:848;lickilicky:656;stunfisk_galarian:625;drapion_shadow:620;forretress:540,corviknight:153;piloswine:198;altaria:271;togekiss:308;wigglytuff:421
sneasler_shadow,Sneasler (Shadow),75.1,145.4,94.7,112,1543,SHADOW_CLAW,CLOSE_COMBAT,X_SCISSOR,69.8,51.6,79.6,26.6,crustle:816;cradily:799;forretress:750;stunfisk_galarian:593;wigglytuff:526,corviknight:183;piloswine:230;togekiss:239;lickilicky:281;altaria:333
thundurus_incarnate,Thundurus (Incarnate),75.1,148.1,95.5,107,1514,THUNDER_SHOCK,THUNDER_PUNCH,BRICK_BREAK,74.6,67.7,65.4,52.1,togekiss:827;corviknight:780;scizor_shadow:742;talonflame:714;drapion_shadow:560,cradily:319;lickilicky:331;altaria:344;wigglytuff:354;forretress:355
haunter_shadow,Haunter (Shadow),74.9,161.1,85.5,101,1392,SHADOW_CLAW,ICE_PUNCH,SHADOW_BALL,68.9,46.7,81.2,27.5,cradily:816;forretress:702;piloswine:599;altaria:579;togekiss:549,corviknight:213;stunfisk_galarian:235;quagsire_shadow:251;lickilicky:287;wigglytuff:327
kricketune,Kricketune,74.9,127.7,89.5,153,1751,FURY_CUTTER,X_SCISSOR,AERIAL_ACE,75.9,59,70.3,43.3,cradily:800;drapion_shadow:647;guzzlord:640;diggersby:532;piloswine:503,togekiss:95;corviknight:176;altaria:304;wigglytuff:331;forretress:367
revavroom,Revavroom,74.9,135.6,102.4,119,1655,METAL_SOUND,OVERHEAT,GYRO_BALL,62.9,34,83.1,45.2,cradily:941;wigglytuff:806;piloswine:621;lickilicky:596;togekiss:525,quagsire_shadow:102;stunfisk_galarian:116;corviknight:123;forretress:300;altaria:394
vibrava,Vibrava,74.9,125.2,95.7,127,1523,DRAGON_BREATH,SAND_TOMB,BUG_BUZZ,73.7,64.7,64.5,55.6,cradily:842;drapion_shadow:669;gourgeist_super:594;quagsire_shadow:570;clodsire:539,wigglytuff:206;togekiss:247;corviknight:316;forretress:320;altaria:416
vikavolt,Vikavolt,74.9,144.1,96.6,111,1547,VOLT_SWITCH,X_SCISSOR,FLY,77.7,64.1,75.2,32.7,crustle:725;scizor_shadow:725;togekiss:680;corviknight:603;wigglytuff:527,piloswine:357;cradily:381;lickilicky:390;altaria:423;forretress:464
vikavolt_shadow,Vikavolt (Shadow),74.9,144.1,96.6,111,1547,VOLT_SWITCH,X_SCISSOR,DISCHARGE,77.2,65.9,70,29.7,togekiss:671;scizor_shadow:671;crustle:635;corviknight:603;wigglytuff:522,lickilicky:203;forretress:417;piloswine:422;cradily:451;altaria:463
flapple,Flapple,74.8,138.1,100.1,117,1618,DRAGON_BREATH,SEED_BOMB,DRAGON_PULSE,72.5,49.1,67.6,42.6,quagsire_shadow:910;lickilicky:606;talonflame:589;diggersby:576;altaria:568,wigglytuff:91;forretress:160;togekiss:308;corviknight:346;cradily:354
haunter,Haunter,74.8,161.1,85.5,101,1392,SHADOW_CLAW,SHADOW_PUNCH,ICE_PUNCH,74.3,56.4,76.2,30.8,altaria:683;gliscor:673;togekiss:648;crustle:648;talonflame:539,lickilicky:256;wigglytuff:286;corviknight:360;cradily:461;forretress:496
ho_oh,Ho-Oh,74.8,122.9,128.4,114,1801,INCINERATE,BRAVE_BIRD,EARTHQUAKE,70.9,48.2,83.6,59.1,forretress:846;diggersby:714;corviknight:605;wigglytuff:587;piloswine:526,lickilicky:203;cradily:225;stunfisk_galarian:293;togekiss:352;altaria:478
kangaskhan,Kangaskhan,74.8,114.5,110.8,153,1944,LOW_KICK,BRICK_BREAK,CRUNCH,72.4,60.4,71.7,65.8,diggersby:624;stunfisk_galarian:591;cradily:581;lickilicky:565;piloswine:509,togekiss:139;altaria:246;forretress:320;corviknight:436;wigglytuff:466
tropius,Tropius,74.8,101.4,128,170,2208,AIR_SLASH,LEAF_BLADE,BRUTAL_SWING,72.8,57,72.9,63.2,quagsire_shadow:879;marowak_shadow:679;scizor_shadow:567;diggersby:561;furret:502,corviknight:256;cradily:284;forretress:296;wigglytuff:369;altaria:394
gengar_shadow,Gengar (Shadow),74.7,154.3,95.4,98,1444,SHADOW_CLAW,SHADOW_PUNCH,SHADOW_BALL,75.8,48,69.1,28.3,cradily:826;forretress:724;togekiss:627;piloswine:627;altaria:525,lickilicky:106;stunfisk_galarian:206;quagsire_shadow:251;wigglytuff:282;corviknight:416
articuno_galarian,Articuno (Galarian),74.6,134.1,110.9,112,1667,PSYCHO_CUT,FLY,BRAVE_BIRD,69.3,59.3,76.9,25.4,swalot:718;talonflame:674;gliscor:660;togekiss:558;wigglytuff:553,piloswine:165;corviknight:260;forretress:289;cradily:295;altaria:336
grimer_alolan,Grimer (Alolan),74.6,122.7,86.8,171,1824,POISON_JAB,CRUNCH,SLUDGE_BOMB,69.3,51.7,77.6,49.5,wigglytuff:628;weezing_galarian_shadow:622;guzzlord:608;togekiss:552;lickilicky:511,piloswine:198;forretress:289;corviknight:316;cradily:420;altaria:496
moltres,Moltres,74.6,136.7,103.6,115,1631,WING_ATTACK,FLY,HEAT_WAVE,66.3,48.7,78.6,36.5,forretress:778;gourgeist_super:778;talonflame:734;diggersby:539;corviknight:530,lickilicky:143;togekiss:221;cradily:340;altaria:384;wigglytuff:491
sneasel,Sneasel,74.6,133.9,111.7,111,1662,ICE_SHARD,AVALANCHE,FOUL_PLAY,70.6,41.5,74.1,39.1,drifblim:851;gliscor:756;altaria:657;steelix_shadow:563;diggersby:518,forretress:140;wigglytuff:206;togekiss:369;cradily:423;corviknight:483
zangoose,Zangoose,74.6,144.7,87.7,122,1550,FURY_CUTTER,CLOSE_COMBAT,NIGHT_SLASH,82.6,60.9,63.3,29.4,cradily:790;piloswine:709;lickilicky:635;stunfisk_galarian:602;quagsire_shadow:561,togekiss:195;corviknight:206;altaria:297;wigglytuff:450;forretress:460
beedrill,Beedrill,74.5,127.1,106.5,130,1760,POISON_STING,X_SCISSOR,DRILL_RUN,71.5,63.5,72.1,48.1,drapion_shadow:707;swalot:661;wigglytuff:573;stunfisk_galarian:534;clodsire:523,corviknight:203;altaria:231;forretress:300;cradily:333;togekiss:356
beedrill_shadow,Beedrill (Shadow),74.5,127.1,106.5,130,1760,POISON_STING,X_SCISSOR,DRILL_RUN,73.3,61.5,72.2,38.4,wigglytuff:753;weezing_galarian_shadow:638;guzzlord:576;swalot:557;drapion_shadow:523,corviknight:210;altaria:293;forretress:320;togekiss:382;cradily:395
electrode_hisuian,Electrode (Hisuian),74.5,123.2,128.7,115,1825,THUNDER_SHOCK,WILD_CHARGE,SWIFT,80,56.3,76.5,52.5,corviknight:839;drapion_shadow:678;wigglytuff:604;lickilicky:604;togekiss:582,forretress:132;cradily:197;piloswine:207;stunfisk_galarian:287;altaria:485
togedemaru,Togedemaru,74.5,132.2,107.2,120,1702,THUNDER_SHOCK,FELL_STINGER,WILD_CHARGE,85,40.1,79.6,65.5,wigglytuff:820;forretress:745;corviknight:695;altaria:675;lickilicky:600,clodsire:69;quagsire_shadow:96;stunfisk_galarian:165;piloswine:337;cradily:385
landorus_incarnate,Landorus (Incarnate),74.4,140.2,100.8,113,1599,MUD_SHOT,ROCK_SLIDE,EARTH_POWER,72.5,51.9,79.5,34.1,stunfisk_galarian:725;talonflame:659;crustle:641;scizor_shadow:597;clodsire:588,altaria:307;cradily:309;forretress:363;wigglytuff:383;corviknight:463
sceptile_shadow,Sceptile (Shadow),74.4,135.6,109.3,111,1646,FURY_CUTTER,LEAF_BLADE,BREAKING_SWIPE,75.1,51.6,74.3,36.5,quagsire_shadow:693;stunfisk_galarian:621;piloswine:590;crustle:567;cradily:527,forretress:121;corviknight:180;togekiss:278;altaria:387;wigglytuff:390
donphan_shadow,Donphan (Shadow),74.3,125.2,113.1,126,1786,MUD_SLAP,BODY_SLAM,TRAILBLAZE,74.1,54.8,62.8,49.2,clodsire:900;stunfisk_galarian:734;lickilicky:674;diggersby:630;wigglytuff:583,togekiss:156;altaria:250;corviknight:276;cradily:357;forretress:414
gabite_shadow,Gabite (Shadow),74.3,128.7,102.4,132,1741,MUD_SHOT,TWISTER,DIG,68.9,46.7,76.5,35.3,steelix_shadow:772;stunfisk:715;drapion_shadow:647;charjabug:628;dunsparce:617,wigglytuff:91;corviknight:220;cradily:298;altaria:369;forretress:375
palpitoad,Palpitoad,74.3,116.2,102.9,161,1927,MUD_SHOT,WATER_PULSE,EARTH_POWER,66.5,44.1,79.5,52.1,drapion_shadow:658;clodsire:642;diggersby:602;piloswine:590;stunfisk_galarian:574,altaria:173;cradily:250;corviknight:303;forretress:308;wigglytuff:354
pumpkaboo_super,Pumpkaboo (Super),74.1,111.7,113.4,141,1788,ASTONISH,FOUL_PLAY,GRASS_KNOT,69.4,50.6,71.6,56.1,gastrodon:755;marowak_shadow:684;charjabug:638;quagsire_shadow:631;stunfisk_galarian:556,wigglytuff:213;altaria:322;corviknight:426;cradily:427;forretress:445
lugia_shadow,Lugia (Shadow),74,104.2,164.3,124,2125,DRAGON_TAIL,FLY,AEROBLAST,66,43.9,79.8,40.8,diggersby:701;altaria:572;guzzlord:548;quagsire_shadow:524;clodsire:520,wigglytuff:269;forretress:371;togekiss:408;corviknight:416;cradily:479
sandshrew_shadow,Sandshrew (Shadow),74,118.4,113.4,127,1707,SAND_ATTACK,SAND_TOMB,ROCK_TOMB,67.2,62.7,65.7,47.8,talonflame:665;charjabug:633;weezing_galarian_shadow:586;drapion_shadow:539;clodsire:535,cradily:295;forretress:363;wigglytuff:367;altaria:376;corviknight:410
wormadam_sandy,Wormadam (Sandy),74,110,144.8,128,2040,SUCKER_PUNCH,BUG_BUZZ,BULLDOZE,72.2,49.4,78.6,59.9,charjabug:726;cradily:687;stunfisk_galarian:574;guzzlord:519;clodsire:511,togekiss:186;altaria:221;wigglytuff:264;forretress:351;corviknight:373
drifloon,Drifloon,73.9,110.9,79.8,186,1647,HEX,SHADOW_BALL,ICY_WIND,69.8,45.6,71.9,52.1,gliscor:768;diggersby:629;weezing_galarian_shadow:602;togekiss:586;altaria:551,lickilicky:175;wigglytuff:213;corviknight:393;cradily:406;forretress:433
durant,Durant,73.9,135.2,122.4,100,1656,BUG_BITE,X_SCISSOR,STONE_EDGE,69.3,39.3,72.9,56.3,guzzlord:620;cradily:610;swalot:585;wigglytuff:565;lickilicky:530,corviknight:170;togekiss:186;altaria:192;forretress:222;piloswine:409
ledian,Ledian,73.9,101.3,162.5,134,2208,BUG_BITE,DYNAMIC_PUNCH,AERIAL_ACE,69.8,53.4,74.5,59.1,furret:656;guzzlord:604;lickilicky:537;scizor_shadow:533;diggersby:529,forretress:238;corviknight:280;cradily:336;wigglytuff:352;altaria:387
pinsir_shadow,Pinsir (Shadow),73.9,139.6,112.6,102,1604,FURY_CUTTER,CLOSE_COMBAT,X_SCISSOR,71.5,56.9,71.6,31.3,cradily:750;crustle:700;piloswine:651;wigglytuff:549;quagsire_shadow:544,corviknight:170;lickilicky:240;togekiss:295;altaria:311;forretress:476
toxtricity,Toxtricity,73.9,141.2,95.3,118,1590,ACID,WILD_CHARGE,POWER_UP_PUNCH,85.7,43.3,74,50.4,togekiss:826;wigglytuff:758;altaria:728;corviknight:567;cradily:529,clodsire:96;quagsire_shadow:139;forretress:160;stunfisk_galarian:206;piloswine:259
chansey,Chansey,73.8,63,120.1,421,3188,ZEN_HEADBUTT,DAZZLING_GLEAM,PSYCHIC,65.9,46.4,76.9,70.7,swalot:578;weezing_galarian_shadow:561;clodsire:548;guzzlord:504;wigglytuff:502,forretress:230;togekiss:239;corviknight:250;cradily:250;altaria:416
golem_alolan_shadow,Golem (Alolan) (Shadow),73.8,125.1,122.2,117,1791,VOLT_SWITCH,WILD_CHARGE,ROCK_BLAST,75.3,43.9,74.1,47.4,altaria:675;corviknight:589;wigglytuff:585;lickilicky:555;forretress:529,quagsire_shadow:139;stunfisk_galarian:145;clodsire:163;cradily:267;piloswine:308
sceptile,Sceptile,73.8,135.6,109.3,111,1646,FURY_CUTTER,LEAF_BLADE,BREAKING_SWIPE,74.8,53.4,69.3,47.4,quagsire_shadow:914;stunfisk_galarian:662;piloswine:630;lickilicky:603;guzzlord:540,forretress:140;corviknight:246;altaria:355;wigglytuff:405;cradily:472
dipplin,Dipplin,73.6,114.6,128.8,132,1950,DRAGON_TAIL,SEED_BOMB,OUTRAGE,68,39.8,69.7,54.7,quagsire_shadow:852;diggersby:715;charjabug:628;marowak_shadow:625;clodsire:541,forretress:128;wigglytuff:204;corviknight:310;altaria:311;cradily:340
donphan,Donphan,73.6,125.2,113.1,126,1786,MUD_SLAP,BODY_SLAM,TRAILBLAZE,72.4,49.4,65.9,56.6,clodsire:746;wigglytuff:603;drapion_shadow:591;stunfisk_galarian:535;quagsire_shadow:531,altaria:199;corviknight:250;togekiss:282;cradily:322;forretress:363
golett,Golett,73.6,119.3,89.9,141,1513,ASTONISH,SHADOW_PUNCH,BRICK_BREAK,72.5,61.5,62.4,57,gourgeist_super:755;charjabug:702;crustle:673;clodsire:531;weezing_galarian_shadow:517,cradily:347;altaria:358;wigglytuff:360;corviknight:376;forretress:488
golem_alolan,Golem (Alolan),73.5,125.1,122.2,117,1791,VOLT_SWITCH,WILD_CHARGE,ROCK_BLAST,74.1,39.6,75.2,54,wigglytuff:653;altaria:636;forretress:636;corviknight:636;togekiss:551,quagsire_shadow:127;stunfisk_galarian:136;cradily:225;piloswine:262;lickilicky:487
sneasel_hisuian_shadow,Sneasel (Hisuian) (Shadow),73.5,133.9,111.7,111,1662,POISON_JAB,CLOSE_COMBAT,X_SCISSOR,66.2,36.6,72.8,43.6,cradily:635;togekiss:590;wigglytuff:585;stunfisk_galarian:572;lickilicky:518,corviknight:93;quagsire_shadow:152;piloswine:198;altaria:365;forretress:496
ariados,Ariados,73.2,124.2,103.8,140,1806,POISON_STING,LUNGE,TRAILBLAZE,73.5,59.3,65.4,55.1,quagsire_shadow:667;cradily:628;diggersby:575;wigglytuff:567;guzzlord:514,corviknight:213;togekiss:221;forretress:246;altaria:268;piloswine:405
linoone_galarian_shadow,Linoone (Galarian) (Shadow),73.2,114.1,111.7,154,1965,SNARL,BODY_SLAM,DIG,66.7,59.3,69.1,44.5,ursaring_shadow:685;salamence_shadow:607;furret:594;scizor_shadow:551;noctowl:503,cradily:253;wigglytuff:255;forretress:281;corviknight:380;altaria:416
absol_shadow,Absol (Shadow),73,156.6,83.9,109,1434,PSYCHO_CUT,BRUTAL_SWING,MEGAHORN,74.3,47,67.4,17.6,cradily:720;clodsire:697;guzzlord:610;piloswine:582;altaria:536,forretress:74;wigglytuff:96;corviknight:330;togekiss:339;lickilicky:465
dhelmise,Dhelmise,73,139.7,109.3,105,1605,SHADOW_CLAW,POWER_WHIP,BRUTAL_SWING,73.2,67.3,65.5,37.5,stunfisk_galarian:633;scizor_shadow:609;quagsire_shadow:519;clodsire:509;gliscor:509,forretress:335;altaria:340;wigglytuff:349;corviknight:373;cradily:388
electrode_shadow,Electrode (Shadow),73,122.8,126.3,118,1832,VOLT_SWITCH,DISCHARGE,FOUL_PLAY,73.2,59.6,71.6,42.9,articuno:741;talonflame:690;corviknight:644;togekiss:563;scizor_shadow:521,cradily:274;piloswine:321;altaria:394;forretress:457;wigglytuff:486
muk_shadow,Muk (Shadow),73,115.8,111.7,148,1916,POISON_JAB,THUNDER_PUNCH,DARK_PULSE,66.2,41.5,74.5,51.6,wigglytuff:780;weezing_galarian_shadow:699;talonflame:641;charjabug:533;furret:530,forretress:316;corviknight:346;altaria:431;togekiss:439;cradily:458
shiftry_shadow,Shiftry (Shadow),73,133.4,88,143,1680,SNARL,LEAF_BLADE,FOUL_PLAY,70.6,37.4,72.6,36.3,quagsire_shadow:912;marowak_shadow:786;stunfisk_galarian:611;piloswine:587;lickilicky:559,wigglytuff:69;forretress:78;cradily:309;altaria:344;corviknight:453
shiinotic,Shiinotic,72.9,116.5,134.2,123,1925,ASTONISH,SEED_BOMB,MOONBLAST,68.9,41.5,75.2,56.1,quagsire_shadow:796;marowak_shadow:715;charjabug:646;altaria:577;stunfisk_galarian:548,corviknight:260;togekiss:282;cradily:288;wigglytuff:343;forretress:445
scyther,Scyther,72.8,134.8,109.4,113,1668,FURY_CUTTER,X_SCISSOR,NIGHT_SLASH,76.2,61.6,66,39.6,marowak_shadow:845;cradily:800;crustle:654;scizor_shadow:597;guzzlord:584,togekiss:186;altaria:289;wigglytuff:311;corviknight:320;forretress:472
buzzwole,Buzzwole,72.7,128.2,111.6,122,1747,COUNTER,SUPER_POWER,LUNGE,72.8,37.5,75.2,64.8,lickilicky:643;forretress:557;piloswine:545;cradily:540;corviknight:528,togekiss:108;altaria:192;wigglytuff:273;clodsire:307;drapion_shadow:478
drifloon_shadow,Drifloon (Shadow),72.7,110.9,79.8,186,1647,HEX,SHADOW_BALL,ICY_WIND,68.9,45,67.1,41,gliscor:739;altaria:556;diggersby:553;togekiss:540;clodsire:540,lickilicky:200;wigglytuff:224;cradily:378;corviknight:430;forretress:480
galvantula,Galvantula,72.7,138.2,96.4,122,1627,VOLT_SWITCH,DISCHARGE,LUNGE,74,60.3,70.9,40.8,corviknight:668;drapion_shadow:622;weezing_galarian_shadow:622;scizor_shadow:565;togekiss:557,cradily:347;lickilicky:356;altaria:365;forretress:421;wigglytuff:448
golem_shadow,Golem (Shadow),72.7,125.1,122.2,117,1791,MUD_SLAP,STONE_EDGE,ROCK_BLAST,69.9,41.3,66.2,44.5,talonflame:790;charjabug:641;lickilicky:589;wigglytuff:585;gliscor:504,togekiss:126;corviknight:340;altaria:344;cradily:378;forretress:445
mantyke,Mantyke,72.7,100.8,163,120,1973,BUBBLE,WATER_PULSE,AERIAL_ACE,68.6,45.9,72.4,51.4,gliscor:795;diggersby:633;scizor_shadow:575;stunfisk_galarian:516;talonflame:512,altaria:260;cradily:291;forretress:371;corviknight:383;wigglytuff:412
pidgeotto_shadow,Pidgeotto (Shadow),72.7,110.9,100.8,147,1644,WING_ATTACK,AIR_CUTTER,TWISTER,73.5,62.7,66.2,45.5,gastrodon:676;scizor_shadow:659;gourgeist_super:625;drifblim:557;forretress_shadow:530,cradily:270;corviknight:356;altaria:409;wigglytuff:434;forretress:480
golem,Golem,72.6,125.1,122.2,117,1791,MUD_SLAP,STONE_EDGE,ROCK_BLAST,68.1,41.6,69.5,49.5,talonflame:824;charjabug:662;lickilicky:636;altaria:555;guzzlord:555,togekiss:126;corviknight:183;wigglytuff:304;cradily:312;forretress:417
nidoking_shadow,Nidoking (Shadow),72.6,129.4,105.2,127,1731,FURY_CUTTER,SAND_TOMB,MEGAHORN,70.6,57.2,66,49.2,cradily:901;charjabug:688;lickilicky:665;drapion_shadow:551;crustle:551,altaria:192;togekiss:200;corviknight:303;forretress:347;wigglytuff:365
pinsir,Pinsir,72.5,139.6,112.6,102,1604,FURY_CUTTER,CLOSE_COMBAT,X_SCISSOR,71.9,53.7,66.9,32.5,cradily:779;scizor_shadow:553;guzzlord:544;diggersby:514;stunfisk_galarian:509,corviknight:100;togekiss:273;altaria:293;forretress:296;wigglytuff:455
zoroark_hisuian,Zoroark (Hisuian),72.5,163.4,87.5,96,1374,SHADOW_CLAW,SHADOW_BALL,FOUL_PLAY,71.4,51.1,69.5,24.7,altaria:604;forretress:567;talonflame:536;stunfisk_galarian:526;corviknight:520,wigglytuff:91;lickilicky:287;togekiss:308;cradily:489;piloswine:490
landorus_incarnate_shadow,Landorus (Incarnate) (Shadow),72.4,140.2,100.8,113,1599,MUD_SHOT,ROCK_SLIDE,EARTH_POWER,69.4,49.1,80.7,25,clodsire:836;crustle:730;togekiss:685;stunfisk_galarian:637;talonflame:588,corviknight:293;wigglytuff:340;cradily:364;altaria:405;forretress:488
pumpkaboo_large,Pumpkaboo (Large),72.4,113.4,115.1,133,1737,ASTONISH,FOUL_PLAY,GRASS_KNOT,68,49.7,69,53.7,gastrodon:793;charjabug:620;quagsire_shadow:612;marowak_shadow:575;stunfisk_galarian:545,wigglytuff:213;altaria:322;corviknight:366;forretress:445;cradily:454
rhyperior,Rhyperior,72.4,126.7,104.5,134,1775,MUD_SLAP,BREAKING_SWIPE,ROCK_WRECKER,68.1,37.4,69.3,42.6,clodsire:802;lickilicky:697;altaria:608;guzzlord:604;wigglytuff:548,togekiss:178;corviknight:203;cradily:239;piloswine:253;forretress:285
zapdos_galarian,Zapdos (Galarian),72.4,135.6,107.2,113,1645,COUNTER,FLY,BRAVE_BIRD,67.6,35.5,66.6,59.4,forretress:672;piloswine:597;diggersby:592;stunfisk_galarian:522;marowak_shadow:508,togekiss:134;altaria:192;wigglytuff:244;corviknight:330;cradily:461
mudsdale,Mudsdale,72.3,123.5,107.1,136,1800,MUD_SLAP,BODY_SLAM,EARTHQUAKE,70.4,48,66.9,54,clodsire:757;stunfisk_galarian:735;lickilicky:658;drapion_shadow:606;guzzlord:562,altaria:199;cradily:270;forretress:359;corviknight:373;wigglytuff:437
lurantis,Lurantis,72.2,126.2,117.8,119,1770,LEAFAGE,LEAF_BLADE,SUPER_POWER,69.9,41.6,70.5,54.4,quagsire_shadow:920;stunfisk_galarian:701;piloswine:693;wigglytuff:575;diggersby:546,forretress:93;altaria:155;corviknight:240;togekiss:273;cradily:329
nidoking,Nidoking,72.2,129.4,105.2,127,1731,FURY_CUTTER,SAND_TOMB,MEGAHORN,71.1,53.2,69,53,cradily:901;crustle:661;lickilicky:618;drapion_shadow:614;guzzlord:559,altaria:192;togekiss:213;corviknight:243;forretress:324;wigglytuff:347
serperior,Serperior,72.2,110.2,142.2,130,2038,VINE_WHIP,FRENZY_PLANT,AERIAL_ACE,62.8,40.1,74,53.7,marowak_shadow:746;quagsire_shadow:676;diggersby:661;stunfisk_galarian:603;clodsire:565,corviknight:203;altaria:217;forretress:222;cradily:375;wigglytuff:408
gengar,Gengar,72,154.3,95.4,98,1444,SHADOW_CLAW,SHADOW_PUNCH,SHADOW_BALL,69.4,44.2,65.2,34.6,forretress:760;crustle:642;altaria:612;talonflame:586;cradily:520,lickilicky:106;wigglytuff:235;piloswine:262;togekiss:265;corviknight:353
ledian_shadow,Ledian (Shadow),72,101.3,162.5,134,2208,BUG_BITE,DYNAMIC_PUNCH,AERIAL_ACE,67,49,71.4,54.7,lanturn:757;gastrodon:723;diggersby:660;guzzlord:652;furret:578,forretress:238;wigglytuff:271;altaria:365;corviknight:413;cradily:430
linoone_galarian,Linoone (Galarian),72,114.1,111.7,154,1965,SNARL,BODY_SLAM,DIG,68.8,55.8,68.8,48.5,stunfisk_galarian:568;swalot:568;lickilicky:551;steelix_shadow:545;drapion_shadow:503,wigglytuff:219;forretress:269;altaria:351;cradily:354;corviknight:390
sandaconda,Sandaconda,71.9,123,132,112,1820,MUD_SLAP,WRAP,EARTH_POWER,71.4,48.2,63.8,56.8,stunfisk_galarian:763;clodsire:736;lickilicky:638;wigglytuff:633;drapion_shadow:571,cradily:250;corviknight:270;togekiss:339;altaria:409;forretress:410
zebstrika,Zebstrika,71.9,137.7,95.4,124,1630,LOW_KICK,WILD_CHARGE,FLAME_CHARGE,64.4,41.6,74.1,28,wigglytuff:576;corviknight:552;togekiss:544;forretress:516;lickilicky:512,drapion_shadow:169;quagsire_shadow:170;altaria:188;cradily:274;piloswine:282
geodude_alolan,Geodude (Alolan),71.8,123.5,123.5,113,1724,VOLT_SWITCH,ROCK_TOMB,ROCK_SLIDE,72.4,37.2,70.9,50,altaria:637;corviknight:632;drapion_shadow:632;togekiss:601;wigglytuff:535,stunfisk_galarian:156;cradily:274;piloswine:357;forretress:433;lickilicky:459
raichu_alolan,Raichu (Alolan),71.8,135.4,109.9,111,1653,THUNDER_SHOCK,WILD_CHARGE,TRAILBLAZE,66.2,43.9,71.7,34.1,talonflame:671;togekiss:653;wigglytuff:648;corviknight:626;quagsire_shadow:554,forretress:125;altaria:195;lickilicky:271;cradily:378;piloswine:386
cacturne,Cacturne,71.7,147.2,85,121,1516,SUCKER_PUNCH,TRAILBLAZE,DYNAMIC_PUNCH,66.7,41.3,67.2,44.8,stunfisk_galarian:652;lickilicky:574;cradily:566;scizor_shadow:541;gourgeist_super:516,forretress:136;wigglytuff:150;togekiss:234;altaria:333;corviknight:350
grimer_alolan_shadow,Grimer (Alolan) (Shadow),71.7,122.7,86.8,171,1824,POISON_JAB,CRUNCH,SLUDGE_BOMB,63.1,41.5,74.3,42.6,lickilicky:628;weezing_galarian_shadow:622;wigglytuff:599;guzzlord:584;furret:584,corviknight:133;altaria:286;forretress:375;togekiss:482;cradily:489
houndour_shadow,Houndour (Shadow),71.7,140.3,82.3,120,1387,EMBER,CRUNCH,FLAMETHROWER,61.8,50,74.5,23.3,scizor_shadow:770;gourgeist_super:762;piloswine:745;charjabug:600;forretress:516,wigglytuff:159;corviknight:213;togekiss:221;cradily:336;altaria:355
shiinotic_shadow,Shiinotic (Shadow),71.7,116.5,134.2,123,1925,ASTONISH,MOONBLAST,SEED_BOMB,68.5,44.7,69.1,45.7,quagsire_shadow:776;marowak_shadow:666;charjabug:552;gourgeist_super:524;altaria:520,wigglytuff:123;togekiss:278;corviknight:333;cradily:336;forretress:351
galvantula_shadow,Galvantula (Shadow),71.6,138.2,96.4,122,1627,VOLT_SWITCH,DISCHARGE,LUNGE,70.1,60.9,70.9,33.7,togekiss:709;articuno:676;corviknight:643;wigglytuff:528;forretress:512,piloswine:133;stunfisk_galarian:238;lickilicky:415;cradily:416;altaria:434
geodude_alolan_shadow,Geodude (Alolan) (Shadow),71.6,123.5,123.5,113,1724,VOLT_SWITCH,ROCK_TOMB,ROCK_SLIDE,70.9,38.3,70.2,44.1,altaria:703;wigglytuff:588;corviknight:553;forretress:548;togekiss:517,piloswine:116;quagsire_shadow:139;stunfisk_galarian:168;guzzlord:183;cradily:322
meganium,Meganium,71.6,110.8,139,131,2018,VINE_WHIP,FRENZY_PLANT,EARTHQUAKE,60,36,73.8,52.8,quagsire_shadow:904;marowak_shadow:713;diggersby:660;stunfisk_galarian:599;clodsire:564,forretress:113;altaria:195;corviknight:203;cradily:375;wigglytuff:408
aipom_shadow,Aipom (Shadow),71.5,124.3,106.7,135,1792,ASTONISH,SWIFT,AERIAL_ACE,70.6,62.1,63.5,36.3,drifblim:722;talonflame:670;gliscor:548;gourgeist_super:537;weezing_galarian_shadow:507,wigglytuff:318;corviknight:346;cradily:350;altaria:391;forretress:480
bisharp,Bisharp,71.5,139.8,109.7,105,1611,SNARL,DARK_PULSE,X_SCISSOR,68,48.7,71.9,37.5,lickilicky:661;cradily:657;gourgeist_super:576;scizor_shadow:561;guzzlord:514,togekiss:95;wigglytuff:255;altaria:344;corviknight:360;forretress:363
muk_alolan,Muk (Alolan),71.5,115.8,111.7,148,1916,POISON_JAB,DARK_PULSE,ACID_SPRAY,70.7,45.1,75.5,54,wigglytuff:699;weezing_galarian_shadow:685;togekiss:597;gourgeist_super:587;lickilicky:550,forretress:113;piloswine:185;corviknight:310;cradily:413;altaria:449
torterra,Torterra,71.4,119.9,117,133,1867,MUD_SLAP,FRENZY_PLANT,SAND_TOMB,70.2,37.5,68.8,64.3,stunfisk_galarian:812;lickilicky:684;wigglytuff:657;cradily:560;quagsire_shadow:537,altaria:90;togekiss:126;piloswine:253;corviknight:323;forretress:367
ho_oh_shadow,Ho-Oh (Shadow),71.3,123.4,126.4,113,1764,INCINERATE,BRAVE_BIRD,EARTHQUAKE,69.1,50.2,74.6,59.9,scizor_shadow:867;forretress:845;diggersby:628;corviknight:566;wigglytuff:508,altaria:184;lickilicky:240;cradily:277;togekiss:334;piloswine:496
pidgeotto,Pidgeotto,71.3,110.9,100.8,147,1644,WING_ATTACK,AIR_CUTTER,TWISTER,69.4,57.7,68.3,53.7,araquanid:714;gourgeist_super:622;gastrodon:619;gligar_shadow:568;zweilous_shadow:534,cradily:250;corviknight:330;altaria:351;wigglytuff:367;forretress:378
sneasel_hisuian,Sneasel (Hisuian),71.3,133.9,111.7,111,1662,POISON_JAB,CLOSE_COMBAT,X_SCISSOR,63.9,34.6,71.9,45.2,lickilicky:702;cradily:666;drapion_shadow:626;wigglytuff:599;guzzlord:581,forretress:128;corviknight:143;piloswine:165;altaria:307;togekiss:478
aipom,Aipom,71.2,124.3,106.7,135,1792,ASTONISH,SWIFT,AERIAL_ACE,69.4,60.7,67.8,47.4,drifblim:722;gourgeist_super:600;weezing_galarian_shadow:596;abomasnow:559;gliscor_shadow:548,wigglytuff:269;cradily:326;altaria:336;corviknight:350;forretress:382
honchkrow,Honchkrow,71.2,149.9,68.9,145,1500,PECK,BRAVE_BIRD,DARK_PULSE,56.3,41.5,76.9,31.3,mandibuzz:668;gastrodon:627;gligar:596;diggersby:537;gligar_shadow:531,wigglytuff:181;altaria:239;cradily:253;forretress:257;corviknight:470
eelektrik,Eelektrik,71,122.3,110,136,1831,ACID,DISCHARGE,CRUNCH,66.3,53.5,71.9,47.6,talonflame:731;togekiss:632;noctowl:599;charjabug:566;articuno:544,forretress:250;corviknight:300;altaria:326;cradily:368;wigglytuff:479
hydrapple,Hydrapple,71,122.2,110.7,136,1841,DRAGON_TAIL,SEED_BOMB,OUTRAGE,65,39.6,67.9,49.2,quagsire_shadow:845;marowak_shadow:672;diggersby:650;charjabug:573;furret:544,forretress:128;wigglytuff:201;corviknight:206;altaria:344;cradily:368
bouffalant,Bouffalant,70.9,118.8,115.8,137,1888,MUD_SHOT,STOMP,MEGAHORN,67,57.4,71.2,43.8,drampa:744;drapion_shadow:689;abomasnow:638;charjabug:529;lickilicky:503,altaria:177;forretress:265;wigglytuff:271;corviknight:276;cradily:458
servine,Servine,70.9,105.8,140.3,142,2110,VINE_WHIP,GRASS_KNOT,WRAP,69.9,52.3,68.1,66.7,quagsire_shadow:911;marowak_shadow:665;stunfisk_galarian:616;dunsparce:566;diggersby:514,forretress:269;altaria:351;corviknight:373;wigglytuff:401;cradily:454
parasect,Parasect,70.8,124.1,118.2,123,1807,FURY_CUTTER,X_SCISSOR,CROSS_POISON,69.8,51.4,67.6,49.2,cradily:703;abomasnow:703;guzzlord:654;marowak_shadow:512;charjabug:504,togekiss:82;corviknight:160;forretress:250;altaria:282;wigglytuff:376
meowscarada,Meowscarada,70.6,140.3,99.1,115,1600,LEAFAGE,NIGHT_SLASH,FRENZY_PLANT,69.6,39.8,68.8,45.5,quagsire_shadow:926;diggersby:821;stunfisk_galarian:656;lickilicky:643;piloswine:604,forretress:50;wigglytuff:183;altaria:224;corviknight:236;cradily:409
absol,Absol,70.5,156.6,83.9,109,1434,PSYCHO_CUT,BRUTAL_SWING,MEGAHORN,72.2,56.1,61.6,20.7,piloswine:674;guzzlord:674;gourgeist_super:665;marowak_shadow:545;quagsire_shadow:513,forretress:58;wigglytuff:82;altaria:304;corviknight:430;cradily:486
muk_alolan_shadow,Muk (Alolan) (Shadow),70.5,115.8,111.7,148,1916,POISON_JAB,DARK_PULSE,ACID_SPRAY,68.6,47.9,71.7,52.3,togekiss:760;lickilicky:648;wigglytuff:645;weezing_galarian_shadow:618;guzzlord:611,corviknight:166;forretress:167;piloswine:237;altaria:322;cradily:482
onix_shadow,Onix (Shadow),70.4,84,207.5,105,1831,ROCK_THROW,ROCK_SLIDE,SAND_TOMB,70.9,46.5,67.2,66,talonflame:895;lickilicky:619;altaria:585;crustle:566;togekiss:523,cradily:208;piloswine:233;corviknight:253;wigglytuff:331;forretress:343
scraggy,Scraggy,70.4,120.2,122.7,126,1861,FEINT_ATTACK,UPPER_HAND,FOUL_PLAY,60.7,43,74.6,44.8,furret:710;lickilicky:595;stunfisk_galarian:571;cradily:547;piloswine:523,wigglytuff:91;togekiss:134;altaria:192;forretress:222;corviknight:406
graveler,Graveler,70.3,121.4,130.9,116,1845,MUD_SLAP,ROCK_SLIDE,DIG,66,37.7,68.6,47.8,charjabug:698;talonflame:620;wigglytuff:543;lickilicky:530;clodsire:504,togekiss:143;cradily:225;corviknight:336;altaria:416;forretress:476
pumpkaboo_average,Pumpkaboo (Average),70.3,114.2,115.9,126,1670,ASTONISH,FOUL_PLAY,GRASS_KNOT,66.5,46.1,65.7,47.1,stunfisk_galarian:666;steelix_shadow:638;charjabug:599;quagsire_shadow:595;marowak_shadow:551,wigglytuff:186;altaria:351;corviknight:366;cradily:437;forretress:449
shiftry,Shiftry,70.3,133.4,88,143,1680,SNARL,LEAF_BLADE,FOUL_PLAY,67.8,38.7,66.6,43.6,quagsire_shadow:912;piloswine:650;lickilicky:625;gourgeist_super:604;diggersby:513,forretress:66;wigglytuff:242;cradily:253;altaria:282;corviknight:370
porygon,Porygon,70.2,120,115.4,135,1870,QUICK_ATTACK,DISCHARGE,HYPER_BEAM,60.3,53.2,78.1,40.5,swalot:696;dunsparce:633;lickilicky:533;charjabug:522;corviknight:518,togekiss:178;cradily:208;forretress:296;altaria:297;wigglytuff:334
rhyperior_shadow,Rhyperior (Shadow),70.1,126.7,104.5,134,1775,MUD_SLAP,BREAKING_SWIPE,ROCK_WRECKER,63.9,35.1,65,41.2,charjabug:649;lickilicky:641;altaria:529;guzzlord:529;gliscor:514,togekiss:156;corviknight:190;cradily:288;forretress:320;wigglytuff:365
torterra_shadow,Torterra (Shadow),70.1,119.9,117,133,1867,MUD_SLAP,FRENZY_PLANT,SAND_TOMB,68.8,38.3,67.4,56.3,clodsire:815;stunfisk_galarian:793;quagsire_shadow:639;wigglytuff:635;lickilicky:609,altaria:119;togekiss:126;corviknight:293;cradily:364;forretress:390
houndour,Houndour,69.9,140.3,82.3,120,1387,EMBER,CRUNCH,FLAMETHROWER,65.7,49.6,69.5,26.1,gourgeist_super:795;piloswine:787;scizor_shadow:762;forretress:516;corviknight:504,togekiss:178;altaria:275;wigglytuff:293;cradily:305;lickilicky:321
ninjask,Ninjask,69.9,144.7,88.4,121,1549,FURY_CUTTER,SHADOW_BALL,AERIAL_ACE,60.8,42.9,65.2,31.3,marowak_shadow:814;cradily:747;forretress_shadow:636;crustle:623;guzzlord:508,togekiss:186;wigglytuff:338;altaria:347;corviknight:433;forretress:492
celebi,Celebi,69.7,120.4,119.3,129,1855,CONFUSION,AURA_SPHERE,LEAF_STORM,67.3,41.9,70.7,52.1,quagsire_shadow:794;swalot:600;diggersby:596;clodsire:593;stunfisk_galarian:538,forretress:113;altaria:315;corviknight:323;cradily:413;wigglytuff:457
seviper,Seviper,69.6,137.5,90,131,1623,POISON_JAB,POISON_FANG,WRAP,69.1,53.5,55.5,55.1,wigglytuff:721;gourgeist_super:671;weezing_galarian_shadow:610;talonflame:576;cradily:526,corviknight:233;forretress:273;piloswine:347;altaria:373;togekiss:473
wyrdeer,Wyrdeer,69.6,126.6,95.5,146,1767,CONFUSION,STOMP,WILD_CHARGE,67.2,43.8,70,46.2,swalot:678;talonflame:654;quagsire_shadow:640;dunsparce:613;gourgeist_super:544,forretress:140;corviknight:250;cradily:371;altaria:373;wigglytuff:446
onix,Onix,69.5,84,207.5,105,1831,ROCK_THROW,ROCK_SLIDE,SAND_TOMB,69.4,45.6,67.9,64.8,talonflame:880;charjabug:757;togekiss:623;altaria:580;crustle:566,cradily:225;piloswine:246;forretress:269;corviknight:286;wigglytuff:320
servine_shadow,Servine (Shadow),69.5,105.8,140.3,142,2110,VINE_WHIP,GRASS_KNOT,WRAP,68,54.6,65,57,quagsire_shadow:816;diggersby:658;marowak_shadow:605;stunfisk_galarian:566;furret:528,forretress:292;corviknight:310;wigglytuff:347;altaria:355;cradily:361
cacturne_shadow,Cacturne (Shadow),69.4,147.2,85,121,1516,SUCKER_PUNCH,TRAILBLAZE,DYNAMIC_PUNCH,65.2,38.1,61.9,46.9,drifblim:871;clodsire:619;steelix_shadow:590;gourgeist_super:574;stunfisk_galarian:557,forretress:156;wigglytuff:156;corviknight:273;cradily:319;altaria:380
sharpedo_shadow,Sharpedo (Shadow),69.4,166.6,64,126,1345,WATERFALL,CRUNCH,POISON_FANG,68.3,40.7,57.8,43.8,piloswine:773;talonflame:722;clodsire:710;cradily:615;gliscor:615,forretress:187;wigglytuff:206;altaria:235;corviknight:283;togekiss:447
decidueye,Decidueye,69.2,127.8,115.2,119,1754,LEAFAGE,FRENZY_PLANT,SPIRIT_SHACKLE,67.6,50.3,70,45,quagsire_shadow:920;diggersby:693;gliscor:584;clodsire:554;crustle:508,altaria:210;corviknight:213;forretress:250;cradily:430;wigglytuff:495
weavile,Weavile,69.2,141.9,105.1,106,1582,SNARL,AVALANCHE,FOUL_PLAY,62.1,40.1,74.3,16.2,drifblim:863;altaria:683;guzzlord:632;marowak_shadow:632;gliscor:542,wigglytuff:69;forretress:82;togekiss:95;corviknight:410;cradily:430
leavanny,Leavanny,69.1,129.4,110.2,121,1727,SHADOW_CLAW,LEAF_BLADE,X_SCISSOR,67.2,51.6,66.6,38.9,marowak_shadow:896;gastrodon:896;quagsire_shadow:793;piloswine:661;steelix_shadow:607,corviknight:263;altaria:278;forretress:289;cradily:357;wigglytuff:432
mudbray,Mudbray,69.1,129.8,98.6,134,1717,MUD_SLAP,BODY_SLAM,EARTHQUAKE,66,47.1,63.5,47.8,clodsire:742;charjabug:645;lickilicky:600;drapion_shadow:578;guzzlord:507,altaria:202;corviknight:260;cradily:274;wigglytuff:304;forretress:363
honchkrow_shadow,Honchkrow (Shadow),68.9,149.9,68.9,145,1500,PECK,BRAVE_BIRD,DARK_PULSE,60.7,39,67.8,34.6,corviknight:679;cradily:637;moltres_galarian:637;noctowl:637;gastrodon:558,wigglytuff:188;lickilicky:200;forretress:261;altaria:286;togekiss:308
manectric,Manectric,68.9,142.4,91.3,121,1574,THUNDER_FANG,PSYCHIC_FANGS,WILD_CHARGE,70.6,58.9,59.2,48.1,scizor_shadow:706;talonflame:648;corviknight:590;togekiss:541;wigglytuff:512,cradily:263;piloswine:266;lickilicky:312;altaria:322;forretress:378
crobat,Crobat,68.8,121.2,118.1,129,1847,AIR_SLASH,POISON_FANG,SHADOW_BALL,63.6,40.4,64.3,55.1,wigglytuff:751;forretress:689;forretress_shadow:670;gastrodon:651;weezing_galarian_shadow:523,piloswine:214;togekiss:226;corviknight:230;cradily:302;altaria:329
ursaluna,Ursaluna,68.8,125.6,98.6,144,1786,TACKLE,SWIFT,HIGH_HORSEPOWER,65.9,40,64.7,39.1,clodsire:597;drapion_shadow:586;diggersby:548;lickilicky:538;stunfisk_galarian:520,cradily:190;forretress:222;wigglytuff:253;altaria:329;corviknight:380
delcatty,Delcatty,68.7,111.9,116.8,153,2000,CHARM,WILD_CHARGE,DISARMING_VOICE,59.9,44.5,74.1,47.6,guzzlord:722;drifblim:627;noctowl:588;lickilicky:562;dunsparce:509,corviknight:186;forretress:218;wigglytuff:352;cradily:395;altaria:402
grovyle,Grovyle,68.7,136.3,103.2,117,1647,QUICK_ATTACK,LEAF_BLADE,AERIAL_ACE,66.3,49.3,64.5,38.6,quagsire_shadow:918;marowak_shadow:816;piloswine:649;dunsparce:589;diggersby:508,forretress:82;corviknight:220;cradily:236;altaria:264;wigglytuff:356
karrablast_shadow,Karrablast (Shadow),68.7,127.7,85.7,127,1390,FURY_CUTTER,X_SCISSOR,DRILL_RUN,64.2,53.4,65,26.1,cradily:759;marowak_shadow:720;piloswine:681;crustle:681;quagsire_shadow:559,corviknight:143;togekiss:160;altaria:300;wigglytuff:302;forretress:316
drilbur,Drilbur,68.6,139.4,81.5,142,1614,MUD_SLAP,DRILL_RUN,ROCK_TOMB,60.2,32.8,65.2,42.6,stunfisk_galarian:739;clodsire:735;lickilicky:647;guzzlord:545;drapion_shadow:517,altaria:134;cradily:256;forretress:320;wigglytuff:325;corviknight:400
pawmo,Pawmo,68.5,136.1,81.5,142,1576,THUNDER_SHOCK,WILD_CHARGE,THUNDER_PUNCH,66.2,35.4,71,37,crustle:785;togekiss:742;talonflame:742;corviknight:630;drapion_shadow:584,piloswine:146;cradily:166;altaria:286;wigglytuff:313;forretress:328
rhydon_shadow,Rhydon (Shadow),68.5,126.2,103.3,136,1776,MUD_SLAP,STONE_EDGE,SURF,65.9,38.7,62.4,39.8,clodsire:735;lickilicky:569;forretress:551;wigglytuff:533;altaria:503,togekiss:156;corviknight:190;cradily:288;piloswine:321;stunfisk_galarian:447
elekid,Elekid,68.3,126,97.4,120,1474,THUNDER_SHOCK,THUNDER_PUNCH,BRICK_BREAK,67.3,59.8,56.2,44.3,togekiss:845;drifblim:820;scizor_shadow:770;talonflame:745;steelix_shadow:587,altaria:286;forretress:300;wigglytuff:313;cradily:423;corviknight:446
pumpkaboo_small,Pumpkaboo (Small),68.2,115.1,116.8,119,1600,ASTONISH,FOUL_PLAY,GRASS_KNOT,64.9,44.7,63.3,42.6,steelix_shadow:621;charjabug:579;quagsire_shadow:571;gourgeist_super:529;marowak_shadow:529,altaria:355;corviknight:370;wigglytuff:376;cradily:416;forretress:417
tangrowth,Tangrowth,68.2,120.7,112.7,136,1852,VINE_WHIP,POWER_WHIP,ROCK_SLIDE,57.1,36.7,71.4,40.3,quagsire_shadow:797;marowak_shadow:672;diggersby:610;steelix_shadow:562;stunfisk_galarian:540,forretress:97;corviknight:250;altaria:315;cradily:343;wigglytuff:352
weepinbell,Weepinbell,68.2,137.9,84.8,139,1627,ACID,POWER_WHIP,SEED_BOMB,66.8,52.2,63.8,36.3,wigglytuff:737;quagsire_shadow:712;lickilicky:607;togekiss:600;weezing_galarian_shadow:510,corviknight:143;forretress:160;piloswine:165;altaria:311;cradily:388
nidorino,Nidorino,68.1,123.3,104.3,141,1814,POISON_STING,SLUDGE_BOMB,DIG,57.7,37.4,72.8,39.8,wigglytuff:797;weezing_galarian_shadow:705;drapion_shadow:592;abomasnow:574;noctowl:521,corviknight:173;togekiss:221;forretress:273;altaria:340;cradily:451
poipole,Poipole,68.1,119.7,113.5,137,1863,PECK,SLUDGE_BOMB,FELL_STINGER,71.5,54.5,70,54.2,wigglytuff:817;gourgeist_super:791;talonflame:748;weezing_galarian_shadow:722;cradily:587,togekiss:200;corviknight:250;lickilicky:378;altaria:387;forretress:410
seismitoad,Seismitoad,68,120.3,100.8,154,1869,MUD_SHOT,EARTH_POWER,SLUDGE_BOMB,60.5,40,72.4,42.6,swalot:704;weezing_galarian_shadow:652;drapion_shadow:639;clodsire:610;stunfisk_galarian:558,altaria:210;corviknight:253;cradily:281;forretress:335;wigglytuff:417
sharpedo,Sharpedo,68,166.6,64,126,1345,WATERFALL,CRUNCH,POISON_FANG,62.9,40.1,56.6,39.1,talonflame:769;piloswine:757;articuno:710;gliscor:666;scizor_shadow:638,forretress:160;wigglytuff:172;altaria:177;corviknight:260;cradily:319
crobat_shadow,Crobat (Shadow),67.9,121.2,118.1,129,1847,AIR_SLASH,POISON_FANG,SHADOW_BALL,62.1,43.9,56.9,44.1,wigglytuff:717;araquanid:686;forretress:670;pangoro:658;forretress_shadow:604,altaria:228;corviknight:240;cradily:246;togekiss:278;lickilicky:406
graveler_shadow,Graveler (Shadow),67.9,122.6,129.8,115,1831,MUD_SLAP,ROCK_SLIDE,DIG,65,38.9,62.8,39.8,lickilicky:613;wigglytuff:565;talonflame:565;forretress:526;guzzlord:521,togekiss:126;corviknight:190;cradily:270;piloswine:298;altaria:463
leafeon,Leafeon,67.9,128.1,133.9,102,1750,QUICK_ATTACK,LEAF_BLADE,LAST_RESORT,63.3,45.1,64.7,40.5,quagsire_shadow:906;marowak_shadow:818;piloswine:686;diggersby:568;wigglytuff:553,forretress:82;togekiss:178;altaria:199;corviknight:216;cradily:225
oricorio_pom_pom,Oricorio (Pom-Pom),67.9,130.8,102,128,1710,AIR_SLASH,AIR_CUTTER,AERIAL_ACE,66.7,48.2,64.8,40.8,gourgeist_super:640;talonflame:625;togekiss:574;gliscor:570;scizor_shadow:507,cradily:281;altaria:344;corviknight:366;forretress:445;wigglytuff:448
grafaiai,Grafaiai,67.8,134.2,107.7,115,1664,MUD_SLAP,POISON_FANG,SLUDGE_BOMB,65.7,42.4,61.4,47.4,wigglytuff:752;drapion_shadow:634;talonflame:604;guzzlord:517;cradily:508,togekiss:100;altaria:221;piloswine:240;corviknight:256;forretress:343
minun,Minun,67.8,116.3,127,130,1922,QUICK_ATTACK,THUNDERBOLT,GRASS_KNOT,57.9,50,76,27.3,togekiss:650;quagsire_shadow:634;noctowl:615;moltres_galarian:557;piloswine:526,forretress:113;cradily:263;wigglytuff:381;altaria:405;corviknight:450
swellow_shadow,Swellow (Shadow),67.8,135.9,99.9,121,1645,WING_ATTACK,BRAVE_BIRD,SKY_ATTACK,50.8,37.2,74.5,28,gastrodon:628;forretress:623;forretress_shadow:549;diggersby:541;moltres_galarian:512,corviknight:190;cradily:208;wigglytuff:230;altaria:239;togekiss:265
dugtrio,Dugtrio,67.7,136.7,120,100,1643,SUCKER_PUNCH,MUD_BOMB,STONE_EDGE,57.9,44.1,64.5,36.7,steelix_shadow:715;stunfisk:640;dunsparce:615;charjabug:600;weezing_galarian_shadow:540,altaria:239;corviknight:243;cradily:253;wigglytuff:383;forretress:445
geodude_shadow,Geodude (Shadow),67.7,123.5,123.5,113,1724,ROCK_THROW,ROCK_TOMB,ROCK_SLIDE,70.6,41.5,54.2,58,talonflame:893;togekiss:836;articuno:716;charjabug:685;altaria:535,cradily:298;corviknight:323;piloswine:327;forretress:359;wigglytuff:410
tangrowth_shadow,Tangrowth (Shadow),67.7,120.7,112.7,136,1852,VINE_WHIP,POWER_WHIP,ROCK_SLIDE,56.9,32.8,69.8,32,quagsire_shadow:753;marowak_shadow:621;diggersby:599;articuno:599;gliscor:529,forretress:89;corviknight:280;cradily:336;altaria:362;wigglytuff:486
quilladin,Quilladin,67.6,114.9,130.2,130,1947,VINE_WHIP,BODY_SLAM,ENERGY_BALL,63.9,45.1,64.7,53.3,quagsire_shadow:926;diggersby:657;stunfisk_galarian:550;clodsire:519;lickilicky:503,forretress:144;altaria:199;corviknight:243;cradily:309;wigglytuff:394
cherrim_sunny,Cherrim (Sunshine),67.5,121.8,116.2,130,1843,BULLET_SEED,WEATHER_BALL_FIRE,SOLAR_BEAM,64.7,43.2,66,38.9,scizor_shadow:719;wigglytuff:615;quagsire_shadow:607;diggersby:580;stunfisk_galarian:542,altaria:134;cradily:201;togekiss:247;forretress:328;corviknight:456
karrablast,Karrablast,67.5,127.7,85.7,127,1390,FURY_CUTTER,X_SCISSOR,DRILL_RUN,64.2,52.5,64.5,28.7,cradily:759;marowak_shadow:712;stunfisk:574;moltres_galarian:570;guzzlord:535,togekiss:182;corviknight:190;altaria:282;wigglytuff:374;forretress:394
electabuzz,Electabuzz,67.4,130.8,113.2,115,1704,THUNDER_SHOCK,THUNDER_PUNCH,RETURN,61.2,30.8,69.1,36.3,togekiss:839;scizor_shadow:800;talonflame:773;moltres_galarian:660;wigglytuff:565,piloswine:68;cradily:163;forretress:324;altaria:409;corviknight:453
rhydon,Rhydon,67.4,126.2,103.3,136,1776,MUD_SLAP,STONE_EDGE,SURF,63.4,37,63.3,38.6,clodsire:761;charjabug:676;lickilicky:650;talonflame:606;guzzlord:558,togekiss:126;corviknight:163;cradily:239;wigglytuff:304;forretress:453
appletun,Appletun,67.2,116.5,102.5,161,1924,ASTONISH,SEED_BOMB,OUTRAGE,60.2,36,64.7,50.9,quagsire_shadow:860;marowak_shadow:736;steelix_shadow:720;charjabug:605;stunfisk_galarian:580,wigglytuff:204;altaria:224;cradily:225;forretress:238;corviknight:310
ursaluna_shadow,Ursaluna (Shadow),67.2,125.6,98.6,144,1786,TACKLE,SWIFT,HIGH_HORSEPOWER,61.6,38.9,60.5,37.7,charjabug:625;dunsparce:625;talonflame:579;gliscor:531;weezing_galarian_shadow:531,corviknight:170;cradily:190;forretress:207;altaria:431;wigglytuff:497
ivysaur,Ivysaur,67.1,118.7,121,131,1883,VINE_WHIP,POWER_WHIP,SLUDGE_BOMB,58.9,37.4,71,41.9,quagsire_shadow:755;diggersby:622;clodsire:580;wigglytuff:572;cradily:511,altaria:97;togekiss:134;corviknight:180;forretress:203;piloswine:262
krookodile,Krookodile,67.1,133.1,98,129,1685,MUD_SLAP,SAND_TOMB,CRUNCH,63.7,37.8,60.7,49.7,clodsire:903;stunfisk_galarian:744;lickilicky:689;drapion_shadow:569;weezing_galarian_shadow:523,altaria:90;forretress:238;cradily:256;corviknight:370;wigglytuff:383
weavile_shadow,Weavile (Shadow),67,141.9,105.1,106,1582,SNARL,AVALANCHE,FOUL_PLAY,57.1,32.6,75.3,13.2,clodsire:768;cradily:735;altaria:683;guzzlord:547;piloswine:533,wigglytuff:56;forretress:101;lickilicky:115;togekiss:126;corviknight:470
stufful,Stufful,66.9,124.8,92.1,156,1795,TACKLE,SUPER_POWER,STOMP,64.7,49.9,67.2,41.9,lickilicky:721;guzzlord:631;stunfisk_galarian:538;forretress:535;cradily:528,altaria:192;corviknight:196;wigglytuff:217;piloswine:237;togekiss:278
swanna_shadow,Swanna (Shadow),66.9,128.5,101,134,1742,WATER_GUN,FLY,ICE_BEAM,62,38.7,66,45.2,talonflame:772;diggersby:611;forretress:548;corviknight:533;stunfisk_galarian:533,altaria:192;lickilicky:209;togekiss:278;cradily:284;wigglytuff:316
meganium_shadow,Meganium (Shadow),66.7,110.8,139,131,2018,VINE_WHIP,FRENZY_PLANT,EARTHQUAKE,56.1,29,68.1,42.6,quagsire_shadow:919;stunfisk_galarian:732;marowak_shadow:664;diggersby:629;furret:580,forretress:97;altaria:188;corviknight:203;cradily:357;wigglytuff:470
electabuzz_shadow,Electabuzz (Shadow),66.6,132.1,112.5,114,1696,THUNDER_SHOCK,THUNDER_PUNCH,THUNDERBOLT,64.7,39.3,64.1,28.3,togekiss:837;corviknight:758;talonflame:719;scizor_shadow:719;wigglytuff:596,piloswine:68;cradily:250;lickilicky:315;altaria:355;forretress:492
glimmora,Glimmora,66.6,137.6,102.9,115,1631,ROCK_THROW,METEOR_BEAM,POWER_GEM,68.9,38.6,54.2,59.6,talonflame:895;togekiss:821;crustle:821;articuno:786;cradily:517,corviknight:280;lickilicky:331;forretress:347;wigglytuff:426;altaria:481
quilladin_shadow,Quilladin (Shadow),66.6,114.9,130.2,130,1947,VINE_WHIP,BODY_SLAM,ENERGY_BALL,63.3,48.8,60.7,43.3,quagsire_shadow:926;marowak_shadow:653;diggersby:611;dunsparce:600;furret:565,forretress:148;corviknight:176;cradily:184;altaria:210;wigglytuff:475
rhyhorn_shadow,Rhyhorn (Shadow),66.6,112.5,111,159,1987,MUD_SLAP,BULLDOZE,STOMP,65.7,41.9,60.2,49.2,clodsire:783;charjabug:666;weezing_galarian_shadow:650;lickilicky:525;swalot:515,corviknight:243;cradily:295;altaria:365;forretress:414;wigglytuff:414
rotom_heat,Rotom (Heat),66.6,128.8,144.9,93,1737,THUNDER_SHOCK,OVERHEAT,THUNDERBOLT,56.8,27.3,80.8,33.2,forretress:704;wigglytuff:704;weezing_galarian_shadow:677;scizor_shadow:596;togekiss:559,piloswine:81;lickilicky:153;corviknight:203;cradily:354;altaria:394
oddish,Oddish,66.5,122.6,106.7,120,1571,ACID,SEED_BOMB,SLUDGE_BOMB,62.9,44.8,62.4,38.9,wigglytuff:762;quagsire_shadow:741;weezing_galarian_shadow:658;dunsparce:570;charjabug:533,corviknight:136;forretress:187;altaria:228;togekiss:352;cradily:388
zebstrika_shadow,Zebstrika (Shadow),66.5,137.7,95.4,124,1630,LOW_KICK,WILD_CHARGE,DISCHARGE,60.5,47.6,67.6,21.4,articuno:685;corviknight:608;talonflame:608;moltres_galarian:592;wigglytuff:572,togekiss:91;forretress:175;cradily:270;piloswine:295;altaria:304
oddish_shadow,Oddish (Shadow),66.4,122.6,106.7,120,1571,ACID,SEED_BOMB,SLUDGE_BOMB,60.5,46.5,63.1,31.1,wigglytuff:733;quagsire_shadow:675;gastrodon:675;stunfisk:566;charjabug:533,forretress:105;corviknight:186;altaria:282;cradily:322;togekiss:395
nidorino_shadow,Nidorino (Shadow),66.3,123.3,104.3,141,1814,POISON_STING,SLUDGE_BOMB,DIG,56.3,36.9,72.1,29.4,wigglytuff:741;drapion_shadow:631;weezing_galarian_shadow:631;talonflame:606;cradily:563,piloswine:100;corviknight:193;togekiss:265;forretress:289;altaria:398
tauros,Tauros,66.3,125.1,119.5,120,1795,TACKLE,TRAILBLAZE,HORN_ATTACK,60.3,54.9,60.9,44.5,hippowdon:612;farfetchd:583;talonflame_shadow:579;gligar:537;gastrodon:516,corviknight:243;wigglytuff:275;forretress:277;altaria:278;cradily:319
dustox,Dustox,66.2,94.9,148.7,142,2005,CONFUSION,SLUDGE_BOMB,SILVER_WIND,64.6,43.8,66.6,50.9,abomasnow:679;weezing_galarian_shadow:672;wigglytuff:647;swalot:573;lanturn:559,corviknight:213;togekiss:213;forretress:289;cradily:319;altaria:376
skrelp,Skrelp,66.2,104.1,104.1,127,1379,ACID,AQUA_TAIL,TWISTER,62.1,52.8,61.7,38.9,murkrow_shadow:712;charizard:700;charizard_shadow:688;abomasnow_shadow:665;wigglytuff:523,corviknight:200;forretress:226;altaria:358;cradily:399;togekiss:434
archen_shadow,Archen (Shadow),65.8,159.5,76,116,1408,WING_ATTACK,ANCIENT_POWER,CRUNCH,58.4,34.9,66.6,25,gourgeist_super:672;talonflame:586;altaria:564;gliscor:547;forretress:534,lickilicky:171;wigglytuff:221;togekiss:265;corviknight:393;cradily:413
swadloon,Swadloon,65.8,106.7,146.2,135,2106,BUG_BITE,ENERGY_BALL,SILVER_WIND,62.5,34.9,63.6,54.9,charjabug:603;furret:592;quagsire_shadow:588;marowak_shadow:585;guzzlord:555,corviknight:100;altaria:192;forretress:230;wigglytuff:293;cradily:399
watchog,Watchog,65.7,125.1,114,125,1785,LOW_KICK,CRUNCH,HYPER_FANG,61.3,44.5,67.9,34.1,furret:688;drapion_shadow:640;pidgeot_shadow:600;abomasnow:580;piloswine:544,altaria:278;forretress:312;corviknight:336;cradily:347;wigglytuff:410
watchog_shadow,Watchog (Shadow),65.6,125.1,114,125,1785,LOW_KICK,CRUNCH,HYPER_FANG,56.1,40.9,67.8,23.8,pawniard:780;tyranitar_shadow:724;lickilicky:612;pidgeot:600;dunsparce:572,corviknight:340;altaria:358;cradily:368;forretress:390;wigglytuff:486
dugtrio_alolan,Dugtrio (Alolan),65.5,148.1,112.9,90,1506,MUD_SLAP,MUD_BOMB,IRON_HEAD,61.3,34.9,59.7,43.1,clodsire:800;wigglytuff:644;forretress:622;lickilicky:566;cradily:555,togekiss:126;altaria:134;corviknight:190;piloswine:298;stunfisk_galarian:447
zygarde_10,Zygarde (10% Forme),65.5,138.1,119.1,98,1613,DRAGON_TAIL,CRUNCH,EARTHQUAKE,61.3,37.4,63.3,28,talonflame:739;lickilicky:658;charjabug:637;dunsparce:622;gourgeist_super:617,wigglytuff:94;corviknight:300;cradily:312;altaria:322;forretress:351
arbok,Arbok,65.4,123.7,120.1,122,1814,ACID,DARK_PULSE,SLUDGE_WAVE,53,38.6,71.4,37.2,wigglytuff:737;abomasnow:561;furret:536;dunsparce:532;charjabug:512,altaria:192;corviknight:263;forretress:296;togekiss:352;cradily:447
breloom,Breloom,65.4,149.9,96.7,103,1494,FORCE_PALM,DYNAMIC_PUNCH,GRASS_KNOT,62.1,31.1,62.8,54.9,stunfisk_galarian:723;lickilicky:650;guzzlord:577;cradily:553;piloswine:509,togekiss:86;altaria:206;wigglytuff:237;corviknight:243;forretress:347
regieleki,Regieleki,65.3,149.8,82.5,119,1472,VOLT_SWITCH,THUNDER_CAGE,HYPER_BEAM,67.6,35.7,56.2,29,togekiss:785;crustle:659;corviknight:621;wigglytuff:554;forretress:533,stunfisk_galarian:107;piloswine:116;lickilicky:221;cradily:284;altaria:496
gloom,Gloom,65.2,121.3,115.9,131,1844,ACID,SLUDGE_BOMB,MOONBLAST,57.4,38.9,64.3,35.3,wigglytuff:755;charjabug:641;guzzlord:595;drapion_shadow:541;quagsire_shadow:515,forretress:121;corviknight:173;altaria:192;togekiss:352;cradily:423
dugtrio_shadow,Dugtrio (Shadow),65.1,136.7,120,100,1643,SUCKER_PUNCH,MUD_BOMB,STONE_EDGE,58.2,44.1,54.5,32.5,clodsire:865;stunfisk_galarian:660;steelix_shadow:660;dunsparce:585;charjabug:550,wigglytuff:230;forretress:261;cradily:277;corviknight:283;altaria:286
geodude,Geodude,65.1,123.5,123.5,113,1724,ROCK_THROW,ROCK_TOMB,ROCK_SLIDE,64.1,38.3,59.8,57.7,talonflame:867;articuno:747;charjabug:721;altaria:610;crustle:535,cradily:253;corviknight:263;forretress:332;wigglytuff:347;togekiss:439
drilbur_shadow,Drilbur (Shadow),65,139.4,81.5,142,1614,MUD_SLAP,DRILL_RUN,ROCK_TOMB,59.7,30.2,54.5,41,weezing_galarian_shadow:799;stunfisk_galarian:711;lickilicky:665;charjabug:577;clodsire:507,altaria:119;corviknight:190;forretress:316;cradily:319;wigglytuff:369
luxray,Luxray,64.9,138,98.9,119,1626,SPARK,WILD_CHARGE,PSYCHIC_FANGS,67.6,54.1,61.1,35.1,talonflame:659;corviknight:592;wigglytuff:592;forretress:537;togekiss:533,stunfisk_galarian:209;altaria:304;cradily:305;lickilicky:340;piloswine:366
archeops_shadow,Archeops (Shadow),64.7,160.6,81.9,106,1395,WING_ATTACK,ANCIENT_POWER,CRUNCH,57.4,34.3,65.7,24.7,noctowl:768;gourgeist_super:665;talonflame:570;altaria:523;gliscor:518,wigglytuff:181;togekiss:265;corviknight:396;cradily:413;forretress:484
teddiursa_shadow,Teddiursa (Shadow),64.7,131.5,90.4,142,1690,LICK,SWIFT,CROSS_CHOP,57.7,49.6,59.3,25.4,drifblim:637;steelix_shadow:573;articuno_shadow:573;talonflame:538;togetic:514,wigglytuff:311;corviknight:390;cradily:413;altaria:438;forretress:449
bayleef,Bayleef,64.6,105.5,141.5,142,2122,MAGICAL_LEAF,ANCIENT_POWER,ENERGY_BALL,60.3,33.8,66.2,49.5,quagsire_shadow:926;diggersby:686;marowak_shadow:676;steelix_shadow:556;dunsparce:552,forretress:222;corviknight:230;altaria:293;wigglytuff:347;cradily:357
dwebble_shadow,Dwebble (Shadow),64.6,111.7,120.1,127,1706,SMACK_DOWN,X_SCISSOR,ROCK_TOMB,59.7,39.2,60.9,47.8,charizard_shadow:897;articuno:807;talonflame:775;moltres_galarian:594;charjabug:511,corviknight:243;cradily:256;forretress:285;wigglytuff:325;altaria:380
exploud,Exploud,64.6,119.7,99.4,157,1870,ASTONISH,CRUNCH,DISARMING_VOICE,58.6,43.9,65.9,36.5,drifblim:770;sableye:678;guzzlord:636;sableye_shadow:636;gourgeist_super:582,wigglytuff:266;cradily:361;forretress:398;corviknight:436;altaria:467
serperior_shadow,Serperior (Shadow),64.5,110.2,142.2,130,2038,VINE_WHIP,FRENZY_PLANT,LEAF_TORNADO,62.3,38.1,67.6,45.9,marowak_shadow:834;quagsire_shadow:800;gliscor:684;diggersby:646;stunfisk_galarian:550,forretress:187;altaria:188;corviknight:200;cradily:354;wigglytuff:470
exploud_shadow,Exploud (Shadow),64.4,119.7,99.4,157,1870,ASTONISH,CRUNCH,DISARMING_VOICE,60.2,45.6,59.2,35.6,drifblim:713;sableye:636;altaria:515;guzzlord:512;gourgeist_super:503,togekiss:278;wigglytuff:318;cradily:371;forretress:460;corviknight:473
rotom,Rotom,64.4,132.4,120.4,106,1691,ASTONISH,THUNDERBOLT,OMINOUS_WIND,58.4,34.3,60.9,45.2,charjabug:650;gourgeist_super:556;swalot:542;gliscor:533;togekiss:528,wigglytuff:143;altaria:264;corviknight:270;cradily:298;forretress:445
archen,Archen,64.3,159.5,76,116,1408,WING_ATTACK,ANCIENT_POWER,CRUNCH,55.8,36.6,65.7,23.3,noctowl:788;gourgeist_super:715;talonflame:650;altaria:564;forretress_shadow:534,togekiss:221;wigglytuff:230;corviknight:316;cradily:340;forretress:460
glimmet,Glimmet,64.3,147.1,90.8,114,1525,ROCK_THROW,POWER_GEM,DAZZLING_GLEAM,67.3,36.6,49.5,57,talonflame:877;togekiss:837;crustle:820;articuno:811;drifblim:521,corviknight:296;cradily:381;forretress:386;wigglytuff:410;altaria:474
archeops,Archeops,64.2,160.6,81.9,106,1395,WING_ATTACK,ANCIENT_POWER,CRUNCH,55.5,34.8,65.5,23.1,noctowl:768;gourgeist_super:712;altaria:641;talonflame:641;pidgeot:636,wigglytuff:199;togekiss:221;corviknight:316;cradily:340;forretress:460
blissey,Blissey,64.2,81,111.2,307,2769,ZEN_HEADBUTT,WILD_CHARGE,DAZZLING_GLEAM,50.9,33.1,74.5,48.5,mantine:628;drifblim:578;pelipper:573;scyther:553;gyarados:537,forretress:234;cradily:291;altaria:315;corviknight:390;wigglytuff:414
grovyle_shadow,Grovyle (Shadow),64.2,136.3,103.2,117,1647,BULLET_SEED,LEAF_BLADE,AERIAL_ACE,57.7,33.2,64.3,28,quagsire_shadow:893;marowak_shadow:764;stunfisk_galarian:628;piloswine:572;dunsparce:508,forretress:42;corviknight:140;altaria:217;cradily:312;wigglytuff:363
rhyhorn,Rhyhorn,64.2,112.5,111,159,1987,MUD_SLAP,BULLDOZE,STOMP,63.9,39.5,61.1,54.4,weezing_galarian_shadow:701;lickilicky:616;swalot:578;drapion_shadow:553;clodsire:512,corviknight:236;cradily:239;altaria:329;forretress:359;wigglytuff:385
stufful_shadow,Stufful (Shadow),64.2,124.8,92.1,156,1795,TACKLE,SUPER_POWER,STOMP,58.4,51.6,68.1,34.9,lickilicky:689;dunsparce:653;diggersby:631;forretress_shadow:608;forretress:541,cradily:190;corviknight:196;wigglytuff:226;togekiss:278;altaria:286
arbok_shadow,Arbok (Shadow),64.1,123.7,120.1,122,1814,ACID,DARK_PULSE,SLUDGE_WAVE,51.7,35.4,68.1,31.3,wigglytuff:700;weezing_galarian_shadow:639;lanturn:627;victreebel:606;cradily:508,corviknight:123;piloswine:165;altaria:239;forretress:316;togekiss:395
stoutland,Stoutland,64.1,123.8,116.2,125,1799,SAND_ATTACK,WILD_CHARGE,CRUNCH,56.3,36.6,65,34.9,talonflame:724;drapion_shadow:644;weezing_galarian_shadow:644;pidgeot_shadow:604;drifblim:528,altaria:97;wigglytuff:190;forretress:222;cradily:270;corviknight:430
zoroark,Zoroark,64.1,157.3,87.9,103,1425,SHADOW_CLAW,FOUL_PLAY,SLUDGE_BOMB,60.7,40.1,65,17.9,drifblim:825;gourgeist_super:645;gliscor_shadow:640;piloswine_shadow:606;talonflame:567,wigglytuff:56;forretress:140;cradily:350;corviknight:410;altaria:413
porygon2,Porygon2,63.9,122.1,117.9,127,1830,LOCK_ON,TRI_ATTACK,ZAP_CANNON,55.3,58,70.7,30.6,piloswine:539;drifblim:539;corviknight:535;charjabug:503;articuno:503,togekiss:91;altaria:97;forretress:113;cradily:190;wigglytuff:322
tranquill,Tranquill,63.9,123.9,102.2,143,1812,AIR_SLASH,HEAT_WAVE,AERIAL_ACE,56.4,35.8,66.2,41,araquanid:786;forretress:629;araquanid_shadow:601;forretress_shadow:580;gourgeist_super:573,cradily:194;altaria:199;wigglytuff:244;togekiss:278;corviknight:436
dwebble,Dwebble,63.8,111.7,120.1,127,1706,SMACK_DOWN,X_SCISSOR,ROCK_TOMB,57.4,38.7,64.3,44.8,charizard_shadow:877;talonflame:807;articuno:779;togekiss:547;noctowl:519,cradily:225;wigglytuff:271;forretress:277;corviknight:296;altaria:322
herdier,Herdier,63.7,118.8,111.6,142,1885,SAND_ATTACK,DIG,THUNDERBOLT,55,40.9,69.8,34.6,clodsire:598;drapion_shadow:580;weezing_galarian_shadow:580;drifblim:552;swalot:510,altaria:275;cradily:291;wigglytuff:345;forretress:371;corviknight:403
houndoom,Houndoom,63.7,139.5,97.3,118,1603,SNARL,FOUL_PLAY,FLAMETHROWER,58.7,32.9,60,22.1,gourgeist_super:826;piloswine:627;scizor_shadow:593;forretress:525;corviknight:525,togekiss:95;cradily:256;altaria:289;lickilicky:321;wigglytuff:394
groudon_shadow,Groudon (Shadow),63.6,133.9,116.5,104,1623,MUD_SHOT,PRECIPICE_BLADES,FIRE_PUNCH,65.7,49.1,71.6,21.2,clodsire:879;stunfisk_galarian:682;forretress:605;charjabug:562;scizor_shadow:543,altaria:141;wigglytuff:271;togekiss:300;corviknight:340;cradily:451
houndoom_shadow,Houndoom (Shadow),63.5,139.5,97.3,118,1603,SNARL,FOUL_PLAY,FLAMETHROWER,53.5,33.8,58.8,15.5,gourgeist_super:792;articuno:741;steelix_shadow:563;piloswine:546;scizor_shadow:521,corviknight:136;forretress:140;wigglytuff:255;cradily:302;altaria:351
dugtrio_alolan_shadow,Dugtrio (Alolan) (Shadow),63.4,148.1,112.9,90,1506,MUD_SLAP,MUD_BOMB,IRON_HEAD,60.5,29.9,50.2,43.1,clodsire:777;scizor_shadow:661;wigglytuff:594;forretress:544;stunfisk_galarian:544,altaria:119;togekiss:156;corviknight:190;cradily:319;lickilicky:368
oricorio_baile,Oricorio (Baile),63.4,130.8,102,128,1710,AIR_SLASH,AIR_CUTTER,AERIAL_ACE,60.2,40.9,60,37.9,gourgeist_super:765;talonflame:761;forretress_shadow:664;pangoro:605;scizor_shadow:507,corviknight:260;cradily:281;altaria:318;forretress:445;wigglytuff:477
exeggutor_alolan,Exeggutor (Alolan),63.3,134.4,94.8,131,1670,DRAGON_TAIL,SEED_BOMB,DRACO_METEOR,62,39.2,59.2,35.8,marowak_shadow:782;diggersby:645;lickilicky:629;dunsparce:606;quagsire_shadow:530,wigglytuff:76;forretress:136;cradily:302;altaria:347;corviknight:406
phanpy_shadow,Phanpy (Shadow),63.3,102.5,94.9,186,1811,TACKLE,ROCK_SLIDE,BODY_SLAM,54.7,42.5,63.6,31.8,toxtricity:715;charjabug:685;zapdos_shadow:591;emolga:553;dunsparce:508,cradily:149;altaria:199;forretress:214;wigglytuff:367;corviknight:383
swanna,Swanna,63.3,128.5,101,134,1742,AIR_SLASH,FLY,ICE_BEAM,51.6,30.9,67.8,36.3,araquanid:772;gastrodon:697;araquanid_shadow:604;forretress_shadow:552;diggersby:533,altaria:177;cradily:208;wigglytuff:244;corviknight:316;forretress:496
bayleef_shadow,Bayleef (Shadow),63.2,105.5,141.5,142,2122,MAGICAL_LEAF,ANCIENT_POWER,ENERGY_BALL,56,29.9,62.4,43.8,quagsire_shadow:940;marowak_shadow:633;diggersby:605;stunfisk_galarian:566;furret:531,altaria:90;forretress:109;corviknight:240;cradily:243;wigglytuff:383
braviary,Braviary,63.1,133.7,92.9,135,1678,AIR_SLASH,FLY,CLOSE_COMBAT,53.7,32.6,66.4,31.8,gastrodon:666;roserade:607;forretress:603;forretress_shadow:548;lickilicky:514,corviknight:186;altaria:206;cradily:208;togekiss:247;wigglytuff:264
ivysaur_shadow,Ivysaur (Shadow),63.1,119.8,121.3,129,1877,VINE_WHIP,POWER_WHIP,SLUDGE_BOMB,54.8,33.4,64.8,33,wigglytuff:717;quagsire_shadow:717;weezing_galarian_shadow:662;diggersby:577;furret:527,corviknight:90;altaria:97;togekiss:134;forretress:214;cradily:395
yanmega,Yanmega,63,136.8,96,125,1643,WING_ATTACK,AERIAL_ACE,ANCIENT_POWER,53.4,37.7,62.3,27.1,pangoro:644;araquanid_shadow:576;gastrodon:568;articuno:564;forretress_shadow:560,corviknight:280;cradily:298;wigglytuff:383;altaria:384;forretress:414
pineco,Pineco,62.9,103.3,115.1,127,1511,BUG_BITE,ROCK_TOMB,SAND_TOMB,59.9,42.2,53.1,47.8,zweilous_shadow:759;abomasnow_shadow:736;hydreigon_shadow:712;guzzlord:578;abomasnow:551,corviknight:163;altaria:192;wigglytuff:291;forretress:324;cradily:375
exeggutor_shadow,Exeggutor (Shadow),62.7,136.1,92.5,131,1650,CONFUSION,SEED_BOMB,PSYCHIC,61.5,36.6,58.1,35.3,weezing_galarian_shadow:835;stunfisk:709;clodsire:675;gastrodon:549;wigglytuff:507,forretress:70;corviknight:273;togekiss:373;altaria:376;cradily:423
oricorio_sensu,Oricorio (Sensu),62.7,130.8,102,128,1710,AIR_SLASH,AIR_CUTTER,AERIAL_ACE,58.6,38.9,56.4,37.7,forretress_shadow:703;gourgeist_super:640;talonflame:625;pangoro:582;gastrodon:535,corviknight:136;cradily:281;altaria:318;forretress:445;wigglytuff:448
phanpy,Phanpy,62.7,102.5,94.9,186,1811,TACKLE,ROCK_SLIDE,BODY_SLAM,59.5,44.8,61.4,37.5,charjabug:701;togedemaru:672;toxtricity:672;vespiquen:620;togekiss:567,corviknight:246;cradily:263;forretress:269;wigglytuff:347;altaria:478
gloom_shadow,Gloom (Shadow),62.6,121.3,115.9,131,1844,ACID,SLUDGE_BOMB,MOONBLAST,52.1,34.8,62.8,31.6,wigglytuff:721;weezing_galarian_shadow:656;lickilicky:645;dunsparce:606;charjabug:557,corviknight:133;forretress:203;altaria:239;cradily:395;togekiss:395
trapinch_shadow,Trapinch (Shadow),62.6,148.7,78.1,120,1395,SAND_ATTACK,SAND_TOMB,CRUNCH,54.3,46.7,53.5,34.4,stunfisk:912;clodsire:820;stunfisk_galarian:812;steelix_shadow:812;swalot:600,corviknight:150;altaria:289;forretress:335;cradily:350;wigglytuff:360
krokorok,Krokorok,62.5,134,87.9,142,1674,MUD_SLAP,CRUNCH,EARTHQUAKE,56,34.3,59.3,44.8,dunsparce:637;drapion_shadow:545;clodsire:521;stunfisk_galarian:510;lickilicky:503,altaria:90;forretress:218;wigglytuff:246;cradily:256;corviknight:373
cinccino,Cinccino,62.4,134.9,96.1,128,1661,CHARM,AQUA_TAIL,THUNDERBOLT,57.7,47.7,56.4,39.1,guzzlord:820;zweilous_shadow:792;drifblim:675;moltres_galarian:589;dunsparce:558,corviknight:163;cradily:256;forretress:312;altaria:380;wigglytuff:468
tranquill_shadow,Tranquill (Shadow),62.4,123.9,102.2,143,1812,AIR_SLASH,HEAT_WAVE,SKY_ATTACK,57.4,36,62.6,36.5,gastrodon:653;drifblim:583;forretress:580;gourgeist_super:552;forretress_shadow:503,altaria:206;cradily:225;togekiss:278;wigglytuff:284;corviknight:483
yanma,Yanma,62.4,130.8,89.6,146,1713,WING_ATTACK,AERIAL_ACE,SILVER_WIND,57.3,43.8,57.8,28.5,pangoro:681;gastrodon:613;araquanid_shadow:609;dartrix:544;gourgeist_super:534,corviknight:243;altaria:326;cradily:343;wigglytuff:369;forretress:406
dolliv,Dolliv,62.2,118.4,122.6,130,1890,MAGICAL_LEAF,EARTH_POWER,TRAILBLAZE,59.4,29.7,53.8,51.4,quagsire_shadow:919;stunfisk_galarian:723;wigglytuff:650;diggersby:607;lickilicky:542,forretress:89;altaria:144;corviknight:256;togekiss:286;cradily:336
jolteon,Jolteon,62.2,137.4,114.7,103,1624,THUNDER_SHOCK,DISCHARGE,LAST_RESORT,56,34.1,60.9,29.2,togekiss:820;scizor_shadow:776;talonflame:747;moltres_galarian:689;drifblim:592,cradily:163;altaria:275;forretress:316;wigglytuff:354;corviknight:486
purugly,Purugly,62,125.5,105.5,134,1775,SHADOW_CLAW,AERIAL_ACE,THUNDER,55.1,46.5,64,30.1,drifblim:727;togetic:611;sableye:611;gourgeist_super:597;corviknight:514,togekiss:178;wigglytuff:235;cradily:288;altaria:297;forretress:339
tsareena,Tsareena,62,130.4,120.6,109,1715,MAGICAL_LEAF,TRIPLE_AXEL,HIGH_JUMP_KICK,57.6,30.6,55.2,38.2,quagsire_shadow:922;stunfisk_galarian:665;lickilicky:655;wigglytuff:582;diggersby:527,forretress:85;corviknight:123;togekiss:191;cradily:246;altaria:409
teddiursa,Teddiursa,61.7,131.5,90.4,142,1690,LICK,SWIFT,CROSS_CHOP,56,49.9,59.2,29,celesteela:644;articuno_shadow:637;pawniard:524;drifblim:514;gourgeist_super:503,wigglytuff:291;corviknight:310;altaria:322;cradily:333;forretress:343
vileplume,Vileplume,61.6,128.8,112.7,120,1743,ACID,SLUDGE_BOMB,PETAL_BLIZZARD,53,32.9,62.6,28.3,wigglytuff:733;stunfisk:687;weezing_galarian_shadow:658;charjabug:604;dunsparce:583,corviknight:90;forretress:191;altaria:192;togekiss:352;cradily:375
stunky_shadow,Stunky (Shadow),61.3,114.2,88.2,147,1482,BITE,CRUNCH,TRAILBLAZE,65,50,41.1,50.7,drifblim:853;gourgeist_super:710;dodrio:656;salamence_shadow:649;scizor_shadow:554,wigglytuff:262;altaria:297;forretress:335;corviknight:343;cradily:409
raticate,Raticate,61,125.9,116,122,1783,QUICK_ATTACK,HYPER_FANG,DIG,52.5,42.9,65.4,25.2,weezing_galarian:647;drapion:647;quagsire_shadow:643;drapion_shadow:618;weezing_galarian_shadow:618,altaria:192;cradily:246;corviknight:270;forretress:312;wigglytuff:441
silicobra,Silicobra,61,99.1,115.9,131,1506,MUD_SLAP,WRAP,EARTH_POWER,57.4,39.3,52.4,45.2,clodsire:759;steelix_shadow:713;charjabug:667;swalot:561;stunfisk_galarian:534,altaria:192;cradily:194;corviknight:253;wigglytuff:271;forretress:320
skorupi_shadow,Skorupi (Shadow),60.9,90.7,139.4,113,1430,POISON_STING,AQUA_TAIL,CROSS_POISON,54.5,51.2,55.7,35.1,wigglytuff:747;scyther:606;victreebel:579;togetic:561;abomasnow:517,corviknight:183;cradily:194;altaria:235;forretress:269;togekiss:434
exeggutor_alolan_shadow,Exeggutor (Alolan) (Shadow),60.8,134.4,94.8,131,1670,DRAGON_TAIL,SEED_BOMB,DRACO_METEOR,60.5,37.2,55.2,32,gastrodon:782;marowak_shadow:755;steelix_shadow:610;diggersby:564;dunsparce:534,wigglytuff:69;forretress:121;corviknight:233;cradily:371;altaria:416
snover,Snover,60.8,109.2,100.8,142,1564,POWDER_SNOW,ICE_BEAM,ENERGY_BALL,50.9,31.1,62.8,34.1,salamence_shadow:827;stunfisk:792;gastrodon:630;gliscor:605;lanturn:591,forretress:132;wigglytuff:221;cradily:253;corviknight:386;altaria:427
exeggutor,Exeggutor,60.7,136.1,92.5,131,1650,CONFUSION,SEED_BOMB,PSYCHIC,58.6,35.2,55.7,35.6,stunfisk:721;gastrodon:641;dunsparce:576;quagsire_shadow:511;weezing_galarian_shadow:507,forretress:97;corviknight:183;altaria:322;cradily:361;wigglytuff:486
persian,Persian,60.7,118.6,116.3,137,1890,FEINT_ATTACK,NIGHT_SLASH,POWER_GEM,51.7,35.5,64.8,38.6,drifblim:740;sableye_shadow:613;gourgeist_super:602;gourgeist_large:602;charjabug:529,wigglytuff:127;altaria:206;forretress:343;cradily:347;corviknight:400
purugly_shadow,Purugly (Shadow),60.7,125.5,105.5,134,1775,SHADOW_CLAW,AERIAL_ACE,THUNDER,49.5,42.5,63.3,23.3,drifblim:697;articuno_shadow:593;togetic:570;dartrix:544;gourgeist_super:514,wigglytuff:293;corviknight:300;cradily:309;altaria:318;forretress:417
cubone_shadow,Cubone (Shadow),60.6,88.2,133.6,127,1497,MUD_SLAP,BONE_CLUB,DIG,59,31.1,54.3,46.2,clodsire:748;weezing_galarian_shadow:657;drapion_shadow:590;swalot:551;stunfisk_galarian:531,altaria:134;corviknight:226;cradily:277;wigglytuff:372;forretress:375
nuzleaf_shadow,Nuzleaf (Shadow),60.6,125.2,78.1,157,1536,FEINT_ATTACK,LEAF_BLADE,FOUL_PLAY,53,31.7,57.8,29.4,lanturn:757;stunfisk:697;furret:544;marowak_shadow:541;gastrodon:541,wigglytuff:109;forretress:117;altaria:239;cradily:395;corviknight:480
ribombee,Ribombee,60.6,136.2,105.9,114,1645,FAIRY_WIND,DAZZLING_GLEAM,BUG_BUZZ,46.2,27.4,66.4,21.6,hydreigon_shadow:846;moltres_galarian:710;gastrodon:614;cradily:596;furret:578,togekiss:178;altaria:239;corviknight:296;forretress:300;wigglytuff:461
rotom_fan,Rotom (Fan),60.6,128.8,144.9,93,1737,ASTONISH,THUNDERBOLT,OMINOUS_WIND,55.5,33.8,59,33,corviknight:741;gliscor:602;forretress:580;togekiss:537;scizor_shadow:510,lickilicky:115;wigglytuff:123;cradily:225;piloswine:253;altaria:322
tentacool,Tentacool,60.6,94.1,137.8,113,1466,POISON_STING,WATER_PULSE,WRAP,55.3,46.1,59.8,43.1,charizard_shadow:681;charizard:676;wigglytuff:570;weezing_galarian_shadow:544;abomasnow:526,corviknight:200;togekiss:326;altaria:365;cradily:385;forretress:390
trapinch,Trapinch,60.6,148.7,78.1,120,1395,SAND_ATTACK,SAND_TOMB,CRUNCH,56.8,47.4,49.3,38.6,steelix_shadow:829;togedemaru:795;toxtricity:787;stunfisk:595;dunsparce:537,altaria:257;forretress:308;cradily:312;corviknight:336;wigglytuff:347
persian_alolan,Persian (Alolan),60.5,122.4,112.5,133,1833,FEINT_ATTACK,FOUL_PLAY,PLAY_ROUGH,50.8,31.6,65.2,37.5,swoobat:808;drifblim:665;sableye_shadow:646;sableye:642;gourgeist_super:545,wigglytuff:125;forretress:191;altaria:192;cradily:388;corviknight:430
pineco_shadow,Pineco (Shadow),60.5,103.3,115.1,127,1511,BUG_BITE,ROCK_TOMB,SAND_TOMB,59.7,40,48.1,45.2,hydreigon_shadow:759;zweilous:759;abomasnow:736;guzzlord:712;zweilous_shadow:712,altaria:192;corviknight:196;wigglytuff:253;forretress:351;cradily:461
luxray_shadow,Luxray (Shadow),60.4,138,98.9,119,1626,SNARL,WILD_CHARGE,PSYCHIC_FANGS,62.5,51.1,61.2,20.9,altaria:718;lickilicky:613;corviknight:609;wigglytuff:554;forretress:504,togekiss:95;quagsire_shadow:242;stunfisk_galarian:255;piloswine:272;cradily:340
varoom,Varoom,60.4,115.9,102.5,120,1427,METAL_SOUND,GYRO_BALL,GUNK_SHOT,52.4,27.4,62.8,39.3,wigglytuff:808;cradily:779;piloswine:625;togekiss:529;crustle:516,corviknight:123;stunfisk_galarian:220;forretress:230;altaria:318;lickilicky:496
ambipom_shadow,Ambipom (Shadow),60.3,133.8,100.5,124,1670,ASTONISH,AERIAL_ACE,LOW_SWEEP,56,44.2,51.8,27.3,kartana:705;swoobat:689;drifblim:657;articuno_shadow:568;talonflame:532,forretress:250;wigglytuff:253;altaria:264;corviknight:376;cradily:378
garbodor_shadow,Garbodor (Shadow),60.3,121,115.9,132,1853,INFESTATION,BODY_SLAM,SEED_BOMB,54.5,42.7,57.6,30.6,tyranitar:746;samurott_hisuian:632;zangoose:606;malamar_shadow:564;gastrodon:545,corviknight:140;forretress:199;altaria:217;wigglytuff:412;cradily:454
noivern,Noivern,60.3,125.4,113.5,126,1794,AIR_SLASH,HEAT_WAVE,HURRICANE,53,30.6,62.9,38.2,araquanid:674;forretress:658;gastrodon:650;forretress_shadow:575;diggersby:511,altaria:177;cradily:208;wigglytuff:208;togekiss:247;corviknight:436
floragato,Floragato,60.2,124.4,110.5,131,1803,LEAFAGE,GRASS_KNOT,PLAY_ROUGH,50.8,27.4,58.5,36.5,quagsire_shadow:919;diggersby:603;steelix_shadow:568;marowak_shadow:557;furret:549,altaria:97;forretress:97;corviknight:186;cradily:381;wigglytuff:466
persian_shadow,Persian (Shadow),60.2,118.6,116.3,137,1890,FEINT_ATTACK,NIGHT_SLASH,POWER_GEM,50.3,38.6,61.2,30.8,drifblim:733;sableye:613;togetic:587;gourgeist_super:576;noctowl:507,wigglytuff:159;cradily:184;altaria:289;forretress:332;corviknight:356
lilligant_hisuian,Lilligant (Hisuian),60,133.4,107.7,117,1683,BULLET_SEED,UPPER_HAND,PETAL_BLIZZARD,52.1,28,58.8,33.9,quagsire_shadow:764;stunfisk_galarian:658;marowak_shadow:615;lickilicky:594;diggersby:534,wigglytuff:107;altaria:170;corviknight:243;forretress:273;cradily:336
manectric_shadow,Manectric (Shadow),60,142.4,91.3,121,1574,SNARL,WILD_CHARGE,PSYCHIC_FANGS,60.2,44.5,64.3,19.3,altaria:632;corviknight:607;lickilicky:574;wigglytuff:533;forretress:512,togekiss:95;stunfisk_galarian:180;cradily:239;quagsire_shadow:248;piloswine:275
tentacool_shadow,Tentacool (Shadow),60,94.1,137.8,113,1466,POISON_STING,WATER_PULSE,WRAP,51.1,47,58,36,talonflame:800;piloswine_shadow:800;mamoswine:800;charizard:681;charizard_shadow:646,corviknight:156;forretress:246;cradily:312;altaria:376;wigglytuff:461
wormadam_plant,Wormadam (Plant),60,110,144.8,128,2040,SUCKER_PUNCH,ENERGY_BALL,BUG_BUZZ,52.1,32.9,63.3,41.7,gastrodon:769;quagsire_shadow:562;marowak_shadow:562;drifblim:546;steelix_shadow:527,wigglytuff:170;altaria:192;cradily:208;forretress:222;corviknight:236
nuzleaf,Nuzleaf,59.8,125.2,78.1,157,1536,FEINT_ATTACK,LEAF_BLADE,FOUL_PLAY,54.5,34,55.7,30.8,quagsire_shadow:745;marowak_shadow:595;steelix_shadow:573;drifblim:538;gourgeist_super:503,wigglytuff:112;forretress:121;altaria:192;cradily:326;corviknight:400
snover_shadow,Snover (Shadow),59.8,109.2,100.8,142,1564,POWDER_SNOW,ICE_BEAM,ENERGY_BALL,54.2,31.2,58.5,35.6,altaria:732;stunfisk:721;gliscor:658;steelix_shadow:609;gastrodon:556,forretress:121;corviknight:220;wigglytuff:284;cradily:298;togekiss:352
cubone,Cubone,59.7,88.2,133.6,127,1497,MUD_SLAP,BONE_CLUB,RETURN,57.4,28.3,58.3,50.2,drapion_shadow:637;clodsire:618;stunfisk_galarian:602;swalot:582;scizor_shadow:559,altaria:134;corviknight:213;wigglytuff:298;forretress:320;cradily:371
porygon_shadow,Porygon (Shadow),59.6,120,115.4,135,1870,TACKLE,DISCHARGE,SIGNAL_BEAM,52.9,43.9,57.3,35.3,linoone:640;lickitung:629;dunsparce:600;togetic:596;golbat:544,corviknight:183;cradily:190;altaria:286;forretress:355;wigglytuff:459
weepinbell_shadow,Weepinbell (Shadow),59.5,139.3,82.6,140,1613,ACID,POWER_WHIP,SLUDGE_BOMB,45.4,27.7,58.8,27.1,lanturn:707;wigglytuff:642;stunfisk:600;noctowl:532;dunsparce:510,corviknight:93;forretress:144;altaria:286;togekiss:395;cradily:486
oricorio_pau,Oricorio (Pa'u),59.4,130.8,102,128,1710,AIR_SLASH,AIR_CUTTER,AERIAL_ACE,56.4,37.5,52.6,30.6,gourgeist_super:640;talonflame:625;pangoro:582;togekiss:554;gastrodon:535,corviknight:136;cradily:281;altaria:318;forretress:417;wigglytuff:448
rotom_mow,Rotom (Mow),59.4,128.8,144.9,93,1737,THUNDER_SHOCK,OMINOUS_WIND,LEAF_STORM,58.1,39.2,59.7,29.7,lickilicky:629;diggersby:591;gliscor:586;scizor_shadow:553;furret:510,forretress:222;altaria:224;cradily:347;corviknight:463;wigglytuff:497
raticate_shadow,Raticate (Shadow),59.3,125.9,116,122,1783,QUICK_ATTACK,HYPER_FANG,DIG,46.1,35.7,61.6,19.3,lanturn:627;weezing_galarian:618;moltres_galarian:569;dunsparce:536;wigglytuff:516,corviknight:123;altaria:192;togekiss:221;cradily:277;forretress:343
carnivine,Carnivine,59.2,130.1,101.8,130,1724,VINE_WHIP,POWER_WHIP,CRUNCH,52.5,31.7,58.6,32,quagsire_shadow:780;gastrodon:657;marowak_shadow:646;diggersby:600;steelix_shadow:553,forretress:89;altaria:231;corviknight:250;cradily:336;wigglytuff:441
luxio,Luxio,59.1,133.2,91,139,1687,SPARK,WILD_CHARGE,CRUNCH,48.7,27.3,60.9,25,moltres_galarian:622;noctowl:586;wigglytuff:575;togekiss:568;articuno:528,piloswine:100;cradily:239;corviknight:283;altaria:442;forretress:488
plusle,Plusle,59.1,128.2,107.2,127,1746,QUICK_ATTACK,THUNDERBOLT,GRASS_KNOT,40,37.2,70.7,19.3,pidgeot:748;noctowl:590;emolga:590;togekiss:551;gliscor_shadow:543,corviknight:83;forretress:113;altaria:155;cradily:256;wigglytuff:401
rotom_frost,Rotom (Frost),59.1,128.8,144.9,93,1737,THUNDER_SHOCK,THUNDERBOLT,BLIZZARD,39.9,22.4,64.3,19.1,articuno:677;gliscor:580;steelix_shadow:564;swalot:559;charjabug:548,cradily:93;corviknight:203;altaria:362;forretress:402;wigglytuff:446
mothim,Mothim,59,140,82.9,138,1603,BUG_BITE,AERIAL_ACE,BUG_BUZZ,57.1,35.2,50.2,41.9,hydreigon_shadow:778;zweilous:735;gastrodon:576;guzzlord:528;forretress_shadow:510,altaria:192;corviknight:196;forretress:246;wigglytuff:253;cradily:430
porygon2_shadow,Porygon2 (Shadow),59,122.1,117.9,127,1830,LOCK_ON,TRI_ATTACK,ZAP_CANNON,52.5,54.9,67.4,19.5,noctowl:740;drifblim:712;dunsparce:598;moltres_galarian:586;wigglytuff:570,corviknight:86;togekiss:91;altaria:97;cradily:270;forretress:496
garbodor,Garbodor,58.9,121,115.9,132,1853,INFESTATION,BODY_SLAM,SEED_BOMB,55.3,39.8,56.6,33.9,tyranitar_shadow:746;victreebel:632;samurott_hisuian:613;victreebel_shadow:549;quagsire_shadow:522,altaria:166;corviknight:210;forretress:281;wigglytuff:369;cradily:381
sigilyph,Sigilyph,58.9,130,112.1,118,1721,AIR_SLASH,AIR_CUTTER,ANCIENT_POWER,55.1,36.1,53.3,30.1,dartrix:648;gourgeist_super:639;talonflame:635;pangoro:576;togekiss:529,corviknight:210;cradily:281;altaria:318;forretress:375;wigglytuff:417
skorupi,Skorupi,58.8,90.7,139.4,113,1430,POISON_STING,AQUA_TAIL,CROSS_POISON,55,45.6,51.8,37,togetic:615;abomasnow:606;wigglytuff:570;pangoro:535;abomasnow_shadow:517,altaria:177;corviknight:213;forretress:238;cradily:333;togekiss:356
flaaffy,Flaaffy,58.7,121.5,100.4,151,1844,CHARGE_BEAM,DISCHARGE,TRAILBLAZE,52.2,38.7,57.4,36.7,pidgeot_shadow:748;talonflame:745;togekiss:622;noctowl:599;scizor_shadow:503,altaria:275;forretress:285;wigglytuff:304;cradily:333;corviknight:376
rotom_wash,Rotom (Wash),58.7,128.8,144.9,93,1737,THUNDER_SHOCK,THUNDERBOLT,HYDRO_PUMP,41,23.5,64.7,22.1,noctowl:854;articuno:677;moltres_galarian:645;gliscor:580;togekiss:559,cradily:93;corviknight:203;altaria:394;forretress:402;wigglytuff:446
whirlipede_shadow,Whirlipede (Shadow),58.6,96.6,157.9,113,1725,POISON_STING,SLUDGE_BOMB,GYRO_BALL,48.2,32.5,59.8,29.7,wigglytuff:783;weezing_galarian_shadow:676;abomasnow:566;pangoro:526;cradily:513,piloswine:120;forretress:164;corviknight:186;togekiss:221;altaria:307
masquerain,Masquerain,58.4,129.5,109.1,122,1725,AIR_SLASH,AIR_CUTTER,LUNGE,55.8,38,52.3,31.1,pangoro:700;gastrodon:647;gourgeist_super:561;dartrix:561;guzzlord:512,cradily:208;corviknight:226;altaria:286;wigglytuff:372;forretress:402
stantler,Stantler,58.4,132.1,99.4,129,1695,TACKLE,WILD_CHARGE,STOMP,48.3,41.6,60.5,31.1,linoone:693;mandibuzz:674;dudunsparce:589;togetic:581;sableye_shadow:546,corviknight:183;cradily:190;forretress:222;altaria:286;wigglytuff:316
exeggcute,Exeggcute,58.2,102.5,117.6,142,1713,CONFUSION,SEED_BOMB,ANCIENT_POWER,56.1,33.7,54.5,41.5,quagsire_shadow:802;stunfisk:707;gastrodon:704;marowak_shadow:612;togekiss:507,forretress:97;altaria:199;corviknight:293;cradily:305;wigglytuff:360
koffing,Koffing,57.8,112.6,131,113,1668,INFESTATION,SLUDGE,DARK_PULSE,48.8,35.4,59.3,30.8,jumpluff_shadow:676;wigglytuff:561;abomasnow:539;charjabug:517;abomasnow_shadow:504,corviknight:63;togekiss:65;forretress:234;altaria:373;cradily:451
vileplume_shadow,Vileplume (Shadow),57.8,128.8,112.7,120,1743,ACID,SLUDGE_BOMB,MOONBLAST,45.1,28.2,56.7,28.5,wigglytuff:695;noctowl:616;moltres_galarian:562;dunsparce:529;charjabug:512,forretress:105;corviknight:123;altaria:239;cradily:253;togekiss:478
exeggcute_shadow,Exeggcute (Shadow),57.7,102.5,117.6,142,1713,CONFUSION,SEED_BOMB,ANCIENT_POWER,56.9,31.6,52.3,38.2,quagsire_shadow:781;gastrodon:651;stunfisk:605;swalot:577;marowak_shadow:538,forretress:85;corviknight:163;altaria:293;cradily:319;wigglytuff:441
whirlipede,Whirlipede,57.7,96.6,157.9,113,1725,POISON_STING,SLUDGE_BOMB,GYRO_BALL,48.5,33.8,59.7,36,abomasnow:646;wigglytuff:610;weezing_galarian_shadow:588;abomasnow_shadow:566;pangoro:553,corviknight:143;forretress:148;togekiss:178;altaria:235;cradily:444
stantler_shadow,Stantler (Shadow),57.6,133.5,98.4,128,1684,TACKLE,WILD_CHARGE,STOMP,50.1,39.3,53.1,28.5,lanturn:644;drifblim:617;mandibuzz:597;swalot:562;dunsparce:523,corviknight:170;cradily:190;forretress:191;altaria:286;wigglytuff:304
grotle_shadow,Grotle (Shadow),57.5,117.8,114.8,141,1908,RAZOR_LEAF,BODY_SLAM,ENERGY_BALL,57.7,29.7,50,52.3,quagsire_shadow:943;marowak_shadow:826;piloswine:677;diggersby:588;steelix_shadow:546,forretress:132;corviknight:143;altaria:144;cradily:343;wigglytuff:441
simisage,Simisage,57.5,135.9,95.8,126,1642,VINE_WHIP,GRASS_KNOT,CRUNCH,48.5,30,57.1,27.8,quagsire_shadow:738;stunfisk:730;gastrodon:630;marowak_shadow:595;diggersby:571,forretress:82;altaria:239;corviknight:256;cradily:361;wigglytuff:459
eldegoss,Eldegoss,57.4,108.4,160.4,119,2070,BULLET_SEED,GRASS_KNOT,ENERGY_BALL,48.2,25.1,58.6,45.7,quagsire_shadow:798;steelix_shadow:663;marowak_shadow:659;stunfisk_galarian:647;dunsparce:588,altaria:141;corviknight:153;forretress:156;cradily:253;wigglytuff:349
rillaboom,Rillaboom,57.4,132.4,99.3,129,1696,RAZOR_LEAF,DRUM_BEATING,FRENZY_PLANT,57.4,29.4,47.3,48.5,quagsire_shadow:949;marowak_shadow:786;steelix_shadow:585;diggersby:573;stunfisk_galarian:562,forretress:125;altaria:144;corviknight:163;cradily:298;wigglytuff:410
unfezant,Unfezant,57.4,138.5,95.5,122,1616,AIR_SLASH,SKY_ATTACK,HEAT_WAVE,51.6,31.7,56.6,30.6,gastrodon:655;wormadam_trash:627;roserade:573;forretress:561;gourgeist_super:516,altaria:206;cradily:208;togekiss:247;wigglytuff:264;corviknight:463
beautifly,Beautifly,57.3,144.7,83.9,127,1543,INFESTATION,AIR_CUTTER,SILVER_WIND,56.1,39.2,52.1,22.4,hydreigon:712;gastrodon:685;pangoro:653;hydreigon_shadow:641;guzzlord:531,altaria:213;corviknight:260;wigglytuff:262;forretress:382;cradily:430
chinchou,Chinchou,57.1,101.6,94.1,164,1569,BUBBLE,WATER_PULSE,THUNDERBOLT,44.1,25.1,66,26.1,gliscor:631;togekiss:603;piloswine:557;stunfisk:545;talonflame:509,cradily:145;corviknight:153;forretress:179;wigglytuff:183;altaria:315
arboliva,Arboliva,56.9,129.2,116.6,115,1734,MAGICAL_LEAF,EARTH_POWER,TRAILBLAZE,55,29.6,45.4,39.6,quagsire_shadow:926;stunfisk_galarian:678;wigglytuff:565;diggersby:543;marowak_shadow:513,forretress:85;altaria:159;corviknight:270;togekiss:330;cradily:375
eelektross,Eelektross,56.8,133.8,99.7,126,1682,VOLT_SWITCH,DRAGON_CLAW,THUNDERBOLT,47.5,30.5,59.8,33.2,pidgeot_shadow:714;charizard_shadow:694;moltres_galarian:583;togekiss:579;noctowl:567,cradily:138;altaria:257;wigglytuff:271;forretress:304;corviknight:363
flaaffy_shadow,Flaaffy (Shadow),56.7,121.5,100.4,151,1844,CHARGE_BEAM,DISCHARGE,TRAILBLAZE,49.6,31.4,55.2,30.6,talonflame:692;moltres_galarian:639;drifblim:572;togekiss:539;noctowl:513,cradily:211;altaria:286;forretress:316;wigglytuff:331;corviknight:446
tangela,Tangela,56.7,125.5,122.8,116,1790,VINE_WHIP,GRASS_KNOT,SLUDGE_BOMB,47.7,25.6,58.1,31.6,quagsire_shadow:780;gastrodon:702;diggersby:577;steelix_shadow:573;marowak_shadow:560,forretress:89;altaria:97;corviknight:186;cradily:340;wigglytuff:473
unfezant_shadow,Unfezant (Shadow),56.7,138.5,95.5,122,1616,AIR_SLASH,SKY_ATTACK,HEAT_WAVE,52.1,32.6,49,33.2,roserade:799;scyther_shadow:786;flamigo:709;victreebel_shadow:668;gourgeist_super:524,corviknight:163;altaria:235;cradily:256;wigglytuff:304;forretress:355
stunky,Stunky,56.5,114.2,88.2,147,1482,BITE,CRUNCH,TRAILBLAZE,56.9,40.6,44.5,49,girafarig_shadow:792;kartana:751;oranguru:659;drifblim:619;scolipede_shadow:612,wigglytuff:199;altaria:297;corviknight:313;forretress:351;cradily:375
heliolisk,Heliolisk,56.2,138.1,112.1,105,1626,VOLT_SWITCH,BREAKING_SWIPE,PARABOLIC_CHARGE,51.7,31.9,47.8,33.4,drifblim:719;noctowl:704;pidgeot_shadow:700;charizard_shadow:671;articuno:533,cradily:253;altaria:257;forretress:261;wigglytuff:271;corviknight:383
liepard_shadow,Liepard (Shadow),56.2,139.7,88.5,129,1596,SNARL,DARK_PULSE,PLAY_ROUGH,41.2,21.2,62.9,12,oranguru:802;swoobat:717;girafarig_shadow:655;drifblim:589;sableye:581,wigglytuff:56;forretress:101;cradily:340;altaria:398;corviknight:453
koffing_shadow,Koffing (Shadow),56.1,112.6,131,113,1668,INFESTATION,SLUDGE,DARK_PULSE,46.5,31.9,50.7,24.7,samurott_hisuian:676;zangoose:615;victreebel:575;cradily:530;abomasnow:504,togekiss:65;corviknight:133;altaria:268;forretress:300;wigglytuff:455
toedscool,Toedscool,56.1,94.1,137.8,113,1466,MUD_SLAP,EARTH_POWER,SEED_BOMB,53.5,25,52.4,43.6,quagsire_shadow:703;stunfisk_galarian:685;clodsire:654;drapion_shadow:619;weezing_galarian_shadow:619,altaria:90;corviknight:123;forretress:191;wigglytuff:320;cradily:440
grotle,Grotle,55.8,117.8,114.8,141,1908,RAZOR_LEAF,BODY_SLAM,ENERGY_BALL,53.5,29.3,54.3,50.7,quagsire_shadow:953;gastrodon:911;stunfisk:812;marowak_shadow:712;steelix_shadow:602,altaria:144;forretress:156;corviknight:173;cradily:298;wigglytuff:347
audino,Audino,55.7,92.6,137.8,190,2428,ZEN_HEADBUTT,BODY_SLAM,DISARMING_VOICE,48.3,35.7,58,39.8,nidoking:628;qwilfish:607;golbat_shadow:560;scolipede:552;flygon:507,corviknight:200;forretress:226;cradily:270;wigglytuff:340;altaria:413
luxio_shadow,Luxio (Shadow),55.7,133.7,90.2,139,1677,SPARK,WILD_CHARGE,CRUNCH,40.2,24.1,54.7,23.3,noctowl:809;toucannon_shadow:769;lanturn:607;moltres_galarian:528;swalot:507,cradily:138;altaria:239;forretress:257;wigglytuff:264;corviknight:323
tangela_shadow,Tangela (Shadow),55.6,125.5,122.8,116,1790,VINE_WHIP,GRASS_KNOT,SLUDGE_BOMB,45.7,23.6,54,25.9,quagsire_shadow:918;steelix_shadow:581;dunsparce:564;diggersby:534;wigglytuff:530,forretress:82;altaria:97;togekiss:134;corviknight:203;cradily:420
rayquaza,Rayquaza,55.5,147.5,89.5,115,1519,DRAGON_TAIL,BREAKING_SWIPE,DRAGON_ASCENT,54.3,32.5,43.2,26.6,lanturn:734;gastrodon:656;diggersby:604;forretress:547;forretress_shadow:530,wigglytuff:69;togekiss:126;cradily:225;altaria:322;corviknight:463
vivillon,Vivillon,55.3,131.7,86.3,149,1694,GUST,AERIAL_ACE,BUG_BUZZ,56.9,36.9,49,40.5,roserade:855;victreebel_shadow:785;pangoro:711;gastrodon:620;abomasnow_shadow:604,corviknight:190;cradily:232;altaria:242;wigglytuff:298;forretress:332
loudred_shadow,Loudred (Shadow),55.2,125.2,80.6,178,1798,BITE,STOMP,DISARMING_VOICE,57.7,41.2,39.4,46.4,swoobat:727;drifblim:710;salamence_shadow:693;scizor_shadow:603;gourgeist_super:530,corviknight:253;wigglytuff:253;cradily:284;altaria:286;forretress:332
shaymin_land,Shaymin (Land),54.8,117.8,122.2,132,1902,MAGICAL_LEAF,GRASS_KNOT,SEED_FLARE,48,22.1,56.4,37.7,quagsire_shadow:920;marowak_shadow:590;diggersby:583;furret:556;stunfisk_galarian:541,forretress:97;altaria:101;corviknight:186;cradily:208;wigglytuff:264
braviary_hisuian,Braviary (Hisuian),54.6,128.5,89.6,151,1741,AIR_SLASH,BRAVE_BIRD,FLY,45.7,28,54.9,29.4,heracross:771;decidueye_hisuian:771;gastrodon:695;flamigo:655;togekiss:516,corviknight:136;altaria:199;cradily:208;wigglytuff:244;forretress:496
boltund,Boltund,54.5,136.9,95.3,126,1645,SPARK,CRUNCH,THUNDER,43,26.1,55.9,23.1,gyarados:781;gyarados_shadow:757;noctowl:543;pidgeot:543;togekiss:535,cradily:243;corviknight:283;altaria:344;wigglytuff:352;forretress:375
eevee,Eevee,54.5,99.9,108.3,135,1463,QUICK_ATTACK,BODY_SLAM,SWIFT,50,42.2,50,31.8,absol_shadow:829;aipom:677;amoonguss_shadow:640;aipom_shadow:607;salamence_shadow:518,forretress:179;cradily:225;corviknight:243;altaria:250;wigglytuff:304
loudred,Loudred,54.5,125.2,80.6,178,1798,BITE,STOMP,DISARMING_VOICE,54.5,39,49.9,47.4,kartana:744;xatu_shadow:744;drifblim:710;girafarig_shadow:699;gourgeist_super:502,wigglytuff:190;cradily:270;forretress:332;corviknight:353;altaria:384
illumise,Illumise,54.4,111.4,136.2,133,2019,TACKLE,SILVER_WIND,DAZZLING_GLEAM,43.6,32.9,59.2,29.2,samurott_hisuian:627;gastrodon:593;pangoro:545;garchomp:530;dragonite:511,cradily:107;forretress:210;altaria:221;wigglytuff:230;corviknight:236
pupitar_shadow,Pupitar (Shadow),54.3,120.1,111.8,139,1868,BITE,ANCIENT_POWER,DIG,56.6,37.8,42.1,45.7,zapdos:723;togedemaru:715;toxtricity:679;zapdos_shadow:669;emolga:622,corviknight:253;wigglytuff:253;cradily:284;forretress:339;altaria:369
liepard,Liepard,54.2,139.7,88.5,129,1596,SNARL,DARK_PULSE,PLAY_ROUGH,44.1,22.9,60.2,13.9,oranguru:829;swoobat:775;drifblim:655;sableye_shadow:581;gourgeist_super:515,wigglytuff:69;forretress:97;cradily:288;altaria:329;corviknight:376
lombre,Lombre,54.1,106.7,112.6,142,1706,BUBBLE,SCALD,GRASS_KNOT,42.8,22.4,59.3,32.5,stunfisk_galarian:735;marowak_shadow:661;quagsire_shadow:616;diggersby:545;steelix_shadow:538,altaria:90;cradily:145;forretress:160;wigglytuff:183;corviknight:406
heliolisk_shadow,Heliolisk (Shadow),53.8,138.1,112.1,105,1626,VOLT_SWITCH,BREAKING_SWIPE,PARABOLIC_CHARGE,53,30.3,36.4,33.4,togekiss:804;drifblim:704;noctowl:652;talonflame:595;swalot:542,cradily:170;altaria:264;forretress:308;wigglytuff:325;corviknight:463
thwackey,Thwackey,53.1,123.6,107.5,136,1809,RAZOR_LEAF,GRASS_KNOT,ENERGY_BALL,53.5,27.3,41.4,49.7,quagsire_shadow:952;gastrodon:908;marowak_shadow:816;stunfisk:797;piloswine:665,forretress:128;corviknight:143;altaria:144;cradily:277;wigglytuff:378
ambipom,Ambipom,52.6,133.8,100.5,124,1670,ASTONISH,AERIAL_ACE,RETURN,44.8,34.6,53.3,29,drifblim:709;xatu_shadow:673;runerigus:616;sableye:568;sableye_shadow:532,altaria:206;corviknight:216;cradily:225;wigglytuff:280;forretress:285
chespin_shadow,Chespin (Shadow),52.6,105,101.6,136,1452,VINE_WHIP,BODY_SLAM,SEED_BOMB,48.8,36.3,44.2,29.4,quagsire_shadow:897;gastrodon:790;lanturn:783;marowak_shadow:764;stunfisk:580,forretress:136;corviknight:156;altaria:199;cradily:256;wigglytuff:340
pupitar,Pupitar,52.5,120.1,111.8,139,1868,BITE,ANCIENT_POWER,DIG,53,34.1,46.9,45.9,zapdos_shadow:719;toucannon:643;toxtricity:615;togedemaru:615;steelix_shadow:514,wigglytuff:210;cradily:243;forretress:339;corviknight:363;altaria:391
sawsbuck,Sawsbuck,52.4,129.4,101.8,131,1727,FEINT_ATTACK,WILD_CHARGE,TRAILBLAZE,44.6,27.6,46.1,34.6,gastrodon:614;stunfisk:614;drifblim:591;quagsire_shadow:561;steelix_shadow:534,forretress:179;corviknight:190;altaria:192;cradily:309;wigglytuff:363
sunflora,Sunflora,52.4,128.7,102.1,132,1736,BULLET_SEED,SLUDGE_BOMB,LEAF_STORM,46.2,19.8,53.1,24.5,wigglytuff:587;quagsire_shadow:575;diggersby:575;marowak_shadow:545;furret:515,forretress:58;togekiss:95;corviknight:133;altaria:224;cradily:239
deerling,Deerling,52.3,109.2,96.6,142,1499,TACKLE,WILD_CHARGE,TRAILBLAZE,47.2,34.5,46.9,37,lanturn:785;quagsire:626;stunfisk:605;gastrodon:602;quagsire_shadow:521,forretress:175;altaria:195;corviknight:196;wigglytuff:275;cradily:295
bulbasaur,Bulbasaur,52.2,111.7,105.8,120,1420,VINE_WHIP,POWER_WHIP,SEED_BOMB,46.9,30.5,48.5,30.8,lanturn:787;quagsire_shadow:741;gastrodon:704;stunfisk:700;diggersby:508,corviknight:133;altaria:137;forretress:191;cradily:340;wigglytuff:390
ferroseed,Ferroseed,52.2,81.5,142.8,119,1386,METAL_CLAW,GYRO_BALL,RETURN,45.7,30,55,29.7,wigglytuff:626;cradily:592;weezing_galarian_shadow:584;piloswine:563;crustle:563,altaria:155;corviknight:213;forretress:214;togekiss:221;lickilicky:343
accelgor_shadow,Accelgor (Shadow),51.4,143.2,84.9,129,1569,WATER_SHURIKEN,BUG_BUZZ,SIGNAL_BEAM,33.6,21.3,55.5,13.4,cradily_shadow:670;umbreon:589;marowak:589;marowak_shadow:531;stunfisk:503,corviknight:143;forretress:160;wigglytuff:163;altaria:242;cradily:451
komala,Komala,51.4,136.8,110.2,109,1645,ROLLOUT,PAYBACK,BULLDOZE,44.1,34.6,59,18.8,drifblim:688;talonflame:665;articuno_shadow:619;sableye:619;charizard_shadow:555,corviknight:136;cradily:145;forretress:167;altaria:246;wigglytuff:365
gumshoos,Gumshoos,51.2,134.2,84.9,147,1677,BITE,ROCK_TOMB,CRUNCH,53,36.6,36.8,43.1,electivire_shadow:758;kartana:751;xatu:751;xatu_shadow:751;drifblim:707,wigglytuff:190;cradily:243;corviknight:293;forretress:320;altaria:340
turtwig_shadow,Turtwig (Shadow),50.7,112.6,105,135,1597,TACKLE,BODY_SLAM,SEED_BOMB,43.6,31.1,44.5,22.6,quagsire:777;morpeko_full_belly:651;gastrodon:614;stunfisk:581;lanturn:540,forretress:148;cradily:149;corviknight:270;altaria:300;wigglytuff:378
chespin,Chespin,50.6,105,101.6,136,1452,VINE_WHIP,BODY_SLAM,SEED_BOMB,47.2,32.5,43.7,32.7,quagsire_shadow:922;gastrodon:841;stunfisk:768;marowak_shadow:687;diggersby:558,forretress:132;corviknight:156;altaria:181;cradily:218;wigglytuff:298
maractus,Maractus,50.2,135.5,95.2,128,1652,BULLET_SEED,AERIAL_ACE,PETAL_BLIZZARD,41.3,28.8,51.2,19.3,lanturn:777;stunfisk:710;gastrodon:609;diggersby:546;quagsire_shadow:519,forretress:58;cradily:128;corviknight:150;altaria:188;wigglytuff:488
rowlet,Rowlet,50,98.3,95.7,154,1450,LEAFAGE,SEED_BOMB,ENERGY_BALL,45.9,27.3,44.9,31.3,gastrodon:928;marowak_shadow:870;lanturn:821;stunfisk:665;diggersby:597,altaria:130;corviknight:140;forretress:195;cradily:291;wigglytuff:376
volbeat,Volbeat,49.9,111.4,136.2,133,2019,TACKLE,BUG_BUZZ,THUNDERBOLT,36,26.1,62.3,27.3,umbreon:605;toedscruel:586;scrafty:567;oinkologne_female:522;marowak:515,cradily:111;forretress:125;altaria:228;wigglytuff:230;corviknight:236
naganadel,Naganadel,49.6,149.7,95.5,105,1503,POISON_JAB,DRAGON_CLAW,SLUDGE_BOMB,44.6,25.8,42.1,32,lanturn:709;togekiss:661;roserade:661;dartrix:585;charjabug:509,corviknight:113;forretress:167;altaria:221;cradily:253;wigglytuff:446
roselia,Roselia,49.6,138.5,105.9,110,1615,POISON_JAB,SLUDGE_BOMB,PETAL_BLIZZARD,42.8,23.9,49,31.6,sceptile_shadow:790;lanturn:722;wigglytuff:709;electrode_hisuian:668;dunsparce:531,corviknight:123;forretress:156;altaria:239;cradily:253;togekiss:478
turtwig,Turtwig,49.2,112.6,105,135,1597,TACKLE,BODY_SLAM,SEED_BOMB,44.6,29.6,44.4,26.1,quagsire_shadow:777;gastrodon:674;stunfisk:625;lanturn:537;marowak_shadow:507,forretress:93;cradily:97;corviknight:256;altaria:282;wigglytuff:320
cherrim_overcast,Cherrim (Overcast),47.9,121.8,116.2,130,1843,BULLET_SEED,DAZZLING_GLEAM,SOLAR_BEAM,35.8,17.8,53.5,20.7,gastrodon:676;dunsparce:634;quagsire_shadow:607;steelix_shadow:592;marowak_shadow:511,altaria:61;forretress:66;cradily:104;wigglytuff:143;corviknight:180
dottler,Dottler,47.6,85.7,144.5,127,1573,CONFUSION,BUG_BUZZ,PSYCHIC,40.5,24.2,52.1,28,toxicroak:889;swalot:625;decidueye_hisuian:625;hawlucha:622;nidoqueen_shadow:582,forretress:140;altaria:206;corviknight:243;wigglytuff:271;cradily:399
accelgor,Accelgor,47.2,143.2,84.9,129,1569,WATER_SHURIKEN,BUG_BUZZ,ACID_SPRAY,39.9,28.2,41.3,16,stunfisk:608;gastrodon:593;marowak_shadow:589;moltres_galarian:577;pangoro:569,altaria:137;forretress:144;cradily:152;corviknight:156;wigglytuff:372
ferroseed_shadow,Ferroseed (Shadow),47.1,81.5,142.8,119,1386,METAL_CLAW,GYRO_BALL,IRON_HEAD,37.9,26.4,49.5,25.9,cradily_shadow:617;wigglytuff:592;weezing_galarian:584;victreebel:571;victreebel_shadow:533,corviknight:96;forretress:113;altaria:155;togekiss:221;cradily:434
porygon_z_shadow,Porygon-Z (Shadow),47,147.6,88.1,117,1522,LOCK_ON,TRI_ATTACK,ZAP_CANNON,41.5,28,41.8,9.6,noctowl:662;gliscor_shadow:628;toucannon:611;drifblim:585;lanturn:534,forretress:85;corviknight:86;altaria:97;cradily:309;wigglytuff:367
lilligant,Lilligant,46.7,136.5,105.8,114,1649,CHARM,PETAL_BLIZZARD,HYPER_BEAM,50.8,29.1,29.4,35.3,guzzlord:820;hydreigon_shadow:820;zweilous:771;zweilous_shadow:767;moltres_galarian:596,forretress:117;corviknight:183;cradily:256;wigglytuff:360;altaria:423
indeedee_female,Indeedee (Female),46.5,121.7,128.2,118,1842,EXTRASENSORY,PSYCHIC,ENERGY_BALL,36.6,21.5,51.6,24,toxicroak:826;whiscash:622;palossand:584;clodsire:533;lanturn:512,corviknight:110;forretress:113;cradily:194;wigglytuff:224;altaria:413
tornadus_incarnate_shadow,Tornadus (Incarnate) (Shadow),46.4,148.1,95.5,107,1514,AIR_SLASH,GRASS_KNOT,HURRICANE,51.4,31.7,28.2,32.3,hawlucha:808;roserade:771;scyther_shadow:757;flamigo:733;victreebel:696,corviknight:163;altaria:264;cradily:270;wigglytuff:293;forretress:320
indeedee_male,Indeedee (Male),46.2,134.9,114.6,107,1656,EXTRASENSORY,SHADOW_BALL,PSYCHIC,31.4,20,51.8,20,toxicroak_shadow:855;toxicroak:845;gengar_shadow:808;drifblim:588;runerigus:560,forretress:109;corviknight:136;altaria:177;cradily:194;wigglytuff:244
anorith_shadow,Anorith (Shadow),46.1,145.4,92,115,1540,STRUGGLE_BUG,AQUA_JET,CROSS_POISON,39.2,24.1,36.1,23.5,malamar:717;malamar_shadow:713;tyranitar_shadow:700;greninja_shadow:700;hydreigon_shadow:669,corviknight:110;forretress:164;altaria:177;wigglytuff:186;cradily:413
bulbasaur_shadow,Bulbasaur (Shadow),46,111.7,105.8,120,1420,VINE_WHIP,POWER_WHIP,SLUDGE_BOMB,36.5,21.6,47.3,19.1,swampert_shadow:845;lanturn:770;quagsire_shadow:675;wigglytuff:658;stunfisk:600,corviknight:83;altaria:97;forretress:105;togekiss:134;cradily:350
butterfree_shadow,Butterfree (Shadow),45.4,126.6,112.5,124,1769,CONFUSION,BUG_BUZZ,SIGNAL_BEAM,45.2,28.2,42.3,30.8,heracross:766;victreebel_shadow:741;victreebel:741;toxtricity:697;gastrodon:568,corviknight:190;forretress:195;cradily:232;altaria:242;wigglytuff:284
regigigas_shadow,Regigigas (Shadow),45.2,140.2,102,110,1574,HIDDEN_POWER_ICE,CRUSH_GRIP,THUNDER,49.3,30.2,27.3,31.6,salamence_shadow:790;salamence:777;gliscor_shadow:736;gliscor:709;drifblim:595,forretress:136;corviknight:216;wigglytuff:253;cradily:336;altaria:496
shaymin_sky,Shaymin (Sky),45.2,139.3,94.1,123,1614,MAGICAL_LEAF,GRASS_KNOT,ENERGY_BALL,39.1,20.1,41.3,28,quagsire_shadow:963;gastrodon:922;greninja_shadow:873;marowak_shadow:849;lanturn:752,altaria:90;forretress:109;corviknight:123;cradily:239;wigglytuff:304
porygon_z,Porygon-Z,45.1,147.6,88.1,117,1522,LOCK_ON,TRI_ATTACK,ZAP_CANNON,41.8,28.5,39.5,9.9,noctowl:717;drifblim:666;dodrio:653;lanturn:623;toucannon_shadow:611,corviknight:86;altaria:97;forretress:101;cradily:274;wigglytuff:338
butterfree,Butterfree,44.5,126.6,112.5,124,1769,CONFUSION,BUG_BUZZ,SIGNAL_BEAM,41.8,25.4,45.2,29,victreebel_shadow:741;weezing_galarian_shadow:620;gastrodon:620;swalot:588;pangoro:504,corviknight:166;forretress:167;cradily:190;altaria:199;wigglytuff:244
skiddo,Skiddo,44,115.9,98.3,151,1722,ROCK_SMASH,BRICK_BREAK,SEED_BOMB,41.3,23.2,39,30.8,dunsparce:642;greninja_shadow:642;gastrodon:602;steelix_shadow:599;stunfisk_galarian:552,altaria:152;forretress:265;corviknight:286;wigglytuff:313;cradily:368
anorith,Anorith,43.6,145.4,92,115,1540,STRUGGLE_BUG,AQUA_JET,ANCIENT_POWER,34.2,20.4,40.4,21.6,absol_shadow:839;absol:821;malamar:773;malamar_shadow:717;greninja_shadow:691,corviknight:110;altaria:148;wigglytuff:165;forretress:179;cradily:350
tornadus_incarnate,Tornadus (Incarnate),42.6,148.1,95.5,107,1514,AIR_SLASH,GRASS_KNOT,HURRICANE,44.4,27.9,31.1,28.5,parasect:836;heracross:799;scyther_shadow:757;flamigo:714;victreebel_shadow:696,corviknight:136;altaria:206;cradily:225;wigglytuff:271;forretress:316
regigigas,Regigigas,30,139.8,104.3,110,1605,HIDDEN_POWER_GROUND,CRUSH_GRIP,THUNDER,28.7,17.2,25.8,21.2,togedemaru:845;salazzle:795;magnezone_shadow:763;toxtricity:736;magnezone:722,altaria:90;corviknight:110;cradily:177;forretress:191;wigglytuff:224
slaking_shadow,Slaking (Shadow),16.8,138.8,83.1,140,1616,YAWN,BODY_SLAM,EARTHQUAKE,11,12.9,20.8,4.7,,forretress:27;cradily:114;corviknight:140;altaria:199;wigglytuff:228
slaking,Slaking,16.3,138.8,83.1,140,1616,YAWN,BODY_SLAM,EARTHQUAKE,10.8,13.2,19.2,4.9,,cradily:24;forretress:27;corviknight:120;altaria:170;wigglytuff:192