speciesId,speciesName,score,attack,defense,hp,statProduct,fastMove,chargedMove1,chargedMove2,leadScore,switchScore,closerScore,attackerScore,topMatchups,topCounters
mawile_mega,Mawile (Mega),98.2,124.3,147.6,98,1799,FAIRY_WIND,VICE_GRIP,IRON_HEAD,100,94.5,98.4,100,dragonair_shadow:709;jumpluff:647;swalot:647;malamar_mega:540;cramorant:530,stunfisk:296;vigoroth:327;charjabug:337;electrode_hisuian:369;dusknoir_shadow:488
swalot,Swalot,96.2,103.4,122.6,171,2169,INFESTATION,SLUDGE,ICE_BEAM,95,89.9,95,98.1,malamar_mega:751;jumpluff:716;cradily:690;charjabug:652;dragonair_shadow:605,dunsparce:342;mawile_mega:352;cramorant:361;dusknoir_shadow:422;lapras:466
cramorant,Cramorant,95.3,121.2,121.2,126,1852,PECK,DIVE,FLY,94,88.2,94.5,98.9,spidops:821;dragonair_shadow:734;dunsparce:694;swalot:638;jumpluff:619,charjabug:182;cradily:402;lapras:413;mawile_mega:469;dusknoir_shadow:488
jumpluff,Jumpluff,95.2,96.7,156.9,153,2323,FAIRY_WIND,ENERGY_BALL,ACROBATICS,90.1,82.8,96.4,98.9,malamar_mega:663;dragonair_shadow:627;dusknoir_shadow:571;vigoroth:552;charjabug:539,swalot:283;lapras:340;mawile_mega:352;cramorant:380;cradily:381
malamar_mega,Malamar (Mega),95.1,118.4,132.4,120,1883,PSYWAVE,FOUL_PLAY,SUPER_POWER,94.8,90.4,100,69.7,dusknoir_shadow:720;lapras:670;dunsparce:604;vigoroth:562;cradily:512,dragonair_shadow:240;charjabug:242;swalot:248;jumpluff:336;mawile_mega:459
crustle,Crustle,94.6,120.3,134.7,115,1864,FURY_CUTTER,X_SCISSOR,ROCK_WRECKER,92.1,87.4,99.1,78.6,lapras:795;malamar_mega:747;jumpluff:704;charjabug:586;swalot:560,mawile_mega:107;dusknoir_shadow:238;cramorant:285;dragonair_shadow:287;dunsparce:478
lapras,Lapras,94.4,104.6,114.5,179,2147,PSYWAVE,SPARKLING_ARIA,ICE_BEAM,94.1,92.6,97.3,77.5,jumpluff:659;cramorant:586;dragonair_shadow:558;swalot:533;cradily:516,malamar_mega:329;dunsparce:342;mawile_mega:387;vigoroth:410;charjabug:420
cetitan,Cetitan,94.3,120.1,77,202,1871,POWDER_SNOW,ICICLE_SPEAR,SUPER_POWER,93.6,87.8,98,88.9,jumpluff:898;swalot:591;lapras:561;charjabug:514;dragonair_shadow:512,mawile_mega:158;malamar_mega:420;cramorant:460;cradily:482;dusknoir_shadow:483
dusknoir_shadow,Dusknoir (Shadow),94.1,119.8,174.1,90,1878,ASTONISH,DYNAMIC_PUNCH,SHADOW_PUNCH,92.8,80.5,90.4,75.6,vigoroth:633;swalot:577;charjabug:555;mawile_mega:511;cramorant:511,malamar_mega:279;dragonair_shadow:358;lapras:388;jumpluff:428;dunsparce:456
aurorus,Aurorus,94,113.5,106.3,164,1979,POWDER_SNOW,WEATHER_BALL_ICE,METEOR_BEAM,95.8,85.5,88.6,90.2,jumpluff:914;swalot:695;charjabug:646;cramorant:567;dragonair_shadow:530,abomasnow_shadow:227;dusknoir_shadow:288;toxapex:334;mawile_mega:382;malamar_mega:383
walrein,Walrein,93.2,112.4,114.9,154,1991,POWDER_SNOW,ICICLE_SPEAR,EARTHQUAKE,92.1,87.4,95,83.5,jumpluff:899;dragonair_shadow:737;mawile_mega:665;swalot:659;cramorant:538,charjabug:162;lapras:335;malamar_mega:366;cradily:451;dusknoir_shadow:488
shelgon_shadow,Shelgon (Shadow),92.8,123.2,119,123,1806,DRAGON_BREATH,TWISTER,FLAMETHROWER,94.6,81.5,89.2,60.2,malamar_mega:752;cramorant:674;dusknoir_shadow:654;jumpluff:613;charjabug:593,mawile_mega:107;cradily:385;swalot:397;dragonair_shadow:429;lapras:483
scizor_mega,Scizor (Mega),92.7,138.9,127.6,91,1613,FURY_CUTTER,NIGHT_SLASH,TRAILBLAZE,95.5,90.1,86.3,85.6,cradily:851;malamar_mega:807;swalot:565;lapras:560;dragonair_shadow:549,jumpluff:323;cramorant:365;charjabug:424;vigoroth:458;mawile_mega:479
aurorus_shadow,Aurorus (Shadow),92.6,113.5,106.3,164,1979,POWDER_SNOW,WEATHER_BALL_ICE,METEOR_BEAM,90.8,70.2,84.4,80.2,jumpluff:914;swalot:704;dusknoir_shadow:704;charjabug:567;vigoroth:515,lapras:156;malamar_mega:229;mawile_mega:280;dragonair_shadow:393;abomasnow_shadow:465
dunsparce,Dunsparce,92.6,104.7,110.9,184,2139,BITE,DRILL_RUN,ROCK_SLIDE,90.8,94.1,91.3,90.8,swalot:657;lapras:657;abomasnow_shadow:622;charjabug:592;dusknoir_shadow:543,cramorant:305;malamar_mega:395;mawile_mega:423;dragonair_shadow:433;jumpluff:464
shelgon,Shelgon,92.6,123.2,119,123,1806,DRAGON_BREATH,TWISTER,FLAMETHROWER,88.5,80.2,94.5,78.1,electrode_hisuian:666;charjabug:654;cramorant:593;dunsparce:585;cradily:540,mawile_mega:107;jumpluff:313;swalot:365;dragonair_shadow:397;malamar_mega:479
abomasnow_shadow,Abomasnow (Shadow),92.5,117.8,112,143,1888,POWDER_SNOW,WEATHER_BALL_ICE,ENERGY_BALL,98,92.8,88.1,68.6,jumpluff:902;dragonair_shadow:744;dusknoir_shadow:681;cradily:660;cramorant:569,mawile_mega:290;swalot:336;charjabug:380;malamar_mega:420;lapras:449
toxapex,Toxapex,92.5,91.9,224.3,118,2433,BITE,BRINE,SLUDGE_WAVE,88.8,76.5,99.6,82.7,aurorus:665;swalot:648;dusknoir_shadow:648;dragonair_shadow:601;jumpluff:584,charjabug:341;malamar_mega:366;cramorant:396;lapras:413;mawile_mega:469
abomasnow,Abomasnow,92.4,117.8,112,143,1888,POWDER_SNOW,WEATHER_BALL_ICE,ENERGY_BALL,96.1,87.2,90.1,80.8,jumpluff:902;dragonair_shadow:744;dusknoir_shadow:723;lapras:629;charjabug:531,mawile_mega:265;swalot:280;malamar_mega:366;cradily:451;cramorant:464
walrein_shadow,Walrein (Shadow),92.1,112.4,114.9,154,1991,POWDER_SNOW,ICICLE_SPEAR,EARTHQUAKE,89.6,88,94.6,69.4,jumpluff:899;cramorant:603;swalot:571;mawile_mega:503;dragonair_shadow:503,charjabug:202;malamar_mega:212;aurorus:271;spidops:389;lapras:402
dragonair_shadow,Dragonair (Shadow),92,125.2,112.4,127,1788,DRAGON_BREATH,WRAP,AQUA_TAIL,96.3,97.4,83.7,65.6,malamar_mega:759;dusknoir_shadow:641;electrode_hisuian:586;charjabug:570;dunsparce:566,cramorant:265;mawile_mega:290;jumpluff:372;swalot:394;lapras:441
grumpig,Grumpig,91.9,113.3,131.4,132,1967,PSYWAVE,DYNAMIC_PUNCH,SHADOW_BALL,90.1,96,92,71.3,lapras:696;mawile_mega:609;vigoroth:575;swalot:526;cradily:522,dusknoir_shadow:238;dragonair_shadow:275;charjabug:309;malamar_mega:337;jumpluff:366
vigoroth,Vigoroth,91.9,116.2,114.1,145,1923,SCRATCH,BODY_SLAM,BULLDOZE,93.3,93.9,88.8,79.7,mawile_mega:672;charjabug:593;lapras:589;cramorant:568;cradily:510,dusknoir_shadow:366;aurorus:423;malamar_mega:437;jumpluff:447;swalot:497
dusknoir,Dusknoir,91.7,119.8,174.1,90,1878,ASTONISH,DYNAMIC_PUNCH,SHADOW_PUNCH,92.1,89.1,90.6,78.9,swalot:616;cradily:577;mawile_mega:527;lapras:527;charjabug:522,malamar_mega:229;dragonair_shadow:287;jumpluff:372;dunsparce:388;cramorant:452
lunatone,Lunatone,91.7,119.1,108.6,145,1876,PSYWAVE,WEATHER_BALL_ICE,ROCK_SLIDE,92.3,96.4,88.1,75.9,charjabug:789;aurorus:672;abomasnow_shadow:568;jumpluff:555;cramorant:541,dragonair_shadow:216;mawile_mega:301;malamar_mega:341;swalot:429;lapras:477
piloswine,Piloswine,91.7,121,99.4,154,1855,POWDER_SNOW,ICICLE_SPEAR,HIGH_HORSEPOWER,88.5,74.5,93.9,78.9,jumpluff:899;charjabug:724;swalot:720;dunsparce:646;vigoroth:538,lapras:64;mawile_mega:158;dragonair_shadow:358;malamar_mega:420;cramorant:460
aggron_mega,Aggron (Mega),91.4,122.8,165.6,90,1832,METAL_SOUND,METEOR_BEAM,BRICK_BREAK,90,78.6,89.5,91.8,jumpluff:800;swalot:666;mawile_mega:650;charjabug:561;dragonair_shadow:544,electrode_hisuian:134;cramorant:253;dusknoir_shadow:311;malamar_mega:337;vigoroth:475
sealeo,Sealeo,91.4,108.9,112.8,168,2065,POWDER_SNOW,SURF,BODY_SLAM,91.8,94.5,87.6,82.9,fearow:627;jumpluff:616;dragonair_shadow:580;cramorant:526;swalot:514,charjabug:317;malamar_mega:350;cradily:430;mawile_mega:459;lapras:469
froslass,Froslass,91.3,122.5,114.8,130,1831,POWDER_SNOW,AVALANCHE,SHADOW_BALL,83.5,70.7,96.8,69.7,cradily:857;jumpluff:665;vigoroth:665;swalot:603;charjabug:576,mawile_mega:158;malamar_mega:212;dusknoir_shadow:227;lapras:310;dragonair_shadow:437
castform_snowy,Castform (Snowy),91.1,112.6,121.2,146,1994,POWDER_SNOW,WEATHER_BALL_ICE,BLIZZARD,87.6,68.6,94.5,80.8,jumpluff:893;dragonair_shadow:767;swalot:671;charjabug:606;cramorant:565,lapras:148;mawile_mega:158;malamar_mega:170;aurorus:231;dusknoir_shadow:250
vigoroth_shadow,Vigoroth (Shadow),91.1,116.2,114.1,145,1923,SCRATCH,BRICK_BREAK,ROCK_SLIDE,88,100,85.3,68.3,aurorus:782;jumpluff:631;dunsparce:613;vigoroth:555;charjabug:541,malamar_mega:295;cramorant:333;dragonair_shadow:358;mawile_mega:418;swalot:429
spidops,Spidops,91,110.9,138.9,131,2020,SHADOW_CLAW,LUNGE,ROCK_TOMB,94,81.8,87.1,78.3,malamar_mega:687;charjabug:637;jumpluff:545;dragonair_shadow:545;lapras:507,cramorant:178;aurorus:185;mawile_mega:367;swalot:429;vigoroth:493
volbeat,Volbeat,90.9,111.4,136.2,133,2019,INFESTATION,LUNGE,THUNDERBOLT,93.1,69.5,88.8,88.6,malamar_mega:665;lapras:601;dragonair_shadow:582;cradily:545;charjabug:526,cramorant:142;mawile_mega:387;swalot:470;jumpluff:493;vigoroth:493
cetoddle,Cetoddle,90.8,112.6,79.8,213,1915,POWDER_SNOW,AVALANCHE,BODY_SLAM,91,85.8,93.1,86.7,dragonair_shadow:748;jumpluff:725;charjabug:563;vigoroth:542;dusknoir_shadow:535,mawile_mega:158;aurorus:280;malamar_mega:316;lapras:326;swalot:412
cradily,Cradily,90.7,105.2,140.3,144,2126,ACID,ROCK_TOMB,GRASS_KNOT,91.1,83.2,92,77.5,charjabug:694;dunsparce:673;dragonair_shadow:628;jumpluff:618;cramorant:597,dusknoir_shadow:138;swalot:309;mawile_mega:331;lapras:483;malamar_mega:487
charjabug,Charjabug,90.5,114.7,134.8,126,1949,VOLT_SWITCH,X_SCISSOR,DISCHARGE,90.1,80.5,91.6,86.7,cramorant:817;malamar_mega:757;mawile_mega:662;abomasnow_shadow:619;lapras:579,cradily:305;swalot:347;dragonair_shadow:429;dusknoir_shadow:444;jumpluff:460
piloswine_shadow,Piloswine (Shadow),90.5,121,99.4,154,1855,POWDER_SNOW,ICICLE_SPEAR,HIGH_HORSEPOWER,88.1,82.3,89,61.6,jumpluff:866;cradily:866;malamar_mega:737;charjabug:668;swalot:652,lapras:94;mawile_mega:158;cramorant:242;dragonair_shadow:429;vigoroth:451
sealeo_shadow,Sealeo (Shadow),90.5,108.9,112.8,168,2065,POWDER_SNOW,SURF,BODY_SLAM,89,96,88.1,72.1,dragonair_shadow:735;jumpluff:583;vigoroth:577;dunsparce:559;cramorant:553,charjabug:202;malamar_mega:383;swalot:406;lapras:410;mawile_mega:484
lapras_shadow,Lapras (Shadow),90.4,104.6,114.5,179,2147,PSYWAVE,SPARKLING_ARIA,ICE_BEAM,86.3,94.2,92.7,64,mawile_mega:675;swalot:650;jumpluff:611;cramorant:572;dusknoir_shadow:522,charjabug:162;dragonair_shadow:275;malamar_mega:350;cradily:458;dunsparce:464
mantine,Mantine,90.4,105.5,166.5,121,2127,WING_ATTACK,TWISTER,WATER_PULSE,90,89.4,89.5,87.8,abomasnow_shadow:632;swalot:578;dragonair_shadow:578;spidops:570;cramorant:557,charjabug:162;malamar_mega:408;lapras:427;mawile_mega:459;jumpluff:467
wartortle,Wartortle,90.3,107.6,139,139,2080,BITE,AQUA_JET,ICE_BEAM,89.1,91.2,92,76.4,dunsparce:611;aurorus:557;mawile_mega:550;cramorant:510;cradily:507,dragonair_shadow:334;charjabug:345;jumpluff:437;malamar_mega:441;swalot:494
goodra,Goodra,90.2,119.6,134.1,117,1878,DRAGON_BREATH,AQUA_TAIL,THUNDER_PUNCH,92.1,83.9,84,85.1,toxapex:863;fearow:803;electrode_hisuian:683;charjabug:653;cramorant:632,mawile_mega:265;swalot:318;dragonair_shadow:358;malamar_mega:404;jumpluff:428
throh,Throh,90.2,110.2,107.7,171,2032,LOW_KICK,BRICK_BREAK,BODY_SLAM,88.1,72.6,81,93.7,vigoroth:660;cradily:643;mawile_mega:596;swalot:511;lapras:502,jumpluff:241;cramorant:277;malamar_mega:350;charjabug:460;dragonair_shadow:476
toucannon_shadow,Toucannon (Shadow),90.2,137.2,96.7,123,1634,PECK,BEAK_BLAST,DRILL_PECK,93.1,85.3,87.4,47.5,jumpluff:833;cradily:703;malamar_mega:670;cramorant:593;swalot:536,aurorus:140;mawile_mega:209;charjabug:218;dragonair_shadow:322;lapras:438
charjabug_shadow,Charjabug (Shadow),90.1,114.7,134.8,126,1949,VOLT_SWITCH,X_SCISSOR,DISCHARGE,91.3,88.8,90.1,77.2,lapras:837;cramorant:829;malamar_mega:757;mawile_mega:603;jumpluff:511,dragonair_shadow:220;dusknoir_shadow:311;cradily:361;dunsparce:402;swalot:412
cofagrigus,Cofagrigus,90.1,111.7,165.3,109,2013,SHADOW_CLAW,SHADOW_BALL,ENERGY_BALL,89,88.2,93.8,70.2,cradily:614;mawile_mega:600;cramorant:582;swalot:559;dragonair_shadow:527,dusknoir_shadow:338;jumpluff:388;malamar_mega:454;lapras:455;charjabug:492
sliggoo,Sliggoo,90.1,114.1,133.8,128,1956,DRAGON_BREATH,BODY_SLAM,DRAGON_PULSE,89.6,79.9,91.1,79.4,charjabug:660;spidops:550;cramorant:539;vigoroth:523;malamar_mega:515,mawile_mega:244;lapras:324;swalot:356;jumpluff:382;dragonair_shadow:397
crustle_shadow,Crustle (Shadow),90,120.3,134.7,115,1864,FURY_CUTTER,X_SCISSOR,ROCK_WRECKER,84.1,88,94.1,53.5,cradily:865;lapras:795;malamar_mega:773;jumpluff:617;charjabug:508,mawile_mega:107;cramorant:162;dusknoir_shadow:238;dragonair_shadow:287;swalot:473
dragalge,Dragalge,90,117.8,143.1,113,1906,ACID,AQUA_TAIL,OUTRAGE,88.5,81,86.3,81.6,charjabug:747;cradily:632;jumpluff:606;cramorant:548;swalot:535,lapras:234;malamar_mega:325;dragonair_shadow:330;dusknoir_shadow:338;mawile_mega:367
oinkologne_female,Oinkologne (Female),90,109.6,111.5,167,2042,TAKE_DOWN,BODY_SLAM,TRAILBLAZE,91.3,82.3,87.4,83.7,dunsparce:685;lapras:646;charjabug:622;vigoroth:604;cramorant:538,malamar_mega:337;dragonair_shadow:385;jumpluff:408;swalot:429;mawile_mega:484
amaura_shadow,Amaura (Shadow),89.9,114.2,104.1,165,1965,POWDER_SNOW,WEATHER_BALL_ICE,THUNDERBOLT,90.8,73.8,84.8,75.4,jumpluff:915;cradily:878;dusknoir_shadow:706;swalot:654;vigoroth:506,lapras:94;mawile_mega:285;dragonair_shadow:393;malamar_mega:416;charjabug:472
arctibax,Arctibax,89.9,122.8,98.5,151,1829,DRAGON_BREATH,AVALANCHE,DRAGON_CLAW,86.1,92.9,92,64,jumpluff:685;electrode_hisuian:685;charjabug:665;cramorant:582;vigoroth:579,mawile_mega:107;malamar_mega:254;dragonair_shadow:397;lapras:399;swalot:473
persian_shadow,Persian (Shadow),89.9,118.6,116.3,137,1890,SCRATCH,NIGHT_SLASH,POWER_GEM,91.8,97.9,84,60,jumpluff:635;dunsparce:616;charjabug:536;swalot:525;dragonair_shadow:514,malamar_mega:254;mawile_mega:290;cradily:333;cramorant:408;lapras:494
abomasnow_mega,Abomasnow (Mega),89.8,130.9,110,118,1700,POWDER_SNOW,WEATHER_BALL_ICE,ENERGY_BALL,94.8,85.8,88.6,62.4,jumpluff:881;aurorus:766;dragonair_shadow:690;dusknoir_shadow:665;cramorant:538,swalot:295;mawile_mega:336;charjabug:365;lapras:424;malamar_mega:470
grumpig_shadow,Grumpig (Shadow),89.8,113.3,131.4,132,1967,PSYWAVE,DYNAMIC_PUNCH,MIRROR_COAT,85.1,92,90.1,62.9,lapras:821;vigoroth:734;mawile_mega:541;swalot:534;cradily:526,malamar_mega:100;charjabug:242;cramorant:265;dragonair_shadow:318;jumpluff:464
solrock,Solrock,89.8,119.1,108.6,145,1876,PSYWAVE,WEATHER_BALL_FIRE,ROCK_SLIDE,89.8,94.9,87.4,70,charjabug:789;abomasnow_shadow:779;aurorus:672;fearow:551;jumpluff:544,dragonair_shadow:216;cramorant:325;malamar_mega:341;swalot:429;mawile_mega:448
jumpluff_shadow,Jumpluff (Shadow),89.7,96.7,156.9,153,2323,FAIRY_WIND,ENERGY_BALL,ACROBATICS,86.1,83.7,91.5,84.3,electrode_hisuian:879;malamar_mega:588;dusknoir_shadow:588;dragonair_shadow:565;cramorant:506,swalot:73;cradily:309;mawile_mega:377;lapras:388;charjabug:488
persian,Persian,89.7,118.6,116.3,137,1890,SCRATCH,NIGHT_SLASH,POWER_GEM,89.6,94.1,87.8,72.9,dunsparce:627;charjabug:609;swalot:598;lapras:576;vigoroth:510,malamar_mega:254;cramorant:380;dragonair_shadow:393;jumpluff:418;mawile_mega:433
seaking,Seaking,89.3,121.9,108.9,138,1834,PECK,DRILL_RUN,ICY_WIND,89.1,93.7,86.5,64.8,mawile_mega:634;lapras:619;jumpluff:612;swalot:554;dragonair_shadow:514,charjabug:329;malamar_mega:379;vigoroth:396;cramorant:432;dusknoir_shadow:488
kommo_o,Kommo-o,89.2,123.7,137.8,106,1808,DRAGON_TAIL,CLANGING_SCALES,UPPER_HAND,82.5,71.9,91.6,67.5,charjabug:726;electrode_hisuian:726;dunsparce:688;cradily:636;vigoroth:603,mawile_mega:56;cramorant:226;jumpluff:401;malamar_mega:425;swalot:491
rillaboom,Rillaboom,89.1,132.4,99.3,129,1696,SCRATCH,DRUM_BEATING,EARTH_POWER,90.3,92.8,81.2,72.4,dunsparce:686;mawile_mega:662;vigoroth:562;malamar_mega:527;charjabug:503,swalot:187;jumpluff:297;dragonair_shadow:417;lapras:446;cramorant:484
flamigo,Flamigo,89,137.9,95.5,123,1622,PECK,UPPER_HAND,BRAVE_BIRD,86.5,95.2,90.6,58.1,vigoroth:752;spidops:752;dunsparce:670;swalot:666;jumpluff:609,mawile_mega:142;cramorant:242;dragonair_shadow:251;charjabug:341;malamar_mega:470
hypno_shadow,Hypno (Shadow),89,103.4,142.9,147,2174,CONFUSION,THUNDER_PUNCH,ICE_PUNCH,88.8,78,90.1,78.1,cramorant:595;lapras:591;cradily:540;swalot:527;abomasnow_shadow:517,malamar_mega:245;dragonair_shadow:338;mawile_mega:423;charjabug:480;jumpluff:490
ledian,Ledian,88.9,101.3,162.5,134,2208,ROLLOUT,DYNAMIC_PUNCH,ACROBATICS,84.8,59,91.8,79.4,aurorus:768;dusknoir_shadow:619;dragonair_shadow:578;dunsparce:570;jumpluff:555,mawile_mega:316;cramorant:349;malamar_mega:358;swalot:441;charjabug:476
lickilicky,Lickilicky,88.9,105.7,125.5,160,2124,ROLLOUT,BODY_SLAM,SHADOW_BALL,86.3,83.4,86.7,84.3,dusknoir_shadow:825;charjabug:631;lapras:625;abomasnow_shadow:587;spidops:559,malamar_mega:308;mawile_mega:372;swalot:388;jumpluff:428;cramorant:488
dubwool,Dubwool,88.8,110.6,143,128,2025,TAKE_DOWN,BODY_SLAM,WILD_CHARGE,87.8,71.3,91.1,76.2,vigoroth:628;charjabug:625;lapras:589;cramorant:582;mawile_mega:519,cradily:270;dragonair_shadow:362;malamar_mega:379;jumpluff:441;swalot:497
hypno,Hypno,88.8,103.4,142.9,147,2174,CONFUSION,SHADOW_BALL,THUNDER_PUNCH,89.3,76.7,90.8,84.5,cramorant:653;abomasnow_shadow:615;lapras:564;charjabug:527;dragonair_shadow:517,malamar_mega:283;mawile_mega:392;jumpluff:395;cradily:395;swalot:497
mamoswine_shadow,Mamoswine (Shadow),88.8,136.2,87.3,138,1642,POWDER_SNOW,ICICLE_SPEAR,HIGH_HORSEPOWER,90,72.4,87.8,46.2,jumpluff:851;malamar_mega:706;dragonair_shadow:670;cramorant:630;swalot:565,lapras:94;aurorus:140;mawile_mega:209;abomasnow_shadow:286;spidops:435
toucannon,Toucannon,88.8,137.2,96.7,123,1634,PECK,BEAK_BLAST,DRILL_PECK,87.5,75.9,89.9,60,spidops:914;dusknoir_shadow:849;fearow:711;jumpluff:703;swalot:504,dragonair_shadow:251;mawile_mega:321;lapras:371;charjabug:424;malamar_mega:450
machoke_shadow,Machoke (Shadow),88.7,126.7,97.3,143,1766,KARATE_CHOP,CROSS_CHOP,DYNAMIC_PUNCH,94,71.4,90.1,61.6,cradily:807;mawile_mega:744;dragonair_shadow:716;lapras:681;malamar_mega:618,jumpluff:251;dusknoir_shadow:277;charjabug:345;cramorant:384;swalot:488
orbeetle,Orbeetle,88.7,107.9,168.6,114,2075,PSYCHO_CUT,PSYSHOCK,BUG_BUZZ,90.1,78.1,90.1,77.8,vigoroth:596;swalot:570;malamar_mega:543;cradily:526;charjabug:504,cramorant:317;mawile_mega:403;jumpluff:408;dragonair_shadow:425;lapras:497
dragonair,Dragonair,88.6,125.2,112.4,127,1788,DRAGON_BREATH,AQUA_TAIL,DRAGON_PULSE,88.5,86.3,87.4,68.1,dusknoir_shadow:712;charjabug:653;electrode_hisuian:653;cradily:527;vigoroth:527,jumpluff:225;mawile_mega:260;malamar_mega:279;cramorant:396;swalot:415
pelipper,Pelipper,88.6,123.2,128.7,115,1825,WING_ATTACK,WEATHER_BALL_WATER,HURRICANE,85.8,85.6,88.1,71.3,spidops:786;jumpluff:695;toxapex:669;dragalge:665;fearow:513,charjabug:130;cramorant:329;malamar_mega:370;mawile_mega:423;swalot:432
cofagrigus_shadow,Cofagrigus (Shadow),88.5,111.7,165.3,109,2013,SHADOW_CLAW,SHADOW_BALL,ENERGY_BALL,80.3,71,94.5,60.8,swalot:610;vigoroth:610;charjabug:600;cradily:591;mawile_mega:555,malamar_mega:212;cramorant:265;dragonair_shadow:334;jumpluff:395;lapras:494
dewgong,Dewgong,88.5,101.9,136.9,157,2192,ICE_SHARD,ICY_WIND,DRILL_RUN,88.1,81.8,85.3,79.7,jumpluff:732;fearow:671;dragonair_shadow:589;dunsparce:585;swalot:554,malamar_mega:354;lapras:357;charjabug:404;cramorant:448;mawile_mega:469
fearow,Fearow,88.4,131.4,104.6,124,1706,PECK,DRILL_PECK,DRILL_RUN,86.1,90.6,89.7,68.6,spidops:915;dusknoir_shadow:850;cofagrigus:733;jumpluff:701;dragalge:612,dragonair_shadow:251;lapras:379;charjabug:416;swalot:426;malamar_mega:441
toxtricity,Toxtricity,88.4,141.2,95.3,118,1590,ACID,WILD_CHARGE,SWIFT,95.1,66.7,87.9,61,jumpluff:733;mawile_mega:627;swalot:627;malamar_mega:572;cramorant:542,spidops:209;piloswine:314;cradily:375;dunsparce:437;aurorus:442
blastoise,Blastoise,88.3,112.1,137.7,130,2008,BITE,HYDRO_CANNON,SKULL_BASH,86.1,81.8,88.3,76.4,dusknoir_shadow:765;swalot:646;vigoroth:600;cramorant:515;mawile_mega:511,charjabug:162;jumpluff:300;dragonair_shadow:362;malamar_mega:441;lapras:441
slowking_galarian,Slowking (Galarian),88.3,117.3,117.9,138,1910,ACID,PSYSHOCK,SHADOW_BALL,89.8,79.7,89.3,71.6,dragonair_shadow:750;jumpluff:630;swalot:590;lapras:576;charjabug:536,malamar_mega:212;mawile_mega:362;vigoroth:389;dusknoir_shadow:422;cradily:479
amaura,Amaura,88.2,114.2,104.1,165,1965,POWDER_SNOW,WEATHER_BALL_ICE,THUNDERBOLT,89.5,75.4,84.6,80.5,jumpluff:915;swalot:672;cramorant:566;charjabug:551;dragonair_shadow:527,mawile_mega:260;lapras:354;malamar_mega:383;vigoroth:389;dusknoir_shadow:455
dondozo,Dondozo,88.2,104.5,109.7,187,2146,WATERFALL,SURF,OUTRAGE,85.6,65.7,91.5,73.5,mawile_mega:719;aurorus:598;malamar_mega:588;dunsparce:558;dusknoir_shadow:513,jumpluff:215;charjabug:226;dragonair_shadow:377;cramorant:468;swalot:485
glalie,Glalie,88.2,115.2,120.7,140,1948,ROLLOUT,AVALANCHE,SHADOW_BALL,83.6,77.5,91.8,67.8,dragonair_shadow:750;abomasnow_shadow:728;jumpluff:710;charjabug:546;cramorant:542,mawile_mega:96;swalot:342;malamar_mega:358;cradily:368;lapras:413
victreebel_shadow,Victreebel (Shadow),88.2,135.1,93.5,131,1656,SUCKER_PUNCH,LEAF_BLADE,ACID_SPRAY,90.6,89.8,87.2,51.8,vigoroth:690;dusknoir_shadow:652;lapras:614;dunsparce:561;malamar_mega:538,swalot:342;dragonair_shadow:358;jumpluff:369;mawile_mega:403;charjabug:448
miltank,Miltank,88.1,105.3,134.8,150,2131,ROLLOUT,BODY_SLAM,ICE_BEAM,85.8,80.8,88.1,77.5,jumpluff:683;charjabug:616;abomasnow_shadow:613;dragonair_shadow:566;dusknoir_shadow:503,mawile_mega:275;malamar_mega:291;swalot:400;lapras:480;cramorant:484
runerigus,Runerigus,88.1,111.7,165.3,109,2013,SHADOW_CLAW,SHADOW_BALL,ROCK_TOMB,90.1,79.2,84.8,70.5,charjabug:821;mawile_mega:674;swalot:614;dragonair_shadow:513;malamar_mega:504,dusknoir_shadow:338;dunsparce:377;jumpluff:382;lapras:455;vigoroth:493
lickitung,Lickitung,87.9,96.6,127.7,186,2296,LICK,BODY_SLAM,POWER_WHIP,87.5,75.6,88.1,88.1,dragonair_shadow:626;piloswine:596;dusknoir_shadow:591;jumpluff:575;charjabug:508,malamar_mega:408;lapras:441;mawile_mega:454;cramorant:468;swalot:476
greedent,Greedent,87.8,106.8,110.7,177,2094,BITE,BODY_SLAM,TRAILBLAZE,85.8,87.5,86.2,82.4,lapras:638;stunfisk:615;charjabug:610;dusknoir_shadow:525;dunsparce:522,jumpluff:339;mawile_mega:377;malamar_mega:391;cramorant:392;swalot:447
dodrio,Dodrio,87.7,143.7,98.4,110,1557,PECK,DRILL_PECK,BRAVE_BIRD,90.1,81.8,87.8,45.6,dusknoir_shadow:831;malamar_mega:722;jumpluff:668;cramorant:645;swalot:572,mawile_mega:158;dragonair_shadow:287;lapras:379;charjabug:436;cradily:486
feraligatr,Feraligatr,87.6,123.8,117.3,125,1818,SHADOW_CLAW,HYDRO_CANNON,ICE_BEAM,85.3,91.4,88.8,61.8,dusknoir_shadow:708;mawile_mega:624;swalot:560;jumpluff:532;cramorant:508,cradily:309;charjabug:392;malamar_mega:416;dragonair_shadow:444;lapras:466
gliscor,Gliscor,87.6,115.6,144.4,116,1939,WING_ATTACK,NIGHT_SLASH,ACROBATICS,87.8,66.5,90.6,84,charjabug:728;jumpluff:719;malamar_mega:616;cradily:607;vigoroth:560,lapras:125;swalot:233;cramorant:273;dragonair_shadow:342;mawile_mega:367
golisopod,Golisopod,87.6,124,134.6,108,1804,FURY_CUTTER,X_SCISSOR,AQUA_JET,87,79.2,89,70.5,cradily:773;aurorus:740;malamar_mega:731;lapras:574;swalot:569,cramorant:178;jumpluff:287;dragonair_shadow:318;mawile_mega:382;charjabug:444
froslass_shadow,Froslass (Shadow),87.5,122.5,114.8,130,1831,POWDER_SNOW,AVALANCHE,SHADOW_BALL,79.7,64.4,92,60.8,cradily:857;swalot:661;jumpluff:623;vigoroth:569;charjabug:526,lapras:94;mawile_mega:158;malamar_mega:254;cramorant:265;dragonair_shadow:429
lumineon,Lumineon,87.5,109,137.4,137,2052,GUST,AQUA_TAIL,SILVER_WIND,89.1,85.5,85.1,82.4,dunsparce:613;lapras:609;spidops:598;malamar_mega:551;mawile_mega:525,swalot:321;charjabug:357;dragonair_shadow:385;jumpluff:388;cramorant:420
pachirisu,Pachirisu,87.5,91.5,157.1,142,2044,VOLT_SWITCH,HYPER_FANG,THUNDER_PUNCH,83,61.7,84.9,90.8,cramorant:704;fearow:676;lapras:623;mawile_mega:577;dunsparce:510,dragonair_shadow:370;malamar_mega:375;jumpluff:415;swalot:418;charjabug:488
arbok_shadow,Arbok (Shadow),87.4,123.7,120.1,122,1814,ACID,BRUTAL_SWING,WRAP,89.5,87.1,78.4,67.2,jumpluff:897;dusknoir_shadow:651;swalot:643;charjabug:524;cradily:508,dragonair_shadow:287;mawile_mega:367;lapras:396;vigoroth:462;malamar_mega:470
pidgeot,Pidgeot,87.4,116.9,115.5,142,1918,GUST,TWISTER,BRAVE_BIRD,85.1,67,92.4,77.2,swalot:697;mawile_mega:640;jumpluff:605;dusknoir_shadow:598;vigoroth:528,charjabug:222;cramorant:313;dragonair_shadow:318;lapras:351;malamar_mega:475
samurott,Samurott,87.4,128,100.8,136,1756,FURY_CUTTER,HYDRO_CANNON,MEGAHORN,84.3,94.5,87.9,53.7,malamar_mega:775;cradily:775;dusknoir_shadow:687;swalot:533;vigoroth:525,charjabug:162;dragonair_shadow:240;jumpluff:366;cramorant:408;mawile_mega:428
victreebel,Victreebel,87.4,135.1,93.5,131,1656,SUCKER_PUNCH,LEAF_BLADE,SLUDGE_BOMB,87,78.3,81.9,58.6,dusknoir_shadow:652;lapras:645;dunsparce:572;dragonair_shadow:568;charjabug:549,jumpluff:199;cramorant:242;swalot:307;mawile_mega:382;malamar_mega:487
aerodactyl_shadow,Aerodactyl (Shadow),87.3,134.4,103.3,120,1667,DRAGON_BREATH,ROCK_SLIDE,BRUTAL_SWING,95.3,97.4,79.8,43.2,jumpluff:870;lapras:745;cramorant:708;malamar_mega:662;dragonair_shadow:620,mawile_mega:311;dunsparce:315;swalot:345;charjabug:388;cradily:409
vespiquen,Vespiquen,87.3,108.8,143.4,132,2062,FURY_CUTTER,X_SCISSOR,POWER_GEM,85.3,86.3,84,76.7,malamar_mega:685;swalot:613;dusknoir_shadow:568;dunsparce:534;jumpluff:522,cramorant:273;mawile_mega:290;lapras:340;charjabug:472;dragonair_shadow:496
aipom,Aipom,87.2,124.3,106.7,135,1792,SCRATCH,SWIFT,AERIAL_ACE,88.8,83.2,80.2,70.8,dragonair_shadow:729;swalot:566;charjabug:525;lapras:525;mawile_mega:514,cramorant:265;dusknoir_shadow:322;jumpluff:362;cradily:385;malamar_mega:420
emolga,Emolga,87.2,127.5,110.2,125,1758,THUNDER_SHOCK,ACROBATICS,DISCHARGE,85.6,72.2,89.2,72.4,spidops:820;cramorant:776;jumpluff:636;mawile_mega:564;malamar_mega:524,dragonair_shadow:255;cradily:312;swalot:418;charjabug:432;lapras:472
slowbro,Slowbro,87.2,113.4,120.9,144,1975,CONFUSION,DRAIN_PUNCH,ICE_BEAM,91.6,78.9,81.2,76.7,jumpluff:659;lapras:656;cramorant:614;swalot:593;dragonair_shadow:559,malamar_mega:187;spidops:232;dusknoir_shadow:283;charjabug:321;mawile_mega:428
starmie_shadow,Starmie (Shadow),87.2,133.1,122,104,1690,PSYWAVE,AQUA_JET,POWER_GEM,89.6,89.4,78.4,44.5,lapras:774;swalot:677;cramorant:629;mawile_mega:552;charjabug:514,jumpluff:199;dusknoir_shadow:238;dragonair_shadow:287;malamar_mega:362;cradily:437
hakamo_o,Hakamo-o,87.1,115.5,135.5,124,1942,DRAGON_TAIL,BRICK_BREAK,ROCK_TOMB,83,69.9,72.9,77.2,charjabug:766;dunsparce:729;electrode_hisuian:709;cradily:629;spidops:576,jumpluff:218;mawile_mega:219;cramorant:317;malamar_mega:366;swalot:450
machamp_shadow,Machamp (Shadow),87,135.4,98.6,124,1656,KARATE_CHOP,CROSS_CHOP,ROCK_SLIDE,93.1,89.1,88.6,43.5,dunsparce:842;vigoroth:737;cradily:733;lapras:705;dragonair_shadow:673,jumpluff:366;malamar_mega:441;swalot:450;mawile_mega:454;charjabug:488
lopunny,Lopunny,86.9,112,143.6,124,1996,LOW_KICK,THUNDER_PUNCH,TRIPLE_AXEL,84.6,85.5,84.6,78.3,dunsparce:737;jumpluff:625;vigoroth:600;cradily:580;lapras:568,swalot:239;cramorant:329;charjabug:341;malamar_mega:345;mawile_mega:387
hawlucha,Hawlucha,86.8,127.4,107.6,128,1756,LOW_KICK,FLYING_PRESS,AERIAL_ACE,85.1,71.3,89.3,66.2,cradily:839;vigoroth:761;lapras:683;mawile_mega:578;dragonair_shadow:503,cramorant:162;charjabug:289;jumpluff:320;swalot:321;malamar_mega:495
noctowl,Noctowl,86.8,105.3,120.1,168,2126,WING_ATTACK,SHADOW_BALL,RETURN,83.5,62.5,92.9,67.8,dusknoir_shadow:815;jumpluff:636;malamar_mega:580;cramorant:577;dragonair_shadow:568,charjabug:210;lapras:343;swalot:362;mawile_mega:372;cradily:388
tentacruel,Tentacruel,86.8,108.9,143.5,131,2047,ACID,SCALD,PAYBACK,84.3,64.4,89.7,67,swalot:660;cradily:652;jumpluff:645;cramorant:595;mawile_mega:576,malamar_mega:187;charjabug:210;dragonair_shadow:263;lapras:416;vigoroth:448
dartrix,Dartrix,86.7,112.4,115.5,154,2001,PECK,BRAVE_BIRD,ENERGY_BALL,84.3,60.6,91.6,63.2,charjabug:616;malamar_mega:584;vigoroth:584;cramorant:522;jumpluff:506,dragonair_shadow:263;swalot:283;cradily:312;lapras:444;mawile_mega:469
trumbeak_shadow,Trumbeak (Shadow),86.7,133.7,94.3,132,1665,PECK,DRILL_PECK,ROCK_BLAST,92.3,85.9,86.3,43.5,jumpluff:844;dusknoir_shadow:837;malamar_mega:693;cramorant:617;charjabug:503,dragonair_shadow:322;mawile_mega:403;cradily:406;lapras:432;swalot:438
ariados,Ariados,86.6,124.2,103.8,140,1806,POISON_STING,LUNGE,FOUL_PLAY,87.8,78.3,85.5,70.5,malamar_mega:675;cradily:642;charjabug:596;jumpluff:575;dragonair_shadow:550,cramorant:178;lapras:315;mawile_mega:367;dusknoir_shadow:438;swalot:467
gligar,Gligar,86.6,108.4,145.3,131,2065,WING_ATTACK,NIGHT_SLASH,DIG,84.5,74,84.2,88.3,charjabug:736;stunfisk:713;dunsparce:576;fearow:538;spidops:519,swalot:228;cramorant:265;jumpluff:415;malamar_mega:441;mawile_mega:489
skarmory_mega,Skarmory (Mega),86.6,142.4,123.1,90,1578,AIR_SLASH,BRAVE_BIRD,DRILL_RUN,77.8,45.7,91.6,64.3,swalot:744;jumpluff:627;mawile_mega:616;vigoroth:583;dragonair_shadow:505,aurorus:112;lapras:178;charjabug:226;malamar_mega:237;dusknoir_shadow:277
feraligatr_shadow,Feraligatr (Shadow),86.5,123.8,117.3,125,1818,SHADOW_CLAW,HYDRO_CANNON,ICE_BEAM,79.8,96,88.6,44.8,malamar_mega:756;aurorus:716;dusknoir_shadow:660;mawile_mega:620;dunsparce:560,jumpluff:133;cramorant:222;dragonair_shadow:279;swalot:444;charjabug:476
maushold,Maushold,86.5,116.2,121.9,136,1928,TAKE_DOWN,SWIFT,CRUNCH,83.1,72.6,81.4,73.7,toxapex:647;charjabug:577;lapras:555;vigoroth:529;spidops:503,malamar_mega:254;dragonair_shadow:389;mawile_mega:392;jumpluff:401;swalot:444
steelix_mega,Steelix (Mega),86.5,112.2,175.9,101,1995,THUNDER_FANG,PSYCHIC_FANGS,CRUNCH,85.5,66.4,74.7,91,cramorant:861;malamar_mega:856;swalot:643;mawile_mega:628;jumpluff:554,dunsparce:353;dusknoir_shadow:355;dragonair_shadow:366;cradily:399;vigoroth:444
cradily_shadow,Cradily (Shadow),86.4,105.2,140.3,144,2126,ACID,ROCK_TOMB,GRASS_KNOT,86.8,62.4,87.6,65.9,malamar_mega:770;jumpluff:690;charjabug:638;cramorant:572;dragonair_shadow:562,aurorus:112;dusknoir_shadow:205;swalot:312;mawile_mega:428;spidops:438
dewott,Dewott,86.4,122.6,99.7,149,1823,FURY_CUTTER,AQUA_TAIL,X_SCISSOR,88.6,85.9,80.9,70,malamar_mega:815;dunsparce:634;mawile_mega:630;lapras:546;vigoroth:510,charjabug:313;jumpluff:372;swalot:423;dragonair_shadow:448;cramorant:456
heracross,Heracross,86.4,134.6,108.4,114,1665,FURY_CUTTER,UPPER_HAND,ROCK_TOMB,85.5,70.2,87.4,58.6,cradily:820;vigoroth:732;dunsparce:671;malamar_mega:622;charjabug:530,cramorant:138;dragonair_shadow:287;swalot:336;mawile_mega:362;jumpluff:447
poliwrath,Poliwrath,86.4,115.8,122,137,1936,MUD_SHOT,ICY_WIND,DYNAMIC_PUNCH,86.1,77.3,86.7,73.7,jumpluff:620;swalot:613;dragonair_shadow:540;lapras:529;mawile_mega:518,cramorant:206;charjabug:226;dusknoir_shadow:327;malamar_mega:345;cradily:347
primeape_shadow,Primeape (Shadow),86.4,138.7,100.1,116,1611,KARATE_CHOP,RAGE_FIST,ICE_PUNCH,94,85,78.4,46.2,cradily:715;mawile_mega:685;vigoroth:685;dragonair_shadow:607;lapras:599,swalot:286;charjabug:325;cramorant:361;malamar_mega:412;jumpluff:437
gourgeist_super,Gourgeist (Super),86.3,115,131.6,129,1954,INCINERATE,SHADOW_BALL,SEED_BOMB,82.8,83.7,87.2,85.6,vigoroth:709;charjabug:705;dragonair_shadow:616;mawile_mega:612;cradily:550,malamar_mega:204;cramorant:293;lapras:351;swalot:385;jumpluff:434
linoone,Linoone,86.3,114.1,111.7,154,1965,SHADOW_CLAW,SWIFT,GRASS_KNOT,86.6,83.5,86.5,79.4,dusknoir_shadow:811;lapras:584;electrode_hisuian:577;charjabug:551;spidops:522,malamar_mega:308;cramorant:325;jumpluff:349;mawile_mega:397;swalot:400
mamoswine,Mamoswine,86.3,136.2,87.3,138,1642,POWDER_SNOW,ICICLE_SPEAR,HIGH_HORSEPOWER,82.8,70.8,86.7,50.8,jumpluff:887;cradily:865;dusknoir_shadow:648;swalot:644;charjabug:644,lapras:94;mawile_mega:158;cramorant:242;dragonair_shadow:393;malamar_mega:450
wartortle_shadow,Wartortle (Shadow),86.3,107.6,139,139,2080,BITE,AQUA_JET,ICE_BEAM,81.8,86.3,87.2,61.6,dusknoir_shadow:737;aurorus:694;dunsparce:629;swalot:604;jumpluff:575,dragonair_shadow:161;charjabug:162;cramorant:388;mawile_mega:392;malamar_mega:437
gourgeist_average,Gourgeist (Average),86.2,115.9,145,115,1934,INCINERATE,SHADOW_BALL,SEED_BOMB,83.1,84.2,87.2,82.1,vigoroth:747;charjabug:686;mawile_mega:591;cradily:586;dragonair_shadow:578,jumpluff:212;cramorant:297;lapras:354;malamar_mega:362;swalot:426
ledian_shadow,Ledian (Shadow),86.2,101.3,162.5,134,2208,ROLLOUT,DYNAMIC_PUNCH,ACROBATICS,80.8,60.1,86.7,64,jumpluff:906;toxapex:652;dusknoir_shadow:563;malamar_mega:537;vigoroth:529,charjabug:198;cramorant:226;mawile_mega:408;swalot:429;dragonair_shadow:468
gyarados_shadow,Gyarados (Shadow),86.1,130.7,108.5,121,1717,DRAGON_BREATH,AQUA_TAIL,TWISTER,90.5,84.3,84.6,45.4,fearow:735;dragonair_shadow:698;dusknoir_shadow:623;swalot:549;aurorus:504,charjabug:182;jumpluff:303;mawile_mega:362;lapras:379;malamar_mega:466
quagsire_shadow,Quagsire (Shadow),86.1,111.2,112.6,161,2018,MUD_SHOT,AQUA_TAIL,STONE_EDGE,85.5,58.5,85.1,67.2,charjabug:664;swalot:655;mawile_mega:621;malamar_mega:534;dragonair_shadow:503,jumpluff:35;cramorant:194;cradily:222;dunsparce:399;lapras:452
arbok,Arbok,86,123.7,120.1,122,1814,ACID,BRUTAL_SWING,WRAP,86.3,80.8,79.3,72.7,electrode_hisuian:831;spidops:618;swalot:606;jumpluff:586;charjabug:512,lapras:329;mawile_mega:362;malamar_mega:408;dragonair_shadow:440;cramorant:476
throh_shadow,Throh (Shadow),86,110.2,107.7,171,2032,LOW_KICK,BRICK_BREAK,BODY_SLAM,87.3,73,79.3,81.6,cradily:850;lapras:763;charjabug:549;dragonair_shadow:520;mawile_mega:502,dusknoir_shadow:211;jumpluff:228;cramorant:349;malamar_mega:395;swalot:447
aipom_shadow,Aipom (Shadow),85.9,124.3,106.7,135,1792,SCRATCH,SWIFT,AERIAL_ACE,88.1,84.2,82.1,57.2,fearow:762;spidops:644;dunsparce:596;jumpluff:503;dragonair_shadow:503,cramorant:265;mawile_mega:341;swalot:394;charjabug:420;malamar_mega:454
diggersby,Diggersby,85.9,95.7,140.3,174,2337,MUD_SHOT,FIRE_PUNCH,SCORCHING_SANDS,83,70.8,86.2,87.8,mawile_mega:784;charjabug:652;swalot:640;dusknoir_shadow:606;vigoroth:531,cramorant:138;jumpluff:316;lapras:332;malamar_mega:375;dragonair_shadow:409
girafarig_shadow,Girafarig (Shadow),85.9,130.3,101.5,130,1721,CONFUSION,PSYCHIC_FANGS,TRAILBLAZE,94.1,93.6,67.3,56.7,dusknoir_shadow:726;charjabug:707;cramorant:650;swalot:646;lapras:519,malamar_mega:295;jumpluff:339;dragonair_shadow:358;mawile_mega:377;cradily:461
houndoom_mega,Houndoom (Mega),85.9,149,104.2,97,1508,INCINERATE,FLAMETHROWER,TRAILBLAZE,82.3,75.1,91.6,46.7,malamar_mega:788;cradily:747;dusknoir_shadow:716;vigoroth:685;mawile_mega:525,dragonair_shadow:192;jumpluff:316;swalot:441;charjabug:476;cramorant:492
gligar_shadow,Gligar (Shadow),85.8,108.4,145.3,131,2065,WING_ATTACK,NIGHT_SLASH,DIG,86.8,74.6,83,82.9,charjabug:690;mawile_mega:664;electrode_hisuian:645;dunsparce:580;cradily:545,swalot:280;cramorant:321;malamar_mega:337;dragonair_shadow:397;jumpluff:454
rufflet,Rufflet,85.8,126.7,92.1,152,1775,PECK,BRAVE_BIRD,FLY,77.2,51.2,90.1,62.7,dusknoir_shadow:769;spidops:611;jumpluff:582;vigoroth:539;swalot:516,charjabug:202;malamar_mega:212;cramorant:242;dragonair_shadow:279;mawile_mega:484
girafarig,Girafarig,85.7,130.3,101.5,130,1721,CONFUSION,PSYCHIC_FANGS,TRAILBLAZE,88.8,85.1,72.6,71,dusknoir_shadow:753;aurorus:711;swalot:700;lapras:569;vigoroth:503,malamar_mega:241;mawile_mega:295;jumpluff:385;charjabug:436;cramorant:448
gurdurr_shadow,Gurdurr (Shadow),85.7,125.3,100.1,143,1795,LOW_KICK,BRICK_BREAK,STONE_EDGE,84.6,84.2,80.7,58.3,cradily:821;lapras:716;malamar_mega:576;mawile_mega:506;charjabug:506,jumpluff:120;dusknoir_shadow:244;cramorant:285;dragonair_shadow:318;swalot:412
kecleon,Kecleon,85.7,115.5,142.2,118,1940,SUCKER_PUNCH,THUNDER_PUNCH,DYNAMIC_PUNCH,80.6,70.8,89,70.5,dunsparce:724;vigoroth:605;cramorant:588;cradily:546;lapras:538,malamar_mega:233;dragonair_shadow:279;jumpluff:320;swalot:330;mawile_mega:454
machamp,Machamp,85.6,135.4,98.6,124,1656,KARATE_CHOP,CROSS_CHOP,ROCK_SLIDE,88.3,71.8,83.7,60.5,vigoroth:802;aurorus:802;cradily:733;dunsparce:701;lapras:625,cramorant:123;jumpluff:333;malamar_mega:354;mawile_mega:392;swalot:450
salamence_shadow,Salamence (Shadow),85.6,143.4,93,117,1562,DRAGON_TAIL,FLY,BRUTAL_SWING,88.1,59.8,90.8,37.8,spidops:739;fearow:688;charjabug:632;jumpluff:606;dusknoir_shadow:534,mawile_mega:204;dragonair_shadow:334;cramorant:444;malamar_mega:450;swalot:464
qwilfish_shadow,Qwilfish (Shadow),85.5,131.1,105.5,123,1703,POISON_STING,AQUA_TAIL,SHADOW_BALL,89.8,87.2,84.6,37.5,swalot:646;cramorant:634;dusknoir_shadow:605;mawile_mega:585;dragonair_shadow:528,lapras:259;cradily:284;charjabug:349;malamar_mega:366;jumpluff:470
castform,Castform,85.4,112.6,121.2,146,1994,HEX,WEATHER_BALL_ROCK,ENERGY_BALL,83.8,71.4,86.2,75.4,spidops:708;toxapex:640;lapras:626;charjabug:606;cramorant:544,malamar_mega:245;swalot:345;dragonair_shadow:354;mawile_mega:413;jumpluff:415
gourgeist_large,Gourgeist (Large),85.4,115.9,137.2,122,1940,INCINERATE,SHADOW_BALL,SEED_BOMB,81.6,82.8,86.5,81.8,vigoroth:758;charjabug:696;cradily:602;mawile_mega:598;dragonair_shadow:598,malamar_mega:204;jumpluff:212;cramorant:297;lapras:354;swalot:426
teddiursa_shadow,Teddiursa (Shadow),85.4,131.5,90.4,142,1690,SCRATCH,SWIFT,CROSS_CHOP,92.1,92,79.6,42.1,vigoroth:742;aurorus:742;dragonair_shadow:679;cramorant:665;dunsparce:588,jumpluff:372;mawile_mega:397;charjabug:432;swalot:435;malamar_mega:466
avalugg,Avalugg,85.1,111.7,141.3,127,2007,ICE_FANG,AVALANCHE,BODY_SLAM,83.8,60.6,87.6,81.3,jumpluff:740;vigoroth:602;charjabug:582;cradily:555;dragonair_shadow:543,mawile_mega:188;lapras:262;malamar_mega:329;dusknoir_shadow:338;swalot:453
dewgong_shadow,Dewgong (Shadow),85.1,101.9,136.9,157,2192,ICE_SHARD,ICY_WIND,DRILL_RUN,85.5,76.5,82.6,66.2,jumpluff:671;mawile_mega:662;cramorant:621;abomasnow_shadow:573;cradily:554,malamar_mega:383;lapras:393;charjabug:424;swalot:450;dragonair_shadow:476
grafaiai,Grafaiai,85.1,134.2,107.7,115,1664,SCRATCH,POISON_FANG,FOUL_PLAY,84.6,86.4,79.1,73.5,electrode_hisuian:821;spidops:643;swalot:573;cradily:534;jumpluff:530,dragonair_shadow:287;mawile_mega:387;charjabug:408;malamar_mega:454;cramorant:480
milotic,Milotic,85.1,113.1,133.8,131,1985,WATERFALL,AQUA_TAIL,WRAP,82.6,65.4,77,82.1,piloswine:881;aurorus:877;fearow:580;vigoroth:522;mawile_mega:507,charjabug:242;jumpluff:254;swalot:371;cramorant:400;malamar_mega:487
politoed_shadow,Politoed (Shadow),85,114,124.2,139,1970,MUD_SHOT,WEATHER_BALL_WATER,ICE_BEAM,82.1,87.5,82.8,58.6,dragalge:780;mawile_mega:625;swalot:571;fearow:528;vigoroth:525,charjabug:265;dragonair_shadow:279;cramorant:321;malamar_mega:345;jumpluff:480
samurott_shadow,Samurott (Shadow),85,128,100.8,136,1756,FURY_CUTTER,HYDRO_CANNON,MEGAHORN,84.8,84.3,84.9,41,cradily:775;malamar_mega:716;vigoroth:702;dusknoir_shadow:621;charjabug:555,jumpluff:133;cramorant:178;dragonair_shadow:318;swalot:391;mawile_mega:479
trevenant_shadow,Trevenant (Shadow),85,127.8,104.6,131,1752,SHADOW_CLAW,SHADOW_BALL,SEED_BOMB,80.6,82.1,82.8,57.5,quagsire_shadow:732;electrode_hisuian:606;vigoroth:599;charjabug:568;lapras:553,jumpluff:199;cramorant:242;mawile_mega:260;malamar_mega:462;swalot:470
charizard_mega_x,Charizard (Mega X),84.9,140.9,115.4,98,1595,DRAGON_BREATH,BLAST_BURN,AIR_CUTTER,86.1,85.1,85.8,38.6,jumpluff:719;charjabug:653;dusknoir_shadow:627;swalot:602;mawile_mega:520,malamar_mega:254;cramorant:265;dragonair_shadow:429;cradily:461;lapras:491
drampa,Drampa,84.9,136.8,104.2,115,1640,DRAGON_BREATH,SWIFT,DRAGON_PULSE,84.1,75.3,77.9,53.7,dusknoir_shadow:708;spidops:617;electrode_hisuian:600;charjabug:578;dunsparce:560,mawile_mega:229;malamar_mega:254;cramorant:265;swalot:345;jumpluff:352
hippowdon,Hippowdon,84.9,116.1,116.7,142,1926,SAND_ATTACK,WEATHER_BALL_ROCK,EARTH_POWER,81.6,81.8,86.2,72.7,toxapex:785;swalot:739;charjabug:714;mawile_mega:683;dusknoir_shadow:514,dragonair_shadow:145;lapras:315;cramorant:353;malamar_mega:375;jumpluff:405
nidoking,Nidoking,84.9,129.4,105.2,127,1731,POISON_STING,AVALANCHE,EARTH_POWER,78.5,76.1,92.2,55.9,jumpluff:917;electrode_hisuian:917;charjabug:720;mawile_mega:665;cradily:598,cramorant:162;dragonair_shadow:181;lapras:198;malamar_mega:412;swalot:464
quagsire,Quagsire,84.9,111.2,112.6,161,2018,MUD_SHOT,AQUA_TAIL,STONE_EDGE,85.5,58.9,82.5,76.2,malamar_mega:726;mawile_mega:689;swalot:624;lapras:605;vigoroth:571,jumpluff:35;dragonair_shadow:259;cradily:281;cramorant:444;charjabug:472
stunfisk,Stunfisk,84.9,101.4,126.6,172,2212,THUNDER_SHOCK,MUD_BOMB,DISCHARGE,82.8,67.5,84,85.9,cramorant:843;mawile_mega:703;swalot:598;lapras:593;charjabug:508,jumpluff:323;dragonair_shadow:374;cradily:385;vigoroth:475;malamar_mega:491
bellibolt,Bellibolt,84.8,115,110.1,154,1953,THUNDER_SHOCK,ZAP_CANNON,PARABOLIC_CHARGE,85.1,60,88.1,68.3,cramorant:639;malamar_mega:629;jumpluff:571;mawile_mega:571;charjabug:558,dragonair_shadow:133;dusknoir_shadow:205;cradily:309;vigoroth:389;swalot:482
gourgeist_small,Gourgeist (Small),84.8,116.8,152.9,107,1913,INCINERATE,SHADOW_BALL,SEED_BOMB,82,82.8,85.6,78.1,vigoroth:742;charjabug:672;mawile_mega:574;cradily:565;dragonair_shadow:556,jumpluff:212;cramorant:297;lapras:357;malamar_mega:362;swalot:388
servine,Servine,84.8,105.8,140.3,142,2110,VINE_WHIP,GRASS_KNOT,WRAP,79.5,67.1,78.9,89.7,stunfisk:848;electrode_hisuian:753;lapras:728;dunsparce:672;dusknoir_shadow:503,mawile_mega:311;jumpluff:343;cramorant:376;swalot:377;malamar_mega:420
ampharos_shadow,Ampharos (Shadow),84.7,126.8,107.9,129,1766,VOLT_SWITCH,BRUTAL_SWING,TRAILBLAZE,86.3,88,77,62.1,cramorant:887;lapras:763;malamar_mega:686;dusknoir_shadow:589;mawile_mega:538,dragonair_shadow:192;cradily:329;swalot:339;charjabug:388;jumpluff:483
barbaracle,Barbaracle,84.7,120.9,133,115,1851,FURY_CUTTER,CROSS_CHOP,STONE_EDGE,82.8,90.6,77.3,64,lapras:795;aurorus:769;malamar_mega:760;vigoroth:682;dragonair_shadow:530,jumpluff:133;charjabug:162;mawile_mega:372;swalot:403;cramorant:408
croconaw_shadow,Croconaw (Shadow),84.7,117.7,120,135,1908,SCRATCH,ICE_PUNCH,WATER_PULSE,80.6,95,83.7,48.1,aurorus:707;mawile_mega:622;vigoroth:533;swalot:525;cramorant:518,dragonair_shadow:240;charjabug:242;lapras:391;malamar_mega:441;jumpluff:467
gyarados,Gyarados,84.7,130.7,108.5,121,1717,DRAGON_BREATH,AQUA_TAIL,TWISTER,86.3,80.5,82.8,62.4,dragonair_shadow:698;dragalge:669;swalot:628;mawile_mega:561;cramorant:504,charjabug:130;cradily:288;malamar_mega:358;lapras:365;jumpluff:392
raichu_alolan,Raichu (Alolan),84.7,135.4,109.9,111,1653,VOLT_SWITCH,VOLT_TACKLE,PSYSHOCK,85.3,84.2,85.6,58.3,malamar_mega:815;lapras:815;vigoroth:725;cramorant:675;mawile_mega:599,dragonair_shadow:161;cradily:288;charjabug:361;jumpluff:388;swalot:476
starmie,Starmie,84.7,133.1,122,104,1690,PSYWAVE,AQUA_JET,POWER_GEM,83.1,73.2,78.9,52.7,aurorus:730;lapras:591;dragonair_shadow:586;mawile_mega:538;dunsparce:514,jumpluff:133;charjabug:242;cramorant:265;malamar_mega:316;swalot:470
diggersby_shadow,Diggersby (Shadow),84.6,95.7,140.3,174,2337,MUD_SHOT,SCORCHING_SANDS,FIRE_PUNCH,83,69.1,86.7,80.5,charjabug:752;mawile_mega:678;swalot:586;dunsparce:554;dusknoir_shadow:534,cramorant:138;malamar_mega:308;jumpluff:349;dragonair_shadow:448;lapras:488
marowak,Marowak,84.6,109.6,148.8,125,2041,MUD_SLAP,BONE_CLUB,ROCK_SLIDE,86.3,65.1,80.9,76.7,charjabug:740;swalot:720;mawile_mega:652;malamar_mega:568;dragonair_shadow:524,jumpluff:248;lapras:321;cramorant:444;dusknoir_shadow:461;vigoroth:475
trevenant,Trevenant,84.6,127.8,104.6,131,1752,SHADOW_CLAW,SEED_BOMB,SHADOW_BALL,82.1,71,82.6,64.8,charjabug:629;vigoroth:603;mawile_mega:526;dragonair_shadow:519;cradily:511,jumpluff:160;cramorant:222;swalot:260;malamar_mega:387;lapras:418
dragonite_mega,Dragonite (Mega),84.5,137.2,119.1,100,1636,DRAGON_BREATH,SUPER_POWER,THUNDER_PUNCH,81.6,52.3,86.9,44,vigoroth:695;fearow:695;cramorant:665;dusknoir_shadow:635;lapras:590,mawile_mega:96;swalot:213;jumpluff:238;malamar_mega:254;charjabug:420
latias_mega,Latias (Mega),84.5,133.1,138.1,91,1675,DRAGON_BREATH,AURA_SPHERE,MIST_BALL,79.2,66.5,84.2,48.1,electrode_hisuian:884;vigoroth:774;lapras:697;dunsparce:527;cradily:516,jumpluff:160;swalot:187;cramorant:265;mawile_mega:346;malamar_mega:475
munchlax,Munchlax,84.5,103.1,96.5,218,2172,TACKLE,BODY_SLAM,BULLDOZE,85,79.7,84.6,72.9,toxapex:660;dragonair_shadow:630;fearow:616;dunsparce:589;swalot:525,jumpluff:349;charjabug:416;malamar_mega:420;mawile_mega:428;cramorant:432
pidgeot_shadow,Pidgeot (Shadow),84.5,116.9,115.5,142,1918,GUST,TWISTER,BRAVE_BIRD,78.8,65.7,90.4,74.5,spidops:598;jumpluff:552;vigoroth:545;dusknoir_shadow:517;dunsparce:507,mawile_mega:209;swalot:222;charjabug:261;malamar_mega:295;cramorant:301
quaquaval,Quaquaval,84.5,137.7,98.6,120,1630,LOW_KICK,CLOSE_COMBAT,HYDRO_CANNON,82.1,74,87.9,53.5,cradily:766;lapras:629;swalot:545;malamar_mega:537;dragonair_shadow:533,jumpluff:215;mawile_mega:234;cramorant:341;charjabug:376;dusknoir_shadow:450
blastoise_shadow,Blastoise (Shadow),84.4,112.1,137.7,130,2008,BITE,HYDRO_CANNON,SKULL_BASH,80,80.7,87.8,52.7,aurorus:769;dusknoir_shadow:719;dunsparce:603;swalot:573;cramorant:550,dragonair_shadow:161;charjabug:162;jumpluff:431;mawile_mega:438;malamar_mega:445
croconaw,Croconaw,84.4,117.7,120,135,1908,SCRATCH,ICE_PUNCH,WATER_PULSE,83.3,83.5,85.3,60.2,dragonair_shadow:744;aurorus:703;spidops:570;jumpluff:529;vigoroth:511,charjabug:301;swalot:353;malamar_mega:358;cramorant:376;mawile_mega:403
mismagius,Mismagius,84.4,131.6,123.6,104,1693,PSYWAVE,SHADOW_BALL,MYSTICAL_FIRE,83.8,73.4,81,55.9,swalot:764;quagsire_shadow:653;vigoroth:644;mawile_mega:548;charjabug:509,malamar_mega:87;cramorant:277;jumpluff:372;dragonair_shadow:413;lapras:438
swanna,Swanna,84.4,128.5,101,134,1742,GUST,AQUA_JET,FLY,82.8,64.3,87.8,60.8,aurorus:712;jumpluff:626;mawile_mega:578;vigoroth:529;cramorant:514,charjabug:194;malamar_mega:275;dragonair_shadow:358;lapras:363;swalot:482
swanna_shadow,Swanna (Shadow),84.4,128.5,101,134,1742,GUST,AQUA_JET,FLY,81,65.2,87.1,57.5,spidops:727;abomasnow_shadow:727;jumpluff:604;swalot:574;mawile_mega:537,charjabug:182;malamar_mega:316;dragonair_shadow:334;cramorant:384;lapras:416
teddiursa,Teddiursa,84.4,131.5,90.4,142,1690,SCRATCH,SWIFT,CROSS_CHOP,85.5,79.2,79.3,60.2,dragonair_shadow:742;abomasnow_shadow:742;spidops:654;dunsparce:619;swalot:521,cramorant:265;mawile_mega:362;jumpluff:428;malamar_mega:429;charjabug:456
xatu_shadow,Xatu (Shadow),84.4,132.2,107.9,119,1698,PECK,PSYSHOCK,AERIAL_ACE,87.5,83.9,84.8,40,swalot:794;jumpluff:693;vigoroth:659;cramorant:626;charjabug:512,dragonair_shadow:287;malamar_mega:320;mawile_mega:397;cradily:406;lapras:430
electrode_hisuian,Electrode (Hisuian),84.3,123.2,128.7,115,1825,THUNDER_SHOCK,WILD_CHARGE,ENERGY_BALL,80.6,58.1,89,59.1,lapras:821;dusknoir_shadow:708;mawile_mega:630;cramorant:604;jumpluff:552,cradily:239;charjabug:309;swalot:350;dragonair_shadow:413;malamar_mega:433
hitmonlee_shadow,Hitmonlee (Shadow),84.3,141.8,118.9,94,1586,LOW_KICK,BLAZE_KICK,BRICK_BREAK,88,78.1,83.3,44,cradily:728;vigoroth:675;mawile_mega:659;charjabug:648;lapras:569,malamar_mega:266;swalot:324;cramorant:333;jumpluff:343;dragonair_shadow:354
raichu,Raichu,84.3,133.5,110.6,114,1685,VOLT_SWITCH,VOLT_TACKLE,TRAILBLAZE,83.8,64.6,86.3,65.9,malamar_mega:728;cramorant:653;mawile_mega:574;jumpluff:557;swalot:552,dragonair_shadow:173;abomasnow_shadow:178;cradily:291;charjabug:321;dunsparce:423
venusaur_shadow,Venusaur (Shadow),84.3,122.1,122.1,123,1836,VINE_WHIP,FRENZY_PLANT,SLUDGE,78.3,83.1,88.5,51.8,electrode_hisuian:873;lapras:638;dunsparce:577;charjabug:532;vigoroth:516,dragonair_shadow:161;swalot:271;jumpluff:343;mawile_mega:392;malamar_mega:466
altaria_mega,Altaria (Mega),84.2,126.2,128.5,109,1769,DRAGON_BREATH,MOONBLAST,FLAMETHROWER,73.8,56,90.1,62.1,charjabug:669;electrode_hisuian:669;dragonair_shadow:623;cramorant:536;spidops:522,mawile_mega:107;jumpluff:160;swalot:213;malamar_mega:291;lapras:430
audino_mega,Audino (Mega),84.2,95.6,160.3,153,2347,CHARGE_BEAM,BODY_SLAM,DISARMING_VOICE,80,75.9,83.5,85.1,mantine:702;cofagrigus:611;dusknoir_shadow:601;dunsparce:558;spidops:545,mawile_mega:275;jumpluff:343;swalot:388;malamar_mega:408;charjabug:412
avalugg_hisuian,Avalugg (Hisuian),84.2,116.4,135.1,122,1921,POWDER_SNOW,ROCK_SLIDE,ICY_WIND,82.3,59,79.3,70.5,jumpluff:668;charjabug:663;swalot:643;cramorant:553;dragonair_shadow:504,lapras:64;mawile_mega:158;dusknoir_shadow:272;malamar_mega:383;vigoroth:486
conkeldurr_shadow,Conkeldurr (Shadow),84.2,134,93.8,133,1673,FORCE_PALM,DYNAMIC_PUNCH,BRUTAL_SWING,82.5,75.3,74.7,60.8,cradily:770;vigoroth:695;lapras:601;malamar_mega:522;dusknoir_shadow:522,jumpluff:140;cramorant:253;mawile_mega:372;swalot:377;charjabug:396
dewott_shadow,Dewott (Shadow),84.2,124.1,99.7,146,1808,FURY_CUTTER,AQUA_TAIL,X_SCISSOR,88.8,75.4,81.8,47.8,cradily:791;malamar_mega:750;dragonair_shadow:671;mawile_mega:537;lapras:506,cramorant:178;jumpluff:267;swalot:315;charjabug:420;dusknoir_shadow:477
gliscor_shadow,Gliscor (Shadow),84.1,115.6,144.4,116,1939,WING_ATTACK,NIGHT_SLASH,ACROBATICS,84.8,74.3,89.2,70.2,spidops:788;charjabug:711;jumpluff:633;dunsparce:551;cradily:521,dragonair_shadow:216;mawile_mega:290;cramorant:353;malamar_mega:358;swalot:464
amoonguss,Amoonguss,84,109.3,105.9,177,2050,ASTONISH,GRASS_KNOT,FOUL_PLAY,80.3,60.9,86.5,75.6,toxapex:638;electrode_hisuian:627;dusknoir_shadow:573;cramorant:511;charjabug:505,malamar_mega:208;dragonair_shadow:279;swalot:324;jumpluff:434;mawile_mega:448
baxcalibur,Baxcalibur,84,135.6,95.7,127,1650,DRAGON_BREATH,GLAIVE_RUSH,AVALANCHE,77.8,64.9,90.9,41.6,cradily:779;jumpluff:622;charjabug:578;cramorant:535;vigoroth:503,mawile_mega:107;swalot:213;malamar_mega:254;dragonair_shadow:429;lapras:438
bellossom_shadow,Bellossom (Shadow),84,115,132.2,128,1948,ACID,LEAF_BLADE,DAZZLING_GLEAM,81.8,72.2,80.3,64,quagsire_shadow:925;stunfisk:769;piloswine:679;electrode_hisuian:652;dunsparce:593,swalot:204;jumpluff:238;mawile_mega:367;malamar_mega:450;cramorant:452
drifblim,Drifblim,84,119.1,75.7,209,1887,HEX,ICY_WIND,SHADOW_BALL,84,64.6,83.7,69.1,vigoroth:700;jumpluff:686;dragonair_shadow:643;mawile_mega:624;swalot:576,charjabug:142;malamar_mega:150;lapras:340;cradily:434;cramorant:492
lileep,Lileep,84,100.8,138.6,151,2111,ACID,GRASS_KNOT,ANCIENT_POWER,77.2,61.1,87.6,72.4,jumpluff:685;dunsparce:635;fearow:609;cramorant:556;vigoroth:513,swalot:239;mawile_mega:321;malamar_mega:341;charjabug:420;dragonair_shadow:460
nidoking_shadow,Nidoking (Shadow),84,129.4,105.2,127,1731,POISON_STING,AVALANCHE,EARTH_POWER,76.7,72.4,90.6,44.5,jumpluff:917;cradily:917;swalot:755;charjabug:712;mawile_mega:507,cramorant:162;dragonair_shadow:216;lapras:243;vigoroth:451;malamar_mega:458
nidorina,Nidorina,84,110.9,113.4,157,1975,POISON_STING,POISON_FANG,THUNDERBOLT,83.3,73.8,84.8,79.4,electrode_hisuian:869;jumpluff:671;cradily:640;abomasnow_shadow:636;charjabug:589,cramorant:269;malamar_mega:287;mawile_mega:382;dragonair_shadow:393;swalot:423
bruxish,Bruxish,83.9,136.4,102.5,117,1637,CONFUSION,AQUA_TAIL,PSYCHIC_FANGS,92.3,80.2,67.8,51.3,swalot:666;cramorant:662;charjabug:568;lapras:551;dragonair_shadow:529,dusknoir_shadow:272;malamar_mega:275;jumpluff:294;cradily:388;mawile_mega:494
gurdurr,Gurdurr,83.9,125.3,100.1,143,1795,LOW_KICK,BRICK_BREAK,STONE_EDGE,81.1,71.8,82.6,69.7,vigoroth:786;cradily:769;lapras:716;charjabug:594;dragonair_shadow:541,jumpluff:120;cramorant:261;swalot:330;mawile_mega:408;malamar_mega:454
hippowdon_shadow,Hippowdon (Shadow),83.9,116.1,116.7,142,1926,SAND_ATTACK,WEATHER_BALL_ROCK,EARTH_POWER,83.3,88.5,86.9,49.4,toxapex:820;swalot:693;charjabug:658;dunsparce:612;mawile_mega:556,dragonair_shadow:216;lapras:337;malamar_mega:354;cramorant:373;jumpluff:457
squawkabilly,Squawkabilly,83.9,133.6,84.8,147,1666,PECK,BRAVE_BIRD,FLY,68.7,48.2,87.6,56.2,dusknoir_shadow:731;cofagrigus:727;spidops:568;dragalge:564;jumpluff:544,mawile_mega:158;charjabug:202;malamar_mega:212;cramorant:289;swalot:412
crobat,Crobat,83.8,121.2,118.1,129,1847,GUST,AIR_CUTTER,POISON_FANG,80.5,76.2,76.3,81.8,jumpluff:903;spidops:810;dragalge:728;vigoroth:546;swalot:538,charjabug:265;malamar_mega:279;dragonair_shadow:338;lapras:379;mawile_mega:408
milotic_shadow,Milotic (Shadow),83.8,113.1,133.8,131,1985,WATERFALL,AQUA_TAIL,WRAP,82.1,58.4,74.9,63.7,mawile_mega:633;dunsparce:603;swalot:534;cramorant:519;vigoroth:511,dragonair_shadow:192;charjabug:269;jumpluff:290;lapras:377;malamar_mega:450
politoed,Politoed,83.8,114,124.2,139,1970,MUD_SHOT,WEATHER_BALL_WATER,ICE_BEAM,82.6,73.2,83.3,68.6,piloswine:856;dragonair_shadow:755;aurorus:730;mawile_mega:658;quagsire_shadow:593,charjabug:234;swalot:383;cramorant:396;jumpluff:408;malamar_mega:454
slowbro_shadow,Slowbro (Shadow),83.8,113.4,120.9,144,1975,CONFUSION,DRAIN_PUNCH,ICE_BEAM,88.6,70.7,76.1,68.6,jumpluff:614;lapras:600;cramorant:552;swalot:517;dragonair_shadow:513,malamar_mega:104;charjabug:261;dusknoir_shadow:272;cradily:392;mawile_mega:464
farfetchd,Farfetch'd,83.7,116.8,109.2,131,1671,FURY_CUTTER,LEAF_BLADE,AERIAL_ACE,83.8,82.3,80.5,69.4,malamar_mega:790;quagsire_shadow:732;spidops:568;dusknoir_shadow:530;jumpluff:511,swalot:309;charjabug:325;cramorant:353;dragonair_shadow:370;mawile_mega:377
illumise,Illumise,83.6,111.4,136.2,133,2019,INFESTATION,SILVER_WIND,SHADOW_BALL,79.8,62.1,84.8,67.2,abomasnow_shadow:605;electrode_hisuian:605;malamar_mega:601;charjabug:571;dusknoir_shadow:560,cramorant:142;dragonair_shadow:279;swalot:307;jumpluff:356;mawile_mega:372
naclstack,Naclstack,83.6,100.8,147,142,2106,MUD_SHOT,ROCK_TOMB,ROCK_BLAST,83.1,79.6,79.5,70.8,charjabug:647;swalot:644;mawile_mega:573;lapras:570;jumpluff:514,dusknoir_shadow:283;dragonair_shadow:334;cradily:378;malamar_mega:379;cramorant:472
slowbro_galarian,Slowbro (Galarian),83.6,119.1,108.3,146,1885,CONFUSION,DRAIN_PUNCH,SLUDGE_BOMB,86.3,69.4,79.6,74,jumpluff:674;swalot:647;charjabug:623;aurorus:623;cradily:585,malamar_mega:66;cramorant:313;dragonair_shadow:318;mawile_mega:397;lapras:474
bellossom,Bellossom,83.5,115,132.2,128,1948,ACID,LEAF_BLADE,DAZZLING_GLEAM,79.3,66,84,75.9,electrode_hisuian:902;quagsire_shadow:824;stunfisk:789;dunsparce:625;charjabug:531,swalot:187;jumpluff:267;mawile_mega:285;malamar_mega:387;cramorant:416
slowbro_mega,Slowbro (Mega),83.5,117.5,138.8,117,1909,CONFUSION,DRAIN_PUNCH,ICE_BEAM,87.1,64.6,77.2,70.2,lapras:658;jumpluff:645;swalot:559;mawile_mega:542;dragonair_shadow:529,malamar_mega:66;charjabug:222;dusknoir_shadow:311;cramorant:428;cradily:493
swoobat,Swoobat,83.5,126.6,101.6,138,1777,CONFUSION,FLY,PSYCHIC_FANGS,86.8,72.6,71,68.9,jumpluff:865;swalot:818;lapras:594;vigoroth:547;dragonair_shadow:528,malamar_mega:66;cradily:312;mawile_mega:392;charjabug:400;cramorant:444
timburr,Timburr,83.5,125.2,85.7,164,1760,LOW_KICK,BRICK_BREAK,ROCK_TOMB,79.2,80,76.5,72.4,cradily:844;dunsparce:762;lapras:753;vigoroth:753;aurorus:615,jumpluff:120;cramorant:261;malamar_mega:387;mawile_mega:408;swalot:456
trumbeak,Trumbeak,83.5,134,93.2,134,1676,PECK,DRILL_PECK,ROCK_BLAST,84.1,77.5,83.9,64.8,spidops:921;jumpluff:861;dusknoir_shadow:861;fearow:735;cofagrigus:682,dragonair_shadow:251;mawile_mega:316;swalot:371;charjabug:420;malamar_mega:445
ursaring_shadow,Ursaring (Shadow),83.5,139.6,91.3,126,1607,SHADOW_CLAW,CLOSE_COMBAT,SWIFT,91.6,85.6,76.3,32.7,dusknoir_shadow:857;lapras:757;cradily:757;malamar_mega:678;dragonair_shadow:638,mawile_mega:234;cramorant:242;jumpluff:333;swalot:350;charjabug:396
ampharos,Ampharos,83.4,126.8,107.9,129,1766,VOLT_SWITCH,BRUTAL_SWING,TRAILBLAZE,85.6,80.5,78.4,70.8,cramorant:856;vigoroth:686;dusknoir_shadow:643;lapras:581;mawile_mega:573,dragonair_shadow:393;jumpluff:398;malamar_mega:437;swalot:464;charjabug:468
chesnaught_mega,Chesnaught (Mega),83.4,120.7,145.2,106,1860,LOW_KICK,THUNDER_PUNCH,SUPER_POWER,76.7,62.1,87.6,74.3,dunsparce:806;electrode_hisuian:740;cradily:735;lapras:712;vigoroth:617,cramorant:123;mawile_mega:209;jumpluff:212;swalot:213;malamar_mega:487
conkeldurr,Conkeldurr,83.4,134,93.8,133,1673,FORCE_PALM,DYNAMIC_PUNCH,BRUTAL_SWING,81.6,76.1,76.6,63.7,aurorus:860;cradily:770;abomasnow_shadow:755;dunsparce:729;vigoroth:533,cramorant:226;jumpluff:284;mawile_mega:311;swalot:347;malamar_mega:479
gengar_shadow,Gengar (Shadow),83.4,154.3,95.4,98,1444,SHADOW_CLAW,SHADOW_PUNCH,DARK_PULSE,88.3,79.1,76.5,35.9,mawile_mega:811;charjabug:586;abomasnow_shadow:581;cramorant:551;dragonair_shadow:535,malamar_mega:237;jumpluff:385;lapras:399;cradily:413;swalot:491
starmie_mega,Starmie (Mega),83.4,144.8,124.1,86,1547,PSYWAVE,ICE_BEAM,POWER_GEM,80.8,80.2,74.9,39.7,lapras:726;fearow:703;aurorus:680;toxapex:668;spidops:610,jumpluff:199;cramorant:265;malamar_mega:345;swalot:488;mawile_mega:489
toxicroak_shadow,Toxicroak (Shadow),83.4,136.2,93.7,129,1648,POISON_STING,DYNAMIC_PUNCH,SHADOW_BALL,72,51.9,96.6,35.9,dunsparce:841;cradily:810;electrode_hisuian:802;vigoroth:686;mawile_mega:538,malamar_mega:104;dragonair_shadow:216;swalot:362;jumpluff:369;cramorant:440
lanturn,Lanturn,83.3,104.8,105.5,194,2145,WATER_GUN,SURF,THUNDERBOLT,78.8,57.6,88.5,68.1,fearow:618;cramorant:605;lapras:605;aurorus:582;mawile_mega:574,jumpluff:104;dragonair_shadow:232;swalot:383;charjabug:432;malamar_mega:450
spinda,Spinda,83.3,110,110,142,1721,SUCKER_PUNCH,ROCK_TOMB,ICY_WIND,82.6,76.2,77.2,62.9,electrode_hisuian:838;charjabug:612;dunsparce:588;spidops:566;dusknoir_shadow:524,malamar_mega:233;cramorant:281;mawile_mega:352;swalot:394;jumpluff:470
ursaluna,Ursaluna,83.3,125.6,98.6,144,1786,SCRATCH,THUNDER_PUNCH,HIGH_HORSEPOWER,79.2,75.4,79.6,52.7,dusknoir_shadow:763;cramorant:711;charjabug:704;swalot:701;mawile_mega:642,cradily:184;malamar_mega:254;dragonair_shadow:287;jumpluff:303;lapras:379
dragonite_shadow,Dragonite (Shadow),83.2,135.8,107.3,113,1647,DRAGON_BREATH,THUNDER_PUNCH,SUPER_POWER,89.6,53.6,86.3,44.5,cradily:774;lapras:730;malamar_mega:641;vigoroth:641;cramorant:610,mawile_mega:96;charjabug:242;jumpluff:362;swalot:423;dragonair_shadow:444
qwilfish,Qwilfish,83.2,131.1,105.5,123,1703,POISON_STING,AQUA_TAIL,SHADOW_BALL,84.8,74.5,78.2,53.5,dusknoir_shadow:678;swalot:670;jumpluff:638;mawile_mega:630;dragonair_shadow:556,cramorant:178;lapras:212;charjabug:313;malamar_mega:333;cradily:399
victreebel_mega,Victreebel (Mega),83.2,143,102.5,107,1570,ACID,LEAF_BLADE,SLUDGE_BOMB,87.5,78.8,78.4,41.3,jumpluff:785;vigoroth:714;lapras:621;charjabug:542;malamar_mega:528,mawile_mega:158;swalot:248;dragonair_shadow:311;cramorant:333;cradily:350
galvantula,Galvantula,83.1,138.2,96.4,122,1627,VOLT_SWITCH,DISCHARGE,LUNGE,82.3,89,84.2,52.4,cramorant:807;mawile_mega:602;dusknoir_shadow:594;jumpluff:561;lapras:532,dragonair_shadow:220;malamar_mega:254;cradily:378;swalot:412;charjabug:484
lucario_mega,Lucario (Mega),83.1,159.7,93.6,94,1405,FORCE_PALM,AURA_SPHERE,SHADOW_BALL,75.8,53.9,80.2,60.8,cradily:877;aurorus:867;vigoroth:750;lapras:627;swalot:601,charjabug:226;cramorant:253;jumpluff:316;mawile_mega:341;malamar_mega:383
poliwrath_shadow,Poliwrath (Shadow),83.1,115.8,122,137,1936,MUD_SHOT,ICY_WIND,DYNAMIC_PUNCH,80.8,78.6,83.7,60.2,aurorus:781;dunsparce:722;mawile_mega:631;vigoroth:605;dragonair_shadow:547,cramorant:222;charjabug:305;jumpluff:336;malamar_mega:437;swalot:482
raichu_mega_x,Raichu (Mega X),83.1,148.3,114.1,89,1507,VOLT_SWITCH,BRICK_BREAK,TRAILBLAZE,83.8,83.1,75.4,49.7,lapras:769;malamar_mega:657;vigoroth:657;cramorant:606;dusknoir_shadow:505,dragonair_shadow:188;mawile_mega:285;charjabug:428;jumpluff:437;swalot:441
toxicroak,Toxicroak,83.1,136.2,93.7,129,1648,POISON_STING,DYNAMIC_PUNCH,SHADOW_BALL,76.7,49,91.1,47.2,vigoroth:763;cradily:627;swalot:616;dunsparce:585;aurorus:565,malamar_mega:137;cramorant:162;dragonair_shadow:181;jumpluff:310;mawile_mega:438
aerodactyl,Aerodactyl,82.9,134.4,103.3,120,1667,DRAGON_BREATH,ROCK_SLIDE,BRUTAL_SWING,88.8,85.5,76.1,45.6,cramorant:750;dragonair_shadow:695;dusknoir_shadow:645;vigoroth:637;charjabug:579,mawile_mega:280;malamar_mega:316;swalot:394;jumpluff:464;lapras:494
dhelmise,Dhelmise,82.9,139.7,109.3,105,1605,SHADOW_CLAW,POWER_WHIP,BRUTAL_SWING,81.6,84.3,77.3,55.9,lapras:785;stunfisk:757;vigoroth:657;electrode_hisuian:590;quagsire_shadow:519,cramorant:242;mawile_mega:260;jumpluff:287;swalot:345;malamar_mega:370
hitmonlee,Hitmonlee,82.9,141.8,118.9,94,1586,LOW_KICK,BLAZE_KICK,BRICK_BREAK,87.6,76.7,74.5,53.5,dunsparce:888;cradily:781;mawile_mega:707;lapras:675;vigoroth:675,jumpluff:297;cramorant:297;charjabug:408;swalot:435;malamar_mega:450
primeape,Primeape,82.9,138.7,100.1,116,1611,KARATE_CHOP,RAGE_FIST,ICE_PUNCH,87,80.4,74.3,56.4,electrode_hisuian:840;aurorus:762;abomasnow_shadow:724;dragonair_shadow:685;dunsparce:668,cramorant:305;mawile_mega:382;jumpluff:401;malamar_mega:425;swalot:426
sceptile_shadow,Sceptile (Shadow),82.9,135.6,109.3,111,1646,FURY_CUTTER,LEAF_BLADE,BREAKING_SWIPE,87.3,79.7,80.5,44.3,lapras:752;malamar_mega:689;dragonair_shadow:671;dusknoir_shadow:590;aurorus:590,swalot:254;mawile_mega:295;jumpluff:339;charjabug:396;cramorant:448
swampert_shadow,Swampert (Shadow),82.9,122.9,109.1,136,1826,MUD_SHOT,HYDRO_CANNON,EARTHQUAKE,83.6,59.3,81.4,52.7,dusknoir_shadow:720;swalot:647;mawile_mega:599;charjabug:595;vigoroth:503,cramorant:91;jumpluff:153;lapras:268;dragonair_shadow:389;malamar_mega:420
drifblim_shadow,Drifblim (Shadow),82.8,119.1,75.7,209,1887,ASTONISH,ICY_WIND,SHADOW_BALL,84.1,65.7,70.6,72.1,jumpluff:629;vigoroth:614;swalot:605;mawile_mega:552;cradily:516,lapras:270;malamar_mega:279;charjabug:281;cramorant:337;dragonair_shadow:476
oinkologne,Oinkologne,82.8,117.6,101.5,159,1901,TAKE_DOWN,BODY_SLAM,TRAILBLAZE,80.6,66.8,80.3,71,dunsparce:654;charjabug:569;vigoroth:566;electrode_hisuian:534;spidops:506,malamar_mega:254;mawile_mega:295;dragonair_shadow:421;jumpluff:424;swalot:467
chesnaught,Chesnaught,82.7,119.3,126.9,124,1879,LOW_KICK,FRENZY_PLANT,SUPER_POWER,76.5,54.6,86.7,70,cradily:729;dragonair_shadow:693;lapras:584;vigoroth:564;mawile_mega:532,cramorant:123;jumpluff:199;swalot:248;charjabug:369;malamar_mega:483
gallade_shadow,Gallade (Shadow),82.7,136.5,115.6,104,1642,PSYCHO_CUT,LEAF_BLADE,SACRED_SWORD,86.8,74.8,78.7,36.4,vigoroth:764;aurorus:764;abomasnow_shadow:725;dragonair_shadow:687;cradily:682,jumpluff:222;malamar_mega:283;swalot:324;mawile_mega:392;cramorant:428
gogoat,Gogoat,82.7,119.7,94.9,165,1876,VINE_WHIP,LEAF_BLADE,ROCK_SLIDE,82.3,71.1,79.6,69.4,aurorus:751;piloswine:724;dunsparce:663;vigoroth:551;malamar_mega:512,swalot:190;jumpluff:277;mawile_mega:290;dragonair_shadow:350;charjabug:472
misdreavus,Misdreavus,82.6,123,120.8,122,1814,PSYWAVE,DARK_PULSE,SHADOW_SNEAK,78.8,83.2,83.2,58.9,swalot:639;vigoroth:606;dragonair_shadow:540;mawile_mega:532;cradily:532,malamar_mega:87;cramorant:194;jumpluff:349;lapras:410;charjabug:448
nidoqueen,Nidoqueen,82.6,116.5,118.4,139,1920,MUD_SLAP,EARTH_POWER,POISON_FANG,81,65.9,78.7,78.1,swalot:812;charjabug:776;mawile_mega:705;electrode_hisuian:683;cradily:676,malamar_mega:262;cramorant:293;lapras:304;dragonair_shadow:342;jumpluff:418
delphox_mega,Delphox (Mega),82.5,152.2,112.8,86,1477,SCRATCH,BLAST_BURN,PSYSHOCK,84.1,71,82.5,34.8,malamar_mega:761;jumpluff:709;charjabug:697;mawile_mega:622;cramorant:569,dusknoir_shadow:77;vigoroth:210;dragonair_shadow:287;cradily:343;swalot:497
pumpkaboo_super,Pumpkaboo (Super),82.5,111.7,113.4,141,1788,ASTONISH,GRASS_KNOT,FOUL_PLAY,79.5,51.4,80.2,76.2,electrode_hisuian:670;charjabug:638;dragonair_shadow:563;mawile_mega:553;vigoroth:507,malamar_mega:204;cramorant:253;jumpluff:287;lapras:343;swalot:353
scyther_shadow,Scyther (Shadow),82.5,134.8,109.4,113,1668,FURY_CUTTER,X_SCISSOR,NIGHT_SLASH,87.6,82.8,79.8,43.2,cradily:796;malamar_mega:747;vigoroth:743;dragonair_shadow:676;dusknoir_shadow:597,swalot:263;mawile_mega:316;cramorant:337;jumpluff:401;charjabug:472
crobat_shadow,Crobat (Shadow),82.4,121.2,118.1,129,1847,GUST,AIR_CUTTER,POISON_FANG,79.5,76.1,76.3,70.2,jumpluff:903;spidops:763;cofagrigus:717;dragalge:658;vigoroth:507,charjabug:281;malamar_mega:295;cramorant:301;mawile_mega:469;swalot:473
farfetchd_galarian,Farfetch'd (Galarian),82.4,137.6,99.7,119,1634,FURY_CUTTER,LEAF_BLADE,BRICK_BREAK,84.8,79.9,75.7,58.3,electrode_hisuian:827;cradily:785;dunsparce:672;malamar_mega:617;aurorus:542,mawile_mega:280;charjabug:345;jumpluff:349;cramorant:369;swalot:371
gyarados_mega,Gyarados (Mega),82.4,134.5,118.7,104,1661,DRAGON_BREATH,AQUA_TAIL,CRUNCH,87.1,81.6,79.1,49.7,dusknoir_shadow:764;dragonair_shadow:735;electrode_hisuian:706;lapras:673;dunsparce:668,jumpluff:133;mawile_mega:306;swalot:318;malamar_mega:345;cramorant:373
nidorina_shadow,Nidorina (Shadow),82.4,110.9,113.4,157,1975,POISON_STING,POISON_FANG,DIG,82.3,66.8,80.7,72.9,jumpluff:627;swalot:617;cradily:605;dunsparce:560;charjabug:515,lapras:276;malamar_mega:320;cramorant:333;dragonair_shadow:472;mawile_mega:484
venusaur,Venusaur,82.4,122.1,122.1,123,1836,VINE_WHIP,FRENZY_PLANT,SLUDGE,79.7,69.4,85.6,62.7,lapras:727;charjabug:601;dunsparce:589;vigoroth:516;cradily:512,cramorant:178;swalot:251;jumpluff:297;mawile_mega:367;malamar_mega:383
beedrill_shadow,Beedrill (Shadow),82.3,127.1,106.5,130,1760,POISON_STING,X_SCISSOR,DRILL_RUN,83.5,74.3,79.8,49.1,mawile_mega:892;dragonair_shadow:719;abomasnow_shadow:719;swalot:669;malamar_mega:650,cramorant:321;jumpluff:346;lapras:346;charjabug:376;cradily:395
marowak_shadow,Marowak (Shadow),82.3,109.6,148.8,125,2041,MUD_SLAP,BONE_CLUB,ROCK_SLIDE,78.5,59.2,78,65.4,toxapex:884;swalot:828;stunfisk:788;charjabug:728;mawile_mega:568,cramorant:202;jumpluff:284;dragonair_shadow:311;lapras:337;malamar_mega:445
medicham_mega,Medicham (Mega),82.3,131.5,121.5,106,1695,PSYCHO_CUT,DYNAMIC_PUNCH,ICE_PUNCH,83.5,71.1,86.5,50,dragonair_shadow:740;vigoroth:712;aurorus:575;dunsparce:561;swalot:518,cramorant:162;malamar_mega:337;charjabug:349;jumpluff:385;mawile_mega:428
pinsir_shadow,Pinsir (Shadow),82.3,139.6,112.6,102,1604,FURY_CUTTER,CLOSE_COMBAT,X_SCISSOR,79.8,78.1,85.3,38.1,malamar_mega:789;cradily:750;vigoroth:700;lapras:671;dunsparce:632,cramorant:142;mawile_mega:188;swalot:248;dragonair_shadow:358;jumpluff:408
timburr_shadow,Timburr (Shadow),82.3,125.2,85.7,164,1760,LOW_KICK,BRICK_BREAK,ROCK_TOMB,80,73.7,75.4,54.8,cradily:814;lapras:692;malamar_mega:570;charjabug:512;mawile_mega:506,dusknoir_shadow:116;jumpluff:120;cramorant:285;dragonair_shadow:318;swalot:353
aerodactyl_mega,Aerodactyl (Mega),82.2,145.2,107.4,99,1546,DRAGON_BREATH,ROCK_SLIDE,BRUTAL_SWING,91.5,90.7,74.9,33.7,lapras:792;cramorant:717;malamar_mega:691;dragonair_shadow:631;charjabug:515,mawile_mega:290;swalot:330;dunsparce:383;cradily:392;jumpluff:470
grimer,Grimer,82.2,121,88.2,172,1836,POISON_JAB,SLUDGE,MUD_BOMB,76.3,67.6,84.4,62.4,jumpluff:927;mawile_mega:686;cradily:636;charjabug:529;swalot:505,dusknoir_shadow:172;malamar_mega:212;dragonair_shadow:350;lapras:365;vigoroth:451
swampert,Swampert,82.2,122.9,109.1,136,1826,MUD_SHOT,HYDRO_CANNON,EARTHQUAKE,81.1,56.2,81.4,66.4,toxapex:819;swalot:694;mawile_mega:643;aurorus:632;charjabug:621,jumpluff:133;cramorant:198;dragonair_shadow:350;malamar_mega:383;lapras:427
venusaur_mega,Venusaur (Mega),82.2,126.7,131.9,106,1773,VINE_WHIP,FRENZY_PLANT,SLUDGE,77.7,78,85.6,60.2,electrode_hisuian:900;stunfisk:712;lapras:683;charjabug:584;dunsparce:537,swalot:204;jumpluff:307;mawile_mega:372;malamar_mega:391;dragonair_shadow:452
chesnaught_shadow,Chesnaught (Shadow),82.1,119.3,126.9,124,1879,LOW_KICK,FRENZY_PLANT,SUPER_POWER,71.7,51.1,88.6,60.8,dunsparce:798;cradily:685;lapras:641;malamar_mega:552;vigoroth:528,swalot:119;cramorant:130;jumpluff:212;mawile_mega:260;dragonair_shadow:318
electivire_shadow,Electivire (Shadow),82.1,143.3,100.8,108,1562,THUNDER_SHOCK,ICE_PUNCH,WILD_CHARGE,86.6,78.6,92.4,28.1,lapras:717;cramorant:708;malamar_mega:625;dragonair_shadow:578;jumpluff:509,mawile_mega:188;charjabug:309;cradily:322;dusknoir_shadow:466;swalot:470
frillish,Frillish,82.1,109.2,125.2,135,1846,HEX,NIGHT_SHADE,ICE_BEAM,78.8,63.3,80.5,65.4,dragalge:781;dragonair_shadow:640;swalot:588;fearow:540;mawile_mega:537,malamar_mega:129;charjabug:142;cramorant:400;jumpluff:477;lapras:483
greninja_mega,Greninja (Mega),82.1,154.1,97.1,97,1453,WATER_SHURIKEN,HYDRO_CANNON,BRUTAL_SWING,86.5,67.9,80,34,aurorus:850;dusknoir_shadow:762;cradily:685;lapras:613;dunsparce:613,jumpluff:202;cramorant:333;swalot:339;malamar_mega:483;mawile_mega:494
hariyama_shadow,Hariyama (Shadow),82.1,125.6,76,186,1778,FORCE_PALM,UPPER_HAND,HEAVY_SLAM,75.8,53.1,78.4,62.1,aurorus:852;cradily:771;abomasnow_shadow:760;vigoroth:728;dunsparce:685,cramorant:226;jumpluff:294;mawile_mega:341;malamar_mega:354;swalot:359
haunter,Haunter,82.1,161.1,85.5,101,1392,SHADOW_CLAW,SHADOW_PUNCH,ICE_PUNCH,86.5,74,80.9,38.3,jumpluff:896;mawile_mega:861;abomasnow_shadow:638;cramorant:569;dragonair_shadow:549,malamar_mega:204;lapras:388;swalot:394;charjabug:424;cradily:461
frigibax,Frigibax,82,125.2,84.8,149,1583,DRAGON_BREATH,AVALANCHE,DRAGON_CLAW,75.7,81.6,83.2,39.4,cradily:778;jumpluff:661;electrode_hisuian:647;charjabug:597;cramorant:520,mawile_mega:107;malamar_mega:254;lapras:405;dragonair_shadow:429;swalot:476
grimer_shadow,Grimer (Shadow),82,122.7,86.8,171,1824,POISON_JAB,SLUDGE,MUD_BOMB,70.8,59.8,83.3,55.9,jumpluff:891;swalot:540;cradily:535;charjabug:532;mawile_mega:523,dusknoir_shadow:227;lapras:248;malamar_mega:295;cramorant:309;dragonair_shadow:322
tentacruel_shadow,Tentacruel (Shadow),82,108.9,143.5,131,2047,ACID,SCALD,PAYBACK,74.7,54.1,86.5,53.7,jumpluff:702;mawile_mega:675;swalot:583;cradily:541;cramorant:503,dusknoir_shadow:172;charjabug:202;malamar_mega:212;dragonair_shadow:307;lapras:483
gastrodon,Gastrodon,81.8,113.2,103.4,168,1967,MUD_SLAP,BODY_SLAM,EARTH_POWER,80.8,47.4,79.6,76.7,malamar_mega:755;mawile_mega:702;charjabug:684;swalot:654;vigoroth:595,jumpluff:42;cradily:184;cramorant:305;dragonair_shadow:307;lapras:474
glalie_shadow,Glalie (Shadow),81.8,115.2,120.7,140,1948,ROLLOUT,AVALANCHE,SHADOW_BALL,74.5,74,84.4,41.8,charjabug:764;piloswine:689;jumpluff:675;cramorant:535;abomasnow_shadow:503,mawile_mega:96;malamar_mega:150;dragonair_shadow:169;lapras:402;swalot:412
mismagius_shadow,Mismagius (Shadow),81.8,131.6,123.6,104,1693,PSYWAVE,SHADOW_BALL,MYSTICAL_FIRE,74,82.8,73.1,52.1,toxapex:764;swalot:706;cradily:533;charjabug:524;vigoroth:504,malamar_mega:87;mawile_mega:209;cramorant:250;dragonair_shadow:287;jumpluff:405
muk,Muk,81.8,115.8,111.7,148,1916,POISON_JAB,THUNDER_PUNCH,DARK_PULSE,76,68.6,83.2,62.9,jumpluff:628;abomasnow_shadow:570;swalot:540;electrode_hisuian:527;charjabug:520,malamar_mega:233;dragonair_shadow:307;mawile_mega:392;lapras:399;cradily:413
vikavolt_shadow,Vikavolt (Shadow),81.8,144.1,96.6,111,1547,VOLT_SWITCH,X_SCISSOR,DISCHARGE,83.8,91.4,72.9,40.8,electrode_hisuian:860;cramorant:779;lapras:725;malamar_mega:635;vigoroth:635,dragonair_shadow:208;mawile_mega:270;jumpluff:398;swalot:415;charjabug:444
ursaring,Ursaring,81.7,139.6,91.3,126,1607,SHADOW_CLAW,CLOSE_COMBAT,SWIFT,84.8,65.7,76.5,41.6,dusknoir_shadow:853;vigoroth:757;lapras:734;malamar_mega:678;mawile_mega:571,cramorant:222;jumpluff:274;swalot:307;charjabug:361;dragonair_shadow:468
muk_shadow,Muk (Shadow),81.6,115.8,111.7,148,1916,POISON_JAB,DARK_PULSE,THUNDER_PUNCH,71.2,61.1,84.4,57,rillaboom:631;jumpluff:597;cradily:577;swalot:574;charjabug:533,lapras:217;malamar_mega:254;cramorant:309;dragonair_shadow:358;mawile_mega:479
venomoth_shadow,Venomoth (Shadow),81.6,127,107.5,129,1763,INFESTATION,POISON_FANG,SILVER_WIND,76.2,68.6,74.3,56.4,cradily:856;spidops:763;charjabug:724;malamar_mega:705;aurorus:693,cramorant:198;mawile_mega:280;swalot:315;dragonair_shadow:334;jumpluff:441
golbat_shadow,Golbat (Shadow),81.4,117.6,116.2,139,1901,WING_ATTACK,POISON_FANG,SHADOW_BALL,75.5,72.6,76.6,68.3,spidops:780;rillaboom:780;cofagrigus:737;jumpluff:593;swalot:507,malamar_mega:233;dragonair_shadow:279;mawile_mega:352;charjabug:384;cramorant:448
lileep_shadow,Lileep (Shadow),81.4,100.8,138.6,151,2111,ACID,GRASS_KNOT,ANCIENT_POWER,72,42,87.6,53.2,lapras:837;vigoroth:635;cramorant:586;charjabug:566;dragonair_shadow:536,mawile_mega:107;swalot:108;malamar_mega:170;dusknoir_shadow:205;jumpluff:437
nidoqueen_shadow,Nidoqueen (Shadow),81.4,116.5,118.4,139,1920,MUD_SLAP,EARTH_POWER,POISON_FANG,78,60.6,73.8,64.5,swalot:787;charjabug:773;vigoroth:705;mawile_mega:690;cradily:633,lapras:243;jumpluff:264;malamar_mega:270;cramorant:293;dragonair_shadow:342
seismitoad,Seismitoad,81.4,120.3,100.8,154,1869,MUD_SHOT,EARTH_POWER,ICY_WIND,81.6,77.3,81.4,66.7,mawile_mega:720;dragonair_shadow:717;aurorus:678;swalot:652;jumpluff:548,cramorant:206;cradily:256;lapras:318;malamar_mega:341;charjabug:444
wailmer,Wailmer,81.4,116.5,68.2,242,1927,ROLLOUT,SCALD,BODY_SLAM,82.5,73.7,79.6,63.2,aurorus:890;lapras:628;spidops:582;dunsparce:580;vigoroth:570,jumpluff:408;mawile_mega:413;malamar_mega:437;swalot:456;cramorant:484
druddigon,Druddigon,81.3,131.2,111.2,117,1709,DRAGON_TAIL,NIGHT_SLASH,ROCK_TOMB,79.3,56.2,72.9,51.8,dusknoir_shadow:662;electrode_hisuian:619;charjabug:598;dunsparce:585;dragonair_shadow:534,mawile_mega:66;malamar_mega:316;swalot:345;cramorant:369;jumpluff:415
dudunsparce,Dudunsparce,81.3,116.1,98.5,169,1935,BITE,DRILL_RUN,BODY_SLAM,79,80,82.3,63.7,stunfisk:662;swalot:618;charjabug:550;spidops:511;toxapex:511,jumpluff:349;malamar_mega:358;dragonair_shadow:425;cramorant:436;mawile_mega:443
electrode_shadow,Electrode (Shadow),81.3,122.8,126.3,118,1832,VOLT_SWITCH,DISCHARGE,FOUL_PLAY,81.1,78,79.8,63.5,cramorant:877;fearow:843;lapras:826;mawile_mega:614;dusknoir_shadow:610,dragonair_shadow:177;jumpluff:388;swalot:400;charjabug:444;malamar_mega:475
vikavolt,Vikavolt,81.3,144.1,96.6,111,1547,VOLT_SWITCH,X_SCISSOR,FLY,83.8,86.6,81.9,42.7,electrode_hisuian:860;cramorant:833;malamar_mega:725;spidops:725;fearow:711,dragonair_shadow:177;swalot:304;mawile_mega:341;charjabug:416;jumpluff:470
amoonguss_shadow,Amoonguss (Shadow),81.2,109.3,105.9,177,2050,ASTONISH,GRASS_KNOT,FOUL_PLAY,76.5,52.3,79.6,65.4,stunfisk:720;electrode_hisuian:709;charjabug:632;mawile_mega:621;quagsire_shadow:570,malamar_mega:204;cramorant:253;jumpluff:303;dragonair_shadow:307;swalot:374
beedrill_mega,Beedrill (Mega),81.2,165.1,86.5,95,1358,INFESTATION,DRILL_RUN,SLUDGE_BOMB,83,58.9,78.9,34.3,cradily:868;jumpluff:731;charjabug:678;vigoroth:615;malamar_mega:552,mawile_mega:127;cramorant:142;dragonair_shadow:381;swalot:432;lapras:483
charizard_mega_y,Charizard (Mega Y),81.2,151.3,105,93,1479,EMBER,BLAST_BURN,AIR_CUTTER,88.8,64,84.2,34.3,jumpluff:887;malamar_mega:672;vigoroth:672;mawile_mega:559;swalot:559,cramorant:123;charjabug:218;cradily:409;dragonair_shadow:444;lapras:474
gallade,Gallade,81.2,136.5,115.6,104,1642,PSYCHO_CUT,LEAF_BLADE,SACRED_SWORD,78.8,68.7,74.7,54,quagsire_shadow:879;aurorus:802;abomasnow_shadow:764;cradily:745;dunsparce:562,cramorant:162;jumpluff:196;malamar_mega:245;mawile_mega:311;swalot:406
golbat,Golbat,81.1,117.6,116.2,139,1901,WING_ATTACK,POISON_FANG,SHADOW_BALL,79.8,59.8,76.1,76.7,jumpluff:629;swalot:564;dunsparce:525;spidops:510;cradily:507,dragonair_shadow:240;charjabug:321;cramorant:333;malamar_mega:337;mawile_mega:387
heracross_mega,Heracross (Mega),81.1,153.1,105.1,91,1465,FURY_CUTTER,ROCK_TOMB,UPPER_HAND,74.7,54.4,85.5,42.7,dunsparce:884;cradily:774;vigoroth:664;lapras:554;malamar_mega:527,mawile_mega:96;cramorant:107;jumpluff:238;charjabug:242;swalot:356
pawmot,Pawmot,81.1,145,95.4,112,1552,THUNDER_SHOCK,BRICK_BREAK,WILD_CHARGE,86.1,63.2,84,45.6,cramorant:678;lapras:638;malamar_mega:549;charjabug:540;swalot:531,jumpluff:176;mawile_mega:209;electrode_hisuian:273;cradily:354;dragonair_shadow:385
salamence_mega,Salamence (Mega),81.1,139.1,114.7,101,1613,DRAGON_TAIL,FLY,BRUTAL_SWING,84.6,58.5,81.2,43.7,spidops:797;dusknoir_shadow:638;dragonair_shadow:549;cramorant:539;charjabug:509,mawile_mega:178;malamar_mega:362;swalot:374;lapras:416;jumpluff:454
zoroark_hisuian,Zoroark (Hisuian),81.1,163.4,87.5,96,1374,SHADOW_CLAW,SWIFT,SHADOW_BALL,88.3,87.1,66,31.3,dusknoir_shadow:734;lapras:651;swalot:598;cramorant:552;dragonair_shadow:526,charjabug:242;jumpluff:297;mawile_mega:311;cradily:465;malamar_mega:475
blaziken_mega,Blaziken (Mega),81,160.8,88.1,98,1390,EMBER,AURA_SPHERE,BLAZE_KICK,86.6,80.5,88.6,26.2,mawile_mega:790;charjabug:688;dragonair_shadow:627;lapras:627;swalot:556,cramorant:99;malamar_mega:137;cradily:468;jumpluff:470;dusknoir_shadow:494
furfrou,Furfrou,80.9,115.5,125.1,134,1938,TAKE_DOWN,DARK_PULSE,GRASS_KNOT,73.3,55.2,86.5,64.8,toxapex:611;charjabug:574;lapras:559;fearow:518;stunfisk:514,malamar_mega:254;mawile_mega:280;jumpluff:424;cramorant:440;swalot:467
kricketune,Kricketune,80.9,127.7,89.5,153,1751,FURY_CUTTER,X_SCISSOR,AERIAL_ACE,80.5,65.7,80.9,65.6,electrode_hisuian:833;cradily:800;malamar_mega:748;dragonair_shadow:552;charjabug:509,mawile_mega:234;swalot:274;cramorant:293;jumpluff:320;lapras:363
salamence,Salamence,80.9,143.4,93,117,1562,DRAGON_TAIL,FLY,BRUTAL_SWING,83.8,61.9,83.5,42.4,spidops:782;crustle:649;rillaboom:636;dragalge:615;dusknoir_shadow:611,mawile_mega:178;malamar_mega:366;swalot:400;charjabug:412;jumpluff:464
ludicolo,Ludicolo,80.8,116.4,123.6,134,1931,ASTONISH,WEATHER_BALL_WATER,ENERGY_BALL,81.8,67.1,77.9,72.9,mawile_mega:630;aurorus:630;piloswine:608;lapras:563;dusknoir_shadow:522,jumpluff:212;swalot:298;charjabug:388;dragonair_shadow:425;malamar_mega:466
machoke,Machoke,80.7,126.7,97.3,143,1766,KARATE_CHOP,CROSS_CHOP,RETURN,77,53.6,76.6,64,aurorus:828;abomasnow_shadow:800;cradily:769;dunsparce:744;vigoroth:573,jumpluff:81;swalot:216;cramorant:234;malamar_mega:362;mawile_mega:377
gengar,Gengar,80.6,154.3,95.4,98,1444,SHADOW_CLAW,SHADOW_PUNCH,DARK_PULSE,85.8,78.8,74.7,38.6,abomasnow_shadow:673;dragonair_shadow:627;cramorant:612;swalot:530;cradily:520,jumpluff:323;lapras:379;malamar_mega:437;mawile_mega:464;charjabug:480
garganacl,Garganacl,80.5,105.8,137.2,145,2107,MUD_SHOT,ROCK_TOMB,ROCK_BLAST,77.8,71.3,78.6,65.4,swalot:637;fearow:610;charjabug:606;lapras:565;spidops:517,malamar_mega:229;dragonair_shadow:334;cramorant:388;jumpluff:418;mawile_mega:464
kabutops_shadow,Kabutops (Shadow),80.5,135.4,119.7,102,1655,FURY_CUTTER,AQUA_JET,STONE_EDGE,78.8,81.8,74.9,29.4,cradily:818;malamar_mega:759;vigoroth:725;aurorus:651;dusknoir_shadow:583,jumpluff:199;charjabug:230;dragonair_shadow:287;swalot:374;mawile_mega:418
kleavor,Kleavor,80.5,143.6,104.5,104,1561,FURY_CUTTER,X_SCISSOR,ROCK_SLIDE,79,86.9,81,33.2,cradily:850;lapras:783;malamar_mega:750;spidops:730;jumpluff:572,mawile_mega:107;charjabug:242;dragonair_shadow:287;cramorant:309;swalot:339
serperior,Serperior,80.5,110.2,142.2,130,2038,VINE_WHIP,FRENZY_PLANT,AERIAL_ACE,72,47.4,84,62.1,stunfisk:834;electrode_hisuian:734;lapras:707;dunsparce:650;malamar_mega:600,dragonair_shadow:133;swalot:236;charjabug:289;mawile_mega:346;jumpluff:401
xatu,Xatu,80.5,132.2,107.9,119,1698,PECK,PSYSHOCK,AERIAL_ACE,79,82.8,80.2,50.8,fearow:743;spidops:672;rillaboom:605;dragalge:600;jumpluff:508,malamar_mega:212;dragonair_shadow:251;mawile_mega:331;charjabug:416;swalot:473
audino,Audino,80.4,92.6,137.8,190,2428,CHARGE_BEAM,BODY_SLAM,DISARMING_VOICE,77.5,66.5,80.2,76.4,dunsparce:605;toxapex:573;dusknoir_shadow:555;fearow:507;electrode_hisuian:502,malamar_mega:279;swalot:353;charjabug:392;mawile_mega:408;jumpluff:444
electivire,Electivire,80.4,143.3,100.8,108,1562,THUNDER_SHOCK,ICE_PUNCH,WILD_CHARGE,85.1,66.5,86.5,38.3,malamar_mega:717;lapras:717;mawile_mega:564;cramorant:537;jumpluff:523,swalot:266;cradily:267;charjabug:337;vigoroth:482;dragonair_shadow:488
kabutops,Kabutops,80.4,135.4,119.7,102,1655,FURY_CUTTER,AQUA_JET,STONE_EDGE,77,80,75,38.1,cradily:818;malamar_mega:720;dusknoir_shadow:642;vigoroth:617;swalot:553,jumpluff:133;dragonair_shadow:240;cramorant:329;mawile_mega:367;charjabug:380
leavanny,Leavanny,80.4,129.4,110.2,121,1727,SHADOW_CLAW,LEAF_BLADE,X_SCISSOR,80.1,62.5,79.6,58.3,electrode_hisuian:871;malamar_mega:747;dusknoir_shadow:727;piloswine:661;dragonair_shadow:553,cramorant:162;swalot:257;jumpluff:284;charjabug:357;mawile_mega:403
roserade,Roserade,80.4,141.9,114.3,97,1574,POISON_STING,WEATHER_BALL_FIRE,LEAF_STORM,89.3,90.6,73.8,45.6,lapras:685;vigoroth:685;dusknoir_shadow:623;malamar_mega:582;charjabug:515,swalot:233;cramorant:261;dragonair_shadow:326;jumpluff:369;mawile_mega:403
smoochum,Smoochum,80.4,141.1,89,120,1509,POWDER_SNOW,PSYSHOCK,ICE_PUNCH,82.5,70.3,84.9,37,jumpluff:870;electrode_hisuian:787;cradily:745;fearow:704;abomasnow_shadow:612,cramorant:242;mawile_mega:326;malamar_mega:420;charjabug:432;swalot:473
wormadam_sandy,Wormadam (Sandy),80.3,110,144.8,128,2040,SUCKER_PUNCH,BULLDOZE,BUG_BUZZ,71.3,58.4,86.7,66.4,charjabug:726;dunsparce:726;cradily:671;swalot:539;dusknoir_shadow:515,mawile_mega:290;cramorant:293;malamar_mega:341;dragonair_shadow:350;jumpluff:418
noctowl_shadow,Noctowl (Shadow),80.2,105.3,120.1,168,2126,WING_ATTACK,SKY_ATTACK,SHADOW_BALL,75,47.4,82.5,66.2,dusknoir_shadow:779;jumpluff:776;spidops:654;cramorant:562;fearow:532,charjabug:162;dragonair_shadow:263;swalot:415;mawile_mega:479;malamar_mega:487
beedrill,Beedrill,80.1,127.1,106.5,130,1760,INFESTATION,X_SCISSOR,DRILL_RUN,79,71.4,76.6,57,cradily:857;rillaboom:753;malamar_mega:669;swalot:623;abomasnow_shadow:511,dragonair_shadow:263;jumpluff:300;cramorant:301;mawile_mega:464;charjabug:480
golurk_shadow,Golurk (Shadow),80.1,133.3,98.5,128,1681,MUD_SLAP,SHADOW_PUNCH,DYNAMIC_PUNCH,76.5,60.1,65.5,50.8,cradily:902;charjabug:878;swalot:832;mawile_mega:714;vigoroth:703,jumpluff:62;cramorant:142;malamar_mega:279;dragonair_shadow:358;lapras:405
hariyama,Hariyama,80.1,125.6,76,186,1778,FORCE_PALM,UPPER_HAND,HEAVY_SLAM,73,50.3,79.5,63.7,aurorus:846;cradily:803;dunsparce:704;quagsire_shadow:645;vigoroth:551,cramorant:198;jumpluff:251;mawile_mega:280;malamar_mega:295;swalot:345
armaldo_shadow,Armaldo (Shadow),80,133.9,109.1,115,1680,FURY_CUTTER,ROCK_BLAST,LIQUIDATION,81.1,76.1,78.7,36.2,cradily:852;electrode_hisuian:778;malamar_mega:752;charjabug:691;vigoroth:634,mawile_mega:107;cramorant:162;swalot:312;dragonair_shadow:358;jumpluff:437
dragonite,Dragonite,80,135.8,107.3,113,1647,DRAGON_BREATH,THUNDER_PUNCH,SUPER_POWER,83.3,52,79.8,52.4,electrode_hisuian:818;vigoroth:730;cramorant:654;dusknoir_shadow:650;lapras:610,mawile_mega:107;malamar_mega:254;swalot:333;jumpluff:339;charjabug:416
drilbur_shadow,Drilbur (Shadow),80,139.4,81.5,142,1614,SCRATCH,DRILL_RUN,ROCK_TOMB,78.3,87.7,70.8,31.6,charjabug:855;swalot:785;lapras:672;malamar_mega:644;mawile_mega:510,jumpluff:199;cramorant:250;dragonair_shadow:287;cradily:361;dusknoir_shadow:466
lurantis,Lurantis,80,126.2,117.8,119,1770,LEAFAGE,LEAF_BLADE,SUPER_POWER,79,48.7,76.1,68.3,lapras:844;dusknoir_shadow:743;vigoroth:743;aurorus:693;dragonair_shadow:558,jumpluff:133;cramorant:222;swalot:225;mawile_mega:341;malamar_mega:433
pumpkaboo_large,Pumpkaboo (Large),80,113.4,115.1,133,1737,ASTONISH,GRASS_KNOT,FOUL_PLAY,77.2,50.6,77.3,68.1,stunfisk:808;electrode_hisuian:650;charjabug:620;dragonair_shadow:537;mawile_mega:530,malamar_mega:229;cramorant:253;jumpluff:287;swalot:330;lapras:343
scolipede_shadow,Scolipede (Shadow),80,131.7,120.3,107,1698,POISON_STING,AQUA_TAIL,X_SCISSOR,80.3,78.5,76.1,35.9,electrode_hisuian:827;abomasnow_shadow:700;dragonair_shadow:658;malamar_mega:574;stunfisk:528,charjabug:313;mawile_mega:341;cramorant:349;swalot:383;jumpluff:388
decidueye_hisuian,Decidueye (Hisuian),79.9,126.9,109.4,127,1765,PSYCHO_CUT,ENERGY_BALL,AURA_SPHERE,78.7,62.8,81.2,61,dunsparce:775;aurorus:712;abomasnow_shadow:641;electrode_hisuian:614;vigoroth:523,cramorant:111;jumpluff:215;swalot:269;malamar_mega:295;mawile_mega:372
latios_mega,Latios (Mega),79.9,150.2,110.7,89,1481,DRAGON_BREATH,AURA_SPHERE,LUSTER_PURGE,76.3,73.5,75.7,38.1,malamar_mega:769;lapras:769;dunsparce:769;cradily:724;vigoroth:657,mawile_mega:96;swalot:187;jumpluff:238;charjabug:242;cramorant:265
meganium,Meganium,79.9,110.8,139,131,2018,VINE_WHIP,FRENZY_PLANT,EARTHQUAKE,69.2,43.1,84.6,59.1,malamar_mega:782;lapras:706;dunsparce:645;mawile_mega:618;electrode_hisuian:580,swalot:108;dragonair_shadow:133;jumpluff:186;charjabug:357;cradily:375
barraskewda,Barraskewda,79.8,159.6,85.2,103,1403,PECK,AQUA_JET,CLOSE_COMBAT,78.5,79.2,83.2,26.2,cradily:728;lapras:674;aurorus:631;dusknoir_shadow:529;dunsparce:519,mawile_mega:142;cramorant:242;jumpluff:346;swalot:388;malamar_mega:487
cryogonal,Cryogonal,79.8,115.8,137.9,121,1935,ICE_SHARD,TRIPLE_AXEL,NIGHT_SLASH,76.5,57.3,73.1,73.7,jumpluff:723;abomasnow_shadow:570;electrode_hisuian:557;charjabug:528;dragonair_shadow:524,malamar_mega:183;mawile_mega:239;lapras:279;swalot:350;cramorant:380
raichu_mega_y,Raichu (Mega Y),79.8,174.4,85.4,86,1282,THUNDER_SHOCK,BRICK_BREAK,TRAILBLAZE,77.5,79.9,86.2,28.3,lapras:703;cramorant:656;aurorus:627;malamar_mega:587;vigoroth:575,dragonair_shadow:141;mawile_mega:188;charjabug:353;jumpluff:444;swalot:444
haunter_shadow,Haunter (Shadow),79.7,161.1,85.5,101,1392,SHADOW_CLAW,ICE_PUNCH,SHADOW_BALL,77.2,59.7,80.3,36.7,jumpluff:846;swalot:702;mawile_mega:658;charjabug:549;cramorant:519,malamar_mega:208;lapras:226;dusknoir_shadow:283;dragonair_shadow:358;vigoroth:386
wailord,Wailord,79.7,118.3,67.4,237,1892,ROLLOUT,SURF,RETURN,77.3,59.2,80.7,57.5,aurorus:888;piloswine:740;spidops:571;fearow:561;cramorant:512,swalot:315;mawile_mega:382;malamar_mega:391;charjabug:404;jumpluff:408
scolipede,Scolipede,79.6,131.7,120.3,107,1698,POISON_STING,AQUA_TAIL,MEGAHORN,79.7,69.7,76.6,46.2,electrode_hisuian:808;malamar_mega:621;stunfisk:598;charjabug:546;dragonair_shadow:518,cramorant:162;lapras:198;jumpluff:199;swalot:435;mawile_mega:454
sirfetchd,Sirfetch'd,79.6,144.7,108,99,1548,FURY_CUTTER,LEAF_BLADE,CLOSE_COMBAT,83.3,56.3,77.5,43.5,cradily:792;vigoroth:691;dunsparce:671;lapras:590;malamar_mega:540,mawile_mega:96;jumpluff:147;charjabug:242;swalot:371;cramorant:373
castform_rainy,Castform (Rainy),79.5,112.6,121.2,146,1994,WATER_GUN,WEATHER_BALL_WATER,THUNDER,72.8,56.3,81,63.7,piloswine:753;aurorus:739;stunfisk:575;fearow:565;cramorant:523,charjabug:162;jumpluff:205;swalot:391;malamar_mega:412;mawile_mega:474
flygon,Flygon,79.5,127.9,109.5,125,1752,DRAGON_TAIL,SAND_TOMB,TWISTER,75.8,57.3,75.4,53.5,charjabug:720;dusknoir_shadow:632;dunsparce:580;cradily:556;vigoroth:504,malamar_mega:233;jumpluff:287;mawile_mega:367;swalot:423;cramorant:456
flygon_shadow,Flygon (Shadow),79.5,127.9,109.5,125,1752,DRAGON_TAIL,SAND_TOMB,TWISTER,77,57.6,73.6,45.6,cradily:852;malamar_mega:675;charjabug:660;swalot:616;dusknoir_shadow:576,mawile_mega:66;vigoroth:210;jumpluff:339;lapras:374;dragonair_shadow:484
fraxure_shadow,Fraxure (Shadow),79.5,144.2,91.5,118,1558,DRAGON_TAIL,AQUA_TAIL,NIGHT_SLASH,85.6,79.6,73.8,32.4,dragalge:724;fearow:652;dusknoir_shadow:538;aurorus:538;piloswine:538,jumpluff:303;mawile_mega:311;swalot:327;cramorant:452;malamar_mega:491
kabuto_shadow,Kabuto (Shadow),79.5,134.4,129.4,96,1672,SCRATCH,AQUA_JET,ROCK_TOMB,77.8,75.6,72.4,27,lapras:755;malamar_mega:682;aurorus:645;mawile_mega:635;vigoroth:583,jumpluff:199;charjabug:242;dragonair_shadow:287;cradily:354;swalot:450
ursaluna_shadow,Ursaluna (Shadow),79.5,125.6,98.6,144,1786,SCRATCH,THUNDER_PUNCH,HIGH_HORSEPOWER,73.8,71.6,73.1,36.7,dusknoir_shadow:722;cramorant:677;charjabug:645;dunsparce:635;swalot:628,mawile_mega:209;malamar_mega:254;lapras:259;dragonair_shadow:287;jumpluff:323
claydol,Claydol,79.4,103.5,172.6,121,2164,MUD_SLAP,ROCK_TOMB,SHADOW_BALL,75.8,50.3,78.6,67.8,charjabug:739;stunfisk:735;electrode_hisuian:698;mawile_mega:685;swalot:582,cramorant:123;jumpluff:258;dragonair_shadow:358;lapras:446;malamar_mega:487
machop_shadow,Machop (Shadow),79.4,127.7,81.5,157,1634,KARATE_CHOP,CROSS_CHOP,BRICK_BREAK,85,70.5,68,48.9,cradily:751;vigoroth:742;mawile_mega:710;lapras:710;dragonair_shadow:691,charjabug:238;cramorant:285;jumpluff:290;swalot:383;malamar_mega:458
electrode,Electrode,79.3,122.8,126.3,118,1832,VOLT_SWITCH,DISCHARGE,FOUL_PLAY,79.2,69.5,78.9,68.9,cramorant:881;dusknoir_shadow:669;lapras:580;mawile_mega:567;charjabug:559,dragonair_shadow:181;cradily:239;jumpluff:320;swalot:353;malamar_mega:400
kilowattrel,Kilowattrel,79.3,143.2,92.5,118,1563,THUNDER_SHOCK,ACROBATICS,AERIAL_ACE,74.3,69.2,79.5,42.1,fearow:783;cramorant:750;spidops:741;cofagrigus:690;jumpluff:682,dragonair_shadow:110;swalot:304;charjabug:321;mawile_mega:377;malamar_mega:383
venomoth,Venomoth,79.3,127,107.5,129,1763,INFESTATION,POISON_FANG,SILVER_WIND,78.7,70.7,72,65.9,cradily:856;aurorus:740;malamar_mega:647;charjabug:585;vigoroth:515,dragonair_shadow:287;cramorant:329;jumpluff:333;mawile_mega:397;swalot:397
kangaskhan,Kangaskhan,79.2,114.5,110.8,153,1944,LOW_KICK,BRICK_BREAK,CRUNCH,76.5,75.3,76.6,75.9,aurorus:692;dunsparce:647;lapras:607;vigoroth:584;cradily:581,jumpluff:212;cramorant:222;swalot:260;malamar_mega:308;mawile_mega:443
passimian,Passimian,79.2,128.6,99.1,136,1735,COUNTER,BRUTAL_SWING,SUPER_POWER,72.7,57.8,80,59.4,cradily:757;dunsparce:731;stunfisk:628;aurorus:625;vigoroth:522,cramorant:218;jumpluff:258;mawile_mega:311;malamar_mega:325;swalot:333
slowpoke_galarian,Slowpoke (Galarian),79.1,104.1,94.9,186,1840,CONFUSION,PSYSHOCK,SURF,78.8,69.2,79.3,62.9,swalot:610;fearow:586;cradily:545;abomasnow_shadow:540;electrode_hisuian:534,malamar_mega:254;dragonair_shadow:279;jumpluff:359;mawile_mega:397;cramorant:496
decidueye,Decidueye,79,127.8,115.2,119,1754,LEAFAGE,FRENZY_PLANT,SPIRIT_SHACKLE,79.3,64.9,81.9,65.9,lapras:810;vigoroth:735;charjabug:546;dunsparce:537;dusknoir_shadow:516,jumpluff:179;swalot:280;mawile_mega:362;malamar_mega:370;dragonair_shadow:440
galvantula_shadow,Galvantula (Shadow),79,138.2,96.4,122,1627,VOLT_SWITCH,DISCHARGE,LUNGE,76.2,72.1,79.5,42.7,cramorant:750;electrode_hisuian:614;mawile_mega:561;charjabug:512;dusknoir_shadow:508,dragonair_shadow:208;malamar_mega:295;lapras:365;swalot:394;cradily:458
haxorus_shadow,Haxorus (Shadow),79,151.4,95.1,103,1485,DRAGON_TAIL,NIGHT_SLASH,SURF,79.2,70.8,76.3,30.5,dragalge:723;cofagrigus:655;fearow:645;marowak:587;stunfisk:533,mawile_mega:96;jumpluff:303;swalot:441;cramorant:460;malamar_mega:483
houndstone,Houndstone,79,120.3,130.3,119,1866,BITE,SHADOW_BALL,PSYCHIC_FANGS,83.6,73.2,84,58.3,swalot:630;cradily:596;vigoroth:571;dragonair_shadow:554;charjabug:542,malamar_mega:170;cramorant:273;jumpluff:277;lapras:382;mawile_mega:464
wailmer_shadow,Wailmer (Shadow),79,116.5,68.2,242,1927,ROLLOUT,SCALD,BODY_SLAM,78.3,71.6,77.3,46.2,dunsparce:638;charjabug:626;lapras:601;cramorant:545;swalot:543,dragonair_shadow:169;cradily:312;jumpluff:356;malamar_mega:445;mawile_mega:464
sceptile,Sceptile,78.9,135.6,109.3,111,1646,FURY_CUTTER,LEAF_BLADE,BREAKING_SWIPE,80.3,62.1,73.6,54,malamar_mega:752;aurorus:671;dusknoir_shadow:644;dunsparce:626;lapras:599,jumpluff:160;cramorant:162;swalot:230;mawile_mega:265;charjabug:293
lopunny_mega,Lopunny (Mega),78.8,145.9,116.4,90,1531,LOW_KICK,TRIPLE_AXEL,THUNDER_PUNCH,71.8,73.8,74,45.6,aurorus:744;cradily:727;lapras:661;vigoroth:661;dunsparce:655,mawile_mega:234;malamar_mega:270;charjabug:329;swalot:339;jumpluff:415
hattrem,Hattrem,78.7,122.7,115.7,128,1818,CONFUSION,PSYSHOCK,DAZZLING_GLEAM,74.3,62.7,82.3,53.7,toxapex:769;quagsire_shadow:671;dragalge:636;goodra:582;piloswine:554,malamar_mega:66;charjabug:242;swalot:295;jumpluff:372;mawile_mega:403
chimecho,Chimecho,78.6,119.5,120.8,130,1879,ASTONISH,PSYSHOCK,ENERGY_BALL,73,58.1,80,47.8,cofagrigus:673;lunatone:669;dragalge:650;lapras:507;electrode_hisuian:503,charjabug:198;malamar_mega:325;jumpluff:336;swalot:464;mawile_mega:469
parasect,Parasect,78.6,124.1,118.2,123,1807,FURY_CUTTER,X_SCISSOR,CROSS_POISON,78.7,64.9,74.7,68.1,malamar_mega:776;dragonair_shadow:764;cradily:703;abomasnow_shadow:666;charjabug:504,swalot:216;mawile_mega:229;cramorant:281;jumpluff:290;lapras:357
tropius,Tropius,78.6,101.4,128,170,2208,AIR_SLASH,LEAF_BLADE,BRUTAL_SWING,77,51.9,77.3,76.2,quagsire_shadow:879;dondozo:647;stunfisk:641;cofagrigus:550;dusknoir_shadow:529,swalot:143;mawile_mega:331;cramorant:424;malamar_mega:429;jumpluff:473
ampharos_mega,Ampharos (Mega),78.5,143.5,105,104,1568,VOLT_SWITCH,BRUTAL_SWING,TRAILBLAZE,79.5,79.9,68.3,52.4,cramorant:860;lapras:802;electrode_hisuian:639;charjabug:557;dusknoir_shadow:557,dragonair_shadow:177;mawile_mega:244;swalot:315;jumpluff:339;malamar_mega:483
beartic,Beartic,78.5,135.4,94,130,1657,POWDER_SNOW,ICE_PUNCH,LIQUIDATION,80.3,67.6,79.1,50.2,jumpluff:880;electrode_hisuian:803;fearow:726;piloswine:673;dusknoir_shadow:650,cramorant:265;mawile_mega:295;swalot:383;charjabug:392;malamar_mega:412
weezing,Weezing,78.5,117.5,140.2,116,1913,ROLLOUT,SLUDGE_BOMB,DARK_PULSE,77.3,74.2,80.9,55.4,jumpluff:581;charjabug:568;abomasnow_shadow:551;electrode_hisuian:543;dusknoir_shadow:504,malamar_mega:129;lapras:310;mawile_mega:321;dragonair_shadow:429;swalot:470
espurr,Espurr,78.4,113.4,108.3,145,1783,CONFUSION,PSYSHOCK,ENERGY_BALL,77.5,64.8,80.7,55.9,toxapex:796;lapras:565;vigoroth:544;swalot:527;cradily:510,charjabug:222;malamar_mega:279;mawile_mega:357;jumpluff:362;cramorant:496
gengar_mega,Gengar (Mega),78.3,167.2,100.1,80,1339,SHADOW_CLAW,SHADOW_PUNCH,DARK_PULSE,82.3,67.3,72.7,33.7,mawile_mega:825;abomasnow_shadow:600;charjabug:587;dragonair_shadow:543;cramorant:537,malamar_mega:179;jumpluff:333;lapras:354;cradily:375;swalot:400
pinsir,Pinsir,78.3,139.6,112.6,102,1604,FURY_CUTTER,CLOSE_COMBAT,X_SCISSOR,76.5,60.5,80.2,41,electrode_hisuian:799;lapras:779;cradily:779;malamar_mega:745;dunsparce:656,mawile_mega:107;swalot:245;dragonair_shadow:287;cramorant:309;jumpluff:379
pumpkaboo_average,Pumpkaboo (Average),78.3,114.2,115.9,126,1670,ASTONISH,GRASS_KNOT,FOUL_PLAY,75.2,50.3,73.4,63.7,stunfisk:797;electrode_hisuian:634;charjabug:599;dragonair_shadow:515;mawile_mega:503,malamar_mega:229;cramorant:253;jumpluff:287;swalot:330;lapras:346
swampert_mega,Swampert (Mega),78.2,135.5,108.6,112,1649,MUD_SHOT,HYDRO_CANNON,EARTHQUAKE,79.3,59,75.4,43.7,aurorus:794;dusknoir_shadow:647;swalot:629;mawile_mega:580;charjabug:575,cramorant:91;jumpluff:143;dragonair_shadow:370;malamar_mega:395;lapras:413
sawk_shadow,Sawk (Shadow),78,140.3,97.3,117,1599,LOW_KICK,BRICK_BREAK,BODY_SLAM,76.2,65.4,75.6,41.6,dunsparce:824;aurorus:756;cradily:739;vigoroth:653;lapras:568,cramorant:182;malamar_mega:262;jumpluff:284;mawile_mega:301;swalot:336
slowpoke,Slowpoke,78,104.1,94.9,186,1840,CONFUSION,PSYSHOCK,WATER_PULSE,77.2,62.7,78.9,63.7,aurorus:717;toxapex:618;swalot:610;lapras:577;cramorant:524,malamar_mega:137;charjabug:202;dragonair_shadow:279;jumpluff:330;mawile_mega:448
swadloon,Swadloon,78,106.7,146.2,135,2106,BUG_BITE,ENERGY_BALL,SILVER_WIND,74.5,46.6,78.9,74,malamar_mega:870;dunsparce:674;vigoroth:629;charjabug:603;dusknoir_shadow:503,swalot:166;jumpluff:238;cramorant:305;mawile_mega:306;dragonair_shadow:366
machop,Machop,77.9,127.7,81.5,157,1634,KARATE_CHOP,CROSS_CHOP,BRICK_BREAK,79.3,62.5,65.5,64.5,aurorus:818;vigoroth:767;abomasnow_shadow:767;dragonair_shadow:710;dunsparce:643,jumpluff:238;cramorant:242;swalot:315;malamar_mega:345;mawile_mega:382
palossand,Palossand,77.9,116.5,123,134,1922,ASTONISH,SHADOW_BALL,EARTH_POWER,72.7,46.4,80.2,67.2,swalot:794;charjabug:794;dusknoir_shadow:593;mawile_mega:533;cradily:514,lapras:226;malamar_mega:229;dragonair_shadow:334;cramorant:400;jumpluff:405
staravia,Staravia,77.8,131.9,91.5,135,1631,WING_ATTACK,BRAVE_BIRD,FLY,59.5,38,81.4,46.7,jumpluff:862;dusknoir_shadow:740;cofagrigus:714;dondozo:700;spidops:559,mawile_mega:158;charjabug:162;malamar_mega:170;cramorant:242;swalot:377
golurk,Golurk,77.7,133.3,98.5,128,1681,MUD_SLAP,SHADOW_PUNCH,DYNAMIC_PUNCH,71.7,53,66.2,57,charjabug:714;stunfisk:703;vigoroth:570;dunsparce:535;mawile_mega:511,jumpluff:42;cramorant:115;malamar_mega:229;dragonair_shadow:311;swalot:447
scyther,Scyther,77.7,134.8,109.4,113,1668,FURY_CUTTER,X_SCISSOR,NIGHT_SLASH,80.3,61.9,73.8,47,cradily:783;malamar_mega:769;electrode_hisuian:756;dusknoir_shadow:650;abomasnow_shadow:597,cramorant:162;mawile_mega:198;swalot:242;dragonair_shadow:287;jumpluff:372
toedscruel,Toedscruel,77.7,108.9,143.5,131,2047,MUD_SLAP,SEED_BOMB,EARTH_POWER,76.2,40.2,77,71.6,malamar_mega:790;charjabug:679;mawile_mega:648;vigoroth:637;cradily:591,jumpluff:160;cramorant:265;dragonair_shadow:279;swalot:377;lapras:388
weezing_shadow,Weezing (Shadow),77.7,117.6,139.5,116,1905,ROLLOUT,SLUDGE_BOMB,DARK_PULSE,71,65.2,80.2,44.8,scizor_mega:655;swalot:577;jumpluff:573;charjabug:573;spidops:517,malamar_mega:129;dragonair_shadow:169;cramorant:253;mawile_mega:336;lapras:360
glalie_mega,Glalie (Mega),77.6,141.5,100.7,111,1584,POWDER_SNOW,AVALANCHE,SHADOW_BALL,65.5,70.2,80.5,37.8,cradily:725;piloswine:612;jumpluff:576;stunfisk:563;dragalge:509,mawile_mega:158;charjabug:202;malamar_mega:254;cramorant:265;swalot:453
servine_shadow,Servine (Shadow),77.6,105.8,140.3,142,2110,VINE_WHIP,GRASS_KNOT,WRAP,76.2,59.8,75,70.5,stunfisk:834;lapras:711;vigoroth:573;malamar_mega:535;dunsparce:517,swalot:236;jumpluff:352;mawile_mega:357;charjabug:380;dragonair_shadow:417
wyrdeer,Wyrdeer,77.6,126.6,95.5,146,1767,CONFUSION,STOMP,WILD_CHARGE,75.5,71.1,79.8,54,toxapex:708;quagsire_shadow:640;dragalge:616;lapras:575;vigoroth:506,malamar_mega:66;swalot:309;mawile_mega:336;cramorant:337;jumpluff:464
bewear_shadow,Bewear (Shadow),77.5,129.6,87.1,153,1729,LOW_KICK,SUPER_POWER,STOMP,79,66.4,83.7,50.2,cradily:800;vigoroth:732;lapras:669;swalot:545;malamar_mega:539,jumpluff:251;mawile_mega:260;dragonair_shadow:287;charjabug:361;cramorant:384
claydol_shadow,Claydol (Shadow),77.4,103.5,172.6,121,2164,MUD_SLAP,ROCK_TOMB,SHADOW_BALL,77.2,46.8,72.7,60,charjabug:694;mawile_mega:644;lapras:632;malamar_mega:595;swalot:508,cramorant:162;jumpluff:271;dusknoir_shadow:316;dragonair_shadow:429;dunsparce:478
graveler_alolan,Graveler (Alolan),77.4,121.4,130.9,116,1845,VOLT_SWITCH,STONE_EDGE,ROCK_BLAST,78.5,60.8,69.9,58.9,cramorant:918;charjabug:672;vigoroth:672;jumpluff:556;mawile_mega:556,dragonair_shadow:145;cradily:309;malamar_mega:383;lapras:455;swalot:456
garchomp_shadow,Garchomp (Shadow),77.3,132.4,101.4,126,1694,DRAGON_TAIL,TWISTER,SAND_TOMB,73.7,56,71.5,35.9,charjabug:916;malamar_mega:678;swalot:607;dunsparce:587;dusknoir_shadow:551,mawile_mega:66;lapras:223;cramorant:281;jumpluff:369;cradily:385
corvisquire,Corvisquire,77.2,118.1,104.7,153,1893,PECK,SKY_ATTACK,PAYBACK,72.8,46.9,80.5,56.2,jumpluff:598;vigoroth:545;fearow:535;spidops:529;malamar_mega:506,charjabug:202;dragonair_shadow:240;mawile_mega:372;swalot:423;cramorant:488
golduck_shadow,Golduck (Shadow),77.1,124.1,112.1,129,1797,CONFUSION,CROSS_CHOP,LIQUIDATION,79.8,77.8,68.1,48.9,vigoroth:763;aurorus:717;abomasnow_shadow:647;mawile_mega:546;swalot:542,malamar_mega:237;jumpluff:238;dragonair_shadow:338;charjabug:341;cramorant:373
kabuto,Kabuto,77.1,134.4,129.4,96,1672,SCRATCH,AQUA_JET,ROCK_TOMB,74.2,67.8,72.6,38.3,lapras:755;aurorus:687;cramorant:536;swalot:536;spidops:520,jumpluff:133;dragonair_shadow:216;charjabug:380;malamar_mega:404;mawile_mega:474
marshtomp_shadow,Marshtomp (Shadow),77.1,120.4,111.4,139,1865,MUD_SHOT,SURF,SLUDGE,76.8,70,78.9,45.9,dusknoir_shadow:672;mawile_mega:615;dunsparce:607;aurorus:593;charjabug:543,jumpluff:254;cramorant:301;swalot:394;malamar_mega:395;dragonair_shadow:425
sandslash,Sandslash,77,120.4,123,125,1853,SAND_ATTACK,NIGHT_SLASH,ROCK_TOMB,72.7,71.4,70.1,52.4,charjabug:692;dragalge:644;mawile_mega:628;toxapex:560;swalot:516,dragonair_shadow:216;jumpluff:297;lapras:399;cramorant:412;malamar_mega:425
tyranitar_mega,Tyranitar (Mega),77,133.9,122.9,101,1663,DRAGON_BREATH,BRUTAL_SWING,STONE_EDGE,74.5,67.9,67.8,35.9,lapras:881;dusknoir_shadow:787;dragonair_shadow:727;aurorus:707;vigoroth:628,mawile_mega:107;jumpluff:133;charjabug:162;malamar_mega:170;swalot:342
gabite,Gabite,76.9,128.7,102.4,132,1741,MUD_SHOT,TWISTER,DIG,71,55,81,48.1,charjabug:700;electrode_hisuian:655;dragonair_shadow:587;cradily:560;mawile_mega:545,cramorant:47;jumpluff:192;lapras:276;swalot:301;malamar_mega:354
quaxwell,Quaxwell,76.9,125.4,103.5,138,1792,WING_ATTACK,AQUA_JET,AERIAL_ACE,74.8,75.6,76.3,50.2,piloswine:851;crustle:778;dunsparce:608;swalot:543;spidops:510,charjabug:365;cramorant:384;mawile_mega:387;malamar_mega:404;jumpluff:411
weepinbell_shadow,Weepinbell (Shadow),76.9,139.3,82.6,140,1613,ACID,POWER_WHIP,SEED_BOMB,72,65.2,72.9,37.5,electrode_hisuian:853;stunfisk:610;lapras:585;dunsparce:582;dusknoir_shadow:567,mawile_mega:209;swalot:228;malamar_mega:229;cramorant:253;jumpluff:349
quilladin,Quilladin,76.8,114.9,130.2,130,1947,LOW_KICK,ENERGY_BALL,BODY_SLAM,72.3,63,78.9,62.4,lapras:826;electrode_hisuian:700;stunfisk:680;dunsparce:611;vigoroth:542,jumpluff:196;swalot:207;cramorant:285;malamar_mega:358;mawile_mega:397
wormadam_plant,Wormadam (Plant),76.8,110,144.8,128,2040,SUCKER_PUNCH,ENERGY_BALL,BUG_BUZZ,72.2,48,78.7,65.4,electrode_hisuian:820;vigoroth:617;malamar_mega:613;charjabug:578;dusknoir_shadow:554,jumpluff:160;swalot:178;cramorant:202;dragonair_shadow:307;mawile_mega:387
bewear,Bewear,76.7,129.6,87.1,153,1729,LOW_KICK,SUPER_POWER,STOMP,80,58.1,79.8,59.1,cradily:833;dunsparce:754;lapras:735;vigoroth:735;mawile_mega:549,cramorant:162;jumpluff:228;charjabug:337;swalot:447;malamar_mega:483
gallade_mega,Gallade (Mega),76.7,152.7,112.9,85,1466,LOW_KICK,LEAF_BLADE,SACRED_SWORD,82.6,51.4,75.4,33.5,lapras:782;dunsparce:782;cradily:735;vigoroth:676;dragonair_shadow:570,cramorant:146;jumpluff:186;swalot:228;malamar_mega:454;mawile_mega:484
mienshao,Mienshao,76.7,158.9,84.8,105,1415,FORCE_PALM,BRUTAL_SWING,BLAZE_KICK,72.8,63.5,62.1,44.3,aurorus:795;cradily:757;charjabug:638;vigoroth:614;lapras:595,jumpluff:140;cramorant:218;malamar_mega:275;swalot:336;mawile_mega:341
slowpoke_shadow,Slowpoke (Shadow),76.7,104.1,94.9,186,1840,CONFUSION,PSYSHOCK,WATER_PULSE,77.5,56.8,76.6,56.2,lapras:645;mawile_mega:629;cramorant:583;swalot:540;vigoroth:532,malamar_mega:66;charjabug:242;dragonair_shadow:338;cradily:357;jumpluff:375
stoutland,Stoutland,76.7,123.8,116.2,125,1799,TAKE_DOWN,WILD_CHARGE,CRUNCH,71,53.1,79.1,56.7,spidops:656;dunsparce:596;swalot:584;lapras:536;charjabug:528,mawile_mega:280;malamar_mega:325;dragonair_shadow:358;cramorant:384;jumpluff:467
whiscash_shadow,Whiscash (Shadow),76.7,107.5,108.2,178,2074,MUD_SHOT,MUD_BOMB,SCALD,74.5,53.8,78.2,59.1,mawile_mega:693;aurorus:662;charjabug:637;swalot:581;dusknoir_shadow:508,jumpluff:35;cramorant:222;malamar_mega:362;dragonair_shadow:452;lapras:452
garchomp,Garchomp,76.6,132.4,101.4,126,1694,DRAGON_TAIL,TWISTER,SAND_TOMB,71.3,52.5,73.1,48.6,charjabug:686;electrode_hisuian:650;dusknoir_shadow:607;quagsire_shadow:595;cradily:515,malamar_mega:212;jumpluff:294;mawile_mega:377;swalot:432;cramorant:464
karrablast_shadow,Karrablast (Shadow),76.6,127.7,85.7,127,1390,FURY_CUTTER,DRILL_RUN,X_SCISSOR,74.2,78,76.3,32.1,cradily:759;electrode_hisuian:759;malamar_mega:728;vigoroth:681;dusknoir_shadow:547,mawile_mega:96;cramorant:154;dragonair_shadow:287;swalot:385;jumpluff:392
armaldo,Armaldo,76.5,133.9,109.1,115,1680,FURY_CUTTER,ROCK_BLAST,LIQUIDATION,73.5,70.5,75.6,45.1,electrode_hisuian:821;malamar_mega:773;crustle:734;rillaboom:582;lunatone:560,mawile_mega:107;cramorant:162;dragonair_shadow:287;swalot:307;jumpluff:349
drilbur,Drilbur,76.5,139.4,81.5,142,1614,SCRATCH,DRILL_RUN,ROCK_TOMB,75,72.7,72.7,32.7,electrode_hisuian:926;stunfisk:686;charjabug:683;mawile_mega:591;dunsparce:577,dragonair_shadow:216;cramorant:250;jumpluff:415;malamar_mega:495;swalot:497
gigalith,Gigalith,76.5,127.2,118.4,117,1763,LOCK_ON,SUPER_POWER,METEOR_BEAM,63.2,62.1,79.5,49.1,spidops:790;piloswine:782;aurorus:773;abomasnow_shadow:525;cramorant:504,mawile_mega:107;charjabug:257;swalot:394;malamar_mega:458;jumpluff:477
pancham,Pancham,76.5,123.3,99.3,149,1826,LOW_KICK,CRUNCH,BODY_SLAM,73.8,61.4,76.1,58.3,piloswine:795;dunsparce:734;aurorus:634;vigoroth:583;abomasnow_shadow:560,cramorant:123;mawile_mega:209;jumpluff:222;malamar_mega:379;swalot:385
zangoose,Zangoose,76.5,144.7,87.7,122,1550,FURY_CUTTER,CLOSE_COMBAT,NIGHT_SLASH,82.6,57.4,65.3,36.4,dusknoir_shadow:848;cradily:790;lapras:750;malamar_mega:700;vigoroth:668,mawile_mega:107;cramorant:162;swalot:233;jumpluff:251;charjabug:369
hippopotas,Hippopotas,76.4,115.1,111.7,152,1956,SAND_ATTACK,ROCK_TOMB,DIG,74.8,59,74.9,50.2,charjabug:759;mawile_mega:661;dunsparce:605;stunfisk:588;cradily:572,jumpluff:290;cramorant:412;lapras:430;malamar_mega:454;dragonair_shadow:476
marshtomp,Marshtomp,76.4,119.8,111.5,140,1871,MUD_SHOT,SURF,SLUDGE,75.2,62.2,76.5,58.3,stunfisk:721;swalot:632;mawile_mega:628;aurorus:610;charjabug:607,jumpluff:215;cramorant:218;dragonair_shadow:342;malamar_mega:375;lapras:405
staraptor_shadow,Staraptor (Shadow),76.4,140.3,90.8,125,1594,WING_ATTACK,FLY,CLOSE_COMBAT,58.7,44.5,75.9,34.3,spidops:852;cofagrigus:852;cradily:708;dusknoir_shadow:671;jumpluff:620,mawile_mega:142;charjabug:182;malamar_mega:212;cramorant:242;swalot:464
eelektrik,Eelektrik,76.3,122.3,110,136,1831,ACID,DISCHARGE,CRUNCH,73.3,71.9,78,57.5,cramorant:772;electrode_hisuian:606;charjabug:566;lapras:529;fearow:529,dragonair_shadow:240;malamar_mega:354;jumpluff:366;swalot:385;mawile_mega:403
graveler_alolan_shadow,Graveler (Alolan) (Shadow),76.3,122.6,129.8,115,1831,VOLT_SWITCH,STONE_EDGE,ROCK_BLAST,78.2,64.1,63.2,47.8,cramorant:904;lapras:821;vigoroth:643;charjabug:586;swalot:508,dragonair_shadow:177;mawile_mega:285;jumpluff:375;cradily:378;malamar_mega:458
frosmoth,Frosmoth,76.2,141.5,101,111,1587,POWDER_SNOW,ICY_WIND,BUG_BUZZ,69,60.6,75.4,44.3,cradily:752;jumpluff:734;stunfisk:666;piloswine:644;abomasnow_shadow:617,mawile_mega:158;cramorant:242;malamar_mega:254;swalot:423;charjabug:440
sawk,Sawk,76.2,140.3,97.3,117,1599,LOW_KICK,BRICK_BREAK,BODY_SLAM,77.3,64.9,70.1,52.4,dunsparce:910;cradily:782;vigoroth:739;lapras:653;aurorus:529,jumpluff:235;mawile_mega:255;cramorant:357;malamar_mega:429;swalot:464
seviper,Seviper,76.2,137.5,90,131,1623,POISON_JAB,POISON_FANG,WRAP,70.5,67.5,64.8,65.4,jumpluff:904;chesnaught_mega:629;rillaboom:603;cradily:526;charjabug:519,malamar_mega:287;cramorant:329;dragonair_shadow:346;swalot:353;mawile_mega:392
staravia_shadow,Staravia (Shadow),76.2,131.9,91.5,135,1631,WING_ATTACK,BRAVE_BIRD,FLY,60.3,44.7,76.1,35.6,spidops:862;cradily:707;dusknoir_shadow:696;cofagrigus:688;jumpluff:648,mawile_mega:158;charjabug:182;malamar_mega:212;cramorant:261;swalot:450
tyrantrum,Tyrantrum,76.2,129,115.1,116,1724,DRAGON_TAIL,ROCK_TOMB,CRUNCH,71.7,44.9,70.6,45.9,dragalge:711;charjabug:650;electrode_hisuian:616;toxapex:581;cramorant:517,mawile_mega:66;malamar_mega:208;dragonair_shadow:381;swalot:394;jumpluff:450
tyrantrum_shadow,Tyrantrum (Shadow),76.2,129,115.1,116,1724,DRAGON_TAIL,CRUNCH,ROCK_TOMB,69.7,45.8,69,38.1,charjabug:607;electrode_hisuian:547;toxapex:547;spidops:534;jumpluff:517,mawile_mega:66;lapras:198;malamar_mega:266;swalot:383;dragonair_shadow:452
whiscash,Whiscash,76.2,107.5,108.2,178,2074,MUD_SHOT,MUD_BOMB,SCALD,74,47.4,77,69.1,mawile_mega:702;aurorus:660;swalot:643;dunsparce:542;charjabug:514,jumpluff:137;cramorant:210;malamar_mega:354;dragonair_shadow:366;lapras:405
bergmite,Bergmite,76.1,110.9,113.4,135,1699,BITE,ICY_WIND,CRUNCH,73.2,69.9,70.3,51.6,jumpluff:666;electrode_hisuian:633;fearow:585;dusknoir_shadow:544;dragonair_shadow:518,mawile_mega:234;cramorant:357;malamar_mega:412;charjabug:412;swalot:482
flapple,Flapple,76.1,138.1,100.1,117,1618,DRAGON_BREATH,SEED_BOMB,DRAGON_PULSE,69.7,58.1,67.4,50.2,quagsire_shadow:910;electrode_hisuian:739;stunfisk:726;dusknoir_shadow:636;dunsparce:517,mawile_mega:96;swalot:187;jumpluff:238;cramorant:242;malamar_mega:254
weepinbell,Weepinbell,76.1,137.9,84.8,139,1627,ACID,POWER_WHIP,SEED_BOMB,72.3,66,70.1,45.1,electrode_hisuian:888;dondozo:794;quagsire_shadow:712;stunfisk:658;dunsparce:575,cramorant:242;swalot:289;mawile_mega:352;jumpluff:359;malamar_mega:400
dipplin,Dipplin,76,114.6,128.8,132,1950,DRAGON_TAIL,SEED_BOMB,OUTRAGE,70.2,46.6,73.8,58.1,quagsire_shadow:852;stunfisk:844;electrode_hisuian:806;charjabug:628;vigoroth:526,swalot:146;jumpluff:160;mawile_mega:204;dragonair_shadow:334;malamar_mega:395
zebstrika_shadow,Zebstrika (Shadow),76,137.7,95.4,124,1630,LOW_KICK,WILD_CHARGE,DISCHARGE,72.5,61.9,77.7,34,fearow:794;toxapex:786;lapras:754;vigoroth:673;mawile_mega:524,dragonair_shadow:251;charjabug:253;jumpluff:271;swalot:289;malamar_mega:437
drifloon,Drifloon,75.9,110.9,79.8,186,1647,HEX,SHADOW_BALL,ICY_WIND,73.8,43.1,73.3,55.9,vigoroth:669;jumpluff:658;mawile_mega:612;dragonair_shadow:575;swalot:540,malamar_mega:129;charjabug:142;cramorant:281;lapras:326;cradily:399
espathra,Espathra,75.9,131.7,89.9,143,1696,CONFUSION,PSYSHOCK,DAZZLING_GLEAM,69.2,63.3,79.1,45.4,toxapex:744;aurorus:716;dragalge:587;rillaboom:513;quagsire_shadow:503,malamar_mega:87;mawile_mega:183;cramorant:281;swalot:324;jumpluff:405
chatot,Chatot,75.8,139.6,78.4,147,1610,PECK,HEAT_WAVE,SKY_ATTACK,64.2,55.7,74.3,43.5,spidops:874;dusknoir_shadow:724;cofagrigus:683;jumpluff:680;dragalge:513,mawile_mega:158;charjabug:202;malamar_mega:212;cramorant:289;swalot:409
golem_alolan_shadow,Golem (Alolan) (Shadow),75.8,125.1,122.2,117,1791,VOLT_SWITCH,WILD_CHARGE,ROCK_BLAST,77.5,60.9,71,42.7,lapras:739;vigoroth:641;cramorant:589;dusknoir_shadow:576;charjabug:508,dragonair_shadow:177;swalot:347;jumpluff:379;mawile_mega:438;malamar_mega:462
swellow,Swellow,75.8,135.9,99.9,121,1645,WING_ATTACK,BRAVE_BIRD,AERIAL_ACE,57.7,39.3,80.9,43.2,dusknoir_shadow:719;dondozo:698;cofagrigus:694;spidops:541;jumpluff:504,mawile_mega:158;charjabug:162;malamar_mega:212;cramorant:242;swalot:330
tyrunt_shadow,Tyrunt (Shadow),75.7,126.6,107.8,129,1763,DRAGON_TAIL,ROCK_TOMB,STOMP,73.3,60,62.3,38.6,vigoroth:658;charjabug:608;jumpluff:554;cradily:546;cramorant:511,mawile_mega:66;swalot:318;lapras:332;malamar_mega:441;dragonair_shadow:452
pinsir_mega,Pinsir (Mega),75.6,148.8,118.4,85,1499,FURY_CUTTER,CLOSE_COMBAT,X_SCISSOR,75.3,56.3,72.9,36.7,cradily:758;lapras:735;malamar_mega:694;dunsparce:688;vigoroth:641,mawile_mega:96;charjabug:230;swalot:251;cramorant:317;jumpluff:388
pumpkaboo_small,Pumpkaboo (Small),75.6,115.1,116.8,119,1600,ASTONISH,GRASS_KNOT,FOUL_PLAY,71.7,48.7,71,58.9,dondozo:806;stunfisk:785;electrode_hisuian:613;charjabug:579;quagsire_shadow:571,malamar_mega:229;cramorant:253;jumpluff:287;swalot:330;mawile_mega:438
gothitelle,Gothitelle,75.5,115.3,140.9,119,1934,CONFUSION,ROCK_SLIDE,FUTURE_SIGHT,72.5,59.8,80.5,55.1,lapras:668;cradily:546;electrode_hisuian:529;swalot:521;toxapex:521,malamar_mega:79;cramorant:289;charjabug:309;mawile_mega:377;jumpluff:473
sneasler,Sneasler,75.5,145.4,94.7,112,1543,SHADOW_CLAW,CLOSE_COMBAT,X_SCISSOR,65.5,45.5,82.6,37.2,cradily:848;electrode_hisuian:772;dusknoir_shadow:593;swalot:575;dunsparce:540,malamar_mega:129;jumpluff:160;cramorant:202;mawile_mega:209;charjabug:384
axew_shadow,Axew (Shadow),75.4,138.6,96,121,1612,SCRATCH,AQUA_TAIL,DRAGON_CLAW,71,86.6,66.6,31,fearow:698;dragalge:570;stunfisk:566;piloswine:549;dunsparce:508,jumpluff:238;malamar_mega:254;swalot:321;cramorant:361;mawile_mega:397
drifloon_shadow,Drifloon (Shadow),75.4,110.9,79.8,186,1647,HEX,SHADOW_BALL,ICY_WIND,70.3,55.4,69.6,50.8,vigoroth:658;jumpluff:615;mawile_mega:559;dragalge:537;dragonair_shadow:524,lapras:139;malamar_mega:154;cramorant:170;charjabug:170;swalot:403
wailord_shadow,Wailord (Shadow),75.4,118.3,67.4,237,1892,ROLLOUT,SURF,HYPER_BEAM,69.7,47.6,75,40.5,aurorus:744;dunsparce:635;lapras:599;swalot:556;spidops:533,dragonair_shadow:169;cramorant:253;jumpluff:297;malamar_mega:412;mawile_mega:433
falinks_mega,Falinks (Mega),75.3,140.2,124.1,92,1602,COUNTER,SUPER_POWER,MEGAHORN,69.5,50.6,65.7,52.9,aurorus:777;cradily:733;piloswine:722;abomasnow_shadow:701;dunsparce:657,jumpluff:160;swalot:307;mawile_mega:311;malamar_mega:333;cramorant:333
hitmontop,Hitmontop,75.3,121.2,149.8,102,1853,COUNTER,CLOSE_COMBAT,TRIPLE_AXEL,71,53.6,75.2,68.6,aurorus:647;stunfisk:642;vigoroth:573;cradily:544;dunsparce:544,cramorant:178;malamar_mega:254;swalot:309;mawile_mega:321;jumpluff:411
quilladin_shadow,Quilladin (Shadow),75.3,114.9,130.2,130,1947,LOW_KICK,ENERGY_BALL,BODY_SLAM,71.3,65.7,73.4,52.4,lapras:826;stunfisk:796;electrode_hisuian:619;dunsparce:596;vigoroth:542,swalot:230;jumpluff:235;cramorant:313;malamar_mega:400;mawile_mega:479
purugly,Purugly,75.2,125.5,105.5,134,1775,SCRATCH,AERIAL_ACE,THUNDER,68.8,61.3,74.9,43.2,toxapex:772;dondozo:694;spidops:652;lapras:541;mawile_mega:507,malamar_mega:254;cramorant:277;dragonair_shadow:318;jumpluff:362;swalot:383
golduck,Golduck,75.1,124.1,112.1,129,1797,CONFUSION,CROSS_CHOP,LIQUIDATION,77,71.1,71.2,57,aurorus:775;abomasnow_shadow:713;piloswine:682;lapras:604;swalot:589,malamar_mega:208;charjabug:285;jumpluff:297;cramorant:357;mawile_mega:377
golett_shadow,Golett (Shadow),75.1,119.3,89.9,141,1513,ASTONISH,SHADOW_PUNCH,BRICK_BREAK,71.3,67.3,55.6,49.4,crustle:773;charjabug:698;dragonite_mega:624;dragalge:570;cofagrigus:570,jumpluff:179;malamar_mega:279;cramorant:289;mawile_mega:311;swalot:377
staraptor,Staraptor,75.1,140.3,90.8,125,1594,WING_ATTACK,FLY,CLOSE_COMBAT,58,45.8,76.6,36.4,spidops:900;dusknoir_shadow:720;jumpluff:696;cofagrigus:668;rillaboom:548,mawile_mega:158;charjabug:202;malamar_mega:212;cramorant:222;swalot:388
anorith_shadow,Anorith (Shadow),75,145.4,92,115,1540,SCRATCH,AQUA_JET,CROSS_POISON,82.5,77.8,74,20.8,electrode_hisuian:760;abomasnow_shadow:643;fearow:643;malamar_mega:630;dragonair_shadow:604,cramorant:242;jumpluff:379;swalot:394;charjabug:464;mawile_mega:484
garbodor_shadow,Garbodor (Shadow),75,121,115.9,132,1853,INFESTATION,BODY_SLAM,SEED_BOMB,71.5,71.8,69.4,44.8,rillaboom:757;malamar_mega:617;cradily:594;jumpluff:549;piloswine:507,cramorant:142;dragonair_shadow:263;mawile_mega:275;swalot:461;charjabug:472
hydrapple,Hydrapple,75,122.2,110.7,136,1841,DRAGON_TAIL,SEED_BOMB,OUTRAGE,68.7,45.3,71.5,56.2,electrode_hisuian:797;stunfisk:775;dunsparce:580;charjabug:573;vigoroth:511,mawile_mega:66;swalot:146;jumpluff:160;dragonair_shadow:358;malamar_mega:375
relicanth,Relicanth,75,105.1,133.6,152,2138,WATER_GUN,AQUA_TAIL,ANCIENT_POWER,73.3,49.2,72.4,62.9,fearow:631;swalot:601;aurorus:601;mawile_mega:546;vigoroth:532,jumpluff:267;cramorant:337;dragonair_shadow:338;malamar_mega:350;charjabug:452
fraxure,Fraxure,74.9,144.2,91.5,118,1558,DRAGON_TAIL,AQUA_TAIL,NIGHT_SLASH,79.8,65.6,66.4,37.2,dusknoir_shadow:614;stunfisk:588;dragalge:576;electrode_hisuian:550;dunsparce:542,mawile_mega:244;jumpluff:261;swalot:286;malamar_mega:400;cramorant:408
gabite_shadow,Gabite (Shadow),74.9,128.7,102.4,132,1741,MUD_SHOT,TWISTER,DIG,68.5,46.9,75.6,34,toxapex:776;dusknoir_shadow:632;charjabug:628;dunsparce:571;electrode_hisuian:545,cramorant:91;mawile_mega:188;jumpluff:215;malamar_mega:395;swalot:488
pidgeot_mega,Pidgeot (Mega),74.8,146.9,97.2,107,1529,GUST,BRAVE_BIRD,TWISTER,69.7,60.8,71,48.1,spidops:883;toxapex:733;jumpluff:658;cofagrigus:654;abomasnow_shadow:532,mawile_mega:209;swalot:222;charjabug:281;malamar_mega:295;cramorant:321
tyrunt,Tyrunt,74.8,126.6,107.8,129,1763,DRAGON_TAIL,ROCK_TOMB,STOMP,71.7,56.3,65.3,44,charjabug:662;electrode_hisuian:639;toxapex:612;cramorant:550;fearow:538,mawile_mega:66;malamar_mega:179;swalot:368;dragonair_shadow:381;jumpluff:447
dustox,Dustox,74.7,94.9,148.7,142,2005,CONFUSION,SILVER_WIND,SLUDGE_BOMB,72.3,42.6,77.3,61.8,toxapex:669;swalot:630;electrode_hisuian:619;abomasnow_shadow:609;dragonair_shadow:549,malamar_mega:45;cramorant:182;mawile_mega:341;jumpluff:408;charjabug:496
golem_alolan,Golem (Alolan),74.6,125.1,122.2,117,1791,VOLT_SWITCH,WILD_CHARGE,ROCK_BLAST,74.8,53.6,72.9,54.5,aurorus:722;vigoroth:666;cramorant:658;charjabug:551;mawile_mega:517,dragonair_shadow:161;jumpluff:343;malamar_mega:387;lapras:474;swalot:482
masquerain,Masquerain,74.6,129.5,109.1,122,1725,INFESTATION,AIR_CUTTER,LUNGE,69.5,51.1,70.6,50.8,cradily:799;malamar_mega:774;rillaboom:688;scizor_mega:635;vigoroth:549,cramorant:170;charjabug:226;mawile_mega:239;swalot:271;jumpluff:366
misdreavus_shadow,Misdreavus (Shadow),74.6,123,120.8,122,1814,ASTONISH,DARK_PULSE,SHADOW_SNEAK,70.7,54.9,71.3,58.9,swalot:684;dondozo:663;cofagrigus:590;lunatone:581;rillaboom:528,jumpluff:238;malamar_mega:279;mawile_mega:311;cramorant:337;charjabug:353
axew,Axew,74.5,138.6,96,121,1612,SCRATCH,AQUA_TAIL,DRAGON_CLAW,70.7,78.1,71.7,34.5,dragalge:632;electrode_hisuian:611;stunfisk:611;charjabug:557;dunsparce:541,jumpluff:160;malamar_mega:254;cramorant:341;mawile_mega:362;swalot:412
meowstic_female,Meowstic (Female),74.5,117.1,123.9,132,1917,CONFUSION,ENERGY_BALL,SHADOW_BALL,73.2,59,76.5,55.9,lapras:553;toxapex:541;fearow:530;swalot:515;vigoroth:507,malamar_mega:91;charjabug:222;dragonair_shadow:318;jumpluff:408;mawile_mega:494
gigalith_shadow,Gigalith (Shadow),74.4,127.2,118.4,117,1763,LOCK_ON,SUPER_POWER,METEOR_BEAM,54.5,56.6,80,24,vigoroth:824;aurorus:752;spidops:739;piloswine:739;swalot:632,jumpluff:68;charjabug:83;malamar_mega:87;cramorant:115;mawile_mega:413
gothorita,Gothorita,74.3,112.2,132.7,134,1997,CONFUSION,FUTURE_SIGHT,PSYCHIC,65.5,48.7,83,54.3,victreebel_mega:779;chesnaught_mega:652;toxapex:563;marowak:563;stunfisk:526,malamar_mega:91;mawile_mega:250;cramorant:384;swalot:391;jumpluff:470
darumaka_galarian,Darumaka (Galarian),74.2,131.9,82.3,157,1706,ICE_FANG,ICE_PUNCH,ICE_BEAM,72.3,48.8,71.7,67.5,jumpluff:869;electrode_hisuian:837;fearow:767;dragonair_shadow:726;stunfisk:630,mawile_mega:209;malamar_mega:325;cramorant:333;charjabug:365;swalot:438
haxorus,Haxorus,74.2,151.4,95.1,103,1485,DRAGON_TAIL,NIGHT_SLASH,SURF,75.7,66.5,67.4,31.6,marowak:655;dragalge:567;dusknoir_shadow:558;stunfisk:538;dondozo:504,mawile_mega:66;jumpluff:267;swalot:365;cramorant:416;malamar_mega:425
mienfoo,Mienfoo,74.2,142.7,93.2,118,1571,LOW_KICK,BRICK_BREAK,HIGH_JUMP_KICK,74,53,67.8,43.5,dunsparce:911;cradily:783;vigoroth:741;lapras:656;aurorus:525,jumpluff:120;mawile_mega:244;cramorant:273;swalot:362;malamar_mega:487
slowking,Slowking,74.2,113.4,120.9,144,1975,CONFUSION,SURF,BLIZZARD,74.5,56.6,72.4,61.8,aurorus:715;quagsire_shadow:611;piloswine:576;swalot:552;vigoroth:545,charjabug:222;malamar_mega:304;dragonair_shadow:318;jumpluff:352;mawile_mega:448
bibarel,Bibarel,74.1,122.9,99.2,149,1819,TAKE_DOWN,SURF,HYPER_FANG,70.3,49.8,74.5,56.7,spidops:681;dunsparce:637;swalot:570;cramorant:516;lapras:516,malamar_mega:279;mawile_mega:280;charjabug:281;dragonair_shadow:358;jumpluff:392
sneasler_shadow,Sneasler (Shadow),74.1,145.4,94.7,112,1543,SHADOW_CLAW,CLOSE_COMBAT,X_SCISSOR,63.2,43.9,81.2,35.6,crustle:816;cradily:799;electrode_hisuian:772;dragalge:531;dusknoir_shadow:513,malamar_mega:154;cramorant:218;mawile_mega:234;jumpluff:336;swalot:435
stufful,Stufful,74.1,124.8,92.1,156,1795,TAKE_DOWN,SUPER_POWER,STOMP,75.3,58.2,74.5,59.4,spidops:612;dunsparce:583;charjabug:554;vigoroth:541;cradily:528,mawile_mega:188;jumpluff:238;malamar_mega:325;cramorant:337;swalot:482
bayleef,Bayleef,74,105.5,141.5,142,2122,MAGICAL_LEAF,ANCIENT_POWER,ENERGY_BALL,69.2,38,75.6,61.6,stunfisk:834;malamar_mega:612;dunsparce:591;lapras:524;dusknoir_shadow:503,dragonair_shadow:192;swalot:233;jumpluff:258;mawile_mega:331;charjabug:373
tauros_combat,Tauros (Combat),73.9,127.8,120.6,114,1759,DOUBLE_KICK,CLOSE_COMBAT,TRAILBLAZE,57.4,38.2,78.6,47,cradily:785;dunsparce:719;crustle:653;quagsire_shadow:640;aurorus:557,cramorant:142;malamar_mega:208;mawile_mega:219;jumpluff:238;swalot:254
grovyle,Grovyle,73.8,136.3,103.2,117,1647,QUICK_ATTACK,LEAF_BLADE,AERIAL_ACE,73.7,59.2,71.3,44,quagsire_shadow:918;stunfisk:739;piloswine:649;dunsparce:632;electrode_hisuian:564,cramorant:162;swalot:248;mawile_mega:260;jumpluff:300;malamar_mega:391
meganium_shadow,Meganium (Shadow),73.8,110.8,139,131,2018,VINE_WHIP,FRENZY_PLANT,EARTHQUAKE,63.3,36.6,75.6,45.4,electrode_hisuian:835;lapras:683;toxapex:618;mawile_mega:610;vigoroth:538,swalot:90;dragonair_shadow:161;jumpluff:166;malamar_mega:187;charjabug:476
tirtouga,Tirtouga,73.7,114.3,132.4,130,1970,BITE,SURF,ANCIENT_POWER,68.2,60.1,71.5,51.3,cramorant:630;swalot:630;spidops:557;lapras:542;dusknoir_shadow:519,jumpluff:68;charjabug:162;malamar_mega:170;mawile_mega:403;dragonair_shadow:444
espeon,Espeon,73.6,148,105.6,97,1517,CONFUSION,PSYCHIC_FANGS,SHADOW_BALL,82.6,63,56.8,37.8,electrode_hisuian:788;vigoroth:685;fearow:685;cramorant:608;swalot:597,malamar_mega:87;dragonair_shadow:338;mawile_mega:346;jumpluff:388;charjabug:484
hippopotas_shadow,Hippopotas (Shadow),73.6,115.1,111.7,152,1956,SAND_ATTACK,ROCK_TOMB,DIG,70,50.7,69.4,42.4,stunfisk:769;charjabug:723;mawile_mega:657;electrode_hisuian:555;swalot:536,dragonair_shadow:251;jumpluff:326;lapras:446;cramorant:460;malamar_mega:491
jynx,Jynx,73.6,141.2,102.2,110,1588,CONFUSION,AVALANCHE,PSYSHOCK,66.3,57.4,75,37.2,toxapex:777;aurorus:645;piloswine:609;dragalge:531;stunfisk:527,malamar_mega:87;mawile_mega:209;swalot:339;cramorant:361;jumpluff:401
pidgeotto,Pidgeotto,73.6,110.9,100.8,147,1644,WING_ATTACK,AIR_CUTTER,TWISTER,68.3,63.5,70.8,55.1,cofagrigus:717;rillaboom:619;spidops:602;jumpluff:561;dusknoir_shadow:506,charjabug:162;mawile_mega:260;swalot:304;cramorant:329;malamar_mega:370
bibarel_shadow,Bibarel (Shadow),73.5,122.9,99.2,149,1819,TAKE_DOWN,SURF,HYPER_FANG,72,49,67.8,58.1,dondozo:627;dunsparce:607;spidops:607;dragonair_shadow:540;lapras:516,jumpluff:218;mawile_mega:326;malamar_mega:383;cramorant:392;swalot:412
electabuzz,Electabuzz,73.5,130.8,113.2,115,1704,THUNDER_SHOCK,THUNDER_PUNCH,RETURN,67.2,39.4,72.4,48.6,fearow:839;cramorant:760;toxapex:743;mawile_mega:534;electrode_hisuian:517,dragonair_shadow:271;jumpluff:281;malamar_mega:366;swalot:432;charjabug:460
alomomola,Alomomola,73.3,97.4,99.4,238,2306,WATERFALL,HYDRO_PUMP,BLIZZARD,59.5,36.6,85.5,62.4,piloswine:672;marowak:632;aurorus:602;lunatone:577;swalot:567,jumpluff:133;cramorant:222;charjabug:309;malamar_mega:325;mawile_mega:372
oddish_shadow,Oddish (Shadow),73.3,122.6,106.7,120,1571,ACID,SEED_BOMB,MOONBLAST,69.5,63,69.7,37.8,electrode_hisuian:870;quagsire_shadow:675;stunfisk:566;charjabug:533;dunsparce:520,mawile_mega:158;swalot:216;cramorant:452;malamar_mega:454;jumpluff:496
sandshrew,Sandshrew,73.3,118.4,113.4,127,1707,SCRATCH,SAND_TOMB,ROCK_TOMB,68,56.3,64.8,49.1,charjabug:692;dragalge:586;dunsparce:555;cradily:547;stunfisk:507,dragonair_shadow:216;swalot:359;jumpluff:392;malamar_mega:437;lapras:463
sneasel_hisuian,Sneasel (Hisuian),73.3,133.9,111.7,111,1662,POISON_JAB,CLOSE_COMBAT,X_SCISSOR,61.3,38.8,77.2,46.4,dondozo:671;cradily:666;scizor_mega:653;crustle:621;dunsparce:572,malamar_mega:179;mawile_mega:209;cramorant:305;jumpluff:316;swalot:456
zebstrika,Zebstrika,73.3,137.7,95.4,124,1630,LOW_KICK,WILD_CHARGE,FLAME_CHARGE,59.9,48.8,77.9,30.2,toxapex:802;aurorus:689;mawile_mega:532;charjabug:532;electrode_hisuian:524,cramorant:130;malamar_mega:212;dragonair_shadow:216;jumpluff:352;swalot:365
corvisquire_shadow,Corvisquire (Shadow),73.2,118.1,104.7,153,1893,PECK,SKY_ATTACK,PAYBACK,63.5,44.1,75.6,49.4,jumpluff:735;rillaboom:604;scizor_mega:581;mantine:568;marowak:545,charjabug:202;mawile_mega:204;malamar_mega:254;cramorant:265;swalot:429
garchomp_mega,Garchomp (Mega),73.2,145.3,99.2,107,1544,DRAGON_TAIL,TWISTER,SAND_TOMB,67,49.2,66.2,34.3,stunfisk:700;charjabug:626;swalot:598;electrode_hisuian:584;dusknoir_shadow:537,jumpluff:140;cramorant:253;malamar_mega:262;dragonair_shadow:374;mawile_mega:408
mr_mime_galarian,Mr. Mime (Galarian),73.2,130.4,127,104,1724,CONFUSION,ICE_PUNCH,TRIPLE_AXEL,65.7,60.6,74.9,44.3,piloswine:677;jumpluff:658;stunfisk:610;dragalge:567;cetitan:552,malamar_mega:87;mawile_mega:193;charjabug:261;swalot:324;cramorant:337
alakazam_shadow,Alakazam (Shadow),73.1,155.8,101.4,91,1439,PSYCHO_CUT,FIRE_PUNCH,SHADOW_BALL,76.3,64,75,17.5,mawile_mega:747;electrode_hisuian:747;charjabug:664;abomasnow_shadow:598;cramorant:532,dragonair_shadow:251;malamar_mega:312;jumpluff:366;swalot:388;lapras:455
sandslash_shadow,Sandslash (Shadow),73.1,120.4,123,125,1853,SAND_ATTACK,NIGHT_SLASH,ROCK_TOMB,69.2,75.4,65,34.8,charjabug:668;dusknoir_shadow:660;dragalge:572;dunsparce:568;spidops:520,cramorant:91;malamar_mega:312;jumpluff:336;swalot:374;mawile_mega:428
meowstic,Meowstic (Male),73,117.1,123.9,132,1917,CONFUSION,ENERGY_BALL,THUNDERBOLT,71.8,57.1,74.5,55.1,lapras:560;toxapex:541;fearow:530;swalot:515;vigoroth:507,malamar_mega:91;charjabug:222;cramorant:365;mawile_mega:387;jumpluff:408
pidgeotto_shadow,Pidgeotto (Shadow),73,110.9,100.8,147,1644,WING_ATTACK,AIR_CUTTER,TWISTER,63.7,67.1,72.9,50.2,cofagrigus:693;scizor_mega:619;rillaboom:578;dragalge:561;jumpluff:506,mawile_mega:158;charjabug:162;malamar_mega:170;swalot:312;cramorant:408
sceptile_mega,Sceptile (Mega),72.9,159,98.1,90,1405,FURY_CUTTER,LEAF_BLADE,BREAKING_SWIPE,67.8,44.9,75.9,36.4,electrode_hisuian:894;stunfisk:700;malamar_mega:694;lapras:661;dusknoir_shadow:527,cramorant:138;charjabug:242;swalot:251;jumpluff:284;mawile_mega:285
rotom,Rotom,72.8,132.4,120.4,106,1691,ASTONISH,THUNDERBOLT,OMINOUS_WIND,71.2,45.7,69.4,57.5,charjabug:650;swalot:584;electrode_hisuian:570;mawile_mega:566;cramorant:547,lapras:248;malamar_mega:254;dragonair_shadow:334;cradily:361;jumpluff:460
vibrava,Vibrava,72.8,125.2,95.7,127,1523,DRAGON_BREATH,SAND_TOMB,BULLDOZE,65.8,49,61.6,52.4,stunfisk:736;charjabug:661;dragalge:649;electrode_hisuian:633;quagsire_shadow:586,mawile_mega:107;swalot:213;jumpluff:248;malamar_mega:254;cramorant:345
golett,Golett,72.7,119.3,89.9,141,1513,ASTONISH,SHADOW_PUNCH,BRICK_BREAK,68,56.3,59.5,55.6,grumpig:773;charjabug:702;dragonite_mega:698;crustle:680;cofagrigus:641,cramorant:242;malamar_mega:245;mawile_mega:250;jumpluff:294;swalot:330
grotle,Grotle,72.7,117.8,114.8,141,1908,BITE,BODY_SLAM,ENERGY_BALL,68.3,62.4,71.7,56.2,quagsire_shadow:812;stunfisk:712;dunsparce:602;charjabug:531;dusknoir_shadow:507,jumpluff:183;swalot:239;mawile_mega:311;malamar_mega:379;cramorant:384
kangaskhan_mega,Kangaskhan (Mega),72.7,127.1,113.9,122,1768,LOW_KICK,BRICK_BREAK,CRUNCH,72.8,61.4,66.6,56.7,aurorus:782;dusknoir_shadow:762;vigoroth:750;dunsparce:594;abomasnow_shadow:532,jumpluff:222;cramorant:230;swalot:274;malamar_mega:325;mawile_mega:438
karrablast,Karrablast,72.7,127.7,85.7,127,1390,FURY_CUTTER,DRILL_RUN,X_SCISSOR,72.7,69.9,71.5,36.7,electrode_hisuian:799;cradily:759;malamar_mega:696;grumpig:681;rillaboom:515,dragonair_shadow:287;jumpluff:290;cramorant:297;swalot:359;mawile_mega:428
manectric,Manectric,72.7,142.4,91.3,121,1574,THUNDER_FANG,PSYCHIC_FANGS,WILD_CHARGE,73.7,64.9,62.7,58.1,fearow:809;cramorant:685;jumpluff:557;mawile_mega:512;charjabug:508,dragonair_shadow:240;cradily:263;malamar_mega:312;lapras:427;swalot:491
polteageist,Polteageist,72.7,142.8,115.6,95,1569,HEX,SHADOW_BALL,DARK_PULSE,60.8,64.4,77.2,30,froslass:731;grumpig:663;dragalge:626;cofagrigus:573;rillaboom:568,malamar_mega:154;mawile_mega:188;jumpluff:343;cramorant:444;swalot:447
beautifly,Beautifly,72.6,144.7,83.9,127,1543,INFESTATION,AIR_CUTTER,SILVER_WIND,67,61.7,69.2,34.8,cradily:759;malamar_mega:728;rillaboom:582;crustle:578;scizor_mega:559,mawile_mega:96;cramorant:170;swalot:289;dragonair_shadow:311;jumpluff:415
vaporeon,Vaporeon,72.6,118.4,96.9,165,1894,WATER_GUN,AQUA_TAIL,LAST_RESORT,69.3,50.7,70.3,51.3,aurorus:757;piloswine:554;quagsire_shadow:554;vigoroth:548;malamar_mega:524,charjabug:242;cramorant:341;jumpluff:346;swalot:388;mawile_mega:469
ambipom_shadow,Ambipom (Shadow),72.5,133.8,100.5,124,1670,SCRATCH,AERIAL_ACE,LOW_SWEEP,69.7,80.7,64.8,34.3,dusknoir_shadow:681;trumbeak_shadow:633;shelgon_shadow:592;spidops:556;cofagrigus:508,swalot:248;cramorant:321;mawile_mega:357;malamar_mega:383;jumpluff:437
koffing,Koffing,72.5,112.6,131,113,1668,INFESTATION,SLUDGE,DARK_PULSE,67.5,68.4,70.6,44.3,cradily:663;jumpluff:588;electrode_hisuian:535;charjabug:517;abomasnow_shadow:504,cramorant:115;dragonair_shadow:192;mawile_mega:234;malamar_mega:379;swalot:423
stufful_shadow,Stufful (Shadow),72.5,124.8,92.1,156,1795,TAKE_DOWN,SUPER_POWER,STOMP,73.7,62.5,64.3,59.4,spidops:711;dunsparce:628;swalot:605;stunfisk:605;toxapex:589,mawile_mega:219;jumpluff:290;malamar_mega:383;cramorant:392;charjabug:416
tauros_aqua,Tauros (Aqua),72.5,127.8,120.6,114,1759,DOUBLE_KICK,AQUA_JET,TRAILBLAZE,64.5,51.4,67.4,54.3,aurorus:859;dunsparce:719;piloswine:710;lapras:543;vigoroth:517,jumpluff:81;malamar_mega:220;mawile_mega:224;cramorant:285;swalot:482
electabuzz_shadow,Electabuzz (Shadow),72.4,132.1,112.5,114,1696,THUNDER_SHOCK,THUNDER_PUNCH,THUNDERBOLT,74.2,49.6,68.3,37.2,cramorant:758;lapras:706;dusknoir_shadow:600;jumpluff:526;mawile_mega:508,cradily:250;swalot:327;charjabug:341;dragonair_shadow:342;malamar_mega:408
garbodor,Garbodor,72.4,121,115.9,132,1853,INFESTATION,BODY_SLAM,GUNK_SHOT,68.5,49.3,72.9,47.5,jumpluff:617;cradily:609;charjabug:583;dunsparce:526;abomasnow_shadow:526,dragonair_shadow:216;mawile_mega:255;cramorant:333;swalot:423;malamar_mega:470
slowking_shadow,Slowking (Shadow),72.4,113.4,120.9,144,1975,CONFUSION,SURF,BLIZZARD,73,61.4,65.1,58.9,toxapex:625;mawile_mega:618;dunsparce:548;cramorant:545;vigoroth:510,malamar_mega:104;charjabug:261;swalot:339;dragonair_shadow:377;jumpluff:395
floatzel,Floatzel,72.2,143.8,81.7,133,1564,WATERFALL,AQUA_JET,SWIFT,68.7,64.9,70.1,37.2,cofagrigus:680;aurorus:654;piloswine:616;dunsparce:548;mawile_mega:526,jumpluff:101;dragonair_shadow:216;swalot:350;cramorant:369;malamar_mega:458
hitmontop_shadow,Hitmontop (Shadow),72.2,121.2,149.8,102,1853,COUNTER,CLOSE_COMBAT,TRIPLE_AXEL,69.3,45.5,62,65.4,aurorus:823;piloswine:750;abomasnow_shadow:730;dunsparce:681;stunfisk:617,jumpluff:173;cramorant:222;malamar_mega:350;mawile_mega:372;swalot:377
grovyle_shadow,Grovyle (Shadow),72.1,136.3,103.2,117,1647,BULLET_SEED,LEAF_BLADE,AERIAL_ACE,71.3,53.8,72.7,29.7,lapras:764;aurorus:611;dusknoir_shadow:585;electrode_hisuian:529;dunsparce:508,swalot:207;jumpluff:264;mawile_mega:290;malamar_mega:433;cramorant:440
koffing_shadow,Koffing (Shadow),72.1,112.6,131,113,1668,INFESTATION,SLUDGE,DARK_PULSE,64.5,60.8,68.3,39.1,rillaboom:716;cradily:557;swalot:553;jumpluff:535;spidops:508,cramorant:142;dragonair_shadow:240;mawile_mega:275;charjabug:416;malamar_mega:429
torterra,Torterra,72,119.9,117,133,1867,MUD_SLAP,FRENZY_PLANT,SAND_TOMB,66.3,36.7,68,57.2,dunsparce:695;mawile_mega:646;charjabug:627;cradily:560;vigoroth:511,jumpluff:55;cramorant:115;dragonair_shadow:263;malamar_mega:270;swalot:356
vibrava_shadow,Vibrava (Shadow),72,125.2,95.7,127,1523,DRAGON_BREATH,SAND_TOMB,BULLDOZE,69.2,50.4,54.5,37.8,toxapex:799;charjabug:629;swalot:570;dunsparce:570;electrode_hisuian:527,mawile_mega:96;jumpluff:232;cramorant:250;malamar_mega:287;dragonair_shadow:452
huntail,Huntail,71.9,130.8,125.6,104,1709,BITE,AQUA_TAIL,CRUNCH,71.7,67.3,68.7,42.9,grumpig:706;dusknoir_shadow:677;lunatone:605;cetitan:552;mawile_mega:524,jumpluff:133;cramorant:301;charjabug:321;malamar_mega:341;swalot:429
vanillish,Vanillish,71.9,123.6,120.5,122,1818,ASTONISH,ICY_WIND,SIGNAL_BEAM,69.2,47.6,63.2,45.4,jumpluff:688;piloswine:565;charjabug:561;abomasnow_shadow:561;electrode_hisuian:540,mawile_mega:219;malamar_mega:237;cramorant:257;dragonair_shadow:307;swalot:377
accelgor_shadow,Accelgor (Shadow),71.8,143.2,84.9,129,1569,INFESTATION,ENERGY_BALL,BUG_BUZZ,59.5,36.4,67.4,34.3,malamar_mega:810;electrode_hisuian:763;cradily:717;dondozo:593;stunfisk:542,mawile_mega:127;swalot:146;cramorant:170;charjabug:281;jumpluff:313
bouffalant,Bouffalant,71.7,118.8,115.8,137,1888,MUD_SHOT,STOMP,MEGAHORN,65.7,61.1,75,49.4,electrode_hisuian:835;houndoom_mega:689;lunatone:543;lapras:540;charjabug:529,cramorant:214;jumpluff:232;malamar_mega:250;mawile_mega:336;swalot:412
sawsbuck,Sawsbuck,71.7,129.4,101.8,131,1727,TAKE_DOWN,WILD_CHARGE,TRAILBLAZE,69.5,49,62.5,56.4,toxapex:767;stunfisk:767;electrode_hisuian:618;dunsparce:580;spidops:507,mawile_mega:250;jumpluff:264;swalot:283;cramorant:337;malamar_mega:350
snover,Snover,71.7,109.2,100.8,142,1564,POWDER_SNOW,ENERGY_BALL,ICE_BEAM,59.9,43.3,72.7,41.6,electrode_hisuian:869;stunfisk:806;rillaboom:595;piloswine:531;marowak:528,swalot:149;mawile_mega:158;cramorant:222;jumpluff:356;malamar_mega:383
rhyperior_shadow,Rhyperior (Shadow),71.6,126.7,104.5,134,1775,MUD_SLAP,DRILL_RUN,ROCK_WRECKER,64,35.8,62.8,39.7,toxapex:817;swalot:690;mawile_mega:675;vigoroth:664;charjabug:634,jumpluff:62;cramorant:142;lapras:237;malamar_mega:295;dragonair_shadow:334
buneary,Buneary,71.5,121.8,100.8,135,1659,QUICK_ATTACK,SWIFT,FIRE_PUNCH,69.5,55.8,69.6,45.4,houndoom_mega:729;spidops:659;jumpluff:607;abomasnow:592;abomasnow_shadow:518,cramorant:178;malamar_mega:337;charjabug:404;swalot:418;mawile_mega:469
exeggutor_shadow,Exeggutor (Shadow),71.5,136.1,92.5,131,1650,CONFUSION,SEED_BOMB,PSYCHIC,68.5,56.5,69,49.4,toxapex:721;stunfisk:709;dragalge:629;lapras:618;electrode_hisuian:530,malamar_mega:87;mawile_mega:234;jumpluff:316;swalot:318;cramorant:341
oddish,Oddish,71.5,122.6,106.7,120,1571,ACID,SEED_BOMB,MOONBLAST,66.8,59,68.7,43.7,electrode_hisuian:870;quagsire_shadow:741;stunfisk:666;dunsparce:558;charjabug:533,swalot:187;cramorant:222;jumpluff:238;mawile_mega:377;malamar_mega:379
tangrowth,Tangrowth,71.5,120.7,112.7,136,1852,VINE_WHIP,POWER_WHIP,ROCK_SLIDE,62.7,40.1,71.2,45.6,dondozo:849;stunfisk:823;quagsire_shadow:797;marowak:742;lapras:691,swalot:90;dragonair_shadow:161;jumpluff:277;mawile_mega:331;malamar_mega:470
thwackey,Thwackey,71.5,123.6,107.5,136,1809,SCRATCH,ENERGY_BALL,GRASS_KNOT,64.7,50,69.6,45.9,dondozo:819;quagsire_shadow:790;stunfisk:694;lapras:687;vigoroth:540,swalot:125;cramorant:186;jumpluff:218;malamar_mega:441;mawile_mega:479
palpitoad,Palpitoad,71.4,116.2,102.9,161,1927,MUD_SHOT,EARTH_POWER,WATER_PULSE,63.3,37.4,74,47.5,mawile_mega:689;aurorus:630;swalot:596;lapras:586;stunfisk:586,jumpluff:35;dragonair_shadow:133;cramorant:194;charjabug:436;malamar_mega:450
grotle_shadow,Grotle (Shadow),71.3,117.8,114.8,141,1908,BITE,ENERGY_BALL,BODY_SLAM,65.7,72.1,68.7,43.7,quagsire_shadow:755;stunfisk:716;marowak:712;dondozo:663;dunsparce:578,mawile_mega:244;swalot:263;jumpluff:281;cramorant:369;malamar_mega:370
nidorino,Nidorino,71.3,123.3,104.3,141,1814,POISON_STING,SLUDGE_BOMB,DIG,61.2,46.9,76.3,40.8,chesnaught_mega:677;houndoom_mega:670;swalot:595;jumpluff:592;electrode_hisuian:510,malamar_mega:129;dragonair_shadow:200;charjabug:424;cramorant:448;mawile_mega:459
serperior_shadow,Serperior (Shadow),71.3,110.2,142.2,130,2038,VINE_WHIP,FRENZY_PLANT,LEAF_TORNADO,70.3,48.5,75.6,54,lapras:826;stunfisk:811;quagsire_shadow:800;vigoroth:561;malamar_mega:507,swalot:90;jumpluff:166;cramorant:353;charjabug:384;mawile_mega:443
geodude_alolan_shadow,Geodude (Alolan) (Shadow),71.2,123.5,123.5,113,1724,VOLT_SWITCH,ROCK_TOMB,ROCK_SLIDE,69.8,46.1,66.6,38.3,cramorant:902;vigoroth:663;charjabug:623;jumpluff:530;mawile_mega:513,dragonair_shadow:177;malamar_mega:275;cradily:322;lapras:324;swalot:497
leafeon,Leafeon,71.2,128.1,133.9,102,1750,QUICK_ATTACK,LEAF_BLADE,ENERGY_BALL,68.8,50.3,67.6,48.6,quagsire_shadow:906;stunfisk:735;piloswine:686;electrode_hisuian:637;dunsparce:529,jumpluff:169;cramorant:178;swalot:239;mawile_mega:311;malamar_mega:375
noivern,Noivern,71.2,125.4,113.5,126,1794,BITE,HEAT_WAVE,HURRICANE,55.2,40.9,75.7,43.7,marowak:801;diggersby:674;scizor_mega:662;rillaboom:599;charjabug:535,mawile_mega:107;malamar_mega:187;swalot:283;cramorant:369;jumpluff:372
tangrowth_shadow,Tangrowth (Shadow),71.2,120.7,112.7,136,1852,VINE_WHIP,POWER_WHIP,ROCK_SLIDE,56.5,37.4,70.4,39.1,quagsire_shadow:753;stunfisk:746;lapras:580;dunsparce:558;vigoroth:511,swalot:90;mawile_mega:158;cramorant:222;malamar_mega:233;jumpluff:316
absol_mega,Absol (Mega),71.1,173.1,78.1,96,1298,PSYCHO_CUT,BRUTAL_SWING,MEGAHORN,77.8,70,59.7,15.1,malamar_mega:786;dusknoir_shadow:708;cradily:682;vigoroth:578;charjabug:552,mawile_mega:250;swalot:339;jumpluff:359;cramorant:408;dragonair_shadow:476
corsola,Corsola,71.1,108.5,142,134,2066,BUBBLE,POWER_GEM,ROCK_BLAST,68.2,41.7,68.7,47.2,cramorant:645;fearow:597;swalot:585;aurorus:570;crustle:552,jumpluff:225;charjabug:396;mawile_mega:443;malamar_mega:458;dragonair_shadow:484
omanyte_shadow,Omanyte (Shadow),71.1,128,135.2,101,1750,MUD_SHOT,ROCK_TOMB,ROCK_BLAST,69.7,64,67.3,32.4,cramorant:717;aurorus:712;abomasnow_shadow:633;charjabug:549;swalot:509,malamar_mega:320;mawile_mega:321;lapras:329;jumpluff:336;dragonair_shadow:397
ninjask,Ninjask,71,144.7,88.4,121,1549,FURY_CUTTER,AERIAL_ACE,SHADOW_BALL,63.3,50,62.5,35.4,marowak:855;cradily:747;malamar_mega:714;cofagrigus:698;crustle:632,mawile_mega:107;cramorant:162;charjabug:242;swalot:301;jumpluff:457
gumshoos,Gumshoos,70.9,134.2,84.9,147,1677,TAKE_DOWN,ROCK_TOMB,CRUNCH,69.5,52.8,67.3,52.4,spidops:683;dunsparce:605;dewgong:547;swalot:523;charizard_mega_x:520,mawile_mega:326;jumpluff:330;malamar_mega:354;cramorant:365;charjabug:440
tirtouga_shadow,Tirtouga (Shadow),70.9,114.3,132.4,130,1970,BITE,SURF,ANCIENT_POWER,60.2,60.9,69.9,35.4,aurorus:707;piloswine:680;cramorant:584;spidops:523;lapras:503,jumpluff:133;charjabug:162;malamar_mega:370;swalot:371;mawile_mega:428
gothorita_shadow,Gothorita (Shadow),70.8,112.2,132.7,134,1997,CONFUSION,FUTURE_SIGHT,PSYCHIC,66.2,47.7,75.7,57.5,dragalge:664;mantine:608;toxapex:522;lapras:514;stunfisk:514,malamar_mega:87;cramorant:281;mawile_mega:290;swalot:388;jumpluff:457
elekid,Elekid,70.7,126,97.4,120,1474,THUNDER_SHOCK,THUNDER_PUNCH,BRICK_BREAK,69.7,57.1,62.5,58.6,mantine:883;fearow:845;cramorant:766;toxapex:754;mawile_mega:516,malamar_mega:262;swalot:274;dragonair_shadow:299;charjabug:317;jumpluff:388
purugly_shadow,Purugly (Shadow),70.7,125.5,105.5,134,1775,SCRATCH,AERIAL_ACE,THUNDER,60.7,54.1,69,37.2,toxapex:794;spidops:641;dondozo:626;dunsparce:597;dragalge:529,mawile_mega:209;swalot:213;malamar_mega:254;cramorant:277;jumpluff:444
snover_shadow,Snover (Shadow),70.7,109.2,100.8,142,1564,POWDER_SNOW,ENERGY_BALL,ICE_BEAM,58.4,39,67.6,39.7,electrode_hisuian:869;stunfisk:742;jumpluff:721;cradily:630;rillaboom:507,mawile_mega:158;swalot:178;charjabug:202;malamar_mega:212;cramorant:242
pawmo,Pawmo,70.6,136.1,81.5,142,1576,THUNDER_SHOCK,WILD_CHARGE,THUNDER_PUNCH,71.2,41.8,74.3,38.1,cramorant:697;lapras:644;dusknoir_shadow:637;malamar_mega:573;swalot:559,mawile_mega:142;cradily:166;jumpluff:245;dragonair_shadow:279;charjabug:361
sneasel_hisuian_shadow,Sneasel (Hisuian) (Shadow),70.5,133.9,111.7,111,1662,POISON_JAB,CLOSE_COMBAT,X_SCISSOR,63.5,35.6,66.4,47,abomasnow_shadow:707;jumpluff:662;cradily:635;spidops:563;swalot:540,malamar_mega:179;mawile_mega:209;charjabug:281;cramorant:321;dragonair_shadow:358
gothitelle_shadow,Gothitelle (Shadow),70.4,115.3,140.9,119,1934,CONFUSION,ROCK_SLIDE,FUTURE_SIGHT,68.2,52.2,72.2,55.6,toxapex:760;dragalge:634;jumpluff:613;mantine:605;lapras:512,malamar_mega:87;mawile_mega:250;charjabug:261;cramorant:301;swalot:339
drakloak,Drakloak,70.3,130.3,93.1,142,1724,DRAGON_TAIL,SHADOW_BALL,OUTRAGE,58.5,37.8,74.3,45.9,charjabug:665;electrode_hisuian:630;dondozo:626;vigoroth:570;rillaboom:517,mawile_mega:66;jumpluff:160;malamar_mega:179;swalot:190;cramorant:226
nidorino_shadow,Nidorino (Shadow),70.3,123.3,104.3,141,1814,POISON_STING,SLUDGE_BOMB,DIG,54.5,40.6,77.5,37.8,jumpluff:911;dragalge:666;mawile_mega:645;cradily:563;swalot:553,lapras:156;malamar_mega:170;cramorant:178;dragonair_shadow:181;charjabug:468
anorith,Anorith,70.2,145.4,92,115,1540,SCRATCH,AQUA_JET,ANCIENT_POWER,69.7,78.8,67.1,24.8,fearow:691;piloswine:691;crustle:647;charizard_mega_x:647;dragonite_mega:613,cramorant:242;swalot:362;jumpluff:382;mawile_mega:438;malamar_mega:462
grapploct,Grapploct,70.2,130.3,107.1,123,1718,WATERFALL,SUPER_POWER,ICE_PUNCH,59.7,37.8,78.9,40.2,dunsparce:719;crustle:658;quagsire_shadow:642;stunfisk:638;aurorus:528,cramorant:142;malamar_mega:237;mawile_mega:255;jumpluff:379;swalot:391
hitmonchan,Hitmonchan,70.2,128.9,137.4,98,1736,COUNTER,ICE_PUNCH,THUNDER_PUNCH,61.7,45.3,71.5,55.6,aurorus:831;dunsparce:678;vigoroth:551;cradily:520;abomasnow_shadow:515,jumpluff:160;cramorant:218;mawile_mega:311;malamar_mega:325;swalot:342
cloyster,Cloyster,70.1,119,169.7,93,1880,ICE_SHARD,ICY_WIND,LIQUIDATION,68,44.5,61.4,44.8,piloswine:784;jumpluff:607;stunfisk:607;fearow:559;dragalge:505,charjabug:198;malamar_mega:208;swalot:362;mawile_mega:418;cramorant:464
mankey_shadow,Mankey (Shadow),70,136.9,81.5,113,1262,KARATE_CHOP,CROSS_CHOP,BRICK_BREAK,76,53.6,61.6,28.9,vigoroth:641;cradily:623;mawile_mega:597;lapras:597;dragonair_shadow:553,malamar_mega:195;swalot:225;charjabug:246;cramorant:273;jumpluff:290
rhyperior,Rhyperior,70,126.7,104.5,134,1775,MUD_SLAP,DRILL_RUN,ROCK_WRECKER,61.7,35,64.3,38.9,toxapex:794;swalot:731;charjabug:675;stunfisk:619;dunsparce:529,jumpluff:42;cramorant:115;malamar_mega:266;dragonair_shadow:287;mawile_mega:372
mr_rime,Mr. Rime,69.8,127.4,114.4,120,1750,CONFUSION,ICY_WIND,PSYCHIC,71.2,53.3,61.3,48.1,jumpluff:679;lapras:612;abomasnow_shadow:545;vigoroth:537;electrode_hisuian:520,malamar_mega:79;mawile_mega:183;swalot:309;cramorant:337;charjabug:337
hitmonchan_shadow,Hitmonchan (Shadow),69.7,128.9,137.4,98,1736,COUNTER,ICE_PUNCH,THUNDER_PUNCH,65.5,40.1,66.7,55.9,aurorus:841;piloswine:765;abomasnow_shadow:750;cradily:729;dunsparce:647,jumpluff:160;cramorant:218;mawile_mega:357;swalot:368;malamar_mega:370
bayleef_shadow,Bayleef (Shadow),69.6,105.5,141.5,142,2122,MAGICAL_LEAF,ANCIENT_POWER,ENERGY_BALL,63.3,33.9,69.4,56.2,quagsire_shadow:940;dondozo:838;stunfisk:820;vigoroth:545;malamar_mega:503,jumpluff:81;swalot:125;dragonair_shadow:196;mawile_mega:408;charjabug:456
ivysaur,Ivysaur,69.6,118.7,121,131,1883,VINE_WHIP,POWER_WHIP,SLUDGE_BOMB,59.7,38.5,72.9,47.2,electrode_hisuian:896;quagsire_shadow:755;stunfisk:740;toxapex:599;cradily:511,jumpluff:81;malamar_mega:170;swalot:242;mawile_mega:331;cramorant:484
torterra_shadow,Torterra (Shadow),69.6,119.9,117,133,1867,MUD_SLAP,FRENZY_PLANT,SAND_TOMB,63.3,34.7,64.6,55.1,toxapex:793;dunsparce:676;electrode_hisuian:650;mawile_mega:639;charjabug:545,jumpluff:55;cramorant:99;malamar_mega:295;dragonair_shadow:346;swalot:374
herdier,Herdier,69.4,118.8,111.6,142,1885,TAKE_DOWN,DIG,THUNDERBOLT,62.7,47.2,73.3,61.6,salamence_shadow:764;fraxure_shadow:764;ursaring_shadow:672;dewgong:577;gyarados_shadow:528,mawile_mega:280;malamar_mega:295;jumpluff:297;swalot:356;cramorant:396
luxray,Luxray,69.3,138,98.9,119,1626,SPARK,WILD_CHARGE,PSYCHIC_FANGS,70.8,63.3,66.2,45.1,fearow:827;toxapex:794;cofagrigus:693;mawile_mega:567;cramorant:554,malamar_mega:262;jumpluff:287;dragonair_shadow:311;swalot:315;charjabug:329
watchog_shadow,Watchog (Shadow),69.3,125.1,114,125,1785,LOW_KICK,CRUNCH,HYPER_FANG,56.7,49.2,68.9,31.6,aurorus:748;dusknoir_shadow:724;dunsparce:608;cofagrigus:544;goodra:520,cramorant:194;mawile_mega:209;malamar_mega:212;jumpluff:316;swalot:333
omastar_shadow,Omastar (Shadow),69.1,126.6,128.4,109,1773,MUD_SHOT,ROCK_SLIDE,HYDRO_PUMP,60.8,46.3,71.2,31,cramorant:733;aurorus:683;dusknoir_shadow:637;charjabug:559;swalot:555,dragonair_shadow:145;mawile_mega:209;jumpluff:333;malamar_mega:412;lapras:444
exeggutor,Exeggutor,68.9,136.1,92.5,131,1650,CONFUSION,SEED_BOMB,PSYCHIC,66.8,53.9,65.7,46.4,stunfisk:721;toxapex:675;electrode_hisuian:599;dondozo:595;quagsire_shadow:511,malamar_mega:87;mawile_mega:209;jumpluff:267;swalot:271;cramorant:301
floragato,Floragato,68.9,124.4,110.5,131,1803,LEAFAGE,ENERGY_BALL,PLAY_ROUGH,58.9,33.9,68.7,46.2,quagsire_shadow:919;dondozo:812;stunfisk:797;marowak:732;lapras:679,jumpluff:81;swalot:90;cramorant:222;malamar_mega:233;mawile_mega:387
sandshrew_shadow,Sandshrew (Shadow),68.9,118.4,113.4,127,1707,SCRATCH,SAND_TOMB,ROCK_TOMB,57.4,52.5,58.8,35.4,volbeat:681;stunfisk:661;charjabug:633;dewgong:586;dragalge:539,mawile_mega:209;cramorant:242;malamar_mega:279;jumpluff:431;swalot:438
watchog,Watchog,68.9,125.1,114,125,1785,LOW_KICK,CRUNCH,GRASS_KNOT,63.2,51.9,70.4,35.9,quagsire_shadow:660;dunsparce:588;aurorus:588;lapras:580;vigoroth:512,malamar_mega:170;jumpluff:222;swalot:271;cramorant:388;mawile_mega:433
porygon,Porygon,68.8,120,115.4,135,1870,QUICK_ATTACK,DISCHARGE,HYPER_BEAM,64.2,48.4,76.5,45.4,cramorant:733;dunsparce:625;swalot:600;lapras:570;charjabug:522,malamar_mega:170;dragonair_shadow:200;cradily:208;mawile_mega:301;jumpluff:444
alakazam,Alakazam,68.7,155.8,101.4,91,1439,PSYCHO_CUT,FIRE_PUNCH,SHADOW_BALL,73.7,65.1,70.3,17.2,shelgon:664;abomasnow_shadow:648;cramorant:587;dragonite_mega:554;lunatone:532,jumpluff:323;malamar_mega:333;swalot:426;charjabug:436;mawile_mega:479
darmanitan_galarian_standard,Darmanitan (Galarian),68.7,149.7,72,138,1490,ICE_FANG,AVALANCHE,SUPER_POWER,71.5,47.4,58.3,56.4,jumpluff:865;electrode_hisuian:800;rillaboom:750;fearow:735;dragonair_shadow:724,mawile_mega:224;swalot:236;charjabug:281;malamar_mega:337;cramorant:349
minun,Minun,68.7,116.3,127,130,1922,QUICK_ATTACK,THUNDERBOLT,GRASS_KNOT,57.4,49,77.5,34.5,quagsire_shadow:634;cramorant:623;toxapex:623;lapras:550;fearow:503,malamar_mega:154;charjabug:345;jumpluff:352;swalot:374;mawile_mega:433
geodude_alolan,Geodude (Alolan),68.5,123.5,123.5,113,1724,VOLT_SWITCH,ROCK_TOMB,ROCK_SLIDE,67.3,44.9,65,41.6,cramorant:915;charjabug:681;aurorus:610;spidops:575;mawile_mega:553,dragonair_shadow:145;malamar_mega:233;lapras:268;swalot:432;jumpluff:450
mantyke,Mantyke,68.5,100.8,163,120,1973,BUBBLE,WATER_PULSE,AERIAL_ACE,65.5,38.3,67.3,43.7,piloswine:608;fearow:591;swalot:541;dusknoir_shadow:537;mawile_mega:516,dragonair_shadow:141;charjabug:142;jumpluff:271;cramorant:333;malamar_mega:412
eldegoss,Eldegoss,68.4,108.4,160.4,119,2070,BULLET_SEED,ENERGY_BALL,GRASS_KNOT,63,37.4,69,57.8,quagsire_shadow:815;stunfisk:693;dondozo:613;dunsparce:550;electrode_hisuian:542,swalot:184;jumpluff:186;mawile_mega:255;cramorant:396;malamar_mega:412
luxray_shadow,Luxray (Shadow),68.4,138,98.9,119,1626,SPARK,WILD_CHARGE,PSYCHIC_FANGS,71,64.9,59.8,38.9,toxapex:794;fearow:785;spidops:693;cramorant:588;dusknoir_shadow:567,charjabug:269;malamar_mega:279;jumpluff:310;mawile_mega:392;swalot:394
cherrim_sunny,Cherrim (Sunshine),68.3,121.8,116.2,130,1843,BULLET_SEED,WEATHER_BALL_FIRE,SOLAR_BEAM,61.8,35.8,66.4,41.6,abomasnow_shadow:650;electrode_hisuian:634;mawile_mega:607;dunsparce:573;charjabug:523,cramorant:115;swalot:169;jumpluff:209;dragonair_shadow:224;malamar_mega:270
exeggutor_alolan,Exeggutor (Alolan),68.3,134.4,94.8,131,1670,DRAGON_TAIL,SEED_BOMB,DRACO_METEOR,64,45,64.3,43.2,electrode_hisuian:774;stunfisk:767;toxapex:652;dusknoir_shadow:595;dunsparce:591,mawile_mega:66;malamar_mega:204;jumpluff:235;swalot:254;cramorant:416
skorupi_shadow,Skorupi (Shadow),68.3,90.7,139.4,113,1430,INFESTATION,AQUA_TAIL,CROSS_POISON,68.3,53,60,42.7,electrode_hisuian:836;rillaboom:756;malamar_mega:676;charjabug:513;abomasnow_shadow:504,dragonair_shadow:240;cramorant:265;jumpluff:284;swalot:350;mawile_mega:418
cloyster_shadow,Cloyster (Shadow),68.2,119,169.7,93,1880,ICE_SHARD,ICY_WIND,LIQUIDATION,66.3,44.1,54.4,43.2,mawile_mega:612;dragonair_shadow:612;piloswine:564;jumpluff:559;vigoroth:532,malamar_mega:204;charjabug:226;lapras:234;cramorant:253;swalot:453
mankey,Mankey,68.2,136.9,81.5,113,1262,KARATE_CHOP,CROSS_CHOP,BRICK_BREAK,71.3,56,54.5,36.4,dunsparce:836;vigoroth:712;cradily:676;dragonair_shadow:597;lapras:597,swalot:181;cramorant:234;jumpluff:248;malamar_mega:375;mawile_mega:397
omastar,Omastar,68.2,126.6,128.4,109,1773,MUD_SHOT,ROCK_SLIDE,HYDRO_PUMP,59.4,51.1,70.6,37.2,abomasnow_shadow:678;swalot:591;toxapex:550;cramorant:536;fearow:513,charjabug:83;jumpluff:284;malamar_mega:320;mawile_mega:336;dragonair_shadow:448
exeggutor_alolan_shadow,Exeggutor (Alolan) (Shadow),68.1,134.4,94.8,131,1670,DRAGON_TAIL,SEED_BOMB,DRACO_METEOR,64.2,47.2,61.4,43.7,toxapex:790;stunfisk:740;electrode_hisuian:713;dunsparce:652;dusknoir_shadow:515,mawile_mega:66;swalot:207;jumpluff:271;cramorant:281;malamar_mega:487
falinks,Falinks,68.1,127.5,119.1,115,1748,COUNTER,SUPER_POWER,MEGAHORN,59.7,35.6,71.9,57,aurorus:630;crustle:621;piloswine:534;dunsparce:526;abomasnow_shadow:517,jumpluff:160;cramorant:202;swalot:321;malamar_mega:325;mawile_mega:336
delcatty,Delcatty,67.9,111.9,116.8,153,2000,CHARM,WILD_CHARGE,DISARMING_VOICE,53,42.8,78.9,45.1,salamence_shadow:781;dragonite_shadow:735;dewgong:614;drifblim:614;cofagrigus:558,swalot:163;mawile_mega:188;jumpluff:218;cramorant:321;malamar_mega:325
mudsdale,Mudsdale,67.9,123.5,107.1,136,1800,MUD_SLAP,BULLDOZE,BODY_SLAM,62.3,39.4,66.2,50.5,toxapex:775;stunfisk:713;charjabug:683;mawile_mega:639;dragalge:602,jumpluff:179;malamar_mega:266;cramorant:285;dragonair_shadow:287;swalot:353
drowzee,Drowzee,67.8,87.3,126.8,142,1575,CONFUSION,PSYSHOCK,RETURN,63.3,51.7,70.1,47.5,machoke_shadow:693;chesnaught_mega:676;fearow:549;toxapex:521;dragalge:503,malamar_mega:91;jumpluff:287;mawile_mega:290;cramorant:412;swalot:494
omanyte,Omanyte,67.8,128,135.2,101,1750,MUD_SHOT,ROCK_TOMB,ROCK_BLAST,67.7,57,64.8,37.8,abomasnow_shadow:663;swalot:599;mawile_mega:529;cramorant:529;spidops:529,malamar_mega:245;jumpluff:287;lapras:307;charjabug:313;dragonair_shadow:322
sandaconda,Sandaconda,67.8,123,132,112,1820,MUD_SLAP,EARTH_POWER,WRAP,63.8,42.3,66.4,55.9,toxapex:861;stunfisk:763;charjabug:687;mawile_mega:656;dunsparce:571,malamar_mega:254;cramorant:297;dragonair_shadow:299;jumpluff:343;swalot:365
gloom,Gloom,67.7,121.3,115.9,131,1844,ACID,MOONBLAST,SLUDGE_BOMB,59.5,41,68.1,42.4,electrode_hisuian:660;charjabug:641;goodra:610;stunfisk:595;dondozo:519,swalot:108;malamar_mega:212;jumpluff:238;dragonair_shadow:279;mawile_mega:387
alakazam_mega,Alakazam (Mega),67.6,172.1,102.2,74,1303,PSYCHO_CUT,FIRE_PUNCH,SHADOW_BALL,69.8,53.5,67.8,15.6,mawile_mega:750;electrode_hisuian:750;piloswine:628;abomasnow_shadow:567;cramorant:506,dragonair_shadow:216;jumpluff:346;malamar_mega:366;swalot:374;charjabug:464
blastoise_mega,Blastoise (Mega),67.6,133.9,123.4,101,1671,BITE,HYDRO_CANNON,SKULL_BASH,61.5,31,68.9,31.3,piloswine:846;aurorus:727;crustle:698;dusknoir_shadow:668;toxapex:633,jumpluff:133;cramorant:178;swalot:362;malamar_mega:437;mawile_mega:438
skrelp,Skrelp,67.6,104.1,104.1,127,1379,ACID,AQUA_TAIL,TWISTER,67.3,60.8,63,41.8,houndoom_mega:830;machoke_shadow:649;cetitan:602;abomasnow_mega:527;chesnaught_mega:519,malamar_mega:295;swalot:374;mawile_mega:377;jumpluff:450;cramorant:460
blissey,Blissey,67.5,81,111.2,307,2769,ZEN_HEADBUTT,WILD_CHARGE,DAZZLING_GLEAM,54.5,36.1,78.9,54.5,gengar_shadow:618;toxapex:597;mantine:578;drifblim:578;dewott_shadow:504,malamar_mega:70;dragonair_shadow:259;jumpluff:290;mawile_mega:352;swalot:461
loudred,Loudred,67.5,125.2,80.6,178,1798,BITE,STOMP,DISARMING_VOICE,60,60.5,66.9,45.1,dragonair:750;drampa:750;cofagrigus:657;goodra:575;shelgon:502,malamar_mega:170;cramorant:178;mawile_mega:265;jumpluff:320;swalot:435
totodile_shadow,Totodile (Shadow),67.1,110.9,104.1,127,1468,SCRATCH,AQUA_JET,CRUNCH,59.2,69.9,65,29.1,piloswine:610;diggersby:547;dunsparce:543;dondozo:543;dewgong:523,jumpluff:133;charjabug:162;malamar_mega:170;swalot:388;cramorant:404
yanma,Yanma,67.1,130.8,89.6,146,1713,WING_ATTACK,SILVER_WIND,AERIAL_ACE,55.4,44.9,68.3,35.1,jumpluff_shadow:736;rillaboom:667;grumpig:660;chesnaught_mega:602;scizor_mega:585,malamar_mega:170;mawile_mega:188;cramorant:202;swalot:324;jumpluff:444
sharpedo_mega,Sharpedo (Mega),67,160.6,85.7,101,1391,WATERFALL,CRUNCH,POISON_FANG,60.5,43.6,53.8,38.1,aurorus:742;cetitan:722;lunatone:638;dunsparce:589;piloswine:504,cramorant:226;swalot:248;jumpluff:294;mawile_mega:311;malamar_mega:362
pineco,Pineco,66.9,103.3,115.1,127,1511,BUG_BITE,ROCK_TOMB,SAND_TOMB,63.8,48.4,61.8,63.2,malamar_mega:807;chesnaught_mega:614;rillaboom:590;abomasnow_shadow:507;electrode_hisuian:507,cramorant:178;jumpluff:238;charjabug:349;swalot:365;mawile_mega:423
gloom_shadow,Gloom (Shadow),66.8,121.3,115.9,131,1844,ACID,MOONBLAST,SLUDGE_BOMB,54.9,39.8,65.3,38.6,electrode_hisuian:641;dondozo:614;goodra:603;dunsparce:576;charjabug:557,swalot:143;malamar_mega:254;cramorant:261;jumpluff:277;mawile_mega:418
jolteon,Jolteon,66.8,137.4,114.7,103,1624,THUNDER_SHOCK,DISCHARGE,LAST_RESORT,62,40.2,66,38.9,mantine:864;fearow:820;cramorant:742;toxapex:713;dragonite_mega:674,malamar_mega:341;swalot:347;charjabug:369;jumpluff:388;mawile_mega:408
ivysaur_shadow,Ivysaur (Shadow),66.7,119.8,121.3,129,1877,VINE_WHIP,POWER_WHIP,SLUDGE_BOMB,52.7,34.5,69.4,38.1,electrode_hisuian:844;dondozo:810;quagsire_shadow:717;stunfisk:705;dewgong:624,jumpluff:81;swalot:108;malamar_mega:212;cramorant:222;mawile_mega:438
tauros,Tauros,66.5,125.1,119.5,120,1795,TACKLE,TRAILBLAZE,HORN_ATTACK,61.3,53,60.9,50.5,leavanny:629;farfetchd:591;zoroark_hisuian:587;toxapex:583;dewgong:583,cramorant:273;jumpluff:281;swalot:359;malamar_mega:375;mawile_mega:392
basculin,Basculin,66.4,133.9,97.1,129,1679,WATER_GUN,AQUA_TAIL,AQUA_JET,57.2,39.4,63.6,38.3,aurorus:689;piloswine:658;mawile_mega:596;cetitan:542;marowak:534,jumpluff:133;cramorant:182;charjabug:242;malamar_mega:254;swalot:403
glimmora,Glimmora,66.3,137.6,102.9,115,1631,ROCK_THROW,METEOR_BEAM,POWER_GEM,70.3,42.5,48.4,61,cramorant:821;abomasnow_shadow:721;jumpluff:608;cradily:517;charjabug:504,mawile_mega:209;malamar_mega:325;dragonair_shadow:354;swalot:400;lapras:405
exploud,Exploud,66.2,119.7,99.4,157,1870,ASTONISH,CRUNCH,DISARMING_VOICE,62.2,43.3,67.8,46.4,dusknoir_shadow:764;cofagrigus:694;goodra:608;lunatone:598;electrode_hisuian:522,malamar_mega:204;jumpluff:313;swalot:368;mawile_mega:448;cramorant:468
rotom_mow,Rotom (Mow),66.2,128.8,144.9,93,1737,THUNDER_SHOCK,OMINOUS_WIND,LEAF_STORM,64.3,49.5,67.8,37,stunfisk:741;cofagrigus:736;cramorant:591;lapras:591;vigoroth:526,swalot:210;charjabug:226;malamar_mega:308;jumpluff:323;mawile_mega:494
appletun,Appletun,66.1,116.5,102.5,161,1924,ASTONISH,ENERGY_BALL,OUTRAGE,61.8,34.5,66.4,53.5,dondozo:885;electrode_hisuian:816;stunfisk:810;quagsire_shadow:652;charjabug:605,jumpluff:160;swalot:166;lapras:181;dragonair_shadow:240;mawile_mega:290
skorupi,Skorupi,66.1,90.7,139.4,113,1430,INFESTATION,AQUA_TAIL,CROSS_POISON,64.5,48.5,59.5,50.2,chesnaught_mega:730;abomasnow_shadow:561;rillaboom:553;electrode_hisuian:544;cradily:522,cramorant:218;jumpluff:238;swalot:289;mawile_mega:321;malamar_mega:466
musharna,Musharna,66,113.1,108.8,161,1982,CHARGE_BEAM,PSYSHOCK,DAZZLING_GLEAM,58.4,41,66.7,32.9,mantine:608;lapras:605;toxapex:571;fearow:549;malamar_mega:534,dragonair_shadow:86;jumpluff:232;mawile_mega:290;charjabug:293;swalot:356
vileplume,Vileplume,66,128.8,112.7,120,1743,ACID,SLUDGE_BOMB,PETAL_BLIZZARD,55.4,37.2,67.1,35.4,stunfisk:687;dondozo:666;electrode_hisuian:620;charjabug:604;dunsparce:575,swalot:143;malamar_mega:212;cramorant:238;jumpluff:277;mawile_mega:474
ponyta_galarian,Ponyta (Galarian),65.9,133.5,108.2,116,1676,PSYCHO_CUT,SWIFT,PLAY_ROUGH,60.3,56.8,60.9,37,machoke_shadow:659;dragonair:543;goodra:534;chesnaught_mega:530;dragalge:517,cramorant:178;malamar_mega:200;mawile_mega:204;swalot:292;jumpluff:323
glimmet,Glimmet,65.8,147.1,90.8,114,1525,ROCK_THROW,POWER_GEM,DAZZLING_GLEAM,70.5,43.4,45,59.7,cramorant:837;fearow:820;abomasnow_shadow:714;crustle:635;jumpluff:578,mawile_mega:209;malamar_mega:325;swalot:353;dragonair_shadow:354;charjabug:484
prinplup,Prinplup,65.7,118.6,117,136,1889,BUBBLE,ICY_WIND,BUBBLE_BEAM,65.2,44.7,59.7,41.6,marowak:595;aurorus:584;piloswine:584;fearow:544;mawile_mega:514,charjabug:170;cramorant:333;jumpluff:349;malamar_mega:400;swalot:491
cursola,Cursola,65.6,145.6,111,95,1537,ASTONISH,NIGHT_SHADE,POWER_GEM,62.2,45,53,45.6,grumpig:631;dondozo:568;rillaboom:563;swalot:536;cofagrigus:531,jumpluff:238;malamar_mega:279;charjabug:309;mawile_mega:311;cramorant:337
noivern_shadow,Noivern (Shadow),65.5,125.4,113.5,126,1794,BITE,HEAT_WAVE,HURRICANE,48.5,37.7,69.6,27.8,diggersby:734;rillaboom:595;scizor_mega:543;charjabug:507;gligar_shadow:507,mawile_mega:107;swalot:143;jumpluff:160;cramorant:186;malamar_mega:187
banette,Banette,65.4,145.2,92.2,115,1542,SHADOW_CLAW,SHADOW_BALL,DAZZLING_GLEAM,51.4,39,59.7,32.4,gallade_shadow:786;machoke_shadow:639;teddiursa_shadow:634;froslass:630;swalot:513,jumpluff:199;charjabug:242;malamar_mega:254;mawile_mega:260;cramorant:261
drowzee_shadow,Drowzee (Shadow),65.4,87.3,126.8,142,1575,CONFUSION,PSYSHOCK,PSYCHIC,60,49,66.6,42.7,machamp_shadow:735;chesnaught_mega:595;gallade_shadow:591;toxapex:538;fearow:524,malamar_mega:125;cramorant:265;swalot:266;jumpluff:330;mawile_mega:346
loudred_shadow,Loudred (Shadow),65.4,125.2,80.6,178,1798,BITE,STOMP,DISARMING_VOICE,57.2,57.3,64.6,31.6,dusknoir_shadow:738;froslass:719;drifblim:676;cofagrigus:573;goodra:505,malamar_mega:170;cramorant:178;mawile_mega:250;swalot:315;jumpluff:330
lycanroc_midday,Lycanroc (Midday),65.3,142.7,93.1,118,1569,SUCKER_PUNCH,DRILL_RUN,STONE_EDGE,55.5,49,57.5,33.5,houndoom_mega:707;cofagrigus:690;froslass:669;oinkologne_female:618;dusknoir_shadow:614,jumpluff:166;mawile_mega:209;malamar_mega:254;cramorant:305;swalot:497
archen_shadow,Archen (Shadow),65.2,159.5,76,116,1408,WING_ATTACK,ANCIENT_POWER,CRUNCH,51.2,36.6,61.1,27.8,roserade:823;victreebel_mega:754;chesnaught_mega:728;spidops:633;cofagrigus:530,mawile_mega:188;malamar_mega:254;jumpluff:264;cramorant:305;swalot:464
poliwhirl,Poliwhirl,65.2,114.2,115.9,148,1961,BUBBLE,SCALD,MUD_BOMB,59.4,32.9,69,40.2,aurorus:729;piloswine:699;mawile_mega:655;quagsire_shadow:601;stunfisk:570,charjabug:170;jumpluff:202;cramorant:337;swalot:362;malamar_mega:470
sandygast,Sandygast,65.2,113.4,111.7,135,1712,MUD_SHOT,SHADOW_BALL,EARTH_POWER,53,31.3,68.7,38.3,dragalge:688;charjabug:603;mawile_mega:544;stunfisk:529;swalot:511,cramorant:47;lapras:94;dragonair_shadow:110;malamar_mega:129;jumpluff:218
tentacool,Tentacool,65.2,94.1,137.8,113,1466,POISON_STING,WRAP,WATER_PULSE,58.9,53.5,62,62.1,cetitan:663;abomasnow:557;abomasnow_mega:544;swalot:517;houndoom_mega:508,charjabug:246;malamar_mega:262;mawile_mega:352;cramorant:365;jumpluff:401
carnivine,Carnivine,65.1,130.1,101.8,130,1724,VINE_WHIP,ENERGY_BALL,CRUNCH,54,38,66.4,36.4,dondozo:811;stunfisk:788;quagsire_shadow:780;marowak:723;lapras:573,swalot:90;malamar_mega:187;jumpluff:205;cramorant:222;mawile_mega:367
vileplume_shadow,Vileplume (Shadow),65.1,128.8,112.7,120,1743,ACID,MOONBLAST,SLUDGE_BOMB,52.4,36.4,62.3,34.5,electrode_hisuian:604;dondozo:600;rillaboom:600;dunsparce:550;charjabug:512,swalot:143;mawile_mega:250;malamar_mega:254;cramorant:265;jumpluff:316
onix,Onix,65,84,207.5,105,1831,ROCK_THROW,ROCK_SLIDE,SAND_TOMB,59.9,44.5,64.1,63.2,houndoom_mega:838;charjabug:742;toucannon_shadow:719;charizard_mega_x:695;fearow:657,malamar_mega:237;mawile_mega:265;jumpluff:316;cramorant:448;swalot:453
sudowoodo,Sudowoodo,64.8,117.1,130.1,126,1921,COUNTER,METEOR_BEAM,TRAILBLAZE,57.4,39.1,68.3,44.3,aurorus:634;swalot:547;spidops:539;dunsparce:531;cradily:523,jumpluff:179;malamar_mega:212;mawile_mega:260;charjabug:333;cramorant:448
ambipom,Ambipom,64.7,133.8,100.5,124,1670,SCRATCH,AERIAL_ACE,RETURN,57.2,43.6,63.2,31.8,toxapex:762;spidops:637;diggersby:584;dunsparce:576;stunfisk:560,mawile_mega:239;malamar_mega:254;cramorant:277;jumpluff:356;swalot:356
archeops_shadow,Archeops (Shadow),64.7,160.6,81.9,106,1395,WING_ATTACK,ANCIENT_POWER,CRUNCH,51.4,36.6,61.3,27.5,roserade:806;victreebel_mega:731;chesnaught_mega:707;spidops:599;cofagrigus:542,mawile_mega:188;malamar_mega:254;jumpluff:264;cramorant:305;swalot:464
kingler,Kingler,64.7,144.5,115.6,93,1554,MUD_SHOT,CRABHAMMER,VICE_GRIP,66.8,51.1,65.7,21.6,piloswine:779;aurorus:693;crustle:672;lunatone:548;mawile_mega:537,cramorant:47;jumpluff:169;charjabug:305;malamar_mega:337;swalot:362
whirlipede,Whirlipede,64.7,96.6,157.9,113,1725,POISON_STING,SLUDGE_BOMB,GYRO_BALL,55.4,45,65.9,42.7,electrode_hisuian:836;chesnaught_mega:765;rillaboom:570;abomasnow_shadow:566;jumpluff:544,cramorant:134;malamar_mega:141;dragonair_shadow:177;mawile_mega:336;swalot:347
dwebble,Dwebble,64.6,111.7,120.1,127,1706,SMACK_DOWN,ROCK_TOMB,X_SCISSOR,56.9,38.2,67.4,50.8,dewgong:629;charjabug:543;vigoroth:535;dragonite_mega:535;fearow:511,mawile_mega:158;malamar_mega:237;jumpluff:330;cramorant:416;swalot:464
mudbray,Mudbray,64.6,129.8,98.6,134,1717,MUD_SLAP,BULLDOZE,BODY_SLAM,59.4,34.3,59.5,45.6,toxapex:772;stunfisk:701;charjabug:664;dunsparce:597;mawile_mega:518,cramorant:115;jumpluff:169;malamar_mega:266;dragonair_shadow:287;swalot:485
diancie_mega,Diancie (Mega),64.5,163.8,114.7,70,1316,ROCK_THROW,MOONBLAST,ROCK_SLIDE,73,46.6,35.8,50,cramorant:764;abomasnow_shadow:692;charjabug:678;spidops:678;lapras:664,mawile_mega:260;swalot:266;malamar_mega:370;dragonair_shadow:393;jumpluff:395
dolliv,Dolliv,64.5,118.4,122.6,130,1890,MAGICAL_LEAF,EARTH_POWER,TRAILBLAZE,57.4,32,61.4,57.2,stunfisk:807;quagsire_shadow:803;cofagrigus:773;electrode_hisuian:692;vigoroth:507,swalot:105;jumpluff:127;malamar_mega:187;mawile_mega:188;cramorant:226
dugtrio_shadow,Dugtrio (Shadow),64.5,136.7,120,100,1643,SUCKER_PUNCH,MUD_BOMB,STONE_EDGE,60.7,44.9,45.7,37.2,grumpig:650;dusknoir_shadow:645;cofagrigus:635;stunfisk:615;charjabug:550,jumpluff:199;mawile_mega:209;swalot:248;malamar_mega:295;cramorant:349
tentacool_shadow,Tentacool (Shadow),64.5,94.1,137.8,113,1466,POISON_STING,WRAP,WATER_PULSE,58.4,54.7,58.8,53.5,aurorus_shadow:800;amaura_shadow:800;flamigo:703;machoke_shadow:659;charizard_mega_x:504,malamar_mega:308;jumpluff:356;mawile_mega:392;cramorant:392;swalot:412
totodile,Totodile,64.5,110.9,104.1,127,1468,SCRATCH,AQUA_JET,CRUNCH,59.5,61.7,63,32.4,starmie:736;piloswine:681;piloswine_shadow:610;diggersby:590;crustle:515,jumpluff:228;cramorant:329;mawile_mega:362;malamar_mega:362;swalot:470
porygon2,Porygon2,64.4,122.1,117.9,127,1830,LOCK_ON,TRI_ATTACK,ZAP_CANNON,61,56.3,71.5,28.1,dondozo:744;lapras:551;mawile_mega:531;charjabug:511;toxapex:503,malamar_mega:279;cramorant:309;jumpluff:349;swalot:377;dragonair_shadow:433
banette_shadow,Banette (Shadow),64.3,145.9,91.6,115,1538,SHADOW_CLAW,SHADOW_BALL,DAZZLING_GLEAM,54.4,40.2,51.7,33.2,gallade_shadow:782;cradily:769;froslass:647;teddiursa_shadow:608;dondozo:578,jumpluff:199;swalot:248;malamar_mega:295;cramorant:305;mawile_mega:311
exeggcute_shadow,Exeggcute (Shadow),64.3,102.5,117.6,142,1713,CONFUSION,SEED_BOMB,ANCIENT_POWER,64.7,47.4,57.2,46.4,quagsire_shadow:781;electrode_hisuian:630;marowak:612;stunfisk:605;goodra:605,malamar_mega:66;jumpluff:199;cramorant:261;swalot:309;mawile_mega:372
crabominable,Crabominable,64.1,136.8,88.5,135,1635,BUBBLE,ICE_PUNCH,BRICK_BREAK,50.2,31.8,60.7,31,cetitan:833;aurorus:692;piloswine:618;diggersby:600;marowak:511,cramorant:115;mawile_mega:158;swalot:333;malamar_mega:358;jumpluff:424
luxio,Luxio,64.1,133.2,91,139,1687,BITE,WILD_CHARGE,CRUNCH,52,35.1,64.8,26.7,cofagrigus:758;lapras:748;dondozo:744;mantine:687;mawile_mega:553,swalot:143;dragonair_shadow:161;cramorant:166;malamar_mega:170;jumpluff:205
oricorio_pom_pom,Oricorio (Pom-Pom),64.1,130.8,102,128,1710,AIR_SLASH,AIR_CUTTER,HURRICANE,56.7,36.6,66.6,42.4,jumpluff:656;fearow:621;scizor_mega:617;rillaboom:542;cramorant:515,swalot:190;malamar_mega:208;charjabug:226;dragonair_shadow:240;mawile_mega:321
breloom,Breloom,64,149.9,96.7,103,1494,FORCE_PALM,DYNAMIC_PUNCH,GRASS_KNOT,62.7,33.4,53.7,53.7,aurorus:733;dunsparce:708;vigoroth:703;stunfisk:640;electrode_hisuian:514,cramorant:126;swalot:166;jumpluff:186;malamar_mega:304;mawile_mega:341
exploud_shadow,Exploud (Shadow),63.9,119.7,99.4,157,1870,ASTONISH,CRUNCH,DISARMING_VOICE,58,41.5,59.7,43.5,gengar_shadow:901;dusknoir_shadow:863;dusknoir:764;drifblim:713;cofagrigus:656,malamar_mega:266;cramorant:281;mawile_mega:331;jumpluff:375;swalot:453
inteleon,Inteleon,63.9,153.4,89,107,1462,WATER_GUN,SNIPE_SHOT,HYDRO_CANNON,51.7,40.9,55.8,31.3,froslass:714;cofagrigus:658;aurorus:612;piloswine:570;diggersby:523,jumpluff:133;cramorant:182;swalot:187;malamar_mega:254;mawile_mega:280
rotom_fan,Rotom (Fan),63.9,128.8,144.9,93,1737,ASTONISH,THUNDERBOLT,OMINOUS_WIND,59.2,36.1,65.9,41.6,mantine:661;dusknoir_shadow:618;fearow:602;toxapex:526;cramorant:516,malamar_mega:237;swalot:330;charjabug:400;jumpluff:444;mawile_mega:459
swellow_shadow,Swellow (Shadow),63.9,135.9,99.9,121,1645,WING_ATTACK,BRAVE_BIRD,SKY_ATTACK,47.4,33.2,60.6,31.8,chesnaught_mega:768;diggersby:702;trevenant:673;cofagrigus:665;volbeat:574,mawile_mega:158;malamar_mega:212;swalot:213;cramorant:261;jumpluff:277
archen,Archen,63.6,159.5,76,116,1408,WING_ATTACK,ANCIENT_POWER,CRUNCH,48.4,38.2,61.1,25.1,chesnaught_mega:693;spidops:685;cofagrigus:633;mantine:530;gligar_shadow:517,mawile_mega:158;malamar_mega:212;jumpluff:232;cramorant:261;swalot:391
rampardos_shadow,Rampardos (Shadow),63.6,162.2,67.2,126,1376,SMACK_DOWN,ROCK_SLIDE,FLAMETHROWER,72.2,44.4,33.9,48.3,cramorant:773;abomasnow_shadow:710;charjabug:630;lapras:630;aurorus:591,mawile_mega:250;swalot:289;malamar_mega:383;jumpluff:415;dragonair_shadow:429
stonjourner,Stonjourner,63.6,125.5,107.9,132,1790,ROCK_THROW,ROCK_SLIDE,STOMP,64,42.9,57.4,59.1,fearow:844;cramorant:575;charjabug:564;abomasnow_shadow:522;spidops:515,mawile_mega:209;malamar_mega:254;swalot:309;dragonair_shadow:322;jumpluff:395
geodude_shadow,Geodude (Shadow),63.4,123.5,123.5,113,1724,ROCK_THROW,ROCK_TOMB,ROCK_SLIDE,69,44.2,40.6,51.3,fearow:853;cramorant:836;charjabug:685;abomasnow_shadow:606;spidops:530,mawile_mega:209;swalot:283;malamar_mega:295;jumpluff:330;dragonair_shadow:358
simisage,Simisage,63.4,135.9,95.8,126,1642,VINE_WHIP,GRASS_KNOT,CRUNCH,49.4,40.6,64.3,32.7,dondozo:805;quagsire_shadow:738;stunfisk:730;cofagrigus:710;lapras:551,swalot:90;mawile_mega:158;jumpluff:212;malamar_mega:212;cramorant:218
exeggcute,Exeggcute,63.3,102.5,117.6,142,1713,CONFUSION,SEED_BOMB,ANCIENT_POWER,62.7,42.8,59,52.9,quagsire_shadow:802;stunfisk:707;dondozo:559;marowak:535;diggersby:517,jumpluff:179;charjabug:202;malamar_mega:233;swalot:251;mawile_mega:316
donphan,Donphan,63.2,125.2,113.1,126,1786,MUD_SLAP,TRAILBLAZE,EARTHQUAKE,58.4,37.8,57.4,50.2,charizard_mega_x:757;stunfisk:710;charjabug:650;marowak:543;dondozo:531,jumpluff:114;malamar_mega:266;cramorant:285;swalot:362;mawile_mega:494
archeops,Archeops,63.1,160.6,81.9,106,1395,WING_ATTACK,ANCIENT_POWER,CRUNCH,47.7,37.5,60.4,24.8,chesnaught_mega:735;spidops:655;cofagrigus:599;gligar_shadow:528;mantine:509,mawile_mega:158;malamar_mega:212;jumpluff:232;cramorant:261;swalot:394
klawf,Klawf,63,121,128.1,119,1846,MUD_SLAP,BULLDOZE,ROCK_TOMB,54.7,33.2,62,37.8,swalot:626;charjabug:613;houndoom_mega:571;fearow:533;shelgon:512,cramorant:154;malamar_mega:179;dragonair_shadow:279;jumpluff:307;mawile_mega:311
dwebble_shadow,Dwebble (Shadow),62.9,111.7,120.1,127,1706,SMACK_DOWN,ROCK_TOMB,X_SCISSOR,58.9,38.8,59.5,48.3,dragonite_mega:681;oinkologne_female:641;dewgong:527;charjabug:519;jumpluff:503,mawile_mega:158;malamar_mega:229;dragonair_shadow:311;cramorant:384;swalot:397
dragapult,Dragapult,62.8,142.5,96.2,115,1578,DRAGON_TAIL,SHADOW_BALL,OUTRAGE,53.5,34.5,59,36.4,oinkologne_female:604;charjabug:595;dondozo:586;stunfisk:578;electrode_hisuian:552,mawile_mega:66;jumpluff:186;malamar_mega:204;swalot:213;cramorant:253
flaaffy,Flaaffy,62.7,121.5,100.4,151,1844,CHARGE_BEAM,DISCHARGE,TRAILBLAZE,56.5,41.7,58.4,45.9,mantine:728;cramorant:589;fearow:533;toxapex:523;lunatone:506,jumpluff:245;charjabug:253;swalot:274;malamar_mega:337;mawile_mega:372
lycanroc_dusk,Lycanroc (Dusk),62.7,144.5,91.9,117,1556,SUCKER_PUNCH,STONE_EDGE,TRAILBLAZE,55.5,42.6,43.6,32.9,zoroark_hisuian:764;toxapex:739;froslass:666;oinkologne_female:662;dusknoir_shadow:611,jumpluff:173;mawile_mega:209;swalot:257;malamar_mega:279;cramorant:305
shellos,Shellos,62.7,99.1,100.8,166,1660,MUD_SLAP,WATER_PULSE,BODY_SLAM,57.7,35.9,63.6,42.9,piloswine:716;aurorus:701;mawile_mega:668;lunatone:551;toxapex:506,jumpluff:156;charjabug:170;cramorant:250;swalot:444;malamar_mega:450
simipour,Simipour,62.7,135.9,95.8,126,1642,BITE,SURF,CRUNCH,50.2,49,66.2,23.7,grumpig:722;aurorus:682;piloswine:646;dewgong:583;marowak:519,jumpluff:133;malamar_mega:170;cramorant:186;swalot:350;mawile_mega:413
luxio_shadow,Luxio (Shadow),62.6,133.7,90.2,139,1677,BITE,WILD_CHARGE,CRUNCH,45.9,34.5,64.1,18.9,toxapex:802;lapras:748;cofagrigus:719;dondozo:694;mantine:607,mawile_mega:122;swalot:125;cramorant:166;malamar_mega:170;jumpluff:441
goldeen,Goldeen,62.4,115.9,105,120,1462,PECK,AQUA_TAIL,HORN_ATTACK,63.2,54.2,54.7,35.6,houndoom_mega:820;aerodactyl_shadow:770;aerodactyl_mega:770;flamigo:733;diggersby:558,jumpluff:215;cramorant:265;malamar_mega:312;mawile_mega:321;swalot:406
dugtrio,Dugtrio,62.3,136.7,120,100,1643,SUCKER_PUNCH,MUD_BOMB,STONE_EDGE,54.4,38.8,54.7,34.8,zoroark_hisuian:784;stunfisk:640;charjabug:600;froslass:515;dunsparce:505,jumpluff:166;mawile_mega:209;swalot:213;malamar_mega:254;cramorant:261
yanmega,Yanmega,62.3,136.8,96,125,1643,WING_ATTACK,AERIAL_ACE,ANCIENT_POWER,51.5,41.4,60.7,31.6,chesnaught_mega:876;spidops:756;rillaboom:616;scizor_mega:532;froslass:516,mawile_mega:158;cramorant:202;malamar_mega:212;swalot:333;jumpluff:454
pineco_shadow,Pineco (Shadow),62.2,103.3,115.1,127,1511,BUG_BITE,ROCK_TOMB,SAND_TOMB,60.5,44.1,55.3,54.5,malamar_mega:830;gyarados_mega:795;girafarig_shadow:645;rillaboom:598;chesnaught_mega:578,cramorant:162;mawile_mega:209;charjabug:230;jumpluff:258;swalot:336
vanilluxe,Vanilluxe,62.2,131.5,117.3,110,1699,ASTONISH,AVALANCHE,FLASH_CANNON,51,33.5,61.8,32.1,dewgong:631;stunfisk:618;dusknoir_shadow:613;abomasnow:545;jumpluff:509,malamar_mega:237;cramorant:253;mawile_mega:255;charjabug:257;swalot:488
donphan_shadow,Donphan (Shadow),62,125.2,113.1,126,1786,MUD_SLAP,TRAILBLAZE,EARTHQUAKE,61.3,37.5,47.5,46.2,toxapex:781;stunfisk:674;charjabug:607;dunsparce:587;mawile_mega:579,jumpluff:111;malamar_mega:295;dragonair_shadow:334;cramorant:349;swalot:415
tranquill,Tranquill,61.5,123.9,102.2,143,1812,AIR_SLASH,HEAT_WAVE,AERIAL_ACE,53,32.1,62.8,44.5,cofagrigus:625;spidops:601;jumpluff:562;diggersby:534;dusknoir_shadow:517,mawile_mega:188;charjabug:198;malamar_mega:237;cramorant:257;swalot:383
lilligant_hisuian,Lilligant (Hisuian),61.2,133.4,107.7,117,1683,BULLET_SEED,UPPER_HAND,PETAL_BLIZZARD,48.9,31.2,61.3,38.3,stunfisk:773;quagsire_shadow:764;dondozo:764;dunsparce:747;electrode_hisuian:564,mawile_mega:96;cramorant:103;jumpluff:147;swalot:175;malamar_mega:354
braviary,Braviary,61,133.7,92.9,135,1678,AIR_SLASH,FLY,CLOSE_COMBAT,48.9,27,65.3,40,cofagrigus:692;diggersby:637;spidops:544;marowak:518;jumpluff:507,mawile_mega:127;swalot:190;charjabug:198;cramorant:226;malamar_mega:237
flaaffy_shadow,Flaaffy (Shadow),61,121.5,100.4,151,1844,CHARGE_BEAM,DISCHARGE,TRAILBLAZE,51.4,32.3,57.5,34.3,dondozo:705;dragonite_mega:678;mantine:658;cramorant:609;lapras:506,dragonair_shadow:122;malamar_mega:158;jumpluff:297;swalot:312;mawile_mega:454
manectric_shadow,Manectric (Shadow),61,142.4,91.3,121,1574,SNARL,WILD_CHARGE,PSYCHIC_FANGS,54.7,57.6,66.4,20.8,toxapex:822;lapras:735;aurorus:690;cofagrigus:677;dondozo:648,jumpluff:94;mawile_mega:96;malamar_mega:150;cramorant:285;swalot:286
rotom_frost,Rotom (Frost),60.9,128.8,144.9,93,1737,THUNDER_SHOCK,THUNDERBOLT,BLIZZARD,44.7,24.8,66.9,24.3,jumpluff:618;dunsparce:553;cramorant:548;charjabug:548;swalot:543,cradily:93;dragonair_shadow:110;malamar_mega:170;lapras:187;mawile_mega:204
elgyem,Elgyem,60.8,133.6,95.4,132,1685,CONFUSION,DARK_PULSE,PSYCHIC,58.7,44.1,58.1,42.7,lunatone:606;solrock:606;dragalge:598;chesnaught_mega:553;goodra:518,malamar_mega:87;mawile_mega:209;swalot:324;cramorant:337;jumpluff:401
onix_shadow,Onix (Shadow),60.8,84,207.5,105,1831,ROCK_THROW,ROCK_SLIDE,SAND_TOMB,60.5,39.9,54.7,55.9,charjabug:733;spidops:580;fearow:571;crustle:566;swalot:519,mawile_mega:163;jumpluff:232;malamar_mega:233;dragonair_shadow:251;cramorant:476
whirlipede_shadow,Whirlipede (Shadow),60.8,96.6,157.9,113,1725,POISON_STING,SLUDGE_BOMB,GYRO_BALL,45.7,36.9,64.1,29.1,electrode_hisuian:836;chesnaught_mega:738;abomasnow:566;rillaboom:530;cradily:513,malamar_mega:129;cramorant:134;jumpluff:160;mawile_mega:357;swalot:394
graveler_shadow,Graveler (Shadow),60.7,122.6,129.8,115,1831,MUD_SLAP,ROCK_SLIDE,DIG,57,32.3,47.5,40,toxapex:760;charizard_mega_x:700;mawile_mega:695;charjabug:630;stunfisk:547,jumpluff:42;cramorant:142;malamar_mega:295;dragonair_shadow:334;swalot:400
indeedee_female,Indeedee (Female),60.7,121.7,128.2,118,1842,EXTRASENSORY,ENERGY_BALL,PSYCHIC,47.5,33.1,66,31.8,medicham_mega:656;gengar_shadow:639;trevenant:635;gyarados:588;dusknoir:533,malamar_mega:62;mawile_mega:188;jumpluff:218;cramorant:226;swalot:236
trapinch_shadow,Trapinch (Shadow),60.6,148.7,78.1,120,1395,SAND_ATTACK,SAND_TOMB,CRUNCH,45,35.1,50.3,28.3,toxapex:804;cofagrigus:583;stunfisk:570;dragonite_mega:516;grumpig:516,jumpluff:68;cramorant:83;malamar_mega:254;swalot:269;mawile_mega:372
mothim,Mothim,60.4,140,82.9,138,1603,BUG_BITE,AERIAL_ACE,BUG_BUZZ,62,39.9,49.8,50,malamar_mega:807;electrode_hisuian:735;rillaboom:735;grumpig:692;abomasnow_shadow:619,mawile_mega:209;swalot:213;jumpluff:238;cramorant:250;charjabug:321
rhyhorn,Rhyhorn,60.4,112.5,111,159,1987,MUD_SLAP,BULLDOZE,STOMP,59,32.6,55.8,50,toxapex:808;charjabug:735;stunfisk:672;vigoroth:537;swalot:522,jumpluff:42;cramorant:230;malamar_mega:245;dragonair_shadow:263;mawile_mega:341
trapinch,Trapinch,60.4,148.7,78.1,120,1395,SAND_ATTACK,SAND_TOMB,CRUNCH,51.5,38.8,47.7,32.1,toxapex:754;cofagrigus:675;stunfisk:612;grumpig:612;swalot:541,jumpluff:68;cramorant:83;dragonair_shadow:216;mawile_mega:341;malamar_mega:404
arboliva,Arboliva,60.3,129.2,116.6,115,1734,MAGICAL_LEAF,EARTH_POWER,TRAILBLAZE,54.7,28.9,52.1,47.5,quagsire_shadow:926;stunfisk:778;cofagrigus:752;dunsparce:630;electrode_hisuian:586,swalot:131;jumpluff:140;mawile_mega:183;cramorant:253;malamar_mega:254
rotom_wash,Rotom (Wash),60.3,128.8,144.9,93,1737,THUNDER_SHOCK,THUNDERBOLT,HYDRO_PUMP,45.7,23.5,66.2,30.5,dondozo:822;cramorant:612;mawile_mega:586;lapras:553;toxapex:505,charjabug:107;dragonair_shadow:122;malamar_mega:187;jumpluff:320;swalot:491
tsareena,Tsareena,60.3,130.4,120.6,109,1715,MAGICAL_LEAF,TRIPLE_AXEL,HIGH_JUMP_KICK,55,32.3,53.7,44,quagsire_shadow:922;stunfisk:770;electrode_hisuian:646;dondozo:642;dunsparce:614,mawile_mega:158;malamar_mega:212;swalot:251;cramorant:253;jumpluff:356
brionne,Brionne,60.2,125.8,117,121,1783,CHARM,AQUA_JET,DISARMING_VOICE,53.2,34.8,61.6,39.7,salamence:772;salamence_shadow:768;cetoddle:652;cetitan:528;quagsire_shadow:512,jumpluff:209;charjabug:226;mawile_mega:234;swalot:345;malamar_mega:354
poliwhirl_shadow,Poliwhirl (Shadow),60.2,114.2,115.9,148,1961,BUBBLE,SCALD,MUD_BOMB,51.4,32.3,62.1,31.6,cetitan:587;mawile_mega:577;marowak:560;vigoroth:520;quagsire_shadow:516,charjabug:198;cramorant:202;malamar_mega:237;jumpluff:254;swalot:429
rhyhorn_shadow,Rhyhorn (Shadow),60.2,112.5,111,159,1987,MUD_SLAP,BULLDOZE,STOMP,59,33.5,52.1,44.5,toxapex:808;charjabug:685;stunfisk:635;dunsparce:553;dragalge:525,jumpluff:42;malamar_mega:229;cramorant:253;mawile_mega:403;swalot:494
boldore,Boldore,60.1,124.4,109.5,132,1799,MUD_SLAP,ROCK_SLIDE,BULLDOZE,53,30.7,58.1,30.8,toxapex:768;oinkologne_female:693;swalot:632;stunfisk:549;charjabug:518,lapras:159;malamar_mega:208;dragonair_shadow:240;jumpluff:307;mawile_mega:311
phanpy,Phanpy,60.1,102.5,94.9,186,1811,TACKLE,BULLDOZE,ROCK_SLIDE,48.5,34.3,64.4,38.6,ledian_shadow:698;emolga:610;vespiquen:604;charjabug:534;fearow:529,mawile_mega:153;swalot:239;cramorant:242;jumpluff:366;malamar_mega:412
eelektross,Eelektross,59.9,133.8,99.7,126,1682,VOLT_SWITCH,DRAGON_CLAW,THUNDERBOLT,54,32.4,62.7,41.3,cramorant:853;toxapex:773;mantine:682;mawile_mega:563;goodra:503,dragonair_shadow:161;malamar_mega:254;charjabug:400;jumpluff:428;swalot:473
plusle,Plusle,59.8,128.2,107.2,127,1746,QUICK_ATTACK,THUNDERBOLT,GRASS_KNOT,44.5,32.8,71,20.5,mantine:665;pelipper:629;emolga:590;cramorant:535;lapras:511,dragonair_shadow:181;malamar_mega:187;jumpluff:339;swalot:383;mawile_mega:459
eevee,Eevee,59.7,99.9,108.3,135,1463,QUICK_ATTACK,SWIFT,DIG,56.2,53.8,56.7,37.5,gengar:874;gengar_mega:874;haunter:670;qwilfish_shadow:577;salamence_shadow:518,cramorant:289;jumpluff:323;swalot:353;malamar_mega:400;mawile_mega:403
kingler_shadow,Kingler (Shadow),59.7,144.5,115.6,93,1554,BUBBLE,CRABHAMMER,VICE_GRIP,43.4,30.5,53.5,23.7,cetitan:758;houndoom_mega:736;aurorus:720;aerodactyl_mega:720;piloswine:526,jumpluff:101;cramorant:170;swalot:187;mawile_mega:250;malamar_mega:266
oricorio_sensu,Oricorio (Sensu),59.7,130.8,102,128,1710,AIR_SLASH,AIR_CUTTER,HURRICANE,53.7,32.1,56.3,47.2,rillaboom:746;vigoroth:667;oinkologne_female:640;jumpluff:523;scizor_mega:515,mawile_mega:168;charjabug:198;malamar_mega:208;cramorant:226;swalot:406
seel,Seel,59.7,84,114.2,149,1431,WATER_GUN,AQUA_TAIL,ICY_WIND,55.5,45,56.5,40.8,houndoom_mega:812;piloswine:711;marowak:583;diggersby:526;cetitan:503,jumpluff:277;malamar_mega:354;cramorant:384;swalot:406;mawile_mega:418
glaceon,Glaceon,59.6,135.7,122.3,99,1645,ICE_SHARD,AVALANCHE,WATER_PULSE,48.7,31.6,56.1,35.9,salamence_shadow:843;dragonite_mega:797;diggersby:616;gligar_shadow:590;stunfisk:580,mawile_mega:158;cramorant:226;malamar_mega:237;jumpluff:421;swalot:441
vivillon,Vivillon,59.6,131.7,86.3,149,1694,GUST,ENERGY_BALL,HURRICANE,59.2,40.4,50.5,48.1,chesnaught_mega:926;machoke_shadow:906;rillaboom:677;abomasnow_shadow:604;scizor_mega:557,mawile_mega:183;swalot:207;malamar_mega:275;cramorant:281;jumpluff:336
cubone,Cubone,59.5,88.2,133.6,127,1497,MUD_SLAP,BONE_CLUB,BULLDOZE,56.9,31.8,56.5,47.2,dragalge:665;mawile_mega:633;stunfisk:629;toxapex:527;charjabug:523,jumpluff:88;cramorant:123;malamar_mega:300;swalot:412;dragonair_shadow:413
beheeyem,Beheeyem,59.4,134.4,105.7,117,1663,CONFUSION,DARK_PULSE,ROCK_SLIDE,55.9,42.3,55.4,42.7,roserade:846;victreebel_mega:786;dragalge:568;chesnaught_mega:525;mantine:504,malamar_mega:87;mawile_mega:209;jumpluff:218;swalot:324;cramorant:337
bonsly,Bonsly,59.4,116.8,124.3,127,1845,COUNTER,ROCK_TOMB,ROCK_SLIDE,53.9,35.6,59.7,38.6,aurorus:669;dewgong:590;cradily:535;dunsparce:523;charjabug:507,malamar_mega:212;cramorant:257;mawile_mega:260;swalot:377;jumpluff:379
cubone_shadow,Cubone (Shadow),59.3,88.2,133.6,127,1497,MUD_SLAP,BONE_CLUB,BULLDOZE,56,33.2,50.7,37.5,stunfisk:708;charjabug:649;dragalge:598;charizard_mega_x:551;mawile_mega:543,jumpluff:81;cramorant:158;dragonair_shadow:240;malamar_mega:354;swalot:423
graveler,Graveler,59.3,121.4,130.9,116,1845,MUD_SLAP,ROCK_SLIDE,DIG,54,29.7,52.6,41,toxapex:866;charjabug:698;stunfisk:663;dragalge:525;fearow:508,jumpluff:42;cramorant:115;malamar_mega:237;swalot:330;mawile_mega:372
prinplup_shadow,Prinplup (Shadow),59.3,118.6,117,136,1889,BUBBLE,ICY_WIND,BUBBLE_BEAM,57.2,36.6,50.8,32.7,mawile_mega:632;marowak:588;piloswine:536;aurorus:514;stunfisk:514,charjabug:198;malamar_mega:237;cramorant:297;swalot:371;jumpluff:431
boltund,Boltund,59.2,136.9,95.3,126,1645,BITE,CRUNCH,THUNDER,45.5,36.3,68.5,20.8,grumpig:722;froslass:690;dondozo:638;mantine:638;cramorant:515,dragonair_shadow:145;malamar_mega:170;mawile_mega:270;swalot:286;jumpluff:330
tangela,Tangela,59.2,125.5,122.8,116,1790,INFESTATION,GRASS_KNOT,SLUDGE_BOMB,46.5,27.5,60.4,39.1,dondozo:801;stunfisk:784;electrode_hisuian:672;marowak:633;quagsire_shadow:577,swalot:105;mawile_mega:127;cramorant:142;jumpluff:160;malamar_mega:470
porygon2_shadow,Porygon2 (Shadow),59,122.1,117.9,127,1830,LOCK_ON,TRI_ATTACK,ZAP_CANNON,48.2,44.1,68.3,19.1,toxapex:791;dondozo:681;cofagrigus:618;dunsparce:590;dewgong:555,malamar_mega:87;cramorant:91;mawile_mega:275;jumpluff:395;swalot:432
pupitar,Pupitar,59,120.1,111.8,139,1868,BITE,ANCIENT_POWER,DIG,49.5,32.4,53.5,33.5,charjabug:679;dragalge:568;spidops:553;fearow:528;crustle:528,jumpluff:68;mawile_mega:107;swalot:143;cramorant:162;malamar_mega:170
pupitar_shadow,Pupitar (Shadow),59,120.1,111.8,139,1868,BITE,ANCIENT_POWER,DIG,47.9,34.8,49.1,25.6,houndoom_mega:751;charjabug:661;solrock:633;froslass:600;toucannon_shadow:539,mawile_mega:107;jumpluff:133;cramorant:162;malamar_mega:379;swalot:444
heliolisk,Heliolisk,58.8,138.1,112.1,105,1626,VOLT_SWITCH,BREAKING_SWIPE,PARABOLIC_CHARGE,59.7,35,48,43.7,mantine:866;cramorant:861;toxapex:785;cofagrigus:671;mawile_mega:580,dragonair_shadow:177;malamar_mega:254;charjabug:365;jumpluff:392;swalot:450
raticate,Raticate,58.8,125.9,116,122,1783,QUICK_ATTACK,HYPER_FANG,DIG,48.9,37.7,63,25.6,leavanny:647;quagsire_shadow:643;farfetchd:602;zoroark_hisuian:598;mawile_mega:504,malamar_mega:170;dragonair_shadow:216;cramorant:238;jumpluff:366;swalot:441
accelgor,Accelgor,58.7,143.2,84.9,129,1569,INFESTATION,BUG_BUZZ,ACID_SPRAY,54.9,33.5,53.8,34.3,malamar_mega:717;dewgong:682;diggersby:620;dondozo:612;stunfisk:593,mawile_mega:96;swalot:143;cramorant:170;charjabug:285;jumpluff:326
manectric_mega,Manectric (Mega),58.7,152.5,101.5,95,1471,SNARL,WILD_CHARGE,PSYCHIC_FANGS,50.5,49.6,63.4,21,toxapex:700;cofagrigus:678;lapras:663;dondozo:663;mantine:584,mawile_mega:112;jumpluff:179;malamar_mega:179;swalot:251;cramorant:269
silicobra,Silicobra,58.7,99.1,115.9,131,1506,MUD_SLAP,EARTH_POWER,WRAP,55,35.6,54,44.3,toxapex:767;stunfisk:717;charjabug:687;mawile_mega:610;dragalge:511,malamar_mega:208;cramorant:222;dragonair_shadow:248;jumpluff:277;swalot:283
banette_mega,Banette (Mega),58.6,165.5,90,91,1356,SHADOW_CLAW,SHADOW_BALL,DAZZLING_GLEAM,49,35,42.7,28.6,gallade_shadow:763;medicham_mega:747;machoke_shadow:637;froslass:571;dondozo:554,jumpluff:166;swalot:248;malamar_mega:254;cramorant:305;mawile_mega:311
kadabra_shadow,Kadabra (Shadow),58.6,163.8,90.9,92,1370,CONFUSION,SHADOW_BALL,DAZZLING_GLEAM,66.7,43.3,31.8,42.1,machoke_shadow:858;chesnaught_mega:804;dragalge:652;toxapex:570;froslass:516,malamar_mega:108;mawile_mega:229;jumpluff:264;cramorant:420;swalot:485
nosepass,Nosepass,58.6,81.5,193.2,98,1544,ROCK_THROW,ROCK_SLIDE,ROCK_BLAST,51.7,31.5,61.4,44.8,charizard_mega_x:668;fearow:596;charjabug:586;dewgong:571;mantine:551,mawile_mega:158;malamar_mega:170;jumpluff:316;swalot:327;cramorant:448
deerling,Deerling,58.5,109.2,96.6,142,1499,TAKE_DOWN,WILD_CHARGE,ENERGY_BALL,54.9,34.5,54.4,42.7,stunfisk:728;dondozo:665;electrode_hisuian:616;marowak:577;quagsire_shadow:531,swalot:207;jumpluff:212;mawile_mega:219;cramorant:281;malamar_mega:295
raticate_shadow,Raticate (Shadow),58.5,125.9,116,122,1783,QUICK_ATTACK,HYPER_FANG,DIG,41,32.1,60.4,21.6,linoone:688;quagsire:643;ludicolo:631;politoed_shadow:573;leavanny:545,mawile_mega:158;jumpluff:160;malamar_mega:212;cramorant:238;swalot:456
sunflora,Sunflora,58.5,128.7,102.1,132,1736,BULLET_SEED,LEAF_STORM,SLUDGE_BOMB,43.9,24,63.9,28.6,dondozo:791;stunfisk:776;electrode_hisuian:613;marowak:613;quagsire_shadow:575,swalot:64;malamar_mega:120;mawile_mega:142;cramorant:142;jumpluff:281
corphish_shadow,Corphish (Shadow),58.4,131,95.7,117,1469,BUBBLE,AQUA_JET,VICE_GRIP,41.9,26.2,54.4,21.3,houndoom_mega:752;froslass:739;diggersby:726;aurorus:581;piloswine:538,jumpluff:81;cramorant:170;swalot:187;mawile_mega:219;malamar_mega:237
toedscool,Toedscool,58.4,94.1,137.8,113,1466,MUD_SLAP,EARTH_POWER,WRAP,56.5,33.5,52.4,46.2,electrode_hisuian:685;mawile_mega:637;charjabug:615;dunsparce:610;vigoroth:548,jumpluff:143;malamar_mega:208;cramorant:214;dragonair_shadow:224;swalot:260
carracosta,Carracosta,58.2,121.4,126.9,120,1850,WATER_GUN,LIQUIDATION,ANCIENT_POWER,50.7,32.4,59.1,42.9,houndoom_mega:895;toucannon:608;cramorant:570;froslass:537;diggersby:504,jumpluff:133;charjabug:242;malamar_mega:254;mawile_mega:301;swalot:461
porygon_shadow,Porygon (Shadow),58,120,115.4,135,1870,TACKLE,DISCHARGE,SIGNAL_BEAM,50.7,41.7,58.1,37.2,amoonguss:666;linoone:640;leavanny:577;zoroark_hisuian:533;dewgong:518,mawile_mega:209;malamar_mega:254;cramorant:265;jumpluff:307;swalot:388
rowlet,Rowlet,58,98.3,95.7,154,1450,LEAFAGE,ENERGY_BALL,SEED_BOMB,55.2,36.4,52.2,40,marowak:879;dondozo:691;diggersby:542;stunfisk:516;vigoroth:503,jumpluff:133;swalot:163;mawile_mega:280;cramorant:297;malamar_mega:354
tranquill_shadow,Tranquill (Shadow),58,123.9,102.2,143,1812,AIR_SLASH,HEAT_WAVE,AERIAL_ACE,51.7,29.7,58.3,44.5,chesnaught_mega:804;gengar_shadow:741;cofagrigus:699;spidops:541;jumpluff:506,mawile_mega:158;malamar_mega:204;swalot:213;charjabug:226;cramorant:253
geodude,Geodude,57.7,123.5,123.5,113,1724,ROCK_THROW,ROCK_TOMB,ROCK_SLIDE,59.9,37.5,42.7,49.1,dragonite_mega:769;charizard_mega_x:769;charjabug:721;spidops:566;crustle:539,mawile_mega:209;swalot:248;malamar_mega:254;jumpluff:264;cramorant:480
krabby_shadow,Krabby (Shadow),57.7,148,111.2,92,1515,BUBBLE,VICE_GRIP,RAZOR_SHELL,51.9,51.2,52.8,23.2,cetitan:777;aurorus:771;malamar_mega:668;marowak:576;piloswine:532,jumpluff:101;cramorant:170;charjabug:218;mawile_mega:250;swalot:400
bulbasaur,Bulbasaur,57.4,111.7,105.8,120,1420,VINE_WHIP,POWER_WHIP,SEED_BOMB,50.7,37.4,53.8,32.9,dondozo:795;quagsire_shadow:741;stunfisk:700;machoke_shadow:650;marowak:545,jumpluff:81;malamar_mega:170;swalot:181;mawile_mega:321;cramorant:321
bulbasaur_shadow,Bulbasaur (Shadow),57.4,111.7,105.8,120,1420,VINE_WHIP,POWER_WHIP,SEED_BOMB,47.4,39.1,54.5,25.6,dondozo:762;quagsire_shadow:675;stunfisk:612;diggersby:575;dewgong:562,jumpluff:81;swalot:90;malamar_mega:154;mawile_mega:158;cramorant:202
reuniclus_shadow,Reuniclus (Shadow),57.2,126.9,94.9,147,1771,CHARM,PSYSHOCK,SHADOW_BALL,52.5,35.1,52.8,37.2,salamence_shadow:778;salamence:775;dragonair_shadow:690;drampa:690;machoke_shadow:683,swalot:146;jumpluff:212;mawile_mega:219;cramorant:281;malamar_mega:441
seel_shadow,Seel (Shadow),56.7,84,114.2,149,1431,WATER_GUN,AQUA_TAIL,ICY_WIND,50.9,38.6,52.4,30.8,marowak:560;gligar_shadow:523;lunatone:516;solrock:516;fearow:506,swalot:283;jumpluff:313;malamar_mega:341;cramorant:380;mawile_mega:443
tangela_shadow,Tangela (Shadow),56.6,125.5,122.8,116,1790,INFESTATION,GRASS_KNOT,SLUDGE_BOMB,47.5,26.2,51.9,34.5,stunfisk:745;malamar_mega:737;dunsparce:607;electrode_hisuian:586;quagsire_shadow:517,mawile_mega:96;swalot:105;cramorant:170;jumpluff:186;charjabug:226
dottler,Dottler,56.5,85.7,144.5,127,1573,CONFUSION,BUG_BUZZ,PSYCHIC,48,32.1,63.6,36.4,machoke_shadow:787;chesnaught_mega:618;gallade_shadow:570;electrode_hisuian:555;rillaboom:515,malamar_mega:62;cramorant:182;mawile_mega:209;swalot:289;jumpluff:290
heliolisk_shadow,Heliolisk (Shadow),56.3,138.1,112.1,105,1626,VOLT_SWITCH,BREAKING_SWIPE,PARABOLIC_CHARGE,58.7,35.5,39.3,42.1,cramorant:861;fearow:771;toxapex:728;cofagrigus:600;spidops:595,dragonair_shadow:208;swalot:222;malamar_mega:295;mawile_mega:403;jumpluff:467
sudowoodo_shadow,Sudowoodo (Shadow),56.3,117.1,130.1,126,1921,COUNTER,METEOR_BEAM,TRAILBLAZE,53.4,33.7,52.1,39.1,houndoom_mega:829;aurorus:809;oinkologne_female:678;stunfisk:527;spidops:503,jumpluff:140;cramorant:246;mawile_mega:260;malamar_mega:283;swalot:298
tatsugiri_curly,Tatsugiri (Curly),56.3,137.4,108.1,109,1619,TAKE_DOWN,SURF,OUTRAGE,49.9,32.3,55.4,37,greninja_mega:628;milotic:591;raichu_mega_x:582;diggersby:545;dunsparce:509,mawile_mega:188;jumpluff:212;swalot:260;malamar_mega:295;cramorant:440
tatsugiri_droopy,Tatsugiri (Droopy),56.3,137.4,108.1,109,1619,TAKE_DOWN,SURF,OUTRAGE,49.9,32.3,55.4,37,greninja_mega:628;milotic:591;raichu_mega_x:582;diggersby:545;dunsparce:509,mawile_mega:188;jumpluff:212;swalot:260;malamar_mega:295;cramorant:440
tatsugiri_stretchy,Tatsugiri (Stretchy),56.3,137.4,108.1,109,1619,TAKE_DOWN,SURF,OUTRAGE,49.9,32.3,55.4,37,greninja_mega:628;milotic:591;raichu_mega_x:582;diggersby:545;dunsparce:509,mawile_mega:188;jumpluff:212;swalot:260;malamar_mega:295;cramorant:440
corphish,Corphish,56.2,131,95.7,117,1469,BUBBLE,AQUA_JET,VICE_GRIP,44.5,27.2,55.3,20.2,aurorus:658;piloswine:619;aurorus_shadow:581;diggersby:547;mawile_mega:504,jumpluff:81;cramorant:142;malamar_mega:179;charjabug:198;swalot:339
popplio,Popplio,56.2,113.4,99.1,127,1429,WATER_GUN,AQUA_TAIL,AQUA_JET,46.9,33.5,50.7,30,houndoom_mega:818;runerigus:712;diggersby:614;mawile_mega:547;marowak:531,jumpluff:133;charjabug:162;malamar_mega:254;cramorant:305;swalot:383
boldore_shadow,Boldore (Shadow),56.1,125.3,109.2,131,1795,MUD_SLAP,ROCK_SLIDE,BULLDOZE,45.5,27.8,47.5,31,toxtricity:881;houndoom_mega:812;toxapex:767;oinkologne_female:656;charizard_mega_x:545,jumpluff:42;cramorant:130;malamar_mega:266;swalot:353;mawile_mega:372
cinccino,Cinccino,56,134.9,96.1,128,1661,CHARM,AQUA_TAIL,THUNDERBOLT,51.9,35.3,49.6,35.4,salamence_shadow:742;salamence:738;dragonite_mega:683;dragonite:683;goodra:511,mawile_mega:183;cramorant:253;jumpluff:274;swalot:295;malamar_mega:383
chespin_shadow,Chespin (Shadow),55.9,105,101.6,136,1452,VINE_WHIP,SEED_BOMB,BODY_SLAM,47.5,45.8,50.3,30.2,quagsire:922;marowak:687;dondozo:595;stunfisk:580;quagsire_shadow:507,mawile_mega:158;malamar_mega:170;jumpluff:186;cramorant:202;swalot:219
seadra,Seadra,55.8,131.3,117.5,110,1699,DRAGON_BREATH,HYDRO_PUMP,DRAGON_PULSE,45,30.8,61.8,28.6,diggersby:618;cetoddle:618;walrein_shadow:577;cetitan:559;cramorant:504,jumpluff:133;charjabug:162;malamar_mega:170;mawile_mega:219;swalot:441
stantler,Stantler,55.8,132.1,99.4,129,1695,TACKLE,WILD_CHARGE,STOMP,48.4,35.9,54.5,31.6,toxapex:771;linoone:693;ludicolo:643;leavanny:616;goodra:511,malamar_mega:254;mawile_mega:260;cramorant:273;jumpluff:320;swalot:482
gardevoir_mega,Gardevoir (Mega),55.7,153.1,112.4,85,1464,CONFUSION,TRIPLE_AXEL,DAZZLING_GLEAM,60.2,41.8,37.9,38.1,chesnaught_mega:876;toxapex:664;diggersby:641;goodra:605;toucannon_shadow:582,malamar_mega:87;mawile_mega:188;jumpluff:225;cramorant:321;swalot:368
maractus,Maractus,55.3,135.5,95.2,128,1652,BULLET_SEED,AERIAL_ACE,PETAL_BLIZZARD,43.2,34.5,58.4,24.3,dondozo:785;stunfisk:710;diggersby:648;marowak:554;quagsire_shadow:519,mawile_mega:96;malamar_mega:104;cramorant:142;swalot:192;jumpluff:225
braviary_hisuian,Braviary (Hisuian),55.2,128.5,89.6,151,1741,AIR_SLASH,BRAVE_BIRD,FLY,46.4,25.9,57.9,38.9,chesnaught_mega:619;machoke_shadow:589;jumpluff:549;marowak:529;diggersby:526,mawile_mega:168;swalot:190;charjabug:198;malamar_mega:208;cramorant:226
clamperl,Clamperl,55.2,124.3,126,105,1646,WATER_GUN,WATER_PULSE,BODY_SLAM,50.7,36.3,53.1,34.8,houndoom_mega:823;diggersby:633;cetoddle:614;gligar:614;cetitan:542,malamar_mega:254;jumpluff:290;swalot:383;cramorant:416;mawile_mega:418
carracosta_shadow,Carracosta (Shadow),55,121.4,126.9,120,1850,WATER_GUN,LIQUIDATION,ANCIENT_POWER,50,32.6,54.5,38.6,houndoom_mega:883;aerodactyl_shadow:783;oinkologne_female:641;mantine:629;toucannon_shadow:541,jumpluff:133;charjabug:242;malamar_mega:254;mawile_mega:357;swalot:456
rampardos,Rampardos,54.9,162.2,67.2,126,1376,SMACK_DOWN,ROCK_SLIDE,FLAMETHROWER,63.5,37.4,27.2,37.8,fearow:805;cramorant:757;abomasnow_shadow:678;cetitan:674;crustle:599,mawile_mega:219;swalot:283;malamar_mega:325;jumpluff:346;charjabug:476
komala,Komala,54.8,136.8,110.2,109,1645,ROLLOUT,BULLDOZE,PAYBACK,38.1,24.2,57.5,30.2,drifblim:688;scyther_shadow:665;cofagrigus:642;spidops:623;dewgong:541,mawile_mega:96;malamar_mega:158;jumpluff:186;cramorant:305;swalot:421
nosepass_shadow,Nosepass (Shadow),54.5,81.5,193.2,98,1544,ROCK_THROW,ROCK_SLIDE,ROCK_BLAST,51.7,32.1,53.5,45.9,cramorant:571;spidops:571;charjabug:520;fearow:520;mantine:505,mawile_mega:158;malamar_mega:212;dragonair_shadow:251;swalot:330;jumpluff:369
sigilyph,Sigilyph,54.5,130,112.1,118,1721,AIR_SLASH,AIR_CUTTER,ANCIENT_POWER,46.5,28.5,50.8,36.7,chesnaught_mega:911;orbeetle:745;machoke_shadow:707;jumpluff:525;rillaboom:516,mawile_mega:147;malamar_mega:179;swalot:190;charjabug:198;cramorant:226
chespin,Chespin,54.3,105,101.6,136,1452,VINE_WHIP,SEED_BOMB,BODY_SLAM,49.9,40.9,49.2,35.4,quagsire_shadow:922;stunfisk:768;starmie:702;dondozo:636;marowak:580,jumpluff:169;swalot:198;mawile_mega:250;cramorant:313;malamar_mega:316
chinchou,Chinchou,53.9,101.6,94.1,164,1569,BUBBLE,WATER_PULSE,THUNDERBOLT,41,23.5,62.1,27.8,mantine:710;froslass:625;pelipper:609;stunfisk:557;lunatone:503,malamar_mega:212;mawile_mega:234;jumpluff:251;cramorant:293;swalot:350
oricorio_pau,Oricorio (Pa'u),53.9,130.8,102,128,1710,AIR_SLASH,AIR_CUTTER,HURRICANE,47.5,31,50.1,37,chesnaught_mega:878;machoke_shadow:718;girafarig:640;rillaboom:542;jumpluff:523,mawile_mega:168;swalot:190;charjabug:198;malamar_mega:208;cramorant:226
stantler_shadow,Stantler (Shadow),53.7,133.5,98.4,128,1684,TACKLE,WILD_CHARGE,STOMP,50.4,36.9,45.5,30,toxapex:769;drifblim:617;linoone:609;dunsparce:546;spidops:542,mawile_mega:209;jumpluff:238;swalot:248;malamar_mega:254;cramorant:333
krabby,Krabby,53.6,148,111.2,92,1515,BUBBLE,VICE_GRIP,RAZOR_SHELL,49.2,45.3,50.7,21.8,aurorus_shadow:771;aurorus:652;amaura:608;piloswine:570;gligar_shadow:510,jumpluff:81;mawile_mega:219;cramorant:226;swalot:327;malamar_mega:420
gorebyss,Gorebyss,53.4,136.2,121,100,1649,CONFUSION,WATER_PULSE,DRAINING_KISS,51,36.3,48.7,35.1,roserade:710;diggersby:645;toxapex:610;cetoddle:610;cetitan:550,malamar_mega:66;mawile_mega:219;jumpluff:232;cramorant:242;swalot:391
lombre,Lombre,53.3,106.7,112.6,142,1706,BUBBLE,SCALD,GRASS_KNOT,38.9,21.6,61.4,27.5,diggersby:651;marowak:637;quagsire_shadow:623;stunfisk:573;dondozo:563,jumpluff:81;swalot:125;cramorant:146;malamar_mega:229;mawile_mega:234
roselia,Roselia,53.2,138.5,105.9,110,1615,POISON_JAB,SLUDGE_BOMB,PETAL_BLIZZARD,48.2,30.8,49.2,37.5,electrode_hisuian:859;chesnaught_mega:595;rillaboom:590;dondozo:554;dunsparce:509,swalot:143;mawile_mega:250;malamar_mega:254;cramorant:305;jumpluff:316
clauncher,Clauncher,53.1,103.3,110.9,127,1456,WATER_GUN,AQUA_JET,CRABHAMMER,44.4,30.8,52.6,30.5,diggersby:594;gligar:578;cetitan:523;quagsire_shadow:519;marowak:519,jumpluff:91;malamar_mega:187;swalot:315;cramorant:333;mawile_mega:479
roggenrola,Roggenrola,53.1,114.2,105,135,1621,SMACK_DOWN,STONE_EDGE,ROCK_BLAST,50.5,31,50.8,42.1,houndoom_mega:840;charizard_mega_x:700;charjabug:522;spidops:522;cramorant:518,mawile_mega:158;malamar_mega:237;dragonair_shadow:263;jumpluff:297;swalot:368
phanpy_shadow,Phanpy (Shadow),53,102.5,94.9,186,1811,TACKLE,BULLDOZE,ROCK_SLIDE,42.4,28.1,57.9,28.9,ledian:698;charjabug:666;charjabug_shadow:607;slowking_galarian:591;stunfisk:545,swalot:143;cramorant:202;malamar_mega:212;mawile_mega:301;jumpluff:401
cranidos_shadow,Cranidos (Shadow),52.6,163.9,62.9,133,1372,TAKE_DOWN,ROCK_TOMB,BULLDOZE,60.3,38.6,25.7,35.9,victreebel_mega:740;fearow:695;toucannon_shadow:695;houndoom_mega:680;gyarados_shadow:612,mawile_mega:250;jumpluff:277;swalot:309;malamar_mega:412;cramorant:420
roggenrola_shadow,Roggenrola (Shadow),52.5,114.2,105,135,1621,SMACK_DOWN,STONE_EDGE,ROCK_BLAST,53.5,32.4,42.2,42.1,toucannon_shadow:818;houndoom_mega:807;charizard_mega_x:744;froslass:711;dragonite_mega:700,mawile_mega:158;swalot:236;malamar_mega:266;jumpluff:277;cramorant:384
seadra_shadow,Seadra (Shadow),52.5,131.3,117.5,110,1699,DRAGON_BREATH,HYDRO_PUMP,DRAGON_PULSE,45.9,34.7,51.2,28.3,salamence_shadow:700;dragonite_mega:650;charizard_mega_x:650;dewgong:572;dondozo:540,jumpluff:133;mawile_mega:142;swalot:222;malamar_mega:254;cramorant:265
unfezant_shadow,Unfezant (Shadow),52,138.5,95.5,122,1616,AIR_SLASH,HEAT_WAVE,SKY_ATTACK,51.5,32,39.3,36.7,dhelmise:864;chesnaught_mega:766;victreebel_mega:684;cofagrigus:635;houndoom_mega:504,mawile_mega:158;swalot:236;malamar_mega:266;cramorant:281;jumpluff:316
kadabra,Kadabra,51.5,163.8,90.9,92,1370,CONFUSION,SHADOW_BALL,DAZZLING_GLEAM,57.9,37.7,28.7,35.6,machoke_shadow:804;roserade:804;chesnaught_mega:798;toxtricity:733;toucannon_shadow:554,malamar_mega:87;mawile_mega:188;jumpluff:232;cramorant:341;swalot:397
unfezant,Unfezant,51.3,138.5,95.5,122,1616,AIR_SLASH,HEAT_WAVE,SKY_ATTACK,44.7,26.5,51.4,37,leavanny:897;chesnaught_mega:803;cofagrigus:643;roserade:573;spidops:508,mawile_mega:158;swalot:190;malamar_mega:204;cramorant:253;jumpluff:264
piplup,Piplup,51.1,106.7,98.3,131,1374,BUBBLE,DRILL_PECK,ICY_WIND,40.2,30.8,44.1,20.5,hippowdon:656;charizard_mega_y:618;gligar:580;machamp:572;houndoom_mega:507,malamar_mega:179;cramorant:273;swalot:295;jumpluff:323;mawile_mega:341
octillery,Octillery,50.9,131.5,100.7,128,1697,LOCK_ON,OCTAZOOKA,GUNK_SHOT,41.4,28.8,56.7,15.6,piloswine:535;marowak:527;crustle:523;cetitan:519;aurorus:503,jumpluff:78;malamar_mega:91;mawile_mega:326;swalot:336;cramorant:488
drizzile,Drizzile,50.7,137.8,92.1,128,1626,WATER_GUN,SURF,WATER_PULSE,44.5,30,47.5,34.8,blaziken_mega:871;charizard_mega_y:855;houndoom_mega:808;diggersby:578;cetoddle:574,jumpluff:133;cramorant:182;swalot:248;malamar_mega:254;mawile_mega:418
rhydon_shadow,Rhydon (Shadow),50.7,126.2,103.3,136,1776,MUD_SLAP,STONE_EDGE,EARTHQUAKE,54.2,28.9,35.6,39.1,toxtricity:941;houndoom_mega:812;charizard_mega_x:746;mawile_mega:676;charjabug:591,jumpluff:62;cramorant:123;malamar_mega:295;dragonair_shadow:334;swalot:400
golem_shadow,Golem (Shadow),50.6,125.1,122.2,117,1791,MUD_SLAP,STONE_EDGE,EARTHQUAKE,53.9,28.6,36.5,39.1,toxtricity:931;houndoom_mega:807;charizard_mega_x:705;mawile_mega:692;charjabug:598,jumpluff:62;cramorant:123;malamar_mega:295;dragonair_shadow:334;swalot:400
frogadier,Frogadier,49.8,134.4,100.8,123,1668,BUBBLE,SURF,AERIAL_ACE,38.7,24.3,48.9,23.5,beartic:621;diggersby:605;mawile_mega:552;cetitan:516;gligar:512,jumpluff:81;cramorant:142;malamar_mega:179;charjabug:198;swalot:397
lycanroc_midnight,Lycanroc (Midnight),49.6,132.6,99.7,127,1680,COUNTER,STONE_EDGE,TRAILBLAZE,46.4,30.2,42.9,32.9,houndoom_mega:818;amaura_shadow:803;aurorus:779;aurorus_shadow:744;oinkologne_female:641,jumpluff:101;swalot:178;cramorant:230;mawile_mega:270;malamar_mega:283
reuniclus,Reuniclus,49.4,126.9,94.9,147,1771,HIDDEN_POWER_FIGHTING,PSYSHOCK,SHADOW_BALL,34.7,20.2,56.1,24.8,aurorus_shadow:727;throh:636;hawlucha:605;chesnaught_mega:540;lapras:506,swalot:96;cramorant:115;malamar_mega:179;jumpluff:248;mawile_mega:250
munna,Munna,49.3,105.8,89.9,166,1580,CHARGE_BEAM,PSYSHOCK,DAZZLING_GLEAM,38.1,28.6,51,20.2,medicham_mega:683;hawlucha:641;machoke_shadow:605;gyarados:599;bruxish:581,jumpluff:222;mawile_mega:280;cramorant:289;swalot:330;malamar_mega:466
piplup_shadow,Piplup (Shadow),49.1,106.7,98.3,131,1374,BUBBLE,DRILL_PECK,ICY_WIND,35.6,24.5,36.9,18.9,wormadam_plant:690;beartic:648;greninja_mega:622;crobat_shadow:595;mamoswine_shadow:545,jumpluff:81;cramorant:142;swalot:146;malamar_mega:179;mawile_mega:408
crabrawler,Crabrawler,48.8,135.7,98.8,123,1650,BUBBLE,CRABHAMMER,POWER_UP_PUNCH,43.9,29.1,41.8,26.4,stunfisk:601;quagsire_shadow:581;crustle:540;marowak:516;aurorus:508,jumpluff:111;mawile_mega:158;cramorant:265;malamar_mega:270;swalot:359
cherrim_overcast,Cherrim (Overcast),48.6,121.8,116.2,130,1843,BULLET_SEED,DAZZLING_GLEAM,SOLAR_BEAM,35.2,18.7,53.8,24.5,stunfisk:696;dondozo:676;quagsire_shadow:607;marowak:588;dunsparce:580,jumpluff:55;swalot:64;cramorant:115;malamar_mega:120;mawile_mega:301
wugtrio,Wugtrio,48.4,151,108.6,90,1477,MUD_SLAP,LIQUIDATION,SURF,41,26.5,36.3,29.7,houndoom_mega:761;toxtricity:761;gengar_shadow:727;gengar:683;charizard_mega_x:550,jumpluff:42;cramorant:115;malamar_mega:266;swalot:309;mawile_mega:372
frogadier_shadow,Frogadier (Shadow),48.3,134.4,100.8,123,1668,BUBBLE,SURF,AERIAL_ACE,38.2,25.9,37.6,24,houndoom_mega:776;castform_snowy:621;diggersby:556;cetoddle:552;dunsparce:520,jumpluff:101;cramorant:170;swalot:187;malamar_mega:237;mawile_mega:255
rhydon,Rhydon,48.2,126.2,103.3,136,1776,MUD_SLAP,STONE_EDGE,EARTHQUAKE,47.4,26.2,43.4,36.7,toxtricity:941;houndoom_mega:830;charizard_mega_x:702;charjabug:658;solrock:602,jumpluff:42;cramorant:99;malamar_mega:266;swalot:353;mawile_mega:433
golem,Golem,48.1,125.1,122.2,117,1791,MUD_SLAP,STONE_EDGE,EARTHQUAKE,47.7,25.7,43.4,37,toxtricity:918;houndoom_mega:841;charizard_mega_x:739;charjabug:641;dragalge:512,jumpluff:42;cramorant:99;malamar_mega:266;swalot:353;mawile_mega:433
butterfree,Butterfree,47.9,126.6,112.5,124,1769,CONFUSION,BUG_BUZZ,SIGNAL_BEAM,43.7,26.2,50.5,36.2,gengar_shadow:770;gengar:741;machoke_shadow:721;victreebel_shadow:705;chesnaught_mega:620,malamar_mega:66;jumpluff:179;mawile_mega:219;cramorant:222;swalot:371
turtwig,Turtwig,47.9,112.6,105,135,1597,TACKLE,ENERGY_BALL,BODY_SLAM,38.7,26.4,48.5,27.2,dondozo:659;quagsire:637;stunfisk:618;marowak:607;quagsire_shadow:585,swalot:125;jumpluff:160;cramorant:178;malamar_mega:187;mawile_mega:250
butterfree_shadow,Butterfree (Shadow),47.8,126.6,112.5,124,1769,CONFUSION,BUG_BUZZ,SIGNAL_BEAM,49,30.5,42.5,37,machamp_shadow:911;machoke_shadow:786;victreebel:737;victreebel_mega:681;chesnaught_mega:548,malamar_mega:66;mawile_mega:183;jumpluff:218;cramorant:281;swalot:309
indeedee_male,Indeedee (Male),47.1,134.9,114.6,107,1656,EXTRASENSORY,SHADOW_BALL,PSYCHIC,32.9,22.1,53.5,23.7,gengar_shadow:808;gengar_mega:808;gengar:654;drifblim:612;cofagrigus:560,malamar_mega:54;mawile_mega:127;jumpluff:160;cramorant:198;swalot:228
porygon_z_shadow,Porygon-Z (Shadow),46.3,147.6,88.1,117,1522,LOCK_ON,TRI_ATTACK,ZAP_CANNON,37.4,21.1,36.7,11.8,toxapex:773;fearow:611;dragonite_mega:568;charizard_mega_x:568;toucannon_shadow:525,jumpluff:68;mawile_mega:96;swalot:125;cramorant:162;malamar_mega:170
porygon_z,Porygon-Z,46,147.6,88.1,117,1522,LOCK_ON,TRI_ATTACK,ZAP_CANNON,38.2,21.4,39.3,11,toxapex:773;dondozo:619;toucannon_shadow:611;cofagrigus:559;dunsparce:517,swalot:64;jumpluff:81;cramorant:83;malamar_mega:87;mawile_mega:107
turtwig_shadow,Turtwig (Shadow),46,112.6,105,135,1597,TACKLE,ENERGY_BALL,BODY_SLAM,38.6,26.2,43.9,25.4,stunfisk:722;dondozo:600;electrode_hisuian:596;quagsire:585;marowak:533,jumpluff:160;malamar_mega:170;swalot:187;mawile_mega:209;cramorant:242
clawitzer,Clawitzer,45.4,134.4,110.5,112,1664,WATER_GUN,CRABHAMMER,ICE_BEAM,43.7,28.9,43.1,36.2,blaziken_mega:888;charizard_mega_y:875;houndoom_mega:808;mamoswine_shadow:794;anorith_shadow:709,jumpluff:133;cramorant:182;swalot:248;malamar_mega:254;mawile_mega:464
lilligant,Lilligant,45.3,136.5,105.8,114,1649,CHARM,PETAL_BLIZZARD,HYPER_BEAM,48.4,30.4,28.4,37.2,salamence_shadow:732;salamence:732;dragonite_mega:644;goodra:552;dragonair_shadow:539,swalot:140;mawile_mega:178;jumpluff:183;cramorant:250;malamar_mega:379
cranidos,Cranidos,45,163.9,62.9,133,1372,TAKE_DOWN,ROCK_TOMB,BULLDOZE,52,33.1,20.6,28.3,dodrio:733;houndoom_mega:725;toucannon_shadow:695;trumbeak_shadow:695;roserade:665,jumpluff:232;mawile_mega:255;swalot:269;malamar_mega:354;cramorant:365
duosion_shadow,Duosion (Shadow),44.6,149.2,81.9,123,1504,HIDDEN_POWER_PSYCHIC,PSYSHOCK,NIGHT_SHADE,46.7,29.4,30.2,28.6,machamp_shadow:849;primeape_shadow:849;hawlucha:752;toxtricity:670;toxapex:630,malamar_mega:79;jumpluff:179;mawile_mega:188;cramorant:309;swalot:350
solosis_shadow,Solosis (Shadow),44.3,152,81.8,118,1468,HIDDEN_POWER_PSYCHIC,PSYSHOCK,NIGHT_SHADE,46.7,29.6,30,28.9,machamp_shadow:843;primeape_shadow:843;hawlucha:741;toxtricity:656;toxapex:614,malamar_mega:79;jumpluff:179;mawile_mega:188;cramorant:309;swalot:350
duosion,Duosion,42,149.2,81.9,123,1504,HIDDEN_POWER_PSYCHIC,PSYSHOCK,NIGHT_SHADE,39.2,25.6,33.9,25.1,primeape_shadow:825;hitmonlee_shadow:768;flamigo:670;toxapex:630;haunter:573,malamar_mega:54;mawile_mega:158;jumpluff:186;cramorant:253;swalot:289
solosis,Solosis,40.6,152,81.8,118,1468,HIDDEN_POWER_PSYCHIC,PSYSHOCK,NIGHT_SHADE,38.9,25.3,31.6,24.5,machop_shadow:822;primeape_shadow:817;flamigo:656;toxapex:614;haunter:555,malamar_mega:54;mawile_mega:158;jumpluff:163;cramorant:253;swalot:289
skiddo,Skiddo,39.5,115.9,98.3,151,1722,ROCK_SMASH,SEED_BOMB,BRICK_BREAK,34.7,21.8,38.3,29.4,greninja_mega:675;steelix_mega:625;tyranitar_mega:612;quagsire:536;milotic:533,jumpluff:137;swalot:143;malamar_mega:241;mawile_mega:250;cramorant:277
spoink_shadow,Spoink (Shadow),36.3,117.6,115.1,141,1910,ZEN_HEADBUTT,MIRROR_COAT,SHADOW_BALL,36.6,25.1,28.2,32.1,toxicroak:854;machop_shadow:705;haunter:627;machoke_shadow:606;hawlucha:588,malamar_mega:58;mawile_mega:142;jumpluff:199;cramorant:222;swalot:283
spoink,Spoink,36,117.6,115.1,141,1910,ZEN_HEADBUTT,MIRROR_COAT,SHADOW_BALL,33.1,23.2,35.3,30.5,toxicroak:854;machop_shadow:691;timburr_shadow:666;hitmonlee_shadow:613;machamp_shadow:581,malamar_mega:79;jumpluff:166;mawile_mega:188;cramorant:281;swalot:295
clobbopus,Clobbopus,35.5,114.2,99.1,127,1439,ROCK_SMASH,SUPER_POWER,ICE_PUNCH,29.9,19.9,36,26.4,tyranitar_mega:795;audino:633;naclstack:614;lickitung:523;spinda:523,jumpluff:107;swalot:163;mawile_mega:188;malamar_mega:208;cramorant:277
unown,Unown,29.1,126.8,89,125,1413,HIDDEN_POWER_PSYCHIC,STRUGGLE,none,32.4,22.2,15.7,23.2,toxicroak_shadow:852;toxicroak:836;sawk_shadow:756;conkeldurr_shadow:708;machop_shadow:588,malamar_mega:58;mawile_mega:142;jumpluff:156;cramorant:222;swalot:280
slaking,Slaking,11.7,138.8,83.1,140,1616,YAWN,BODY_SLAM,EARTHQUAKE,7.3,7.6,13.9,5.4,unown:528,swalot:20;jumpluff:22;cramorant:27;mawile_mega:30;malamar_mega:245
slaking_shadow,Slaking (Shadow),9.2,138.8,83.1,140,1616,YAWN,BODY_SLAM,EARTHQUAKE,6.9,6.3,9.3,5.1,,swalot:17;jumpluff:22;cramorant:23;mawile_mega:30;malamar_mega:287