speciesId,speciesName,score,attack,defense,hp,statProduct,fastMove,chargedMove1,chargedMove2,leadScore,switchScore,closerScore,attackerScore,topMatchups,topCounters
melmetal,Melmetal,93.9,120.9,105.1,146,1858,THUNDER_SHOCK,DOUBLE_IRON_BASH,DYNAMIC_PUNCH,86.3,89,86.6,88.2,mimikyu:729;corviknight:606;cramorant:599;tinkaton:585;vigoroth:517,ninetales_shadow:99;quagsire_shadow:350;sableye_shadow:356;stunfisk:372;altaria:452
altaria,Altaria,92.9,103.4,151.9,138,2168,DRAGON_BREATH,MOONBLAST,FLAMETHROWER,82.5,62.9,83.7,80.6,ninetales_shadow:692;vigoroth:637;quagsire_shadow:605;corviknight:576;melmetal:547,mimikyu:135;thievul:192;tinkaton:368;corsola_galarian:399;cramorant:472
ninetales_shadow,Ninetales (Shadow),92.6,114.3,135.5,126,1954,EMBER,WEATHER_BALL_FIRE,ENERGY_BALL,80.7,86.1,80.5,70.2,melmetal:900;corviknight:626;tinkaton:559;stunfisk:551;quagsire_shadow:511,mimikyu:233;cramorant:246;altaria:307;vigoroth:351;sableye_shadow:364
cramorant,Cramorant,92,121.2,121.2,126,1852,PECK,DIVE,FLY,87.8,82.4,86.1,94.5,quagsire_shadow:805;ninetales_shadow:753;sableye_shadow:682;tinkaton:619;altaria:527,stunfisk:156;mimikyu:345;corsola_galarian:384;melmetal:400;vigoroth:431
mimikyu,Mimikyu (Busted),92,120.8,142.2,107,1840,SHADOW_CLAW,SHADOW_SNEAK,PLAY_ROUGH,100,100,100,84.3,altaria:864;quagsire_shadow:822;ninetales_shadow:766;tinkaton:691;cramorant:654,melmetal:270;vigoroth:393;morpeko_full_belly:419;corviknight:470;marowak:488
tinkaton,Tinkaton,91.7,106.2,140.9,141,2110,FAIRY_WIND,GIGATON_HAMMER,BULLDOZE,85,74.3,89.8,95.5,thievul:751;sableye_shadow:666;altaria:631;corsola_galarian:535;vigoroth:510,mimikyu:308;cramorant:380;quagsire_shadow:413;melmetal:414;ninetales_shadow:440
altaria_shadow,Altaria (Shadow),91.5,103.4,151.9,138,2168,DRAGON_BREATH,MOONBLAST,FLAMETHROWER,75.8,60.9,83.5,66.8,quagsire_shadow:847;ninetales_shadow:623;cramorant:561;vigoroth:543;sableye_shadow:525,tinkaton:95;mimikyu:135;melmetal:174;thievul:287;corsola_galarian:374
corsola_galarian,Corsola (Galarian),91.5,99.3,163,139,2252,ASTONISH,NIGHT_SHADE,POWER_GEM,87.8,75.3,86.3,89,cramorant:615;altaria:600;ninetales_shadow:579;corviknight:579;vigoroth:532,sableye_shadow:212;mimikyu:415;tinkaton:464;melmetal:489;quagsire_shadow:493
corviknight,Corviknight,91.4,106.9,130.6,150,2097,SAND_ATTACK,AIR_CUTTER,IRON_HEAD,86.6,86.1,86.3,90.3,tinkaton:710;quagsire_shadow:610;vigoroth:603;mimikyu:530;sableye_shadow:530,cramorant:289;ninetales_shadow:373;melmetal:393;thievul:405;altaria:423
florges,Florges,91.3,120,141.5,110,1870,FAIRY_WIND,CHILLING_WATER,MOONBLAST,79.3,71,81.7,69.4,altaria:881;thievul:759;sableye_shadow:672;fearow:604;stunfisk:563,tinkaton:209;mimikyu:257;cramorant:261;melmetal:301;ninetales_shadow:424
quagsire_shadow,Quagsire (Shadow),91.3,111.2,112.6,161,2018,MUD_SHOT,AQUA_TAIL,STONE_EDGE,79.4,65.6,82.2,69.9,stunfisk:714;melmetal:649;tinkaton:586;thievul:543;vigoroth:521,mimikyu:177;cramorant:194;sableye_shadow:332;altaria:394;ninetales_shadow:488
corviknight_shadow,Corviknight (Shadow),91.1,106.9,130.6,150,2097,SAND_ATTACK,AIR_CUTTER,IRON_HEAD,84.1,82.3,85.3,76.7,vigoroth:683;tinkaton:676;azumarill:606;thievul:526;sableye_shadow:516,ninetales_shadow:194;mimikyu:261;altaria:318;cramorant:321;melmetal:393
quagsire,Quagsire,91.1,111.2,112.6,161,2018,MUD_SHOT,AQUA_TAIL,STONE_EDGE,82.1,70.1,79.6,77,stunfisk:767;melmetal:714;tinkaton:652;vigoroth:571;sableye_shadow:571,mimikyu:336;ninetales_shadow:400;altaria:416;corviknight:426;cramorant:444
ninetales,Ninetales,91,114.3,135.5,126,1954,EMBER,WEATHER_BALL_FIRE,ENERGY_BALL,81.3,83.3,84,83,corviknight:658;melmetal:654;tinkaton:634;quagsire_shadow:599;sableye_shadow:543,cramorant:186;vigoroth:337;altaria:384;corsola_galarian:406;mimikyu:481
clodsire,Clodsire,90.7,95,119.7,208,2367,POISON_STING,EARTHQUAKE,STONE_EDGE,86.6,79.6,92.9,79.8,tinkaton:699;melmetal:670;ninetales_shadow:622;altaria:600;cramorant:579,quagsire_shadow:83;mimikyu:275;vigoroth:368;corviknight:393;sableye_shadow:468
hydreigon_shadow,Hydreigon (Shadow),90.7,136,104.5,116,1650,DRAGON_BREATH,BRUTAL_SWING,FLY,87.7,75.2,75.1,51.4,quagsire_shadow:676;ninetales_shadow:655;vigoroth:650;cramorant:646;altaria:607,florges:150;tinkaton:191;mimikyu:233;corviknight:330;melmetal:417
thievul,Thievul,90.6,119.8,121.9,127,1856,SUCKER_PUNCH,NIGHT_SLASH,ICY_WIND,82.4,73.5,77.3,77.8,corsola_galarian:838;altaria:807;ninetales_shadow:598;corviknight:594;sableye_shadow:582,tinkaton:248;mimikyu:378;cramorant:436;quagsire_shadow:456;melmetal:458
araquanid,Araquanid,90.5,97.4,174,136,2306,INFESTATION,WATER_PULSE,MIRROR_COAT,83.8,78.9,84.8,91.1,ninetales_shadow:738;thievul:694;sableye_shadow:650;quagsire_shadow:584;melmetal:518,cramorant:289;altaria:409;mimikyu:429;vigoroth:455;tinkaton:485
jellicent,Jellicent,90.4,106.6,126.3,156,2102,HEX,SURF,SHADOW_BALL,81.1,68.9,83.3,74.6,tinkaton:673;quagsire_shadow:621;altaria:612;ninetales_shadow:608;corviknight:535,sableye_shadow:140;mimikyu:280;vigoroth:465;cramorant:468;melmetal:476
sableye_shadow,Sableye (Shadow),90.4,119.6,124.6,125,1864,SHADOW_CLAW,FOUL_PLAY,DRAIN_PUNCH,86.7,88.4,78.6,72.8,corsola_galarian:788;quagsire_shadow:668;melmetal:644;ninetales_shadow:636;vigoroth:584,cramorant:317;tinkaton:333;altaria:394;corviknight:470;mimikyu:476
stunfisk,Stunfisk,90.3,101.4,126.6,172,2212,THUNDER_SHOCK,MUD_BOMB,DISCHARGE,84.6,74.1,82.7,90.3,cramorant:843;altaria:642;tinkaton:639;melmetal:627;sableye_shadow:584,quagsire_shadow:285;mimikyu:443;ninetales_shadow:448;vigoroth:475;corsola_galarian:492
vigoroth,Vigoroth,90.3,116.2,114.1,145,1923,SCRATCH,BODY_SLAM,BULLDOZE,83.9,91.6,82.7,67.3,ninetales_shadow:648;mimikyu:606;cramorant:568;thievul:541;stunfisk:524,altaria:362;corviknight:396;quagsire_shadow:478;melmetal:482;tinkaton:489
marowak,Marowak,90.2,109.6,148.8,125,2041,MUD_SLAP,BONE_CLUB,ROCK_SLIDE,80.4,70.6,80.2,78.3,tinkaton:852;melmetal:764;ninetales_shadow:700;sableye_shadow:580;mimikyu:512,corviknight:323;altaria:340;quagsire_shadow:400;cramorant:444;vigoroth:475
umbreon,Umbreon,90.2,90.2,177,156,2492,SNARL,DARK_PULSE,LAST_RESORT,81.4,70.6,84.5,89.2,corsola_galarian:753;mimikyu:615;corviknight:599;quagsire_shadow:576;vigoroth:573,tinkaton:273;cramorant:309;melmetal:311;ninetales_shadow:376;altaria:409
annihilape,Annihilape,90.1,123.3,105.2,140,1817,LOW_KICK,RAGE_FIST,ICE_PUNCH,80.4,67.5,72.6,82.2,thievul:710;melmetal:675;vigoroth:617;ninetales_shadow:560;corviknight:507,mimikyu:98;cramorant:329;tinkaton:382;altaria:431;quagsire_shadow:475
fearow,Fearow,90.1,131.4,104.6,124,1706,PECK,DRILL_PECK,DRILL_RUN,78.5,86.6,80.7,57.1,sableye_shadow:875;jellicent:633;rillaboom:612;araquanid:596;ninetales_shadow:564,mimikyu:327;tinkaton:372;altaria:394;vigoroth:427;melmetal:465
snorlax,Snorlax,90.1,108.4,102.2,187,2073,PSYWAVE,BODY_SLAM,EARTHQUAKE,84.4,93,87.3,75.1,corsola_galarian:703;mimikyu:622;altaria:572;stunfisk:564;quagsire_shadow:553,melmetal:294;vigoroth:379;ninetales_shadow:388;cramorant:424;tinkaton:482
azumarill,Azumarill,90,93.4,134.4,191,2400,BUBBLE,ICE_BEAM,PLAY_ROUGH,80.5,67.8,85.5,89.8,altaria:646;sableye_shadow:623;quagsire_shadow:615;thievul:583;corsola_galarian:507,mimikyu:299;melmetal:321;tinkaton:340;cramorant:361;ninetales_shadow:484
electrode_hisuian,Electrode (Hisuian),90,123.2,128.7,115,1825,THUNDER_SHOCK,WILD_CHARGE,ENERGY_BALL,75.2,53.2,85.3,58.2,quagsire_shadow:865;melmetal:700;corviknight:656;cramorant:604;tinkaton:543,ninetales_shadow:130;sableye_shadow:144;mimikyu:191;altaria:365;vigoroth:448
empoleon,Empoleon,90,125.1,117,122,1788,METAL_SOUND,HYDRO_CANNON,DRILL_PECK,79.3,84.3,84.5,68.9,corviknight:639;ninetales_shadow:622;cramorant:565;tinkaton:528;altaria:512,melmetal:95;mimikyu:355;quagsire_shadow:413;sableye_shadow:428;vigoroth:431
empoleon_shadow,Empoleon (Shadow),90,125.1,117,122,1788,METAL_SOUND,HYDRO_CANNON,DRILL_PECK,78.5,86,85.5,54,sableye_shadow:709;vigoroth:668;thievul:668;cramorant:540;ninetales_shadow:508,melmetal:126;altaria:369;mimikyu:420;quagsire_shadow:450;tinkaton:453
mantine,Mantine,90,105.5,166.5,121,2127,WING_ATTACK,TWISTER,WATER_PULSE,81.3,79.5,82.8,85.1,ninetales_shadow:727;altaria:595;quagsire_shadow:586;cramorant:557;sableye_shadow:504,mimikyu:350;vigoroth:358;melmetal:363;tinkaton:471;corviknight:476
rillaboom,Rillaboom,90,132.4,99.3,129,1696,SCRATCH,DRUM_BEATING,EARTH_POWER,81.1,81.3,75.6,70.4,quagsire_shadow:926;stunfisk:810;electrode_hisuian:713;melmetal:709;vigoroth:562,ninetales_shadow:194;altaria:250;mimikyu:392;cramorant:484;tinkaton:492
araquanid_shadow,Araquanid (Shadow),89.9,97.4,174,136,2306,INFESTATION,WATER_PULSE,MIRROR_COAT,83.5,71,83.3,75.4,ninetales_shadow:691;vigoroth:625;tinkaton:613;quagsire_shadow:547;mimikyu:514,corviknight:290;corsola_galarian:323;cramorant:373;melmetal:448;altaria:452
carbink,Carbink,89.9,84,252,126,2669,ROCK_THROW,ROCK_SLIDE,MOONBLAST,81.4,52.7,88.4,100,altaria:761;ninetales_shadow:702;vigoroth:694;sableye_shadow:674;cramorant:630,tinkaton:141;melmetal:181;quagsire_shadow:226;mimikyu:439;corviknight:446
deoxys_defense,Deoxys (Defense),89.9,101,221.4,98,2193,LOW_KICK,PSYCHO_BOOST,THUNDERBOLT,76,52,86.6,67.6,cramorant:607;vigoroth:571;melmetal:545;ninetales_shadow:535;quagsire_shadow:505,mimikyu:65;sableye_shadow:104;altaria:398;tinkaton:460;corviknight:473
feraligatr,Feraligatr,89.9,123.8,117.3,125,1818,SHADOW_CLAW,HYDRO_CANNON,ICE_BEAM,76.6,85.2,84.3,64.7,altaria:708;tinkaton:592;corviknight:584;quagsire_shadow:544;cramorant:508,ninetales_shadow:182;vigoroth:313;mimikyu:355;sableye_shadow:440;melmetal:462
lapras,Lapras,89.9,104.6,114.5,179,2147,PSYWAVE,SPARKLING_ARIA,ICE_BEAM,84.6,78.6,87.1,73.3,altaria:787;ninetales_shadow:594;mimikyu:586;cramorant:586;quagsire_shadow:547,sableye_shadow:328;melmetal:397;vigoroth:410;corviknight:450;tinkaton:475
annihilape_shadow,Annihilape (Shadow),89.8,123.3,105.2,140,1817,LOW_KICK,RAGE_FIST,ICE_PUNCH,82.5,71.6,73.6,73.1,thievul:675;quagsire_shadow:632;vigoroth:610;melmetal:596;ninetales_shadow:542,mimikyu:116;cramorant:388;tinkaton:436;corviknight:436;altaria:489
sableye,Sableye,89.8,119.6,124.6,125,1864,SHADOW_CLAW,FOUL_PLAY,POWER_GEM,82.2,81.5,81.7,71,corsola_galarian:708;ninetales_shadow:612;corviknight:592;vigoroth:584;stunfisk:520,tinkaton:269;altaria:322;quagsire_shadow:428;melmetal:448;mimikyu:448
vigoroth_shadow,Vigoroth (Shadow),89.8,116.2,114.1,145,1923,SCRATCH,BRICK_BREAK,ROCK_SLIDE,81.1,90.9,77.7,65.5,altaria:768;quagsire_shadow:620;ninetales_shadow:589;vigoroth:555;mimikyu:510,tinkaton:312;cramorant:333;sableye_shadow:376;melmetal:380;stunfisk:398
charjabug,Charjabug,89.7,114.7,134.8,126,1949,VOLT_SWITCH,X_SCISSOR,DISCHARGE,82.2,74.7,84.7,80.4,cramorant:817;corviknight:678;melmetal:630;thievul:619;tinkaton:611,ninetales_shadow:194;mimikyu:275;altaria:318;quagsire_shadow:335;vigoroth:406
guzzlord,Guzzlord,89.7,113.2,66,265,1983,DRAGON_TAIL,BRUTAL_SWING,SLUDGE_BOMB,80.8,59.6,75.1,81.9,ninetales_shadow:654;sableye_shadow:654;quagsire_shadow:626;vigoroth:573;cramorant:560,mimikyu:121;tinkaton:138;melmetal:301;altaria:380;corviknight:390
malamar,Malamar,89.7,117.2,116.5,139,1899,PSYWAVE,SUPER_POWER,FOUL_PLAY,83.3,73.2,80.9,63.1,melmetal:672;stunfisk:672;corviknight:625;ninetales_shadow:622;vigoroth:600,tinkaton:241;mimikyu:289;altaria:322;sableye_shadow:444;quagsire_shadow:459
malamar_shadow,Malamar (Shadow),89.6,117.2,116.5,139,1899,PSYWAVE,FOUL_PLAY,SUPER_POWER,79.1,76,80.7,59.5,quagsire_shadow:654;melmetal:622;ninetales_shadow:593;corviknight:593;vigoroth:564,sableye_shadow:124;tinkaton:187;mimikyu:345;altaria:434;cramorant:488
snorlax_shadow,Snorlax (Shadow),89.6,108.4,102.2,187,2073,PSYWAVE,BODY_SLAM,SUPER_POWER,84.2,75.5,83.5,60,melmetal:692;ninetales_shadow:633;vigoroth:596;mimikyu:585;altaria:566,sableye_shadow:192;tinkaton:248;corviknight:256;quagsire_shadow:484;thievul:496
dondozo,Dondozo,89.5,104.5,109.7,187,2146,WATERFALL,SURF,OUTRAGE,81.3,65.3,83,69.4,quagsire_shadow:671;stunfisk:652;ninetales_shadow:612;sableye_shadow:574;corsola_galarian:524,mimikyu:415;tinkaton:457;altaria:463;cramorant:468;melmetal:482
morpeko_full_belly,Morpeko (Hangry),89.5,140.4,96.2,118,1596,THUNDER_SHOCK,AURA_WHEEL_ELECTRIC,PSYCHIC_FANGS,87.5,74.3,80.9,65.2,cramorant:766;vigoroth:766;melmetal:711;mimikyu:580;ninetales_shadow:542,quagsire_shadow:223;florges:390;altaria:431;stunfisk:453;tinkaton:457
charjabug_shadow,Charjabug (Shadow),89.4,114.7,134.8,126,1949,VOLT_SWITCH,X_SCISSOR,DISCHARGE,82.4,77.5,79.4,72.5,corviknight:837;cramorant:829;melmetal:753;tinkaton:575;vigoroth:511,ninetales_shadow:226;sableye_shadow:268;mimikyu:331;altaria:362;quagsire_shadow:406
furret,Furret,89.4,115.3,105.4,160,1946,SUCKER_PUNCH,SWIFT,TRAILBLAZE,81.1,74.6,75.1,69.7,quagsire_shadow:721;corsola_galarian:706;sableye_shadow:646;mimikyu:584;florges:559,tinkaton:226;melmetal:383;ninetales_shadow:464;altaria:474;cramorant:492
mandibuzz,Mandibuzz,89.4,92.1,151.2,175,2440,SNARL,DARK_PULSE,SHADOW_BALL,81.3,75,83.5,87.9,quagsire_shadow:688;mimikyu:602;sableye_shadow:594;vigoroth:591;cramorant:540,thievul:279;melmetal:342;tinkaton:365;ninetales_shadow:380;altaria:409
hippowdon,Hippowdon,89.3,116.1,116.7,142,1926,SAND_ATTACK,WEATHER_BALL_ROCK,EARTH_POWER,78.5,78.4,82.5,72.3,tinkaton:880;stunfisk:760;melmetal:711;sableye_shadow:542;ninetales_shadow:524,mimikyu:252;cramorant:353;quagsire_shadow:428;altaria:456;vigoroth:458
medicham,Medicham,89.3,106.9,139.4,141,2103,PSYCHO_CUT,ICE_PUNCH,DYNAMIC_PUNCH,81.1,61.3,83.8,80.6,vigoroth:659;thievul:578;altaria:549;quagsire_shadow:549;melmetal:507,mimikyu:177;sableye_shadow:224;cramorant:277;ninetales_shadow:412;tinkaton:492
forretress_shadow,Forretress (Shadow),89.2,109.7,145.4,128,2044,VOLT_SWITCH,SAND_TOMB,ROCK_TOMB,79.1,56,74.5,73.8,cramorant:820;tinkaton:660;corviknight:660;melmetal:636;vigoroth:617,ninetales_shadow:178;altaria:224;sableye_shadow:236;quagsire_shadow:329;mimikyu:411
jumpluff,Jumpluff,89.2,96.7,156.9,153,2323,FAIRY_WIND,ENERGY_BALL,ACROBATICS,82.2,78.9,87.6,83.2,quagsire_shadow:964;sableye_shadow:663;mimikyu:624;corsola_galarian:578;vigoroth:552,ninetales_shadow:234;melmetal:243;cramorant:380;tinkaton:400;altaria:456
kingdra,Kingdra,89.2,121.8,127.9,118,1839,DRAGON_BREATH,SURF,SWIFT,82.5,70.3,80.5,78,ninetales_shadow:834;quagsire_shadow:792;stunfisk:656;thievul:559;fearow:542,mimikyu:121;tinkaton:273;melmetal:414;altaria:456;cramorant:480
kingdra_shadow,Kingdra (Shadow),89.1,121.8,127.9,118,1839,DRAGON_BREATH,SURF,SWIFT,85.8,75.5,79.2,63.1,ninetales_shadow:817;quagsire_shadow:792;sableye_shadow:699;melmetal:584;cramorant:512,mimikyu:140;tinkaton:308;corviknight:423;altaria:478;vigoroth:479
blastoise,Blastoise,89,112.1,137.7,130,2008,BITE,HYDRO_CANNON,SKULL_BASH,79.3,76,82,63.7,ninetales_shadow:600;vigoroth:600;quagsire_shadow:588;sableye_shadow:523;cramorant:515,mimikyu:252;thievul:350;altaria:369;melmetal:410;tinkaton:489
hippowdon_shadow,Hippowdon (Shadow),89,116.1,116.7,142,1926,SAND_ATTACK,WEATHER_BALL_ROCK,EARTH_POWER,76.8,87.2,78.2,53.5,tinkaton:827;melmetal:686;ninetales_shadow:619;corviknight:602;quagsire_shadow:521,mimikyu:233;altaria:307;vigoroth:348;sableye_shadow:364;cramorant:373
feraligatr_shadow,Feraligatr (Shadow),88.9,123.8,117.3,125,1818,SHADOW_CLAW,HYDRO_CANNON,ICE_BEAM,71.2,88.9,79.9,44.9,deoxys_defense:756;sableye_shadow:716;altaria:708;quagsire_shadow:704;corviknight:548,melmetal:188;ninetales_shadow:218;cramorant:222;mimikyu:420;tinkaton:450
lapras_shadow,Lapras (Shadow),88.9,104.6,114.5,179,2147,PSYWAVE,SPARKLING_ARIA,ICE_BEAM,75.7,74.4,82.8,62.4,altaria:787;vigoroth:622;florges:614;cramorant:572;ninetales_shadow:508,melmetal:147;quagsire_shadow:189;mimikyu:322;sableye_shadow:352;tinkaton:379
cradily,Cradily,88.8,105.2,140.3,144,2126,ACID,ROCK_TOMB,GRASS_KNOT,80.4,67,80.2,66.3,quagsire_shadow:777;stunfisk:614;altaria:611;cramorant:597;ninetales_shadow:593,melmetal:92;tinkaton:95;corviknight:290;mimikyu:303;vigoroth:489
dragonair_shadow,Dragonair (Shadow),88.8,125.2,112.4,127,1788,DRAGON_BREATH,WRAP,AQUA_TAIL,82.5,89.5,73,59,fearow:748;ninetales_shadow:732;stunfisk:625;electrode_hisuian:586;altaria:543,mimikyu:149;tinkaton:230;cramorant:265;melmetal:428;quagsire_shadow:496
pachirisu,Pachirisu,88.8,91.5,157.1,142,2044,VOLT_SWITCH,THUNDERBOLT,THUNDER_PUNCH,84.6,56.3,84,97.1,cramorant:704;mimikyu:609;tinkaton:591;melmetal:566;ninetales_shadow:549,stunfisk:107;quagsire_shadow:288;vigoroth:382;corsola_galarian:471;altaria:492
turtonator,Turtonator,88.8,113.5,153.6,113,1971,INCINERATE,BRUTAL_SWING,DRAGON_CLAW,81.9,85.6,78.6,70.2,ninetales_shadow:712;melmetal:681;stunfisk:623;corviknight:584;tinkaton:566,quagsire_shadow:288;cramorant:297;mimikyu:327;vigoroth:348;altaria:420
dusclops_shadow,Dusclops (Shadow),88.7,102.4,197.6,108,2187,HEX,ICE_PUNCH,SHADOW_PUNCH,82.2,77.2,80,76.5,stunfisk:726;altaria:574;florges:574;quagsire_shadow:550;cramorant:518,tinkaton:280;mimikyu:327;ninetales_shadow:357;melmetal:369;vigoroth:489
forretress,Forretress,88.7,109.7,145.4,128,2044,VOLT_SWITCH,SAND_TOMB,ROCK_TOMB,81,61.2,76.3,83.8,cramorant:710;tinkaton:691;sableye_shadow:582;mimikyu:562;vigoroth:503,ninetales_shadow:158;altaria:195;quagsire_shadow:319;thievul:421;melmetal:476
ninetales_alolan,Ninetales (Alolan),88.7,114.5,136.1,125,1949,POWDER_SNOW,WEATHER_BALL_ICE,CHILLING_WATER,78.8,67.5,79.1,84,altaria:923;thievul:683;stunfisk:675;vigoroth:596;sableye_shadow:580,ninetales_shadow:99;melmetal:113;tinkaton:244;mimikyu:271;cramorant:380
moltres_galarian,Moltres (Galarian),88.6,115.1,134.6,124,1922,SUCKER_PUNCH,FLY,BRAVE_BIRD,76.5,63.6,84.2,68.4,thievul:681;ninetales_shadow:608;sableye_shadow:580;corsola_galarian:572;quagsire_shadow:528,cramorant:285;tinkaton:301;melmetal:315;mimikyu:373;altaria:413
dewgong,Dewgong,88.5,101.9,136.9,157,2192,ICE_SHARD,ICY_WIND,DRILL_RUN,79.1,71.2,76.4,69.4,altaria:716;corviknight:576;tinkaton:573;stunfisk:566;florges:544,mimikyu:359;melmetal:383;ninetales_shadow:392;vigoroth:410;cramorant:448
diggersby,Diggersby,88.5,95.7,140.3,174,2337,MUD_SHOT,FIRE_PUNCH,SCORCHING_SANDS,80.2,66.6,79.9,85.9,mimikyu:706;ninetales_shadow:658;tinkaton:646;melmetal:589;vigoroth:531,cramorant:138;altaria:253;quagsire_shadow:341;florges:450;thievul:480
ninetales_alolan_shadow,Ninetales (Alolan) (Shadow),88.5,114.5,136.1,125,1949,POWDER_SNOW,WEATHER_BALL_ICE,CHILLING_WATER,78,60.6,77.6,73.3,altaria:923;electrode_hisuian:852;stunfisk:720;thievul:632;sableye_shadow:520,melmetal:113;ninetales_shadow:130;tinkaton:234;mimikyu:303;cramorant:456
hydreigon,Hydreigon,88.4,136,104.5,116,1650,DRAGON_BREATH,BRUTAL_SWING,FLY,82.8,68.6,71.3,61.8,sableye_shadow:780;ninetales_shadow:681;altaria:581;cramorant:534;quagsire_shadow:504,mimikyu:168;tinkaton:177;corviknight:313;melmetal:318;vigoroth:427
aegislash_shield,Aegislash (Blade),88.2,82.8,234.6,139,2702,AEGISLASH_CHARGE_PSYCHO_CUT,SHADOW_BALL,GYRO_BALL,76.8,43.5,97,72.5,electrode_hisuian:593;corviknight:561;melmetal:546;cramorant:546;tinkaton:503,ninetales_shadow:71;mimikyu:107;altaria:387;vigoroth:417;quagsire_shadow:475
swampert,Swampert,88.2,122.9,109.1,136,1826,MUD_SHOT,HYDRO_CANNON,EARTHQUAKE,77.1,62.1,81.5,63.9,ninetales_shadow:772;stunfisk:738;quagsire_shadow:680;melmetal:676;tinkaton:636,sableye_shadow:124;altaria:166;mimikyu:177;cramorant:198;vigoroth:372
swampert_shadow,Swampert (Shadow),88.2,122.9,109.1,136,1826,MUD_SHOT,HYDRO_CANNON,EARTHQUAKE,74.4,62.6,79.2,55.6,tinkaton:801;ninetales_shadow:742;quagsire_shadow:602;melmetal:599;vigoroth:503,cramorant:91;thievul:122;sableye_shadow:144;altaria:184;mimikyu:191
doublade,Doublade,88.1,122.9,140,106,1825,SHADOW_CLAW,SACRED_SWORD,IRON_HEAD,81.3,82,78.2,78.3,florges:740;melmetal:674;corviknight:603;tinkaton:556;vigoroth:533,ninetales_shadow:194;cramorant:380;altaria:387;quagsire_shadow:425;mimikyu:429
dusclops,Dusclops,88.1,102.4,197.6,108,2187,HEX,ICE_PUNCH,SHADOW_PUNCH,82.2,72,82.4,84.8,corviknight:671;electrode_hisuian:638;stunfisk:597;tinkaton:583;altaria:574,mimikyu:280;ninetales_shadow:317;cramorant:349;vigoroth:389;melmetal:496
marowak_shadow,Marowak (Shadow),88,109.6,148.8,125,2041,MUD_SLAP,BONE_CLUB,ROCK_SLIDE,73.8,63.6,76.3,68.9,clodsire:884;tinkaton:864;stunfisk:788;melmetal:724;electrode_hisuian:508,cramorant:202;ninetales_shadow:321;mimikyu:364;altaria:380;quagsire_shadow:475
spidops,Spidops,88,110.9,138.9,131,2020,SHADOW_CLAW,LUNGE,ROCK_TOMB,86.4,79,78.7,71.8,quagsire_shadow:629;mimikyu:599;altaria:591;ninetales_shadow:576;corviknight:526,cramorant:178;tinkaton:393;melmetal:421;florges:436;vigoroth:493
talonflame,Talonflame,87.9,121.4,112.6,135,1847,INCINERATE,FLY,BRAVE_BIRD,74.4,58.6,79.9,68.1,tinkaton:688;melmetal:655;ninetales_shadow:600;vigoroth:544;sableye_shadow:511,cramorant:162;quagsire_shadow:164;mimikyu:336;stunfisk:398;altaria:474
seismitoad,Seismitoad,87.8,120.3,100.8,154,1869,MUD_SHOT,EARTH_POWER,ICY_WIND,75.5,80,77.4,61.8,stunfisk:785;melmetal:746;tinkaton:717;altaria:639;sableye_shadow:519,ninetales_shadow:146;mimikyu:168;cramorant:206;quagsire_shadow:394;vigoroth:417
dragonair,Dragonair,87.7,125.2,112.4,127,1788,DRAGON_BREATH,AQUA_TAIL,DRAGON_PULSE,80.5,75.6,74.1,62.9,quagsire_shadow:740;ninetales_shadow:736;stunfisk:712;altaria:633;vigoroth:527,mimikyu:149;tinkaton:205;melmetal:315;cramorant:396;sableye_shadow:396
dusknoir_shadow,Dusknoir (Shadow),87.7,119.8,174.1,90,1878,ASTONISH,DYNAMIC_PUNCH,SHADOW_PUNCH,81.9,62.9,76.4,62.9,tinkaton:794;mimikyu:644;ninetales_shadow:577;melmetal:572;cramorant:511,thievul:169;quagsire_shadow:282;sableye_shadow:300;altaria:413;stunfisk:485
jumpluff_shadow,Jumpluff (Shadow),87.4,96.7,156.9,153,2323,FAIRY_WIND,ENERGY_BALL,ACROBATICS,81.4,79.3,87.8,73.6,quagsire_shadow:964;altaria:607;sableye_shadow:598;mimikyu:539;cramorant:506,ninetales_shadow:261;corviknight:263;melmetal:325;tinkaton:372;vigoroth:379
gourgeist_large,Gourgeist (Large),87.3,115.9,137.2,122,1940,INCINERATE,SHADOW_BALL,SEED_BOMB,72.6,60.1,75.4,72.3,quagsire_shadow:913;tinkaton:827;stunfisk:774;vigoroth:758;corviknight:659,ninetales_shadow:146;mimikyu:214;cramorant:297;altaria:326;melmetal:421
grumpig,Grumpig,87.3,113.3,131.4,132,1967,PSYWAVE,DYNAMIC_PUNCH,SHADOW_BALL,80.7,71,81.5,60.3,melmetal:678;ninetales_shadow:643;vigoroth:575;altaria:553;stunfisk:511,sableye_shadow:84;mimikyu:252;corviknight:373;tinkaton:414;quagsire_shadow:484
steelix_shadow,Steelix (Shadow),87.3,98.4,183.2,126,2273,THUNDER_FANG,PSYCHIC_FANGS,CRUNCH,84.6,72.1,72.6,85.6,cramorant:888;melmetal:646;tinkaton:603;altaria:599;mimikyu:539,quagsire_shadow:310;thievul:429;ninetales_shadow:448;vigoroth:458;corsola_galarian:467
clefable,Clefable,87.2,116.5,112.1,147,1922,FAIRY_WIND,MOONBLAST,METEOR_MASH,78.8,63.8,84.8,71.8,florges:860;thievul:809;altaria:727;sableye_shadow:653;corsola_galarian:554,mimikyu:205;tinkaton:280;melmetal:294;ninetales_shadow:313;cramorant:464
gourgeist_super,Gourgeist (Super),87.2,115,131.6,129,1954,INCINERATE,SHADOW_BALL,SEED_BOMB,72.9,58.1,75.8,72.8,tinkaton:856;quagsire_shadow:794;vigoroth:709;corviknight:670;melmetal:507,ninetales_shadow:111;sableye_shadow:172;mimikyu:214;cramorant:293;altaria:326
registeel,Registeel,87.2,95.6,190,129,2346,LOCK_ON,FLASH_CANNON,FOCUS_BLAST,76.6,66.6,89.8,76.2,thievul:697;melmetal:662;altaria:647;vigoroth:635;corsola_galarian:631,ninetales_shadow:103;mimikyu:186;cramorant:329;tinkaton:347;quagsire_shadow:416
shelgon_shadow,Shelgon (Shadow),87.2,123.2,119,123,1806,DRAGON_BREATH,TWISTER,FLAMETHROWER,83.3,65.2,81.5,54.8,ninetales_shadow:703;quagsire_shadow:699;cramorant:674;altaria:670;melmetal:634,tinkaton:95;florges:104;mimikyu:121;azumarill:261;corsola_galarian:478
regidrago,Regidrago,87.1,121.8,62.7,241,1842,DRAGON_BREATH,DRAGON_ENERGY,VICE_GRIP,85.6,63.6,84.2,68.4,quagsire_shadow:773;ninetales_shadow:759;altaria:678;cramorant:614;vigoroth:564,mimikyu:121;tinkaton:180;corviknight:340;melmetal:342;corsola_galarian:431
gourgeist_average,Gourgeist (Average),87,115.9,145,115,1934,INCINERATE,SHADOW_BALL,SEED_BOMB,72.3,58.4,73.8,69.4,quagsire_shadow:908;tinkaton:839;stunfisk:765;vigoroth:747;corviknight:652,ninetales_shadow:111;mimikyu:214;cramorant:297;altaria:326;melmetal:421
oranguru,Oranguru,87,110.1,130,142,2035,CONFUSION,BRUTAL_SWING,TRAILBLAZE,84.9,73.3,74.6,76.7,quagsire_shadow:644;mimikyu:573;altaria:570;cramorant:559;vigoroth:549,sableye_shadow:284;melmetal:318;corviknight:396;tinkaton:429;ninetales_shadow:452
drapion_shadow,Drapion (Shadow),86.9,117.8,136.8,118,1903,POISON_STING,CRUNCH,AQUA_TAIL,79.4,82.3,78.6,60.3,electrode_hisuian:843;thievul:631;sableye_shadow:605;ninetales_shadow:550;corsola_galarian:533,altaria:318;melmetal:339;tinkaton:343;cramorant:416;mimikyu:443
dunsparce,Dunsparce,86.9,104.7,110.9,184,2139,BITE,DRILL_RUN,ROCK_SLIDE,83.3,86,81,74.4,mimikyu:673;tinkaton:608;quagsire_shadow:600;altaria:570;ninetales_shadow:551,thievul:279;cramorant:305;vigoroth:355;melmetal:431;corviknight:496
stunfisk_galarian,Stunfisk (Galarian),86.9,101.4,126.6,172,2212,MUD_SHOT,ROCK_SLIDE,EARTHQUAKE,82.5,78.1,86.8,73.6,melmetal:700;tinkaton:700;corviknight:590;mimikyu:572;corsola_galarian:569,quagsire_shadow:124;cramorant:325;altaria:456;vigoroth:468;ninetales_shadow:476
gourgeist_small,Gourgeist (Small),86.8,116.8,152.9,107,1913,INCINERATE,SHADOW_BALL,SEED_BOMB,71.5,57.6,73.5,65.2,quagsire_shadow:901;tinkaton:827;stunfisk:752;vigoroth:742;corviknight:640,ninetales_shadow:111;mimikyu:214;cramorant:297;altaria:329;melmetal:434
talonflame_shadow,Talonflame (Shadow),86.8,121.4,112.6,135,1847,INCINERATE,FLAME_CHARGE,FLY,70.1,57.6,66.7,63.4,tinkaton:862;corviknight:722;ninetales_shadow:703;melmetal:588;vigoroth:507,cramorant:194;quagsire_shadow:201;sableye_shadow:324;mimikyu:383;altaria:438
wigglytuff,Wigglytuff,86.6,115.1,75.5,223,1939,CHARM,ICY_WIND,SWIFT,80.4,57.6,74,74.9,altaria:704;mimikyu:616;quagsire_shadow:594;vigoroth:551;cramorant:529,tinkaton:145;ninetales_shadow:194;melmetal:195;clodsire:319;corviknight:340
samurott,Samurott,86.5,128,100.8,136,1756,FURY_CUTTER,HYDRO_CANNON,MEGAHORN,73,69.6,79.6,51.1,deoxys_defense:819;electrode_hisuian:738;thievul:702;corviknight:591;vigoroth:525,mimikyu:121;tinkaton:294;altaria:315;cramorant:408;melmetal:428
goodra,Goodra,86.4,119.6,134.1,117,1878,DRAGON_BREATH,AQUA_TAIL,THUNDER_PUNCH,82.2,74.6,75.8,80.9,ninetales_shadow:773;stunfisk:717;cramorant:632;corviknight:585;quagsire_shadow:551,mimikyu:121;tinkaton:202;melmetal:321;vigoroth:372;altaria:376
castform_sunny,Castform (Sunny),86.2,112.6,121.2,146,1994,EMBER,WEATHER_BALL_FIRE,SOLAR_BEAM,78.8,61.5,81.9,78.3,corviknight:688;melmetal:681;tinkaton:640;sableye_shadow:541;mimikyu:503,quagsire_shadow:96;cramorant:186;vigoroth:317;ninetales_shadow:369;altaria:387
dusknoir,Dusknoir,86.2,119.8,174.1,90,1878,ASTONISH,DYNAMIC_PUNCH,SHADOW_PUNCH,83.6,67.2,78.4,67.8,quagsire_shadow:688;melmetal:661;ninetales_shadow:605;mimikyu:594;vigoroth:516,thievul:145;sableye_shadow:252;altaria:358;tinkaton:361;cramorant:452
muk_alolan,Muk (Alolan),86.2,115.8,111.7,148,1916,POISON_JAB,BRUTAL_SWING,ICE_PUNCH,83,72.4,79.1,75.7,altaria:743;corsola_galarian:625;thievul:584;mimikyu:537;sableye_shadow:516,tinkaton:212;melmetal:291;quagsire_shadow:354;cramorant:408;ninetales_shadow:468
sealeo,Sealeo,86.2,108.9,112.8,168,2065,POWDER_SNOW,SURF,BODY_SLAM,81.6,86.3,81.4,73.1,altaria:773;tinkaton:687;stunfisk:619;ninetales_shadow:550;cramorant:526,mimikyu:331;melmetal:376;corviknight:380;vigoroth:403;quagsire_shadow:437
wartortle,Wartortle,86.2,107.6,139,139,2080,BITE,AQUA_JET,ICE_BEAM,80.4,85.2,81,67.1,corviknight:647;ninetales_shadow:625;altaria:622;quagsire_shadow:607;cramorant:510,melmetal:386;vigoroth:389;tinkaton:432;mimikyu:439;sableye_shadow:472
aromatisse,Aromatisse,86.1,115.8,107.3,156,1939,FAIRY_WIND,MOONBLAST,PSYSHOCK,82.1,68.7,85.3,82.2,thievul:836;altaria:733;sableye_shadow:634;quagsire_shadow:602;vigoroth:551,mimikyu:210;tinkaton:219;ninetales_shadow:285;melmetal:294;cramorant:297
bellibolt,Bellibolt,86,115,110.1,154,1953,THUNDER_SHOCK,ZAP_CANNON,PARABOLIC_CHARGE,86.7,59.5,86.3,63.7,cramorant:639;altaria:607;tinkaton:607;mimikyu:577;melmetal:568,stunfisk:136;clodsire:199;quagsire_shadow:263;vigoroth:389;electrode_hisuian:443
seaking,Seaking,85.9,121.9,108.9,138,1834,PECK,DRILL_RUN,ICY_WIND,79.7,83,78.2,64.7,altaria:612;tinkaton:594;azumarill:586;quagsire_shadow:543;ninetales_shadow:518,mimikyu:242;sableye_shadow:356;vigoroth:396;melmetal:428;cramorant:432
shelgon,Shelgon,85.9,123.2,119,123,1806,DRAGON_BREATH,TWISTER,FLAMETHROWER,80.4,61.3,81.7,66,ninetales_shadow:723;melmetal:678;altaria:670;cramorant:593;quagsire_shadow:577,tinkaton:95;mimikyu:121;sableye_shadow:244;corsola_galarian:363;vigoroth:472
walrein,Walrein,85.9,112.4,114.9,154,1991,POWDER_SNOW,ICICLE_SPEAR,EARTHQUAKE,82.1,82.9,84.3,70.4,altaria:801;tinkaton:711;vigoroth:564;cramorant:538;mimikyu:512,melmetal:280;ninetales_shadow:281;electrode_hisuian:308;corsola_galarian:341;quagsire_shadow:413
oinkologne_female,Oinkologne (Female),85.8,109.6,111.5,167,2042,TAKE_DOWN,BODY_SLAM,TRAILBLAZE,82.8,76.4,75.9,73.1,stunfisk:730;vigoroth:604;thievul:598;mimikyu:559;cramorant:538,melmetal:352;tinkaton:354;quagsire_shadow:385;ninetales_shadow:396;altaria:485
miltank,Miltank,85.6,105.3,134.8,150,2131,ROLLOUT,BODY_SLAM,HIGH_HORSEPOWER,81,79.5,80,66.5,ninetales_shadow:673;mimikyu:666;altaria:620;corsola_galarian:563;sableye_shadow:536,melmetal:195;vigoroth:337;quagsire_shadow:341;cramorant:460;tinkaton:492
pelipper,Pelipper,85.6,123.2,128.7,115,1825,WING_ATTACK,WEATHER_BALL_WATER,HURRICANE,80.2,80.4,80.9,68.9,ninetales_shadow:752;florges:726;azumarill:626;thievul:547;tinkaton:517,quagsire_shadow:189;mimikyu:247;melmetal:315;cramorant:329;vigoroth:368
morgrem,Morgrem,85.5,124.8,98,147,1799,SUCKER_PUNCH,FOUL_PLAY,PLAY_ROUGH,80.7,68,81.4,69.7,sableye_shadow:676;quagsire_shadow:646;ninetales_shadow:585;altaria:561;vigoroth:513,florges:181;tinkaton:187;corviknight:223;melmetal:304;mimikyu:378
muk_alolan_shadow,Muk (Alolan) (Shadow),85.5,115.8,111.7,148,1916,POISON_JAB,BRUTAL_SWING,ICE_PUNCH,80,76.1,80.9,67.3,altaria:773;thievul:645;ninetales_shadow:574;corsola_galarian:560;azumarill:560,tinkaton:269;melmetal:321;mimikyu:387;quagsire_shadow:388;cramorant:480
murkrow_shadow,Murkrow (Shadow),85.5,143.1,81.1,135,1568,PECK,DRILL_PECK,FOUL_PLAY,82.8,80.7,82.8,38.6,corsola_galarian:762;sableye_shadow:737;vigoroth:625;quagsire_shadow:614;cramorant:585,melmetal:140;ninetales_shadow:257;tinkaton:322;mimikyu:364;altaria:489
gligar_shadow,Gligar (Shadow),85.4,108.4,145.3,131,2065,WING_ATTACK,NIGHT_SLASH,DIG,82.4,78.7,76.6,77.2,melmetal:709;stunfisk:698;ninetales_shadow:637;sableye_shadow:534;altaria:522,mimikyu:271;cramorant:321;vigoroth:358;tinkaton:429;quagsire_shadow:462
persian,Persian,85.2,118.6,116.3,137,1890,SCRATCH,NIGHT_SLASH,POWER_GEM,81.1,82,78.6,68.4,ninetales_shadow:645;corsola_galarian:645;mimikyu:583;thievul:540;vigoroth:510,tinkaton:287;melmetal:301;quagsire_shadow:357;cramorant:380;altaria:460
spiritomb,Spiritomb,85.2,120.7,147.8,104,1857,SUCKER_PUNCH,ROCK_TOMB,SHADOW_BALL,78.3,66.7,81.9,68.4,corviknight:668;vigoroth:663;electrode_hisuian:576;corsola_galarian:567;quagsire_shadow:538,tinkaton:187;altaria:221;melmetal:359;cramorant:392;mimikyu:397
toxapex,Toxapex,85.2,91.9,224.3,118,2433,BITE,BRINE,SLUDGE_WAVE,76,61,90.6,78.5,sableye_shadow:677;ninetales_shadow:665;florges:622;melmetal:525;corviknight:521,mimikyu:224;tinkaton:319;altaria:347;cramorant:396;quagsire_shadow:478
drapion,Drapion,85.1,117.8,136.8,118,1903,POISON_STING,CRUNCH,AQUA_TAIL,80.4,84.6,80,73.1,sableye_shadow:614;corsola_galarian:610;ninetales_shadow:593;mimikyu:538;altaria:508,melmetal:297;tinkaton:301;quagsire_shadow:329;vigoroth:351;cramorant:408
piloswine,Piloswine,85.1,121,99.4,154,1855,POWDER_SNOW,ICICLE_SPEAR,HIGH_HORSEPOWER,76,63.6,83.8,59.2,tinkaton:824;altaria:801;melmetal:577;quagsire_shadow:551;vigoroth:538,ninetales_shadow:130;mimikyu:266;corsola_galarian:352;corviknight:356;cramorant:460
steelix,Steelix,85.1,98.4,183.2,126,2273,THUNDER_FANG,PSYCHIC_FANGS,CRUNCH,82.2,75.2,71.2,89.2,cramorant:750;altaria:630;azumarill:591;mimikyu:555;corviknight:555,quagsire_shadow:257;melmetal:321;ninetales_shadow:357;tinkaton:418;vigoroth:431
toucannon_shadow,Toucannon (Shadow),85.1,137.2,96.7,123,1634,PECK,BEAK_BLAST,DRILL_PECK,82.7,62.7,75.8,41.7,sableye_shadow:833;vigoroth:670;quagsire_shadow:630;altaria:605;cramorant:593,melmetal:140;ninetales_shadow:226;tinkaton:315;mimikyu:387;corviknight:496
golisopod_shadow,Golisopod (Shadow),85,124,134.6,108,1804,FURY_CUTTER,AQUA_JET,X_SCISSOR,79.3,72.6,78.9,51.4,quagsire_shadow:763;vigoroth:717;melmetal:569;ninetales_shadow:532;tinkaton:509,mimikyu:140;stunfisk:159;altaria:300;cramorant:329;corsola_galarian:370
sliggoo,Sliggoo,85,114.1,133.8,128,1956,DRAGON_BREATH,BODY_SLAM,DRAGON_PULSE,82.7,60,79.1,72,quagsire_shadow:750;ninetales_shadow:746;altaria:714;cramorant:539;vigoroth:523,mimikyu:130;tinkaton:170;corviknight:333;melmetal:345;sableye_shadow:356
toucannon,Toucannon,85,137.2,96.7,123,1634,PECK,BEAK_BLAST,DRILL_PECK,77.2,70.7,81.7,50.6,sableye_shadow:873;fearow:711;altaria:703;jellicent:646;ninetales_shadow:540,melmetal:126;quagsire_shadow:220;tinkaton:319;mimikyu:327;vigoroth:437
houndoom_shadow,Houndoom (Shadow),84.9,139.5,97.3,118,1603,INCINERATE,FOUL_PLAY,TRAILBLAZE,83.5,67.5,76.4,47.2,tinkaton:771;corviknight:741;vigoroth:656;cramorant:622;ninetales_shadow:555,quagsire_shadow:170;altaria:365;melmetal:414;stunfisk:444;mimikyu:471
walrein_shadow,Walrein (Shadow),84.9,112.4,114.9,154,1991,POWDER_SNOW,ICICLE_SPEAR,EARTHQUAKE,74.1,73.2,81.4,60,altaria:801;corviknight:629;cramorant:603;thievul:551;vigoroth:519,melmetal:126;tinkaton:141;ninetales_shadow:146;mimikyu:327;quagsire_shadow:465
cresselia,Cresselia,84.8,93.1,160.7,160,2396,PSYCHO_CUT,GRASS_KNOT,MOONBLAST,79.6,70.4,82.5,83.8,quagsire_shadow:815;stunfisk:690;altaria:665;vigoroth:550;cramorant:515,mimikyu:219;tinkaton:315;ninetales_shadow:329;melmetal:352;corviknight:426
flamigo,Flamigo,84.8,137.9,95.5,123,1622,PECK,UPPER_HAND,BRAVE_BIRD,79.4,77.5,77.6,51.4,thievul:792;vigoroth:752;altaria:703;quagsire_shadow:662;ninetales_shadow:536,melmetal:140;cramorant:242;sableye_shadow:244;mimikyu:299;tinkaton:322
torkoal,Torkoal,84.8,107.5,151.3,128,2084,EMBER,FLAME_WHEEL,OVERHEAT,79.4,64,85.1,79.3,melmetal:707;tinkaton:675;sableye_shadow:589;ninetales_shadow:554;mimikyu:546,quagsire_shadow:96;cramorant:218;corsola_galarian:305;vigoroth:341;altaria:344
politoed_shadow,Politoed (Shadow),84.7,114,124.2,139,1970,MUD_SHOT,WEATHER_BALL_WATER,ICE_BEAM,76.3,85.6,79.4,70.4,altaria:780;tinkaton:618;stunfisk:535;vigoroth:525;quagsire_shadow:521,mimikyu:140;sableye_shadow:312;cramorant:321;melmetal:417;ninetales_shadow:492
zweilous,Zweilous,84.7,120.4,110.2,140,1859,DRAGON_BREATH,BODY_SLAM,DARK_PULSE,80.8,59.8,77.7,73.1,quagsire_shadow:771;ninetales_shadow:757;sableye_shadow:600;cramorant:585;vigoroth:514,mimikyu:130;tinkaton:212;corviknight:396;melmetal:407;altaria:445
giratina_altered_shadow,Giratina (Altered) (Shadow),84.6,105.2,125,159,2093,DRAGON_BREATH,DRAGON_CLAW,SHADOW_SNEAK,78.3,58.6,81.5,69.9,quagsire_shadow:773;altaria:682;vigoroth:657;ninetales_shadow:638;cramorant:540,mimikyu:126;sableye_shadow:244;tinkaton:280;corviknight:393;melmetal:458
greninja_shadow,Greninja (Shadow),84.6,139.5,100.3,115,1611,WATER_SHURIKEN,HYDRO_CANNON,BRUTAL_SWING,86.6,79.2,80.7,38.3,quagsire_shadow:856;mimikyu:734;ninetales_shadow:647;melmetal:534;corviknight:526,electrode_hisuian:352;cramorant:380;tinkaton:439;vigoroth:465;altaria:467
kommo_o,Kommo-o,84.6,123.7,137.8,106,1808,DRAGON_TAIL,CLANGING_SCALES,UPPER_HAND,77.4,55,85.5,60.3,quagsire_shadow:716;melmetal:683;altaria:655;ninetales_shadow:613;vigoroth:603,mimikyu:121;cramorant:226;tinkaton:230;corviknight:293;corsola_galarian:478
gligar,Gligar,84.5,108.4,145.3,131,2065,WING_ATTACK,NIGHT_SLASH,DIG,80.5,75.6,77.4,81.9,stunfisk:713;ninetales_shadow:690;sableye_shadow:534;corsola_galarian:530;mimikyu:511,cramorant:265;quagsire_shadow:388;tinkaton:429;altaria:460;melmetal:489
lickilicky,Lickilicky,84.5,105.7,125.5,160,2124,ROLLOUT,BODY_SLAM,SHADOW_BALL,79.6,76.6,79.2,71,corsola_galarian:746;mimikyu:690;altaria:656;sableye_shadow:506;quagsire_shadow:503,melmetal:287;vigoroth:337;tinkaton:443;ninetales_shadow:444;cramorant:488
milotic,Milotic,84.5,113.1,133.8,131,1985,WATERFALL,AQUA_TAIL,WRAP,82.2,72.1,74.1,74.4,tinkaton:618;quagsire_shadow:599;ninetales_shadow:591;sableye_shadow:534;vigoroth:522,mimikyu:322;corviknight:396;cramorant:400;altaria:416;melmetal:438
zweilous_shadow,Zweilous (Shadow),84.5,120.4,110.2,140,1859,DRAGON_BREATH,BODY_SLAM,DARK_PULSE,78.2,65.2,75.8,60.3,corsola_galarian:821;ninetales_shadow:732;altaria:603;sableye_shadow:582;vigoroth:539,mimikyu:149;melmetal:188;tinkaton:237;cramorant:456;quagsire_shadow:468
crustle,Crustle,84.4,120.3,134.7,115,1864,FURY_CUTTER,X_SCISSOR,ROCK_WRECKER,76.9,69.3,83.8,61.6,altaria:795;thievul:734;vigoroth:604;ninetales_shadow:595;sableye_shadow:539,mimikyu:126;tinkaton:255;cramorant:285;melmetal:373;quagsire_shadow:391
klefki,Klefki,84.4,117.9,137.4,117,1897,ASTONISH,FOUL_PLAY,DRAINING_KISS,78.5,64.6,80.2,73.3,cramorant:589;altaria:572;corsola_galarian:555;sableye_shadow:551;thievul:508,ninetales_shadow:218;vigoroth:265;melmetal:414;tinkaton:418;mimikyu:420
metang_shadow,Metang (Shadow),84.4,108.9,145.8,129,2050,FURY_CUTTER,PSYSHOCK,GYRO_BALL,75.2,62.4,79.2,64.2,azumarill:631;florges:569;stunfisk:558;tinkaton:542;electrode_hisuian:531,mimikyu:121;ninetales_shadow:130;melmetal:328;altaria:365;cramorant:476
raichu,Raichu,84.4,133.5,110.6,114,1685,VOLT_SWITCH,VOLT_TACKLE,TRAILBLAZE,81.6,71.6,79.6,59,tinkaton:815;melmetal:732;altaria:679;cramorant:653;ninetales_shadow:543,quagsire_shadow:177;florges:245;stunfisk:287;mimikyu:327;corsola_galarian:467
dragalge,Dragalge,84.3,117.8,143.1,113,1906,ACID,AQUA_TAIL,OUTRAGE,79.6,74.1,79.1,70.7,ninetales_shadow:769;altaria:676;vigoroth:606;cramorant:548;sableye_shadow:526,tinkaton:237;melmetal:267;mimikyu:271;corviknight:316;thievul:358
metang,Metang,84.3,108.9,145.8,129,2050,FURY_CUTTER,PSYSHOCK,GYRO_BALL,77.6,64.7,79.2,74.4,deoxys_defense:651;electrode_hisuian:624;florges:616;fearow:577;vigoroth:503,mimikyu:121;melmetal:335;altaria:402;cramorant:440;tinkaton:485
bastiodon,Bastiodon,84.2,80.6,247.6,139,2776,SMACK_DOWN,STONE_EDGE,FLAMETHROWER,68.2,35,78.2,87.4,altaria:758;cramorant:708;azumarill:597;ninetales_shadow:593;thievul:503,quagsire_shadow:173;melmetal:174;tinkaton:187;vigoroth:317;mimikyu:401
dubwool,Dubwool,84.2,110.6,143,128,2025,TAKE_DOWN,BODY_SLAM,WILD_CHARGE,81.6,67,79.9,65,vigoroth:628;quagsire_shadow:605;cramorant:582;altaria:554;mimikyu:519,melmetal:222;sableye_shadow:384;ninetales_shadow:396;tinkaton:421;corsola_galarian:489
orthworm,Orthworm,84.2,109.1,154,122,2051,MUD_SLAP,ROCK_TOMB,IRON_HEAD,81,62.3,74.8,69.9,florges:668;tinkaton:643;thievul:631;sableye_shadow:577;melmetal:516,vigoroth:220;mimikyu:355;altaria:362;ninetales_shadow:384;cramorant:440
aurorus,Aurorus,84.1,113.5,106.3,164,1979,POWDER_SNOW,WEATHER_BALL_ICE,METEOR_BEAM,79,65.8,77.9,71.5,altaria:832;thievul:594;corsola_galarian:591;vigoroth:576;cramorant:567,ninetales_shadow:253;mimikyu:271;tinkaton:308;melmetal:328;quagsire_shadow:347
emolga,Emolga,84.1,127.5,110.2,125,1758,THUNDER_SHOCK,ACROBATICS,DISCHARGE,79.1,62.3,81.7,61.3,azumarill:780;cramorant:776;corviknight:720;ninetales_shadow:600;melmetal:524,quagsire_shadow:96;sableye_shadow:164;mimikyu:191;altaria:398;tinkaton:475
persian_shadow,Persian (Shadow),84.1,118.6,116.3,137,1890,SCRATCH,NIGHT_SLASH,POWER_GEM,79.9,82,76.1,55.8,altaria:755;corsola_galarian:613;corviknight:587;sableye_shadow:576;ninetales_shadow:569,melmetal:126;tinkaton:304;mimikyu:387;cramorant:408;quagsire_shadow:465
cofagrigus_shadow,Cofagrigus (Shadow),84,111.7,165.3,109,2013,SHADOW_CLAW,SHADOW_BALL,ENERGY_BALL,76.9,58.4,84,51.6,quagsire_shadow:651;melmetal:623;vigoroth:610;ninetales_shadow:577;altaria:518,sableye_shadow:244;cramorant:265;mimikyu:457;tinkaton:471;corviknight:480
politoed,Politoed,84,114,124.2,139,1970,MUD_SHOT,WEATHER_BALL_WATER,ICE_BEAM,79.9,76,78.9,68.6,tinkaton:615;quagsire_shadow:593;altaria:575;melmetal:575;ninetales_shadow:535,mimikyu:341;corviknight:370;corsola_galarian:392;cramorant:396;vigoroth:424
swalot,Swalot,84,103.4,122.6,171,2169,INFESTATION,SLUDGE,ICE_BEAM,79.9,67.8,79.7,78.3,altaria:640;thievul:616;sableye_shadow:558;ninetales_shadow:523;vigoroth:502,melmetal:263;tinkaton:273;quagsire_shadow:344;cramorant:361;mimikyu:378
togekiss,Togekiss,84,124.2,125.8,115,1799,PECK,PSYSHOCK,AURA_SPHERE,77.4,71.6,78.4,67.8,thievul:821;vigoroth:734;altaria:639;ninetales_shadow:560;florges:521,melmetal:113;cramorant:222;tinkaton:294;mimikyu:299;quagsire_shadow:434
togetic,Togetic,84,110.1,150.2,123,2035,FAIRY_WIND,HEAT_WAVE,DRAINING_KISS,78,73.5,79.2,74.6,altaria:731;sableye_shadow:691;thievul:597;corviknight:565;corsola_galarian:560,ninetales_shadow:257;cramorant:293;tinkaton:304;melmetal:407;mimikyu:485
cofagrigus,Cofagrigus,83.9,111.7,165.3,109,2013,SHADOW_CLAW,SHADOW_BALL,ENERGY_BALL,81.4,63.6,81.9,61,quagsire_shadow:733;ninetales_shadow:665;corsola_galarian:665;cramorant:582;melmetal:509,sableye_shadow:224;mimikyu:345;tinkaton:386;altaria:452;vigoroth:479
mawile,Mawile,83.9,124.7,120.8,119,1794,FAIRY_WIND,VICE_GRIP,IRON_HEAD,78.2,63,81.9,80.4,thievul:827;florges:710;cramorant:571;sableye_shadow:558;altaria:537,ninetales_shadow:99;mimikyu:191;melmetal:297;tinkaton:297;vigoroth:327
milotic_shadow,Milotic (Shadow),83.9,113.1,133.8,131,1985,WATERFALL,AQUA_TAIL,WRAP,79.3,65.6,71.5,65.2,quagsire_shadow:744;tinkaton:587;stunfisk:583;cramorant:519;vigoroth:511,sableye_shadow:268;altaria:307;ninetales_shadow:341;mimikyu:355;melmetal:482
raikou,Raikou,83.9,131.9,110.6,116,1693,THUNDER_SHOCK,WILD_CHARGE,AURA_SPHERE,78.8,61.2,84,60.8,corviknight:737;thievul:724;melmetal:633;ninetales_shadow:586;cramorant:564,mimikyu:191;tinkaton:304;quagsire_shadow:316;altaria:380;vigoroth:475
sandslash_alolan,Sandslash (Alolan),83.9,115.9,133.2,125,1932,POWDER_SNOW,ICE_PUNCH,DRILL_RUN,75.2,73.6,77.9,72,electrode_hisuian:876;altaria:836;tinkaton:608;stunfisk:568;corviknight:540,melmetal:126;ninetales_shadow:130;mimikyu:289;vigoroth:393;cramorant:480
wartortle_shadow,Wartortle (Shadow),83.9,107.6,139,139,2080,BITE,AQUA_JET,ICE_BEAM,74.6,78.3,79.4,57.1,altaria:737;corviknight:622;quagsire_shadow:564;ninetales_shadow:532;florges:517,mimikyu:252;cramorant:388;melmetal:414;vigoroth:417;tinkaton:496
latias,Latias,83.8,124.5,138.9,104,1799,DRAGON_BREATH,AURA_SPHERE,MIST_BALL,79,64.1,76.9,59.7,ninetales_shadow:750;melmetal:658;altaria:634;quagsire_shadow:533;cramorant:524,mimikyu:121;sableye_shadow:244;tinkaton:255;corsola_galarian:255;corviknight:343
ledian,Ledian,83.8,101.3,162.5,134,2208,ROLLOUT,DYNAMIC_PUNCH,ACROBATICS,76.9,52.9,82,66.3,sableye_shadow:623;thievul:589;mimikyu:563;ninetales_shadow:552;altaria:503,quagsire_shadow:77;cramorant:349;melmetal:397;tinkaton:446;vigoroth:465
weezing_galarian_shadow,Weezing (Galarian) (Shadow),83.8,117.6,139.5,116,1905,FAIRY_WIND,SLUDGE,BRUTAL_SWING,78.2,75,78.2,73.3,electrode_hisuian:840;altaria:741;thievul:646;ninetales_shadow:547;sableye_shadow:538,melmetal:85;tinkaton:212;mimikyu:233;quagsire_shadow:310;cramorant:313
dragonite_shadow,Dragonite (Shadow),83.7,135.8,107.3,113,1647,DRAGON_BREATH,THUNDER_PUNCH,SUPER_POWER,84.2,64.1,80,41.7,ninetales_shadow:663;vigoroth:641;cramorant:610;altaria:553;melmetal:504,tinkaton:95;mimikyu:233;florges:313;corsola_galarian:424;sableye_shadow:480
qwilfish_shadow,Qwilfish (Shadow),83.7,131.1,105.5,123,1703,POISON_STING,AQUA_TAIL,SHADOW_BALL,81,82.7,73,45.6,florges:873;ninetales_shadow:865;electrode_hisuian:711;cramorant:634;mimikyu:626,melmetal:308;quagsire_shadow:338;tinkaton:365;vigoroth:365;altaria:398
sealeo_shadow,Sealeo (Shadow),83.7,108.9,112.8,168,2065,POWDER_SNOW,SURF,BODY_SLAM,76.3,68.4,79.1,64.2,altaria:818;thievul:610;stunfisk:595;vigoroth:577;cramorant:553,melmetal:126;ninetales_shadow:146;quagsire_shadow:220;mimikyu:299;tinkaton:326
abomasnow_shadow,Abomasnow (Shadow),83.6,117.8,112,143,1888,POWDER_SNOW,WEATHER_BALL_ICE,ENERGY_BALL,80.7,65.5,75.3,60.8,altaria:807;stunfisk:797;quagsire_shadow:765;cramorant:569;vigoroth:541,melmetal:126;ninetales_shadow:130;tinkaton:237;mimikyu:303;corviknight:393
golisopod,Golisopod,83.6,124,134.6,108,1804,FURY_CUTTER,X_SCISSOR,AQUA_JET,77.2,62.3,78.7,64.7,electrode_hisuian:763;deoxys_defense:754;thievul:717;ninetales_shadow:606;rillaboom:601,mimikyu:121;cramorant:178;melmetal:390;altaria:423;tinkaton:482
hakamo_o,Hakamo-o,83.6,115.5,135.5,124,1942,DRAGON_TAIL,BRICK_BREAK,ROCK_TOMB,78.5,54.3,66.6,75.4,ninetales_shadow:786;altaria:705;quagsire_shadow:608;stunfisk:568;sableye_shadow:520,mimikyu:121;tinkaton:315;cramorant:317;melmetal:404;vigoroth:465
marowak_alolan,Marowak (Alolan),83.5,109.6,148.8,125,2041,FIRE_SPIN,BONE_CLUB,SHADOW_BONE,79.3,63.2,77.3,80.1,melmetal:764;corviknight:675;tinkaton:652;ninetales_shadow:652;vigoroth:592,quagsire_shadow:133;sableye_shadow:228;mimikyu:280;altaria:344;cramorant:428
ursaluna,Ursaluna,83.5,125.6,98.6,144,1786,SCRATCH,THUNDER_PUNCH,HIGH_HORSEPOWER,77.6,76.7,77.9,50.1,tinkaton:812;cramorant:711;melmetal:687;mimikyu:520;quagsire_shadow:520,ninetales_shadow:218;electrode_hisuian:265;altaria:311;azumarill:384;sableye_shadow:468
ludicolo,Ludicolo,83.4,116.4,123.6,134,1931,ASTONISH,WEATHER_BALL_WATER,ENERGY_BALL,80,67.8,75.9,67.8,quagsire_shadow:843;ninetales_shadow:667;tinkaton:611;stunfisk:570;sableye_shadow:529,vigoroth:348;corviknight:376;altaria:431;melmetal:458;mimikyu:490
marowak_alolan_shadow,Marowak (Alolan) (Shadow),83.3,109.6,148.8,125,2041,FIRE_SPIN,SHADOW_BONE,BONE_CLUB,75.5,59.8,73.8,74.4,melmetal:740;ninetales_shadow:732;corviknight:648;florges:632;tinkaton:620,quagsire_shadow:152;cramorant:253;mimikyu:317;altaria:420;vigoroth:493
throh,Throh,83.3,110.2,107.7,171,2032,LOW_KICK,BRICK_BREAK,BODY_SLAM,76.9,59.2,71.2,85.6,thievul:850;melmetal:725;vigoroth:660;corviknight:602;quagsire_shadow:558,mimikyu:158;altaria:257;cramorant:277;tinkaton:315;ninetales_shadow:460
maushold,Maushold,83.2,116.2,121.9,136,1928,TAKE_DOWN,SWIFT,CRUNCH,80.4,68.6,74.3,65,ninetales_shadow:639;quagsire_shadow:610;mimikyu:584;altaria:547;vigoroth:529,tinkaton:297;melmetal:325;sableye_shadow:344;corviknight:373;stunfisk:470
qwilfish_hisuian,Qwilfish (Hisuian),83.2,128,112.3,121,1742,POISON_STING,AQUA_TAIL,DARK_PULSE,79.3,70.9,79.7,60.3,mimikyu:615;thievul:615;sableye_shadow:611;ninetales_shadow:557;corsola_galarian:545,cramorant:178;tinkaton:322;altaria:326;melmetal:345;quagsire_shadow:354
charizard_shadow,Charizard (Shadow),83.1,132.7,108.8,117,1691,EMBER,BLAST_BURN,AIR_CUTTER,81.3,63.6,77.3,48.8,corviknight:910;tinkaton:867;vigoroth:739;sableye_shadow:653;melmetal:568,quagsire_shadow:102;cramorant:123;mimikyu:247;altaria:315;ninetales_shadow:412
grumpig_shadow,Grumpig (Shadow),83.1,113.3,131.4,132,1967,PSYWAVE,DYNAMIC_PUNCH,MIRROR_COAT,75.1,70.7,78.7,53.2,vigoroth:734;quagsire_shadow:670;florges:666;melmetal:640;ninetales_shadow:606,sableye_shadow:124;cramorant:265;mimikyu:359;tinkaton:382;altaria:456
dartrix,Dartrix,83,112.4,115.5,154,2001,PECK,BRAVE_BIRD,ENERGY_BALL,76.3,61,84.7,59.5,quagsire_shadow:860;vigoroth:584;cramorant:522;mimikyu:506;tinkaton:506,ninetales_shadow:222;thievul:240;corviknight:336;melmetal:339;altaria:467
lopunny,Lopunny,83,112,143.6,124,1996,LOW_KICK,THUNDER_PUNCH,TRIPLE_AXEL,78.2,78.9,74,69.1,corviknight:673;corsola_galarian:657;vigoroth:600;thievul:596;altaria:548,cramorant:329;ninetales_shadow:349;mimikyu:406;melmetal:434;tinkaton:443
poliwrath,Poliwrath,83,115.8,122,137,1936,MUD_SHOT,ICY_WIND,DYNAMIC_PUNCH,75.7,70.4,77.6,66.8,thievul:704;melmetal:675;quagsire_shadow:624;altaria:583;corviknight:536,mimikyu:130;cramorant:206;tinkaton:336;sableye_shadow:460;vigoroth:496
weezing_galarian,Weezing (Galarian),83,117.6,139.5,116,1905,FAIRY_WIND,SLUDGE,BRUTAL_SWING,76.3,75.3,78.6,80.6,altaria:762;florges:728;thievul:625;sableye_shadow:594;corsola_galarian:525,tinkaton:191;mimikyu:196;melmetal:267;cramorant:285;ninetales_shadow:373
abomasnow,Abomasnow,82.9,117.8,112,143,1888,POWDER_SNOW,WEATHER_BALL_ICE,ENERGY_BALL,79.6,58.9,77.1,70.4,stunfisk:825;quagsire_shadow:821;altaria:807;corviknight:646;vigoroth:517,ninetales_shadow:130;tinkaton:219;mimikyu:247;melmetal:318;cramorant:464
machamp_shadow,Machamp (Shadow),82.9,135.4,98.6,124,1656,KARATE_CHOP,CROSS_CHOP,ROCK_SLIDE,81.8,81.2,77.9,40.9,melmetal:866;thievul:802;vigoroth:737;tinkaton:629;quagsire_shadow:520,mimikyu:121;ninetales_shadow:194;corviknight:333;sableye_shadow:396;altaria:438
sylveon,Sylveon,82.9,117.3,124.6,130,1902,FAIRY_WIND,PSYSHOCK,DRAINING_KISS,75.2,60.9,77.9,74.4,thievul:826;altaria:730;sableye_shadow:623;azumarill:588;florges:519,tinkaton:173;mimikyu:210;melmetal:236;ninetales_shadow:337;cramorant:341
wormadam_trash,Wormadam (Trash),82.9,104.9,151.1,135,2142,SUCKER_PUNCH,BUG_BUZZ,IRON_HEAD,76.5,60.9,83.8,75.9,deoxys_defense:681;vigoroth:614;corsola_galarian:603;electrode_hisuian:592;sableye_shadow:555,altaria:192;melmetal:311;tinkaton:382;mimikyu:383;cramorant:464
dewott,Dewott,82.8,122.6,99.7,149,1823,FURY_CUTTER,AQUA_TAIL,X_SCISSOR,76.2,77.3,75.3,67.8,electrode_hisuian:785;thievul:755;tinkaton:530;quagsire_shadow:530;vigoroth:510,mimikyu:121;altaria:264;melmetal:342;cramorant:456;ninetales_shadow:476
greninja,Greninja,82.8,139.5,100.3,115,1611,WATER_SHURIKEN,HYDRO_CANNON,BRUTAL_SWING,80.8,75,75.1,46.4,mimikyu:769;corsola_galarian:760;ninetales_shadow:717;thievul:582;corviknight:569,cramorant:313;tinkaton:365;altaria:380;vigoroth:393;melmetal:431
lumineon,Lumineon,82.8,109,137.4,137,2052,GUST,AQUA_TAIL,SILVER_WIND,79.3,80.9,74.8,74.1,thievul:627;ninetales_shadow:609;florges:594;quagsire_shadow:587;sableye_shadow:547,mimikyu:289;melmetal:325;altaria:409;cramorant:420;tinkaton:436
sandslash_alolan_shadow,Sandslash (Alolan) (Shadow),82.8,115.9,133.2,125,1932,POWDER_SNOW,ICE_PUNCH,DRILL_RUN,73.4,66.7,78.9,66.3,stunfisk:876;altaria:836;rillaboom:836;cramorant:572;azumarill:536,melmetal:126;ninetales_shadow:130;mimikyu:299;tinkaton:386;vigoroth:431
skarmory,Skarmory,82.8,105.5,166.5,121,2127,AIR_SLASH,BRAVE_BIRD,DRILL_RUN,75.7,57.8,82,76.5,rillaboom:685;florges:615;azumarill:611;quagsire_shadow:582;vigoroth:549,melmetal:157;cramorant:345;mimikyu:359;tinkaton:382;altaria:496
blastoise_shadow,Blastoise (Shadow),82.7,112.1,137.7,130,2008,BITE,HYDRO_CANNON,SKULL_BASH,73.4,74.3,81,48.3,tinkaton:603;corviknight:596;cramorant:550;quagsire_shadow:542;ninetales_shadow:507,mimikyu:252;altaria:318;vigoroth:437;sableye_shadow:440;melmetal:441
greedent,Greedent,82.7,106.8,110.7,177,2094,BITE,BODY_SLAM,TRAILBLAZE,75.1,81.8,73,73.6,quagsire_shadow:757;corsola_galarian:731;mimikyu:683;stunfisk:615;sableye_shadow:522,tinkaton:308;melmetal:386;cramorant:392;altaria:398;ninetales_shadow:400
runerigus,Runerigus,82.7,111.7,165.3,109,2013,SHADOW_CLAW,SHADOW_BALL,ROCK_TOMB,81.4,69.6,75.8,60.8,quagsire_shadow:678;melmetal:642;ninetales_shadow:573;altaria:568;corviknight:564,thievul:122;sableye_shadow:224;mimikyu:369;tinkaton:386;vigoroth:493
tentacruel,Tentacruel,82.7,108.9,143.5,131,2047,ACID,SCALD,PAYBACK,75.8,64,80.9,65,ninetales_shadow:713;cramorant:595;tinkaton:591;sableye_shadow:553;thievul:549,melmetal:356;mimikyu:392;vigoroth:448;quagsire_shadow:453;altaria:467
rapidash_shadow,Rapidash (Shadow),82.6,133.6,111.5,112,1670,INCINERATE,DRILL_RUN,WILD_CHARGE,78.8,74.3,74.3,45.6,tinkaton:861;vigoroth:727;corviknight:727;sableye_shadow:638;ninetales_shadow:616,cramorant:103;quagsire_shadow:161;mimikyu:345;melmetal:404;altaria:452
wobbuffet,Wobbuffet,82.5,63,101.6,333,2134,COUNTER,MIRROR_COAT,RETURN,71.2,48,74.6,89.8,vigoroth:653;quagsire_shadow:615;fearow:596;marowak:546;stunfisk:536,mimikyu:98;cramorant:293;altaria:365;tinkaton:400;melmetal:489
amoonguss,Amoonguss,82.4,109.3,105.9,177,2050,ASTONISH,FOUL_PLAY,GRASS_KNOT,78.3,61.2,79.4,69.7,quagsire_shadow:655;tinkaton:601;corsola_galarian:596;mimikyu:519;cramorant:511,altaria:311;vigoroth:341;corviknight:356;ninetales_shadow:420;melmetal:469
bronzong,Bronzong,82.4,110.8,152.2,120,2026,CONFUSION,PSYSHOCK,BULLDOZE,79.1,69.2,77.3,73.8,vigoroth:641;cramorant:620;altaria:579;stunfisk:579;melmetal:520,mimikyu:289;sableye_shadow:292;ninetales_shadow:313;quagsire_shadow:484;tinkaton:485
cetitan,Cetitan,82.4,120.1,77,202,1871,POWDER_SNOW,ICICLE_SPEAR,SUPER_POWER,75.1,60.3,82.5,68.4,electrode_hisuian:873;altaria:799;stunfisk:695;vigoroth:611;thievul:601,ninetales_shadow:142;tinkaton:209;mimikyu:266;cramorant:460;melmetal:496
magcargo,Magcargo,82.4,110.9,156.3,117,2029,EMBER,ROCK_TOMB,OVERHEAT,77.4,46.6,77.9,64.2,altaria:632;melmetal:628;mimikyu:615;ninetales_shadow:615;tinkaton:585,quagsire_shadow:77;vigoroth:168;florges:304;stunfisk:377;cramorant:448
piloswine_shadow,Piloswine (Shadow),82.4,121,99.4,154,1855,POWDER_SNOW,ICICLE_SPEAR,HIGH_HORSEPOWER,72.6,56.6,76.8,47.2,tinkaton:824;altaria:801;sableye_shadow:704;thievul:672;quagsire_shadow:519,ninetales_shadow:130;melmetal:157;cramorant:242;mimikyu:299;vigoroth:451
raikou_shadow,Raikou (Shadow),82.4,133.5,109.9,113,1659,THUNDER_SHOCK,WILD_CHARGE,AURA_SPHERE,83.2,77.6,85,30.2,vigoroth:756;tinkaton:738;melmetal:685;sableye_shadow:641;cramorant:535,ninetales_shadow:182;mimikyu:247;quagsire_shadow:391;corsola_galarian:467;altaria:478
ampharos_shadow,Ampharos (Shadow),82.3,126.8,107.9,129,1766,VOLT_SWITCH,BRUTAL_SWING,TRAILBLAZE,81.4,82.3,67.4,57.9,cramorant:887;melmetal:585;quagsire_shadow:538;corviknight:534;ninetales_shadow:511,altaria:373;mimikyu:378;tinkaton:393;corsola_galarian:435;vigoroth:496
castform_rainy,Castform (Rainy),82.3,112.6,121.2,146,1994,WATER_GUN,WEATHER_BALL_WATER,THUNDER,76.2,61.8,78.6,60.5,tinkaton:630;stunfisk:575;ninetales_shadow:558;sableye_shadow:541;cramorant:523,mimikyu:303;melmetal:445;altaria:456;vigoroth:475;quagsire_shadow:496
nidoqueen,Nidoqueen,82.3,116.5,118.4,139,1920,MUD_SLAP,EARTH_POWER,POISON_FANG,78.5,68.3,76.3,74.4,melmetal:715;electrode_hisuian:683;stunfisk:651;ninetales_shadow:640;tinkaton:611,cramorant:293;altaria:362;quagsire_shadow:403;mimikyu:439;vigoroth:451
rapidash,Rapidash,82.3,133.6,111.5,112,1670,INCINERATE,DRILL_RUN,WILD_CHARGE,74.8,85,73.8,56.1,tinkaton:892;electrode_hisuian:816;melmetal:678;ninetales_shadow:651;corviknight:589,quagsire_shadow:133;cramorant:178;mimikyu:289;altaria:376;vigoroth:451
diggersby_shadow,Diggersby (Shadow),82.2,95.7,140.3,174,2337,MUD_SHOT,SCORCHING_SANDS,FIRE_PUNCH,78.8,66.3,79.2,72,corsola_galarian:761;mimikyu:683;melmetal:666;ninetales_shadow:612;tinkaton:609,cramorant:138;altaria:275;quagsire_shadow:354;vigoroth:375;corviknight:483
pidgeot,Pidgeot,82.2,116.9,115.5,142,1918,GUST,TWISTER,BRAVE_BIRD,79.3,58.6,85.1,68.4,sableye_shadow:654;ninetales_shadow:644;mimikyu:609;altaria:535;vigoroth:528,quagsire_shadow:251;corviknight:276;melmetal:297;cramorant:313;tinkaton:365
toxtricity,Toxtricity,82.2,141.2,95.3,118,1590,ACID,WILD_CHARGE,SWIFT,83.6,52.1,74.5,49.8,vigoroth:741;corviknight:656;sableye_shadow:656;cramorant:542;altaria:508,quagsire_shadow:127;melmetal:136;tinkaton:141;mimikyu:303;ninetales_shadow:420
articuno,Articuno,82.1,112.6,139.6,126,1981,POWDER_SNOW,ICY_WIND,HURRICANE,79.1,54.3,76.3,66,altaria:805;vigoroth:646;corviknight:642;sableye_shadow:603;mimikyu:587,quagsire_shadow:189;tinkaton:216;ninetales_shadow:265;melmetal:277;corsola_galarian:323
noctowl,Noctowl,82.1,105.3,120.1,168,2126,WING_ATTACK,SHADOW_BALL,RETURN,78.2,61,85,56.6,mimikyu:672;cramorant:577;quagsire_shadow:568;ninetales_shadow:520;altaria:505,melmetal:136;tinkaton:315;corviknight:323;stunfisk:380;sableye_shadow:484
kecleon,Kecleon,82,115.5,142.2,118,1940,SUCKER_PUNCH,THUNDER_PUNCH,DYNAMIC_PUNCH,76.3,61.6,82.4,59.5,quagsire_shadow:669;vigoroth:605;ninetales_shadow:597;mimikyu:588;cramorant:588,tinkaton:312;melmetal:397;corviknight:456;sableye_shadow:464;altaria:481
linoone,Linoone,82,114.1,111.7,154,1965,SHADOW_CLAW,SWIFT,GRASS_KNOT,77.2,77,75.9,67.6,quagsire_shadow:730;corsola_galarian:691;mimikyu:652;electrode_hisuian:577;stunfisk:561,cramorant:325;melmetal:345;ninetales_shadow:369;tinkaton:414;altaria:416
raichu_alolan,Raichu (Alolan),82,135.4,109.9,111,1653,VOLT_SWITCH,VOLT_TACKLE,PSYSHOCK,81.3,75.8,72.6,55.6,melmetal:743;vigoroth:725;cramorant:675;sableye_shadow:545;ninetales_shadow:540,thievul:259;mimikyu:266;quagsire_shadow:403;altaria:449;tinkaton:478
ampharos,Ampharos,81.9,126.8,107.9,129,1766,VOLT_SWITCH,BRUTAL_SWING,TRAILBLAZE,77.9,74.9,72.8,73.8,cramorant:856;vigoroth:686;quagsire_shadow:612;thievul:527;corviknight:507,altaria:329;tinkaton:333;mimikyu:345;melmetal:441;ninetales_shadow:444
primarina,Primarina,81.9,131.6,115.6,112,1705,WATERFALL,MOONBLAST,HYDRO_CANNON,73.2,54.4,78.6,52.7,thievul:727;clodsire:727;altaria:647;sableye_shadow:522;quagsire_shadow:508,cramorant:170;melmetal:267;mimikyu:308;ninetales_shadow:384;tinkaton:468
zapdos_shadow,Zapdos (Shadow),81.9,138.1,103.4,112,1601,THUNDER_SHOCK,DRILL_PECK,HEAT_WAVE,81.6,86.7,77.6,36,corviknight:816;electrode_hisuian:772;tinkaton:736;cramorant:718;melmetal:620,ninetales_shadow:162;mimikyu:247;altaria:394;quagsire_shadow:416;vigoroth:434
mawile_shadow,Mawile (Shadow),81.8,124.7,120.8,119,1794,FAIRY_WIND,VICE_GRIP,IRON_HEAD,78.3,66.4,76.1,65.5,florges:869;thievul:785;sableye_shadow:701;vigoroth:647;azumarill:600,mimikyu:247;melmetal:328;tinkaton:382;altaria:402;cramorant:452
overqwil,Overqwil,81.8,131,106.8,122,1708,POISON_STING,AQUA_TAIL,DARK_PULSE,77.7,69.3,77.1,57.1,electrode_hisuian:848;corsola_galarian:643;thievul:635;mimikyu:610;sableye_shadow:606,cramorant:178;tinkaton:209;altaria:329;melmetal:352;ninetales_shadow:460
zeraora,Zeraora,81.7,138.3,100.9,114,1592,VOLT_SWITCH,PLASMA_FISTS,DYNAMIC_PUNCH,78.8,77.3,74.5,46.9,cramorant:872;vigoroth:732;corviknight:732;thievul:644;melmetal:605,ninetales_shadow:226;mimikyu:331;altaria:376;tinkaton:400;quagsire_shadow:444
dodrio,Dodrio,81.6,143.7,98.4,110,1557,PECK,DRILL_PECK,BRAVE_BIRD,78.6,66,76.1,39.4,corsola_galarian:850;altaria:668;cramorant:645;quagsire_shadow:645;sableye_shadow:527,melmetal:113;ninetales_shadow:242;tinkaton:255;mimikyu:327;vigoroth:448
lurantis_shadow,Lurantis (Shadow),81.6,126.2,117.8,119,1770,FURY_CUTTER,LEAF_BLADE,SUPER_POWER,76.9,67.6,76.6,53.5,quagsire_shadow:920;vigoroth:756;stunfisk:718;thievul:693;melmetal:596,ninetales_shadow:130;mimikyu:149;tinkaton:223;altaria:257;cramorant:436
solrock,Solrock,81.6,119.1,108.6,145,1876,PSYWAVE,WEATHER_BALL_FIRE,ROCK_SLIDE,74.8,82.9,71.7,57.7,talonflame:844;deoxys_defense:586;florges:565;fearow:551;ninetales_shadow:537,mimikyu:261;cramorant:325;tinkaton:368;melmetal:410;altaria:489
aurorus_shadow,Aurorus (Shadow),81.5,113.5,106.3,164,1979,POWDER_SNOW,WEATHER_BALL_ICE,METEOR_BEAM,73.7,57,71.2,56.6,electrode_hisuian:859;altaria:832;stunfisk:591;thievul:533;vigoroth:515,melmetal:113;ninetales_shadow:146;quagsire_shadow:220;mimikyu:308;tinkaton:333
cradily_shadow,Cradily (Shadow),81.5,105.2,140.3,144,2126,ACID,ROCK_TOMB,GRASS_KNOT,77.2,58,77.7,52.2,quagsire_shadow:732;ninetales_shadow:697;vigoroth:656;altaria:597;cramorant:572,melmetal:92;tinkaton:141;corviknight:300;mimikyu:392;sableye_shadow:460
croconaw,Croconaw,81.5,117.7,120,135,1908,SCRATCH,ICE_PUNCH,WATER_PULSE,74.1,69,77.7,56.9,tinkaton:596;quagsire_shadow:581;florges:525;ninetales_shadow:518;vigoroth:511,mimikyu:130;cramorant:376;sableye_shadow:392;melmetal:414;altaria:489
gastrodon,Gastrodon,81.5,113.2,103.4,168,1967,MUD_SLAP,BODY_SLAM,EARTH_POWER,78.6,56.1,77.3,74.6,stunfisk:770;melmetal:726;tinkaton:663;vigoroth:595;quagsire_shadow:520,altaria:250;mimikyu:271;ninetales_shadow:281;cramorant:305;corviknight:333
lickitung,Lickitung,81.5,96.6,127.7,186,2296,LICK,BODY_SLAM,POWER_WHIP,77.2,69,79.2,81.2,mimikyu:725;azumarill:669;corsola_galarian:645;quagsire_shadow:642;altaria:529,vigoroth:262;melmetal:291;tinkaton:379;ninetales_shadow:440;cramorant:468
machoke_shadow,Machoke (Shadow),81.5,126.7,97.3,143,1766,KARATE_CHOP,CROSS_CHOP,DYNAMIC_PUNCH,81.8,61.2,77.6,56.9,melmetal:884;vigoroth:772;tinkaton:678;quagsire_shadow:636;ninetales_shadow:548,mimikyu:121;altaria:293;sableye_shadow:340;corviknight:353;cramorant:384
probopass,Probopass,81.5,95.9,203.1,119,2320,ROCK_THROW,ROCK_SLIDE,MAGNET_BOMB,73.4,44.4,76.1,84.8,altaria:739;cramorant:718;ninetales_shadow:710;thievul:542;vigoroth:533,quagsire_shadow:164;melmetal:208;sableye_shadow:320;tinkaton:340;mimikyu:467
slurpuff,Slurpuff,81.5,116,119.4,139,1926,FAIRY_WIND,DRAINING_KISS,ENERGY_BALL,76.9,60.1,80,71.2,altaria:741;quagsire_shadow:726;thievul:679;sableye_shadow:618;corsola_galarian:582,mimikyu:205;tinkaton:212;melmetal:250;ninetales_shadow:309;cramorant:321
blaziken_shadow,Blaziken (Shadow),81.4,143.9,90.8,119,1556,EMBER,AURA_SPHERE,BLAZE_KICK,86.7,84,79.1,27.1,melmetal:827;tinkaton:823;vigoroth:693;ninetales_shadow:600;mimikyu:558,quagsire_shadow:102;cramorant:265;altaria:297;stunfisk:319;sableye_shadow:452
crustle_shadow,Crustle (Shadow),81.4,120.3,134.7,115,1864,FURY_CUTTER,X_SCISSOR,ROCK_WRECKER,72.1,63.5,79.9,44.1,sableye_shadow:734;altaria:695;thievul:691;vigoroth:565;ninetales_shadow:552,mimikyu:140;cramorant:162;melmetal:167;tinkaton:287;quagsire_shadow:493
grafaiai,Grafaiai,81.4,134.2,107.7,115,1664,SCRATCH,POISON_FANG,FOUL_PLAY,78.8,79.3,69,59.7,florges:865;mimikyu:686;corsola_galarian:600;ninetales_shadow:578;sableye_shadow:504,melmetal:352;tinkaton:382;vigoroth:403;altaria:413;cramorant:480
throh_shadow,Throh (Shadow),81.4,110.2,107.7,171,2032,LOW_KICK,BRICK_BREAK,BODY_SLAM,76.5,59.2,70.8,76.5,thievul:821;melmetal:675;ninetales_shadow:611;vigoroth:570;corviknight:558,mimikyu:182;altaria:268;cramorant:349;tinkaton:379;quagsire_shadow:484
victreebel_shadow,Victreebel (Shadow),81.4,135.1,93.5,131,1656,SUCKER_PUNCH,LEAF_BLADE,ACID_SPRAY,79.7,75.5,72.5,41.5,corsola_galarian:721;vigoroth:690;sableye_shadow:652;quagsire_shadow:648;melmetal:545,ninetales_shadow:257;tinkaton:315;corviknight:326;altaria:347;mimikyu:364
trumbeak_shadow,Trumbeak (Shadow),81.3,133.7,94.3,132,1665,PECK,DRILL_PECK,ROCK_BLAST,80,71.8,72.8,39.9,sableye_shadow:844;vigoroth:693;quagsire_shadow:651;cramorant:617;thievul:617,melmetal:140;ninetales_shadow:281;tinkaton:312;mimikyu:387;altaria:431
castform,Castform,81.2,112.6,121.2,146,1994,HEX,WEATHER_BALL_ROCK,ENERGY_BALL,77.1,66.9,74.1,63.1,mimikyu:821;corsola_galarian:715;quagsire_shadow:647;altaria:592;cramorant:544,melmetal:215;vigoroth:251;corviknight:363;ninetales_shadow:392;tinkaton:407
latias_shadow,Latias (Shadow),81.2,126.7,135.1,103,1765,DRAGON_BREATH,AURA_SPHERE,MIST_BALL,75.1,65.8,72.5,44.6,quagsire_shadow:708;vigoroth:703;ninetales_shadow:689;stunfisk:655;melmetal:621,mimikyu:121;cramorant:265;tinkaton:294;corviknight:353;altaria:471
lunatone,Lunatone,81.2,119.1,108.6,145,1876,PSYWAVE,WEATHER_BALL_ICE,ROCK_SLIDE,76.3,78.3,71.3,60.3,stunfisk:600;florges:565;cramorant:541;ninetales_shadow:537;altaria:524,mimikyu:261;tinkaton:290;melmetal:311;quagsire_shadow:381;vigoroth:424
machamp,Machamp,81.2,135.4,98.6,124,1656,KARATE_CHOP,CROSS_CHOP,ROCK_SLIDE,77.4,60.7,75.9,57.7,melmetal:866;thievul:834;vigoroth:802;ninetales_shadow:568;quagsire_shadow:564,mimikyu:79;cramorant:123;corviknight:320;altaria:387;tinkaton:471
pangoro,Pangoro,81.2,133.9,93.7,133,1670,KARATE_CHOP,CLOSE_COMBAT,NIGHT_SLASH,85.3,67,76.9,60,thievul:860;vigoroth:793;quagsire_shadow:642;melmetal:609;ninetales_shadow:586,cramorant:123;corviknight:283;mimikyu:299;altaria:387;tinkaton:425
coalossal,Coalossal,81.1,98.1,139.3,167,2285,FIRE_SPIN,ROCK_SLIDE,FLAME_CHARGE,74.6,46.9,74.8,79.1,ninetales_shadow:763;sableye_shadow:628;tinkaton:604;altaria:583;corviknight:583,cramorant:202;quagsire_shadow:217;vigoroth:279;mimikyu:439;melmetal:445
dedenne,Dedenne,81.1,124.3,109,133,1804,THUNDER_SHOCK,DISCHARGE,PLAY_ROUGH,74.4,51.8,78.9,69.4,azumarill:793;cramorant:785;thievul:687;altaria:672;sableye_shadow:548,quagsire_shadow:114;mimikyu:191;tinkaton:265;melmetal:342;ninetales_shadow:384
hawlucha,Hawlucha,81.1,127.4,107.6,128,1756,LOW_KICK,FLYING_PRESS,AERIAL_ACE,76.8,52.9,77.1,60.5,vigoroth:761;quagsire_shadow:714;ninetales_shadow:621;corviknight:585;melmetal:578,mimikyu:121;cramorant:162;altaria:268;sableye_shadow:412;tinkaton:443
samurott_shadow,Samurott (Shadow),81.1,128,100.8,136,1756,FURY_CUTTER,HYDRO_CANNON,MEGAHORN,71,64.7,78.2,38.1,quagsire_shadow:705;vigoroth:702;sableye_shadow:702;thievul:665;corviknight:555,melmetal:126;mimikyu:140;cramorant:178;altaria:322;tinkaton:336
bombirdier,Bombirdier,81,127.8,117.1,117,1752,SUCKER_PUNCH,FLY,DRILL_RUN,71.6,65.8,76.3,53.7,corsola_galarian:824;deoxys_defense:790;jellicent:645;sableye_shadow:641;ninetales_shadow:572,altaria:318;melmetal:332;mimikyu:383;cramorant:408;tinkaton:411
fletchinder_shadow,Fletchinder (Shadow),81,123.3,102.6,143,1811,PECK,FLY,HEAT_WAVE,67.9,60.1,77.1,53.2,tinkaton:870;ninetales_shadow:678;corviknight:629;melmetal:594;altaria:503,vigoroth:244;quagsire_shadow:251;cramorant:261;sableye_shadow:264;mimikyu:289
pidgeot_shadow,Pidgeot (Shadow),81,116.9,115.5,142,1918,GUST,TWISTER,BRAVE_BIRD,77.1,61.2,81.4,65,altaria:742;sableye_shadow:612;ninetales_shadow:566;vigoroth:545;mimikyu:524,tinkaton:216;quagsire_shadow:298;cramorant:301;melmetal:359;corviknight:473
skarmory_shadow,Skarmory (Shadow),81,105.5,166.5,121,2127,AIR_SLASH,BRAVE_BIRD,DRILL_RUN,72.6,50.3,81,67.3,rillaboom:636;jellicent:603;florges:590;corsola_galarian:541;vigoroth:516,melmetal:188;altaria:253;mimikyu:303;cramorant:396;tinkaton:421
pangoro_shadow,Pangoro (Shadow),80.9,133.9,93.7,133,1670,KARATE_CHOP,CLOSE_COMBAT,NIGHT_SLASH,89.1,74.6,82.2,44.6,thievul:860;vigoroth:725;quagsire_shadow:597;melmetal:526;ninetales_shadow:503,sableye_shadow:344;cramorant:353;mimikyu:383;altaria:438;tinkaton:496
charizard,Charizard,80.8,132.7,108.8,117,1691,EMBER,BLAST_BURN,AIR_CUTTER,78.5,57.6,76.4,59.2,tinkaton:910;corviknight:910;sableye_shadow:696;melmetal:641;ninetales_shadow:512,cramorant:123;mimikyu:191;altaria:246;quagsire_shadow:295;vigoroth:486
electivire_shadow,Electivire (Shadow),80.8,143.3,100.8,108,1562,THUNDER_SHOCK,ICE_PUNCH,WILD_CHARGE,81,85.3,86.3,22.1,tinkaton:773;altaria:745;cramorant:708;vigoroth:625;sableye_shadow:625,quagsire_shadow:102;ninetales_shadow:162;melmetal:188;mimikyu:247;corsola_galarian:474
fletchinder,Fletchinder,80.8,123.3,102.6,143,1811,PECK,FLY,HEAT_WAVE,72.4,57,77.7,63.1,ninetales_shadow:741;melmetal:660;tinkaton:587;vigoroth:520;altaria:510,quagsire_shadow:220;sableye_shadow:264;mimikyu:289;corsola_galarian:363;cramorant:496
regirock,Regirock,80.8,104.5,179.9,114,2144,LOCK_ON,STONE_EDGE,FOCUS_BLAST,71.5,70.4,86.6,55.3,cramorant:640;ninetales_shadow:627;thievul:618;vigoroth:596;altaria:557,mimikyu:163;tinkaton:223;quagsire_shadow:248;melmetal:253;corviknight:296
rufflet,Rufflet,80.8,126.7,92.1,152,1775,PECK,BRAVE_BIRD,FLY,71.5,52.1,82.2,49,sableye_shadow:625;ninetales_shadow:585;vigoroth:539;altaria:532;mimikyu:523,quagsire_shadow:220;cramorant:242;tinkaton:258;corviknight:290;melmetal:445
dewgong_shadow,Dewgong (Shadow),80.7,101.9,136.9,157,2192,ICE_SHARD,ICY_WIND,DRILL_RUN,74.3,62.7,75.8,57.7,tinkaton:652;altaria:649;stunfisk:649;cramorant:621;corviknight:573,ninetales_shadow:182;melmetal:188;mimikyu:415;vigoroth:448;quagsire_shadow:472
murkrow,Murkrow,80.7,143.1,81.1,135,1568,PECK,DRILL_PECK,FOUL_PLAY,79.9,75.3,74.6,40.4,sableye_shadow:774;quagsire_shadow:666;cramorant:659;corviknight:655;thievul:614,melmetal:113;ninetales_shadow:242;tinkaton:255;mimikyu:327;altaria:409
pawmot,Pawmot,80.7,145,95.4,112,1552,THUNDER_SHOCK,BRICK_BREAK,WILD_CHARGE,79.6,73.2,78.6,37.8,vigoroth:727;corviknight:723;melmetal:691;cramorant:678;sableye_shadow:638,ninetales_shadow:202;altaria:235;mimikyu:252;quagsire_shadow:304;tinkaton:358
castform_snowy,Castform (Snowy),80.6,112.6,121.2,146,1994,POWDER_SNOW,WEATHER_BALL_ICE,BLIZZARD,74.4,58.7,78.2,62.9,altaria:859;stunfisk:715;cramorant:565;vigoroth:551;mimikyu:517,tinkaton:141;quagsire_shadow:189;ninetales_shadow:242;melmetal:277;corviknight:356
starmie_shadow,Starmie (Shadow),80.6,133.1,122,104,1690,PSYWAVE,AQUA_JET,POWER_GEM,74.3,72.7,71.7,39.4,vigoroth:706;altaria:663;quagsire_shadow:649;cramorant:629;melmetal:543,sableye_shadow:164;ninetales_shadow:289;mimikyu:327;tinkaton:400;corviknight:406
typhlosion_shadow,Typhlosion (Shadow),80.6,132.7,108.8,117,1691,INCINERATE,BLAST_BURN,THUNDER_PUNCH,78.8,73.3,73.1,47.2,tinkaton:867;corviknight:739;melmetal:662;ninetales_shadow:649;cramorant:619,quagsire_shadow:161;altaria:311;mimikyu:345;sableye_shadow:356;vigoroth:496
claydol,Claydol,80.5,103.5,172.6,121,2164,MUD_SLAP,ROCK_TOMB,SHADOW_BALL,73.4,55.2,75.9,65.7,stunfisk:735;electrode_hisuian:698;tinkaton:673;melmetal:648;ninetales_shadow:512,cramorant:123;quagsire_shadow:251;mimikyu:266;altaria:329;vigoroth:462
gurdurr_shadow,Gurdurr (Shadow),80.5,125.3,100.1,143,1795,LOW_KICK,BRICK_BREAK,STONE_EDGE,75.5,60.3,69,54.3,altaria:744;vigoroth:716;quagsire_shadow:629;melmetal:590;ninetales_shadow:506,mimikyu:121;sableye_shadow:196;cramorant:285;corviknight:400;tinkaton:421
gyarados_shadow,Gyarados (Shadow),80.5,130.7,108.5,121,1717,DRAGON_BREATH,AQUA_TAIL,TWISTER,78.2,74.6,75.1,45.6,marowak:871;altaria:760;fearow:735;ninetales_shadow:710;corviknight:652,mimikyu:149;tinkaton:262;melmetal:349;vigoroth:417;quagsire_shadow:478
quaquaval,Quaquaval,80.5,137.7,98.6,120,1630,LOW_KICK,CLOSE_COMBAT,HYDRO_CANNON,72.4,61,77.7,50.3,vigoroth:745;quagsire_shadow:691;tinkaton:670;thievul:666;fearow:579,mimikyu:121;ninetales_shadow:218;altaria:264;melmetal:311;cramorant:341
volbeat,Volbeat,80.5,111.4,136.2,133,2019,INFESTATION,LUNGE,THUNDERBOLT,76.3,46.6,73.5,68.6,stunfisk:657;electrode_hisuian:657;sableye_shadow:639;thievul:635;quagsire_shadow:582,cramorant:142;mimikyu:177;tinkaton:287;melmetal:356;altaria:365
zekrom_shadow,Zekrom (Shadow),80.5,138.4,108.9,107,1614,DRAGON_BREATH,FUSION_BOLT,CRUNCH,68.1,66.3,77.7,37.8,melmetal:677;electrode_hisuian:644;corsola_galarian:635;ninetales_shadow:630;corviknight:523,mimikyu:242;vigoroth:279;quagsire_shadow:313;altaria:384;tinkaton:386
gliscor,Gliscor,80.4,115.6,144.4,116,1939,WING_ATTACK,NIGHT_SLASH,ACROBATICS,77.1,63.3,81.7,67.8,quagsire_shadow:672;ninetales_shadow:659;vigoroth:560;sableye_shadow:538;corsola_galarian:530,tinkaton:141;mimikyu:252;cramorant:273;melmetal:328;altaria:438
nidorina,Nidorina,80.4,110.9,113.4,157,1975,POISON_STING,POISON_FANG,THUNDERBOLT,75.1,65.5,75.1,69.7,electrode_hisuian:869;azumarill:824;florges:729;mimikyu:573;thievul:550,cramorant:269;melmetal:311;ninetales_shadow:361;altaria:438;tinkaton:471
primeape_shadow,Primeape (Shadow),80.4,138.7,100.1,116,1611,KARATE_CHOP,RAGE_FIST,ICE_PUNCH,81,85.3,64.9,45.9,electrode_hisuian:801;altaria:762;thievul:762;vigoroth:685;melmetal:512,mimikyu:135;ninetales_shadow:218;corviknight:333;cramorant:361;tinkaton:404
hypno,Hypno,80.3,103.4,142.9,147,2174,CONFUSION,SHADOW_BALL,THUNDER_PUNCH,76.8,60.6,77.4,75.9,florges:663;cramorant:653;corviknight:632;quagsire_shadow:585;ninetales_shadow:568,mimikyu:289;melmetal:356;tinkaton:368;vigoroth:417;altaria:442
mightyena_shadow,Mightyena (Shadow),80.3,125.8,105.7,133,1771,SUCKER_PUNCH,CRUNCH,POISON_FANG,75.4,77.8,66.1,59.7,corsola_galarian:785;stunfisk:593;mimikyu:560;sableye_shadow:533;corviknight:503,melmetal:301;altaria:307;tinkaton:336;cramorant:392;ninetales_shadow:480
arctibax,Arctibax,80.2,122.8,98.5,151,1829,DRAGON_BREATH,AVALANCHE,DRAGON_CLAW,74.1,62.1,77.6,46.7,stunfisk:711;altaria:692;ninetales_shadow:596;cramorant:582;vigoroth:579,mimikyu:126;tinkaton:230;quagsire_shadow:251;sableye_shadow:280;melmetal:345
blaziken,Blaziken,80.2,143.9,90.8,119,1556,EMBER,AURA_SPHERE,BLAST_BURN,80.8,69.8,77.4,35.2,tinkaton:815;vigoroth:768;corviknight:743;melmetal:668;sableye_shadow:659,quagsire_shadow:77;mimikyu:233;altaria:275;cramorant:309;ninetales_shadow:464
lanturn,Lanturn,80.2,104.8,105.5,194,2145,SPARK,SURF,THUNDERBOLT,76.9,62.9,78.6,67.1,cramorant:726;corviknight:695;ninetales_shadow:623;sableye_shadow:564;melmetal:507,mimikyu:303;tinkaton:361;quagsire_shadow:366;vigoroth:368;altaria:387
ledian_shadow,Ledian (Shadow),80.2,101.3,162.5,134,2208,ROLLOUT,ACROBATICS,DYNAMIC_PUNCH,72.4,47.8,76.3,52.4,rillaboom:757;florges:615;deoxys_defense:600;sableye_shadow:589;vigoroth:529,mimikyu:186;cramorant:226;altaria:471;melmetal:472;tinkaton:482
drifblim_shadow,Drifblim (Shadow),80.1,119.1,75.7,209,1887,ASTONISH,ICY_WIND,SHADOW_BALL,75.7,59.2,66.4,61.3,corviknight:712;mimikyu:653;vigoroth:614;altaria:574;quagsire_shadow:514,tinkaton:287;sableye_shadow:300;cramorant:337;melmetal:359;ninetales_shadow:384
gyarados,Gyarados,80.1,130.7,108.5,121,1717,DRAGON_BREATH,AQUA_TAIL,TWISTER,74.4,73.3,74.6,60.5,ninetales_shadow:743;araquanid:586;deoxys_defense:578;marowak:520;cramorant:504,mimikyu:121;tinkaton:234;melmetal:318;quagsire_shadow:366;altaria:492
hypno_shadow,Hypno (Shadow),80.1,103.4,142.9,147,2174,CONFUSION,THUNDER_PUNCH,ICE_PUNCH,77.4,56.6,75.8,67.6,altaria:751;ninetales_shadow:663;quagsire_shadow:605;cramorant:595;stunfisk:547,sableye_shadow:112;mimikyu:317;melmetal:369;tinkaton:475;vigoroth:489
amaura_shadow,Amaura (Shadow),80,114.2,104.1,165,1965,POWDER_SNOW,WEATHER_BALL_ICE,THUNDERBOLT,72.9,61.8,70.5,56.6,electrode_hisuian:860;altaria:833;stunfisk:587;thievul:533;vigoroth:506,melmetal:113;ninetales_shadow:146;mimikyu:303;tinkaton:333;quagsire_shadow:413
nidoqueen_shadow,Nidoqueen (Shadow),80,116.5,118.4,139,1920,MUD_SLAP,EARTH_POWER,POISON_FANG,72.3,58.3,72.8,65,tinkaton:866;vigoroth:705;melmetal:676;corsola_galarian:672;ninetales_shadow:597,corviknight:143;quagsire_shadow:204;altaria:250;cramorant:293;mimikyu:364
scizor_shadow,Scizor (Shadow),80,137.8,112,105,1622,FURY_CUTTER,NIGHT_SLASH,TRAILBLAZE,76.6,72.9,64.8,51.4,electrode_hisuian:780;vigoroth:776;thievul:609;stunfisk:538;quagsire_shadow:528,cramorant:166;mimikyu:242;tinkaton:294;altaria:322;melmetal:366
starmie,Starmie,80,133.1,122,104,1690,PSYWAVE,AQUA_JET,POWER_GEM,71.6,66.7,72.8,52.4,clodsire:836;altaria:774;azumarill:576;quagsire_shadow:504;corviknight:504,ninetales_shadow:218;cramorant:265;mimikyu:345;tinkaton:365;melmetal:407
gallade_shadow,Gallade (Shadow),79.9,136.5,115.6,104,1642,PSYCHO_CUT,LEAF_BLADE,SACRED_SWORD,80.8,68,69,33.9,melmetal:841;quagsire_shadow:841;vigoroth:764;tinkaton:620;stunfisk:504,mimikyu:182;corviknight:290;altaria:409;cramorant:428;ninetales_shadow:432
jirachi,Jirachi,79.9,120.4,119.3,129,1855,CONFUSION,DOOM_DESIRE,AURA_SPHERE,74.4,62.4,77.3,62.4,vigoroth:697;melmetal:635;cramorant:612;quagsire_shadow:596;tinkaton:527,sableye_shadow:112;ninetales_shadow:226;mimikyu:317;corviknight:376;altaria:402
poliwrath_shadow,Poliwrath (Shadow),79.9,115.8,122,137,1936,MUD_SHOT,ICY_WIND,DYNAMIC_PUNCH,74,62.6,74.3,55,thievul:748;melmetal:642;vigoroth:605;ninetales_shadow:569;altaria:507,mimikyu:144;cramorant:222;corviknight:346;tinkaton:421;quagsire_shadow:456
houndoom,Houndoom,79.8,139.5,97.3,118,1603,INCINERATE,FOUL_PLAY,TRAILBLAZE,77.2,66.7,67.4,49,corsola_galarian:792;sableye_shadow:783;tinkaton:771;corviknight:741;ninetales_shadow:665,quagsire_shadow:142;altaria:304;melmetal:352;mimikyu:401;cramorant:428
salamence_shadow,Salamence (Shadow),79.8,143.4,93,117,1562,DRAGON_TAIL,FLY,BRUTAL_SWING,76.3,60.7,76.3,34.4,jellicent:756;fearow:688;ninetales_shadow:619;thievul:568;altaria:547,melmetal:140;mimikyu:168;tinkaton:258;vigoroth:417;cramorant:444
trevenant_shadow,Trevenant (Shadow),79.8,127.8,104.6,131,1752,SHADOW_CLAW,SHADOW_BALL,FOUL_PLAY,73.4,63,70,51.4,tinkaton:793;vigoroth:599;corsola_galarian:583;melmetal:580;corviknight:557,ninetales_shadow:226;cramorant:242;quagsire_shadow:251;altaria:478;mimikyu:481
bellossom,Bellossom,79.7,115,132.2,128,1948,ACID,LEAF_BLADE,DAZZLING_GLEAM,71.5,62.9,77.3,71,electrode_hisuian:902;quagsire_shadow:824;stunfisk:789;florges:777;sableye_shadow:519,tinkaton:187;altaria:206;melmetal:222;mimikyu:252;cramorant:416
mamoswine_shadow,Mamoswine (Shadow),79.7,136.2,87.3,138,1642,POWDER_SNOW,ICICLE_SPEAR,HIGH_HORSEPOWER,76,51.6,71,36.8,tinkaton:778;altaria:706;vigoroth:706;sableye_shadow:634;cramorant:630,melmetal:140;ninetales_shadow:162;quagsire_shadow:226;mimikyu:355;corviknight:453
mightyena,Mightyena,79.7,125.8,105.7,133,1771,SUCKER_PUNCH,CRUNCH,POISON_FANG,75.5,70.9,69.4,66.3,corsola_galarian:815;quagsire_shadow:654;corviknight:627;sableye_shadow:601;ninetales_shadow:560,melmetal:250;tinkaton:262;cramorant:337;altaria:405;mimikyu:415
salazzle,Salazzle,79.7,147,91.2,114,1529,INCINERATE,POISON_FANG,DRAGON_PULSE,77.9,65.5,63.6,48.8,tinkaton:907;vigoroth:732;altaria:666;ninetales_shadow:640;melmetal:600,quagsire_shadow:152;mimikyu:327;sableye_shadow:332;cramorant:432;corviknight:486
scizor,Scizor,79.7,137.8,112,105,1622,FURY_CUTTER,NIGHT_SLASH,TRAILBLAZE,74.9,68.6,68.4,64.2,electrode_hisuian:823;rillaboom:823;thievul:661;quagsire_shadow:619;stunfisk:576,mimikyu:149;altaria:300;melmetal:315;cramorant:365;tinkaton:400
swanna,Swanna,79.7,128.5,101,134,1742,GUST,AQUA_JET,FLY,75.2,59.5,78.6,58.7,marowak:805;ninetales_shadow:608;azumarill:597;vigoroth:529;cramorant:514,quagsire_shadow:282;mimikyu:345;altaria:347;tinkaton:407;melmetal:438
teddiursa_shadow,Teddiursa (Shadow),79.7,131.5,90.4,142,1690,SCRATCH,SWIFT,CROSS_CHOP,79.9,79.6,69.5,36.5,vigoroth:742;thievul:679;cramorant:665;ninetales_shadow:524;stunfisk:524,mimikyu:252;tinkaton:326;altaria:427;quagsire_shadow:465;melmetal:482
ursaluna_shadow,Ursaluna (Shadow),79.7,125.6,98.6,144,1786,SCRATCH,THUNDER_PUNCH,HIGH_HORSEPOWER,71.2,60.1,71.3,40.4,tinkaton:770;stunfisk:701;cramorant:677;corsola_galarian:659;sableye_shadow:534,mimikyu:158;melmetal:188;quagsire_shadow:201;ninetales_shadow:289;altaria:405
zapdos,Zapdos,79.7,135.6,104.6,115,1633,THUNDER_SHOCK,DRILL_PECK,HEAT_WAVE,75.1,76,75.4,55.8,fearow:839;cramorant:760;azumarill:760;corviknight:708;melmetal:665,mimikyu:191;altaria:311;quagsire_shadow:332;ninetales_shadow:440;tinkaton:443
grimmsnarl,Grimmsnarl,79.6,136.2,90.8,133,1646,SUCKER_PUNCH,FOUL_PLAY,DRAINING_KISS,70.2,63,72.2,54.8,corsola_galarian:785;deoxys_defense:770;sableye_shadow:631;thievul:605;jellicent:605,tinkaton:187;melmetal:250;cramorant:353;mimikyu:383;altaria:431
gurdurr,Gurdurr,79.6,125.3,100.1,143,1795,LOW_KICK,BRICK_BREAK,STONE_EDGE,72.7,56,73.5,61.6,thievul:821;vigoroth:786;melmetal:639;ninetales_shadow:576;corviknight:503,mimikyu:121;altaria:210;cramorant:261;tinkaton:372;quagsire_shadow:462
tinkatuff,Tinkatuff,79.6,104.1,134.4,149,2087,FAIRY_WIND,PLAY_ROUGH,FLASH_CANNON,75.7,55,80.5,73.8,thievul:748;sableye_shadow:664;altaria:654;florges:630;corsola_galarian:530,ninetales_shadow:107;mimikyu:275;melmetal:284;tinkaton:365;cramorant:424
gogoat,Gogoat,79.5,119.7,94.9,165,1876,VINE_WHIP,LEAF_BLADE,ROCK_SLIDE,72.3,59.8,76.1,66.5,quagsire_shadow:915;azumarill:887;stunfisk:766;florges:557;vigoroth:551,ninetales_shadow:99;tinkaton:234;melmetal:260;mimikyu:271;altaria:322
magnemite_shadow,Magnemite (Shadow),79.5,147.8,113.6,90,1512,VOLT_SWITCH,MAGNET_BOMB,DISCHARGE,80.5,61.8,60.6,46.4,cramorant:877;tinkaton:777;vigoroth:750;altaria:716;corviknight:550,quagsire_shadow:164;melmetal:263;ninetales_shadow:289;mimikyu:420;corsola_galarian:435
timburr,Timburr,79.5,125.2,85.7,164,1760,LOW_KICK,BRICK_BREAK,ROCK_TOMB,71.5,61.2,68.5,65,thievul:814;vigoroth:753;melmetal:649;ninetales_shadow:600;corviknight:527,mimikyu:130;altaria:210;cramorant:261;tinkaton:372;quagsire_shadow:462
aipom_shadow,Aipom (Shadow),79.4,124.3,106.7,135,1792,SCRATCH,SWIFT,AERIAL_ACE,74.1,66.6,69.7,48,fearow:762;talonflame:670;stunfisk:588;ninetales_shadow:577;rillaboom:525,mimikyu:158;cramorant:265;tinkaton:283;melmetal:321;altaria:420
arbok_shadow,Arbok (Shadow),79.4,123.7,120.1,122,1814,ACID,BRUTAL_SWING,WRAP,75.4,74.9,65.1,52.4,florges:872;electrode_hisuian:848;azumarill:799;rillaboom:774;ninetales_shadow:545,tinkaton:280;melmetal:301;mimikyu:317;altaria:365;quagsire_shadow:391
munchlax,Munchlax,79.4,103.1,96.5,218,2172,TACKLE,BODY_SLAM,BULLDOZE,73.4,71,73.5,67.6,azumarill:626;fearow:616;tinkaton:575;corsola_galarian:552;ninetales_shadow:525,melmetal:188;mimikyu:322;altaria:405;cramorant:432;quagsire_shadow:481
probopass_shadow,Probopass (Shadow),79.4,97.3,198.9,119,2305,ROCK_THROW,ROCK_SLIDE,MAGNET_BOMB,70.9,41.8,74.6,82.2,altaria:710;cramorant:710;ninetales_shadow:684;corsola_galarian:529;mimikyu:512,melmetal:157;quagsire_shadow:204;corviknight:263;vigoroth:293;tinkaton:393
amoonguss_shadow,Amoonguss (Shadow),79.3,109.3,105.9,177,2050,ASTONISH,GRASS_KNOT,FOUL_PLAY,71.2,53,75.9,61,corsola_galarian:748;stunfisk:720;quagsire_shadow:570;sableye_shadow:514;mimikyu:511,ninetales_shadow:202;cramorant:253;altaria:340;tinkaton:432;melmetal:458
armarouge,Armarouge,79.3,132.1,109.6,117,1695,INCINERATE,PSYSHOCK,HEAT_WAVE,74,76.6,71.8,57.7,tinkaton:871;electrode_hisuian:824;melmetal:679;corviknight:529;florges:521,quagsire_shadow:133;mimikyu:289;altaria:340;cramorant:416;ninetales_shadow:496
gliscor_shadow,Gliscor (Shadow),79.3,115.6,144.4,116,1939,WING_ATTACK,NIGHT_SLASH,ACROBATICS,76.5,69.5,77.4,58.4,stunfisk:642;electrode_hisuian:625;clodsire:607;ninetales_shadow:573;quagsire_shadow:568,tinkaton:141;mimikyu:247;melmetal:315;cramorant:353;altaria:463
toedscruel,Toedscruel,79.3,108.9,143.5,131,2047,MUD_SLAP,SEED_BOMB,EARTH_POWER,74.9,44.4,75.6,74.9,melmetal:774;quagsire_shadow:759;tinkaton:751;vigoroth:637;ninetales_shadow:511,altaria:184;cramorant:265;corviknight:293;thievul:362;mimikyu:397
vikavolt_shadow,Vikavolt (Shadow),79.3,144.1,96.6,111,1547,VOLT_SWITCH,DISCHARGE,X_SCISSOR,80.8,79.6,62.8,40.7,corviknight:815;cramorant:779;vigoroth:635;melmetal:626;sableye_shadow:590,ninetales_shadow:273;mimikyu:415;altaria:463;tinkaton:489;quagsire_shadow:496
bastiodon_shadow,Bastiodon (Shadow),79.2,80.6,247.6,139,2776,SMACK_DOWN,STONE_EDGE,FLAMETHROWER,66.7,34.9,76.4,83.2,altaria:741;cramorant:615;ninetales_shadow:604;azumarill:550;corsola_galarian:532,quagsire_shadow:152;melmetal:157;tinkaton:187;vigoroth:362;mimikyu:439
cetoddle,Cetoddle,79.2,112.6,79.8,213,1915,POWDER_SNOW,AVALANCHE,BODY_SLAM,74.3,66.1,76.8,65.7,altaria:791;stunfisk:751;thievul:553;vigoroth:542;sableye_shadow:528,quagsire_shadow:189;tinkaton:258;mimikyu:266;ninetales_shadow:293;melmetal:328
hippopotas,Hippopotas,79.2,115.1,111.7,152,1956,SAND_ATTACK,ROCK_TOMB,DIG,74.1,68.3,75,54.8,tinkaton:750;melmetal:621;altaria:582;ninetales_shadow:569;corsola_galarian:565,mimikyu:364;quagsire_shadow:366;vigoroth:403;cramorant:412;corviknight:433
tentacruel_shadow,Tentacruel (Shadow),79.2,108.9,143.5,131,2047,ACID,SCALD,PAYBACK,68.5,58.6,80.5,49.6,ninetales_shadow:629;altaria:530;tinkaton:522;thievul:522;cramorant:503,melmetal:136;quagsire_shadow:204;sableye_shadow:212;vigoroth:251;mimikyu:341
victreebel,Victreebel,79.2,135.1,93.5,131,1656,SUCKER_PUNCH,LEAF_BLADE,SLUDGE_BOMB,74,61.3,68.5,49,electrode_hisuian:881;deoxys_defense:858;quagsire_shadow:709;florges:641;stunfisk:633,cramorant:242;altaria:307;mimikyu:308;tinkaton:322;melmetal:441
klang,Klang,79.1,114,137.7,125,1965,METAL_SOUND,VICE_GRIP,THUNDERBOLT,72.1,67,76.1,66.3,azumarill:656;florges:604;feraligatr:592;tinkaton:584;fearow:584,altaria:271;ninetales_shadow:305;cramorant:353;melmetal:366;mimikyu:453
oinkologne,Oinkologne,79.1,117.6,101.5,159,1901,TAKE_DOWN,BODY_SLAM,TRAILBLAZE,73.5,63.8,70.2,63.9,corsola_galarian:635;florges:572;vigoroth:566;stunfisk:525;thievul:522,tinkaton:265;melmetal:335;quagsire_shadow:363;mimikyu:364;ninetales_shadow:384
palkia_shadow,Palkia (Shadow),79.1,140.3,109.9,100,1544,DRAGON_BREATH,AQUA_TAIL,DRACO_METEOR,79.4,73,60.3,37.3,ninetales_shadow:775;quagsire_shadow:690;sableye_shadow:635;thievul:590;corsola_galarian:555,mimikyu:233;tinkaton:276;melmetal:424;altaria:438;vigoroth:486
raticate_alolan,Raticate (Alolan),79.1,107,130.1,150,2091,BITE,CRUNCH,RETURN,70.7,47.5,79.7,61,corsola_galarian:780;cramorant:563;vigoroth:563;mimikyu:533;altaria:526,tinkaton:95;melmetal:126;quagsire_shadow:372;corviknight:373;ninetales_shadow:416
swanna_shadow,Swanna (Shadow),79.1,128.5,101,134,1742,GUST,AQUA_JET,FLY,71,52.7,77.9,56.1,clodsire:817;araquanid:604;azumarill:567;deoxys_defense:552;ninetales_shadow:514,melmetal:167;cramorant:384;mimikyu:401;tinkaton:407;altaria:413
trumbeak,Trumbeak,79.1,134,93.2,134,1676,PECK,DRILL_PECK,ROCK_BLAST,75.5,66.1,73.3,53,sableye_shadow:884;fearow:735;rillaboom:638;jellicent:634;ninetales_shadow:570,tinkaton:248;melmetal:291;mimikyu:327;altaria:398;vigoroth:455
wailmer,Wailmer,79.1,116.5,68.2,242,1927,ROLLOUT,SCALD,BODY_SLAM,75.1,60.7,75,54.3,tinkaton:599;quagsire_shadow:588;ninetales_shadow:576;vigoroth:570;altaria:508,mimikyu:186;melmetal:366;corviknight:370;corsola_galarian:377;cramorant:484
amaura,Amaura,79,114.2,104.1,165,1965,POWDER_SNOW,WEATHER_BALL_ICE,THUNDERBOLT,72.1,59,73.5,68.4,electrode_hisuian:887;altaria:833;stunfisk:584;cramorant:566;thievul:521,melmetal:113;ninetales_shadow:253;mimikyu:271;tinkaton:301;quagsire_shadow:347
dragonite,Dragonite,79,135.8,107.3,113,1647,DRAGON_BREATH,THUNDER_PUNCH,SUPER_POWER,79.1,52,72.3,51.4,quagsire_shadow:765;vigoroth:730;ninetales_shadow:707;cramorant:654;melmetal:601,mimikyu:140;tinkaton:226;corsola_galarian:309;sableye_shadow:448;altaria:478
typhlosion,Typhlosion,79,132.7,108.8,117,1691,INCINERATE,BLAST_BURN,THUNDER_PUNCH,74.1,69.3,75.8,53.7,tinkaton:871;corviknight:739;cramorant:662;melmetal:576;stunfisk:529,quagsire_shadow:133;mimikyu:289;altaria:336;vigoroth:424;ninetales_shadow:496
bellossom_shadow,Bellossom (Shadow),78.9,115,132.2,128,1948,ACID,LEAF_BLADE,DAZZLING_GLEAM,71.5,59.8,72.2,55.3,quagsire_shadow:925;azumarill:855;stunfisk:769;electrode_hisuian:652;florges:523,melmetal:239;mimikyu:247;tinkaton:251;cramorant:452;altaria:489
centiskorch,Centiskorch,78.9,128.7,99.4,136,1740,EMBER,LUNGE,HEAT_WAVE,73.5,63.2,72.5,69.4,melmetal:757;thievul:720;tinkaton:709;corviknight:580;stunfisk:536,cramorant:123;mimikyu:224;ninetales_shadow:313;quagsire_shadow:329;altaria:351
dudunsparce,Dudunsparce,78.9,116.1,98.5,169,1935,BITE,DRILL_RUN,BODY_SLAM,71.3,77.6,74,53.2,corsola_galarian:689;stunfisk:662;clodsire:609;mimikyu:606;florges:565,tinkaton:304;altaria:413;cramorant:436;melmetal:445;ninetales_shadow:492
thundurus_incarnate_shadow,Thundurus (Incarnate) (Shadow),78.9,148.1,95.5,107,1514,THUNDER_SHOCK,THUNDER_PUNCH,BRICK_BREAK,78,77.5,69.4,38.1,corviknight:827;cramorant:705;vigoroth:658;melmetal:602;thievul:574,ninetales_shadow:186;mimikyu:247;quagsire_shadow:319;tinkaton:343;altaria:376
vespiquen,Vespiquen,78.9,108.8,143.4,132,2062,FURY_CUTTER,X_SCISSOR,POWER_GEM,71.3,65.6,73.1,63.7,rillaboom:787;thievul:768;florges:602;sableye_shadow:594;ninetales_shadow:515,mimikyu:257;cramorant:273;tinkaton:283;melmetal:284;altaria:467
whimsicott,Whimsicott,78.9,118.7,135,118,1892,FAIRY_WIND,SEED_BOMB,MOONBLAST,73,53,76.9,77.5,quagsire_shadow:919;thievul:826;stunfisk:788;altaria:699;sableye_shadow:639,ninetales_shadow:99;mimikyu:191;tinkaton:219;melmetal:297;cramorant:317
froslass,Froslass,78.8,122.5,114.8,130,1831,POWDER_SNOW,AVALANCHE,SHADOW_BALL,67.6,51,79.6,52.4,clodsire:903;altaria:719;stunfisk:696;vigoroth:665;florges:638,ninetales_shadow:130;quagsire_shadow:220;mimikyu:289;tinkaton:351;melmetal:448
golbat,Golbat,78.8,117.6,116.2,139,1901,WING_ATTACK,POISON_FANG,SHADOW_BALL,72.3,63.2,71.5,68.9,rillaboom:780;florges:669;sableye_shadow:532;tinkaton:525;mimikyu:507,quagsire_shadow:158;melmetal:188;altaria:333;cramorant:333;ninetales_shadow:440
registeel_shadow,Registeel (Shadow),78.8,95.4,188.9,127,2291,LOCK_ON,FLASH_CANNON,FOCUS_BLAST,70.6,50.9,84.3,57.4,thievul:622;melmetal:610;altaria:598;corsola_galarian:551;vigoroth:531,quagsire_shadow:90;ninetales_shadow:103;mimikyu:186;cramorant:325;tinkaton:386
servine,Servine,78.8,105.8,140.3,142,2110,VINE_WHIP,GRASS_KNOT,WRAP,73.4,64.9,73.8,78,quagsire_shadow:911;stunfisk:848;electrode_hisuian:753;sableye_shadow:619;corsola_galarian:559,mimikyu:271;melmetal:315;tinkaton:365;cramorant:376;altaria:387
dewott_shadow,Dewott (Shadow),78.7,124.1,99.7,146,1808,FURY_CUTTER,AQUA_TAIL,X_SCISSOR,73.8,69.2,73,47.7,deoxys_defense:842;electrode_hisuian:750;ninetales_shadow:719;thievul:719;clodsire:561,mimikyu:121;cramorant:178;tinkaton:255;altaria:275;melmetal:335
lileep,Lileep,78.7,100.8,138.6,151,2111,ACID,GRASS_KNOT,ANCIENT_POWER,72.9,53.2,78.2,61.3,quagsire_shadow:748;altaria:625;stunfisk:625;cramorant:556;vigoroth:513,tinkaton:163;melmetal:184;corviknight:240;mimikyu:467;ninetales_shadow:476
magneton_shadow,Magneton (Shadow),78.7,143.4,114.6,95,1563,THUNDER_SHOCK,DISCHARGE,MAGNET_BOMB,73.8,55.6,74.1,40.9,florges:852;fearow:852;cramorant:773;azumarill:663;corviknight:615,ninetales_shadow:162;mimikyu:247;tinkaton:411;altaria:416;melmetal:431
audino,Audino,78.6,92.6,137.8,190,2428,CHARGE_BEAM,BODY_SLAM,DISARMING_VOICE,72.7,59.6,74,74.6,mimikyu:544;altaria:528;corsola_galarian:523;sableye_shadow:521;florges:505,melmetal:222;tinkaton:290;ninetales_shadow:345;quagsire_shadow:422;vigoroth:472
trevenant,Trevenant,78.6,127.8,104.6,131,1752,SHADOW_CLAW,SEED_BOMB,SHADOW_BALL,72.4,62.1,71.3,55.8,quagsire_shadow:919;melmetal:667;stunfisk:667;vigoroth:603;corsola_galarian:538,ninetales_shadow:194;cramorant:222;altaria:231;mimikyu:420;tinkaton:460
uxie,Uxie,78.6,102.1,176,122,2194,CONFUSION,SWIFT,THUNDER,75.5,55.6,74.8,74.4,florges:639;clodsire:631;quagsire_shadow:602;stunfisk:586;ninetales_shadow:516,mimikyu:275;melmetal:297;tinkaton:386;cramorant:432;altaria:456
victini,Victini,78.6,120.4,119.3,129,1855,CONFUSION,V_CREATE,PSYSHOCK,69.8,58.6,78.6,63.4,ninetales_shadow:736;vigoroth:717;corviknight:662;melmetal:600;tinkaton:600,thievul:102;sableye_shadow:112;quagsire_shadow:267;mimikyu:317;altaria:452
aipom,Aipom,78.5,124.3,106.7,135,1792,SCRATCH,SWIFT,AERIAL_ACE,71.2,66.9,70.2,59.5,feraligatr:629;blastoise:551;marowak:529;florges:525;stunfisk:507,melmetal:236;cramorant:265;tinkaton:265;altaria:322;mimikyu:369
ariados,Ariados,78.5,124.2,103.8,140,1806,POISON_STING,LUNGE,FOUL_PLAY,72,66.7,70.8,63.9,electrode_hisuian:871;thievul:746;florges:653;vigoroth:575;sableye_shadow:507,cramorant:178;mimikyu:191;melmetal:256;tinkaton:273;altaria:405
chesnaught,Chesnaught,78.5,119.3,126.9,124,1879,LOW_KICK,FRENZY_PLANT,SUPER_POWER,68.5,43,80.7,68.9,stunfisk:818;quagsire_shadow:790;thievul:737;melmetal:701;vigoroth:564,mimikyu:74;cramorant:123;ninetales_shadow:162;tinkaton:187;altaria:253
croconaw_shadow,Croconaw (Shadow),78.5,117.7,120,135,1908,SCRATCH,ICE_PUNCH,WATER_PULSE,69.6,64.3,74.6,44.6,altaria:740;azumarill:574;vigoroth:533;cramorant:518;quagsire_shadow:511,mimikyu:121;sableye_shadow:124;melmetal:160;ninetales_shadow:218;tinkaton:404
electrode,Electrode,78.5,122.8,126.3,118,1832,VOLT_SWITCH,DISCHARGE,FOUL_PLAY,74.1,64.4,75.3,73.1,cramorant:881;corviknight:826;florges:631;azumarill:542;altaria:521,mimikyu:299;quagsire_shadow:316;tinkaton:351;ninetales_shadow:476;melmetal:489
lokix,Lokix,78.5,132.8,104,122,1687,SUCKER_PUNCH,X_SCISSOR,TRAILBLAZE,73.4,65,63.4,55.6,corsola_galarian:799;thievul:651;sableye_shadow:590;mimikyu:573;melmetal:536,ninetales_shadow:257;tinkaton:297;cramorant:305;vigoroth:306;altaria:365
qwilfish,Qwilfish,78.5,131.1,105.5,123,1703,POISON_STING,AQUA_TAIL,SHADOW_BALL,72,67.3,72.5,54.3,electrode_hisuian:752;florges:747;azumarill:682;annihilape:609;ninetales_shadow:573,cramorant:178;mimikyu:196;melmetal:270;tinkaton:372;altaria:427
arbok,Arbok,78.4,123.7,120.1,122,1814,ACID,BRUTAL_SWING,WRAP,73,66.1,69.4,65.2,electrode_hisuian:831;rillaboom:750;florges:737;azumarill:602;ninetales_shadow:594,melmetal:273;mimikyu:303;altaria:340;tinkaton:351;cramorant:476
conkeldurr_shadow,Conkeldurr (Shadow),78.4,134,93.8,133,1673,FORCE_PALM,DYNAMIC_PUNCH,BRUTAL_SWING,72.6,63.3,63.3,55.3,thievul:770;vigoroth:695;tinkaton:680;quagsire_shadow:567;melmetal:526,mimikyu:126;sableye_shadow:228;cramorant:253;altaria:344;ninetales_shadow:361
cresselia_shadow,Cresselia (Shadow),78.4,92,158.9,160,2340,PSYCHO_CUT,GRASS_KNOT,MOONBLAST,71.3,56.3,77.9,59.7,quagsire_shadow:756;azumarill:693;altaria:640;stunfisk:621;deoxys_defense:571,mimikyu:177;melmetal:311;tinkaton:343;ninetales_shadow:369;cramorant:408
magnezone,Magnezone,78.4,134.3,121.1,102,1661,VOLT_SWITCH,WILD_CHARGE,MIRROR_SHOT,80,59.5,70.8,67.6,tinkaton:857;vigoroth:799;cramorant:715;corviknight:700;sableye_shadow:700,quagsire_shadow:127;melmetal:195;ninetales_shadow:210;mimikyu:327;altaria:474
claydol_shadow,Claydol (Shadow),78.3,103.5,172.6,121,2164,MUD_SLAP,ROCK_TOMB,SHADOW_BALL,72.9,50.6,71.7,66.3,stunfisk:818;ninetales_shadow:673;vigoroth:619;melmetal:603;tinkaton:512,cramorant:162;sableye_shadow:252;quagsire_shadow:301;mimikyu:303;altaria:365
conkeldurr,Conkeldurr,78.3,134,93.8,133,1673,FORCE_PALM,DYNAMIC_PUNCH,BRUTAL_SWING,73.5,58.7,67.4,58.7,tinkaton:725;quagsire_shadow:597;melmetal:593;ninetales_shadow:537;vigoroth:533,mimikyu:121;cramorant:226;corviknight:296;altaria:318;sableye_shadow:380
gallade,Gallade,78.3,136.5,115.6,104,1642,PSYCHO_CUT,LEAF_BLADE,SACRED_SWORD,71.3,67.8,67.7,50.1,quagsire_shadow:879;morpeko_full_belly:826;azumarill:764;stunfisk:605;melmetal:543,cramorant:162;mimikyu:177;altaria:329;ninetales_shadow:404;tinkaton:414
shiinotic,Shiinotic,78.3,116.5,134.2,123,1925,ASTONISH,MOONBLAST,SEED_BOMB,71.8,46.9,74.1,71,quagsire_shadow:796;altaria:707;stunfisk:686;corsola_galarian:544;sableye_shadow:540,vigoroth:127;ninetales_shadow:182;tinkaton:283;melmetal:352;mimikyu:420
skuntank,Skuntank,78.3,121.7,95.1,158,1831,POISON_JAB,CRUNCH,TRAILBLAZE,70.9,65.8,72,62.9,florges:686;sableye_shadow:655;thievul:648;ninetales_shadow:591;corsola_galarian:525,quagsire_shadow:204;tinkaton:244;melmetal:356;altaria:434;mimikyu:481
teddiursa,Teddiursa,78.3,131.5,90.4,142,1690,SCRATCH,SWIFT,CROSS_CHOP,72.1,70.3,69.9,53.5,stunfisk:612;miltank:595;feraligatr:566;blastoise:531;seaking:503,cramorant:265;mimikyu:299;tinkaton:301;melmetal:373;altaria:402
drifblim,Drifblim,78.2,119.1,75.7,209,1887,HEX,ICY_WIND,SHADOW_BALL,75.2,57,72.2,56.9,vigoroth:700;corsola_galarian:653;florges:629;altaria:602;ninetales_shadow:516,mimikyu:317;tinkaton:358;melmetal:469;quagsire_shadow:478;cramorant:492
mew,Mew,78.2,120.4,119.3,129,1855,SHADOW_CLAW,WILD_CHARGE,PSYSHOCK,72.3,62.4,77.7,49.3,ninetales_shadow:631;corviknight:624;azumarill:624;cramorant:550;florges:519,tinkaton:280;vigoroth:293;altaria:336;mimikyu:355;melmetal:465
slowbro,Slowbro,78.2,113.4,120.9,144,1975,CONFUSION,DRAIN_PUNCH,ICE_BEAM,77.1,54.6,70.3,69.4,quagsire_shadow:659;florges:642;vigoroth:635;altaria:621;cramorant:614,sableye_shadow:112;mimikyu:289;tinkaton:400;melmetal:434;ninetales_shadow:472
timburr_shadow,Timburr (Shadow),78.2,125.2,85.7,164,1760,LOW_KICK,BRICK_BREAK,ROCK_TOMB,72.6,58.6,64.3,53.7,thievul:783;vigoroth:753;quagsire_shadow:612;melmetal:576;ninetales_shadow:527,mimikyu:121;altaria:224;cramorant:285;tinkaton:421;corviknight:430
ursaring_shadow,Ursaring (Shadow),78.2,139.6,91.3,126,1607,SHADOW_CLAW,CLOSE_COMBAT,SWIFT,81.6,78.7,63.1,26.8,tinkaton:738;mimikyu:694;vigoroth:678;thievul:599;quagsire_shadow:515,ninetales_shadow:194;melmetal:195;cramorant:242;sableye_shadow:264;altaria:394
urshifu_single_strike,Urshifu (Single Strike),78.2,136.5,97.7,121,1616,SUCKER_PUNCH,BRICK_BREAK,DYNAMIC_PUNCH,69.5,57.5,65.9,53.7,thievul:847;corsola_galarian:797;stunfisk:578;quagsire_shadow:570;sableye_shadow:512,tinkaton:187;altaria:264;melmetal:294;cramorant:353;mimikyu:373
drampa,Drampa,78.1,136.8,104.2,115,1640,DRAGON_BREATH,SWIFT,DRAGON_PULSE,72.4,55.3,65.1,48.8,ninetales_shadow:682;stunfisk:665;altaria:595;corsola_galarian:556;sableye_shadow:547,melmetal:126;mimikyu:168;tinkaton:187;vigoroth:210;cramorant:265
electrode_shadow,Electrode (Shadow),78.1,122.8,126.3,118,1832,VOLT_SWITCH,DISCHARGE,FOUL_PLAY,76.3,71.3,70.5,60,cramorant:877;azumarill:792;corviknight:741;melmetal:605;ninetales_shadow:516,mimikyu:359;quagsire_shadow:381;altaria:394;tinkaton:418;vigoroth:455
lurantis,Lurantis,78.1,126.2,117.8,119,1770,FURY_CUTTER,LEAF_BLADE,SUPER_POWER,72.6,58.9,71.7,62.4,quagsire_shadow:920;stunfisk:785;vigoroth:756;thievul:731;melmetal:680,mimikyu:121;ninetales_shadow:130;cramorant:178;tinkaton:202;altaria:242
magnezone_shadow,Magnezone (Shadow),78.1,134.3,121.1,102,1661,VOLT_SWITCH,WILD_CHARGE,MIRROR_SHOT,81.3,64.4,69.7,56.9,tinkaton:848;altaria:799;vigoroth:779;cramorant:666;corviknight:602,stunfisk:133;quagsire_shadow:152;melmetal:236;ninetales_shadow:257;mimikyu:387
naclstack,Naclstack,78.1,100.8,147,142,2106,MUD_SHOT,ROCK_TOMB,ROCK_BLAST,71.6,73.2,70,64.2,talonflame:883;altaria:654;ninetales_shadow:623;fearow:616;corsola_galarian:549,melmetal:260;quagsire_shadow:276;mimikyu:341;tinkaton:397;cramorant:472
whiscash,Whiscash,78.1,107.5,108.2,178,2074,MUD_SHOT,MUD_BOMB,SCALD,72.6,54.1,74.3,69.1,stunfisk:778;tinkaton:685;melmetal:623;quagsire_shadow:581;corviknight:508,ninetales_shadow:146;cramorant:210;altaria:286;vigoroth:375;mimikyu:481
crobat,Crobat,78,121.2,118.1,129,1847,GUST,AIR_CUTTER,POISON_FANG,73.4,67.2,68.2,67.8,florges:736;ninetales_shadow:612;rillaboom:581;vigoroth:546;thievul:542,quagsire_shadow:267;melmetal:304;mimikyu:317;tinkaton:365;altaria:369
electivire,Electivire,78,143.3,100.8,108,1562,THUNDER_SHOCK,ICE_PUNCH,WILD_CHARGE,75.5,68.1,77.6,31.8,melmetal:722;corviknight:717;sableye_shadow:671;thievul:625;cramorant:537,ninetales_shadow:146;tinkaton:187;mimikyu:233;quagsire_shadow:273;altaria:478
serperior,Serperior,78,110.2,142.2,130,2038,VINE_WHIP,FRENZY_PLANT,AERIAL_ACE,69.2,47.3,77.7,58.2,stunfisk:834;quagsire_shadow:676;sableye_shadow:584;corsola_galarian:550;mimikyu:503,altaria:217;ninetales_shadow:337;melmetal:356;tinkaton:400;vigoroth:472
kingambit,Kingambit,77.9,127.2,112,124,1768,LOW_KICK,FOUL_PLAY,IRON_HEAD,71.5,54.6,76.1,63.4,vigoroth:677;thievul:665;corsola_galarian:629;corviknight:592;cramorant:504,mimikyu:84;ninetales_shadow:162;melmetal:250;altaria:347;tinkaton:400
meganium,Meganium,77.9,110.8,139,131,2018,VINE_WHIP,FRENZY_PLANT,EARTHQUAKE,67.4,43.3,79.4,56.3,quagsire_shadow:904;stunfisk:820;sableye_shadow:583;corsola_galarian:549;melmetal:519,altaria:195;mimikyu:252;ninetales_shadow:337;vigoroth:472;tinkaton:482
nidoking,Nidoking,77.9,129.4,105.2,127,1731,POISON_STING,AVALANCHE,EARTH_POWER,69.9,59.8,79.4,43.8,electrode_hisuian:917;altaria:759;melmetal:669;stunfisk:566;ninetales_shadow:531,quagsire_shadow:77;cramorant:162;mimikyu:186;vigoroth:386;tinkaton:457
samurott_hisuian,Samurott (Hisuian),77.9,132.6,96.7,132,1694,FURY_CUTTER,SACRED_SWORD,DARK_PULSE,72.3,63.6,71,53.7,malamar:859;thievul:825;electrode_hisuian:757;deoxys_defense:731;jellicent:689,mimikyu:130;tinkaton:223;cramorant:301;altaria:376;melmetal:397
skeledirge,Skeledirge,77.9,121.2,109.7,139,1849,INCINERATE,TORCH_SONG,SHADOW_BALL,69.3,56.9,70.7,67.8,melmetal:741;ninetales_shadow:733;tinkaton:604;corviknight:582;vigoroth:553,cramorant:162;quagsire_shadow:164;sableye_shadow:276;mimikyu:336;altaria:413
squawkabilly,Squawkabilly,77.9,133.6,84.8,147,1666,PECK,BRAVE_BIRD,FLY,62,51.8,78.1,44.6,corsola_galarian:683;jellicent:663;araquanid:646;sableye_shadow:554;ninetales_shadow:513,melmetal:167;tinkaton:262;cramorant:289;mimikyu:373;altaria:420
camerupt,Camerupt,77.8,133.5,100.5,125,1678,INCINERATE,EARTH_POWER,ROCK_TOMB,69.3,63.5,64.4,53,tinkaton:852;stunfisk:652;melmetal:624;corviknight:596;ninetales_shadow:564,quagsire_shadow:133;cramorant:178;vigoroth:265;mimikyu:359;altaria:481
latios_shadow,Latios (Shadow),77.8,140.4,112.9,99,1571,DRAGON_BREATH,AURA_SPHERE,LUSTER_PURGE,71.2,55.6,70.8,34.7,vigoroth:691;stunfisk:666;ninetales_shadow:641;quagsire_shadow:616;cramorant:565,mimikyu:182;melmetal:198;sableye_shadow:292;tinkaton:315;altaria:347
drilbur_shadow,Drilbur (Shadow),77.7,139.4,81.5,142,1614,SCRATCH,DRILL_RUN,ROCK_TOMB,73.4,70.6,68.9,25.8,stunfisk:926;tinkaton:820;altaria:672;melmetal:588;thievul:573,mimikyu:140;ninetales_shadow:194;quagsire_shadow:201;cramorant:250;vigoroth:489
golbat_shadow,Golbat (Shadow),77.7,117.6,116.2,139,1901,WING_ATTACK,POISON_FANG,SHADOW_BALL,68.8,68.1,70.8,60,deoxys_defense:910;rillaboom:780;corsola_galarian:708;florges:658;ninetales_shadow:557,melmetal:239;mimikyu:275;tinkaton:351;altaria:365;cramorant:448
kangaskhan,Kangaskhan,77.7,114.5,110.8,153,1944,LOW_KICK,BRICK_BREAK,CRUNCH,72.3,70,67.4,68.1,melmetal:712;corsola_galarian:689;thievul:627;vigoroth:584;jellicent:516,cramorant:222;altaria:246;ninetales_shadow:361;mimikyu:420;tinkaton:492
nidorina_shadow,Nidorina (Shadow),77.7,110.9,113.4,157,1975,POISON_STING,POISON_FANG,DIG,71.8,63.5,71.3,64.4,electrode_hisuian:853;azumarill:796;florges:703;ninetales_shadow:636;altaria:535,quagsire_shadow:239;mimikyu:313;cramorant:333;tinkaton:333;melmetal:404
primeape,Primeape,77.7,138.7,100.1,116,1611,KARATE_CHOP,RAGE_FIST,ICE_PUNCH,74.1,75.3,62.9,53.7,electrode_hisuian:840;rillaboom:762;thievul:629;melmetal:573;stunfisk:530,mimikyu:98;cramorant:305;tinkaton:336;ninetales_shadow:373;altaria:467
furfrou,Furfrou,77.6,115.5,125.1,134,1938,TAKE_DOWN,DARK_PULSE,GRASS_KNOT,69,55,75.3,59,corsola_galarian:664;florges:585;altaria:567;thievul:541;stunfisk:514,melmetal:222;mimikyu:289;tinkaton:312;ninetales_shadow:384;cramorant:440
orbeetle,Orbeetle,77.6,107.9,168.6,114,2075,PSYCHO_CUT,PSYSHOCK,BUG_BUZZ,71.6,50.1,73.6,61.6,electrode_hisuian:837;stunfisk:609;vigoroth:596;florges:592;quagsire_shadow:508,mimikyu:177;altaria:286;cramorant:317;melmetal:414;tinkaton:418
spinda,Spinda,77.6,110,110,142,1721,SUCKER_PUNCH,ROCK_TOMB,ICY_WIND,73.2,66.4,68,51.9,corsola_galarian:746;mimikyu:647;altaria:570;quagsire_shadow:570;sableye_shadow:524,tinkaton:276;cramorant:281;ninetales_shadow:313;melmetal:359;vigoroth:479
blacephalon,Blacephalon,77.5,173.6,88.4,84,1290,INCINERATE,MIND_BLOWN,SHADOW_BALL,67.9,44.1,84.8,40.4,tinkaton:803;florges:797;vigoroth:750;corviknight:619;altaria:547,quagsire_shadow:180;ninetales_shadow:182;mimikyu:285;melmetal:434;cramorant:476
galvantula,Galvantula,77.5,138.2,96.4,122,1627,VOLT_SWITCH,DISCHARGE,LUNGE,73.8,69,71.7,52.4,cramorant:807;melmetal:741;electrode_hisuian:680;corviknight:643;vigoroth:512,quagsire_shadow:173;ninetales_shadow:226;mimikyu:317;altaria:365;tinkaton:390
genesect,Genesect,77.5,141,111.6,100,1575,FURY_CUTTER,X_SCISSOR,MAGNET_BOMB,72.4,52,73,52.4,florges:845;electrode_hisuian:794;deoxys_defense:794;sableye_shadow:645;thievul:645,mimikyu:140;cramorant:162;tinkaton:287;melmetal:325;altaria:376
garganacl,Garganacl,77.4,105.8,137.2,145,2107,MUD_SHOT,ROCK_TOMB,ROCK_BLAST,70.7,70,70,61.6,altaria:651;ninetales_shadow:617;fearow:610;corsola_galarian:548;azumarill:517,quagsire_shadow:263;melmetal:308;mimikyu:350;cramorant:388;tinkaton:404
marshtomp_shadow,Marshtomp (Shadow),77.4,120.4,111.4,139,1865,MUD_SHOT,SURF,SLUDGE,68.4,62.7,75.1,49.8,azumarill:769;morpeko_full_belly:737;stunfisk:654;melmetal:600;corviknight:586,mimikyu:177;ninetales_shadow:182;altaria:206;cramorant:301;tinkaton:386
wailord,Wailord,77.4,118.3,67.4,237,1892,ROLLOUT,SURF,RETURN,72,52.6,75.6,50.1,ninetales_shadow:563;quagsire_shadow:556;thievul:521;cramorant:512;altaria:504,mimikyu:186;melmetal:339;corviknight:346;vigoroth:368;tinkaton:485
hitmonlee_shadow,Hitmonlee (Shadow),77.3,141.8,118.9,94,1586,LOW_KICK,BLAZE_KICK,BRICK_BREAK,76.3,72,67.9,38.1,electrode_hisuian:803;corviknight:781;thievul:728;vigoroth:675;tinkaton:611,mimikyu:121;ninetales_shadow:269;altaria:304;cramorant:333;melmetal:359
pawniard,Pawniard,77.3,131.9,107.7,119,1692,SCRATCH,NIGHT_SLASH,IRON_HEAD,71.3,67.6,67.5,54.3,thievul:668;vigoroth:655;florges:642;corsola_galarian:584;cramorant:516,mimikyu:130;ninetales_shadow:194;melmetal:294;altaria:402;tinkaton:404
sandshrew_alolan_shadow,Sandshrew (Alolan) (Shadow),77.3,117.6,121,127,1808,POWDER_SNOW,NIGHT_SLASH,GYRO_BALL,72,56.9,66.7,62.9,altaria:854;electrode_hisuian:854;fearow:854;florges:692;vigoroth:685,melmetal:126;ninetales_shadow:130;mimikyu:303;tinkaton:365;cramorant:392
wobbuffet_shadow,Wobbuffet (Shadow),77.3,63,101.6,333,2134,COUNTER,MIRROR_COAT,FRUSTRATION,71,48,72,80.1,vigoroth:578;stunfisk:573;deoxys_defense:552;electrode_hisuian:548;melmetal:539,mimikyu:93;tinkaton:287;altaria:402;cramorant:412;ninetales_shadow:448
aerodactyl_shadow,Aerodactyl (Shadow),77.2,134.4,103.3,120,1667,DRAGON_BREATH,ROCK_SLIDE,BRUTAL_SWING,76.6,67.3,66.4,32.8,altaria:745;cramorant:708;sableye_shadow:662;vigoroth:641;thievul:620,melmetal:113;mimikyu:149;quagsire_shadow:201;ninetales_shadow:218;tinkaton:241
delphox,Delphox,77.2,132.6,115.6,110,1687,SCRATCH,PSYSHOCK,BLAST_BURN,67.8,56.6,71.7,45.6,tinkaton:877;electrode_hisuian:813;ninetales_shadow:695;melmetal:668;corviknight:595,mimikyu:121;quagsire_shadow:152;vigoroth:210;cramorant:242;altaria:365
incineroar,Incineroar,77.2,125.2,109.1,131,1791,FIRE_FANG,BRUTAL_SWING,BLAST_BURN,68.5,51.6,74.5,66.5,corsola_galarian:667;thievul:625;sableye_shadow:587;ninetales_shadow:564;corviknight:557,cramorant:218;altaria:307;melmetal:373;mimikyu:378;tinkaton:471
togedemaru,Togedemaru,77.2,132.2,107.2,120,1702,THUNDER_SHOCK,FELL_STINGER,WILD_CHARGE,81.6,52.7,72,70.7,vigoroth:845;melmetal:825;cramorant:804;corviknight:695;altaria:629,quagsire_shadow:96;ninetales_shadow:142;corsola_galarian:161;tinkaton:163;mimikyu:247
venusaur,Venusaur,77.2,122.1,122.1,123,1836,VINE_WHIP,FRENZY_PLANT,SLUDGE,68.7,57.8,77.9,60.3,electrode_hisuian:914;florges:914;quagsire_shadow:873;stunfisk:739;vigoroth:516,cramorant:178;mimikyu:242;altaria:257;melmetal:321;tinkaton:336
latios,Latios,77.1,139.3,112.9,102,1606,DRAGON_BREATH,AURA_SPHERE,LUSTER_PURGE,71.3,58.6,67.2,39.1,electrode_hisuian:848;vigoroth:700;ninetales_shadow:686;stunfisk:651;melmetal:617,mimikyu:121;cramorant:265;tinkaton:297;altaria:474;quagsire_shadow:493
nidoking_shadow,Nidoking (Shadow),77.1,129.4,105.2,127,1731,POISON_STING,AVALANCHE,EARTH_POWER,65.9,62,77.9,29.5,electrode_hisuian:917;tinkaton:866;altaria:759;melmetal:618;stunfisk:547,quagsire_shadow:102;cramorant:162;ninetales_shadow:182;mimikyu:242;vigoroth:451
tapu_fini,Tapu Fini,77.1,115.8,158.3,105,1926,WATER_GUN,SURF,NATURES_MADNESS,67.3,53.6,76.3,59.2,altaria:652;corviknight:623;quagsire_shadow:600;ninetales_shadow:514;vigoroth:509,tinkaton:187;cramorant:234;melmetal:260;mimikyu:266;sableye_shadow:428
hariyama_shadow,Hariyama (Shadow),76.9,125.6,76,186,1778,FORCE_PALM,UPPER_HAND,HEAVY_SLAM,69,42.1,69.4,60.5,thievul:782;vigoroth:728;tinkaton:706;quagsire_shadow:604;melmetal:594,mimikyu:121;cramorant:226;corviknight:243;altaria:329;ninetales_shadow:392
marshtomp,Marshtomp,76.9,119.8,111.5,140,1871,MUD_SHOT,SURF,SLUDGE,67.8,57.3,75.9,59.5,stunfisk:721;tinkaton:628;clodsire:603;azumarill:528;florges:525,mimikyu:135;ninetales_shadow:146;altaria:184;cramorant:218;melmetal:472
sandslash,Sandslash,76.9,120.4,123,125,1853,SAND_ATTACK,ROCK_TOMB,NIGHT_SLASH,66.7,70,70.2,54,morpeko_full_belly:792;forretress_shadow:760;altaria:560;clodsire:560;stunfisk:524,ninetales_shadow:218;mimikyu:252;tinkaton:365;melmetal:400;cramorant:412
shiinotic_shadow,Shiinotic (Shadow),76.9,116.5,134.2,123,1925,ASTONISH,MOONBLAST,SEED_BOMB,69,45.6,71.2,56.9,quagsire_shadow:776;altaria:666;corsola_galarian:666;stunfisk:654;sableye_shadow:516,ninetales_shadow:202;cramorant:253;tinkaton:326;melmetal:428;mimikyu:495
dachsbun,Dachsbun,76.8,113.4,156.1,112,1984,CHARM,PSYCHIC_FANGS,PLAY_ROUGH,72,52.3,65.6,74.6,altaria:687;thievul:674;sableye_shadow:638;florges:566;corsola_galarian:544,melmetal:195;tinkaton:198;ninetales_shadow:202;mimikyu:355;cramorant:492
farfetchd_galarian,Farfetch'd (Galarian),76.8,137.6,99.7,119,1634,FURY_CUTTER,LEAF_BLADE,BRICK_BREAK,74.4,70.9,64.6,57.1,electrode_hisuian:827;thievul:785;azumarill:768;quagsire_shadow:617;stunfisk:558,mimikyu:121;altaria:358;cramorant:369;tinkaton:411;melmetal:462
venusaur_shadow,Venusaur (Shadow),76.8,122.1,122.1,123,1836,VINE_WHIP,FRENZY_PLANT,SLUDGE,67.9,69.3,74.3,44.1,electrode_hisuian:873;florges:873;stunfisk:707;quagsire_shadow:703;vigoroth:516,ninetales_shadow:130;altaria:289;mimikyu:299;tinkaton:312;melmetal:400
whiscash_shadow,Whiscash (Shadow),76.8,107.5,108.2,178,2074,MUD_SHOT,MUD_BOMB,SCALD,71,55,74.6,53.2,stunfisk:707;melmetal:699;florges:640;tinkaton:632;clodsire:592,ninetales_shadow:182;mimikyu:191;cramorant:222;altaria:329;vigoroth:348
hippopotas_shadow,Hippopotas (Shadow),76.7,115.1,111.7,152,1956,SAND_ATTACK,ROCK_TOMB,DIG,68.2,54.9,68.9,49.3,tinkaton:842;stunfisk:769;electrode_hisuian:555;melmetal:542;altaria:519,mimikyu:308;ninetales_shadow:400;vigoroth:441;cramorant:460;quagsire_shadow:487
persian_alolan,Persian (Alolan),76.7,122.4,112.5,133,1833,SCRATCH,FOUL_PLAY,PLAY_ROUGH,68.7,60.4,72.2,49,thievul:672;jellicent:635;corviknight:601;ninetales_shadow:597;corsola_galarian:586,mimikyu:130;cramorant:178;tinkaton:280;altaria:326;melmetal:359
slowbro_shadow,Slowbro (Shadow),76.7,113.4,120.9,144,1975,CONFUSION,DRAIN_PUNCH,ICE_BEAM,75.5,53,67.1,62.6,quagsire_shadow:597;altaria:593;ninetales_shadow:565;cramorant:552;vigoroth:552,sableye_shadow:132;corviknight:306;mimikyu:345;tinkaton:386;melmetal:489
chesnaught_shadow,Chesnaught (Shadow),76.6,119.3,126.9,124,1879,LOW_KICK,FRENZY_PLANT,SUPER_POWER,66,38.9,77.4,55.8,stunfisk:782;thievul:774;quagsire_shadow:770;melmetal:661;vigoroth:528,mimikyu:121;cramorant:130;ninetales_shadow:214;tinkaton:234;altaria:278
crobat_shadow,Crobat (Shadow),76.6,121.2,118.1,129,1847,GUST,AIR_CUTTER,POISON_FANG,71.8,65.3,66.9,58.4,deoxys_defense:903;altaria:717;florges:658;ninetales_shadow:527;vigoroth:507,melmetal:191;cramorant:301;tinkaton:308;quagsire_shadow:313;mimikyu:373
decidueye_hisuian,Decidueye (Hisuian),76.6,126.9,109.4,127,1765,PSYCHO_CUT,ENERGY_BALL,AURA_SPHERE,69.9,56,72.8,55.8,quagsire_shadow:795;stunfisk:767;thievul:673;melmetal:661;vigoroth:523,ninetales_shadow:99;cramorant:111;mimikyu:177;altaria:253;tinkaton:290
flygon_shadow,Flygon (Shadow),76.6,127.9,109.5,125,1752,DRAGON_TAIL,SAND_TOMB,TWISTER,69.6,50.7,67.7,39.9,stunfisk:724;ninetales_shadow:688;melmetal:660;quagsire_shadow:600;altaria:576,mimikyu:149;vigoroth:210;sableye_shadow:252;corviknight:256;tinkaton:333
frillish,Frillish,76.5,109.2,125.2,135,1846,HEX,NIGHT_SHADE,ICE_BEAM,69.5,49.2,70,58.2,altaria:818;azumarill:633;tinkaton:618;florges:566;quagsire_shadow:559,mimikyu:280;melmetal:383;vigoroth:396;cramorant:400;ninetales_shadow:428
girafarig_shadow,Girafarig (Shadow),76.5,130.3,101.5,130,1721,CONFUSION,PSYCHIC_FANGS,TRAILBLAZE,78.3,69.2,53.2,49.3,vigoroth:688;cramorant:650;quagsire_shadow:596;corsola_galarian:596;stunfisk:592,tinkaton:301;ninetales_shadow:305;melmetal:390;altaria:489;mimikyu:490
slowking_galarian,Slowking (Galarian),76.5,117.3,117.9,138,1910,ACID,PSYSHOCK,SHADOW_BALL,71.3,60.1,71.5,55,electrode_hisuian:851;rillaboom:778;florges:750;azumarill:644;tinkaton:554,mimikyu:242;melmetal:352;altaria:362;quagsire_shadow:366;ninetales_shadow:484
toxicroak_shadow,Toxicroak (Shadow),76.5,136.2,93.7,129,1648,POISON_STING,DYNAMIC_PUNCH,SHADOW_BALL,63.4,59.3,82.2,28.1,electrode_hisuian:802;thievul:763;vigoroth:686;florges:531;rillaboom:523,melmetal:71;mimikyu:242;altaria:351;tinkaton:421;cramorant:440
tropius,Tropius,76.5,101.4,128,170,2208,AIR_SLASH,LEAF_BLADE,BRUTAL_SWING,72.1,56.7,71.2,70.2,quagsire_shadow:879;stunfisk:641;mimikyu:567;azumarill:567;sableye_shadow:564,melmetal:311;tinkaton:351;ninetales_shadow:357;altaria:394;cramorant:424
ursaring,Ursaring,76.5,139.6,91.3,126,1607,SHADOW_CLAW,CLOSE_COMBAT,SWIFT,72.7,59.6,64.6,39.9,vigoroth:757;thievul:638;corsola_galarian:579;sableye_shadow:555;ninetales_shadow:503,melmetal:188;cramorant:222;tinkaton:269;altaria:322;mimikyu:453
vullaby,Vullaby,76.5,100.8,129.4,157,2049,FEINT_ATTACK,BRAVE_BIRD,FOUL_PLAY,69.8,48.1,77.4,55.3,thievul:732;corviknight:624;sableye_shadow:621;corsola_galarian:589;cramorant:563,tinkaton:141;melmetal:243;mimikyu:341;vigoroth:417;ninetales_shadow:484
camerupt_shadow,Camerupt (Shadow),76.4,133.5,100.5,125,1678,INCINERATE,EARTH_POWER,ROCK_TOMB,70.7,62.1,55.2,50.1,tinkaton:844;melmetal:732;altaria:696;corsola_galarian:612;corviknight:564,quagsire_shadow:161;cramorant:210;ninetales_shadow:226;vigoroth:306;mimikyu:429
dhelmise,Dhelmise,76.4,139.7,109.3,105,1605,SHADOW_CLAW,POWER_WHIP,BRUTAL_SWING,72,67,63.8,48.3,stunfisk:757;vigoroth:657;electrode_hisuian:590;quagsire_shadow:519;corviknight:509,cramorant:242;altaria:340;tinkaton:372;mimikyu:439;melmetal:493
gengar_shadow,Gengar (Shadow),76.4,154.3,95.4,98,1444,SHADOW_CLAW,SHADOW_PUNCH,DARK_PULSE,75.7,59,62,31,deoxys_defense:903;tinkaton:795;electrode_hisuian:765;azumarill:627;cramorant:551,melmetal:250;quagsire_shadow:251;ninetales_shadow:257;mimikyu:378;altaria:474
glalie,Glalie,76.4,115.2,120.7,140,1948,ROLLOUT,AVALANCHE,SHADOW_BALL,67.6,54.4,77.7,44.6,altaria:771;electrode_hisuian:567;fearow:567;cramorant:542;stunfisk:528,quagsire_shadow:77;mimikyu:186;ninetales_shadow:194;tinkaton:258;melmetal:335
heracross,Heracross,76.4,134.6,108.4,114,1665,FURY_CUTTER,UPPER_HAND,ROCK_TOMB,71.8,47.6,69.5,49,electrode_hisuian:820;thievul:776;vigoroth:732;quagsire_shadow:675;melmetal:609,ninetales_shadow:130;cramorant:138;mimikyu:140;tinkaton:280;altaria:431
lileep_shadow,Lileep (Shadow),76.4,100.8,138.6,151,2111,ACID,GRASS_KNOT,ANCIENT_POWER,67.3,47.6,78.9,45.1,quagsire_shadow:721;ninetales_shadow:665;vigoroth:635;cramorant:586;stunfisk:579,melmetal:202;tinkaton:223;corviknight:236;mimikyu:327;altaria:452
magneton,Magneton,76.4,143.4,114.6,95,1563,VOLT_SWITCH,MAGNET_BOMB,DISCHARGE,76,58.9,65.1,54.3,cramorant:921;sableye_shadow:678;thievul:626;vigoroth:578;corviknight:573,melmetal:208;ninetales_shadow:226;mimikyu:355;altaria:431;tinkaton:457
flygon,Flygon,76.3,127.9,109.5,125,1752,DRAGON_TAIL,SAND_TOMB,TWISTER,70.6,52.3,68,48.3,altaria:660;quagsire_shadow:652;ninetales_shadow:600;stunfisk:556;vigoroth:504,mimikyu:135;sableye_shadow:204;tinkaton:283;cramorant:456;melmetal:469
golurk_shadow,Golurk (Shadow),76.3,133.3,98.5,128,1681,MUD_SLAP,SHADOW_PUNCH,DYNAMIC_PUNCH,69.6,56.7,58.2,50.6,deoxys_defense:917;tinkaton:800;vigoroth:703;stunfisk:671;melmetal:609,cramorant:142;quagsire_shadow:236;altaria:286;mimikyu:336;ninetales_shadow:400
mamoswine,Mamoswine,76.3,136.2,87.3,138,1642,POWDER_SNOW,ICICLE_SPEAR,HIGH_HORSEPOWER,68.5,46.1,72,39.4,stunfisk:923;electrode_hisuian:923;clodsire:865;tinkaton:804;altaria:778,melmetal:113;ninetales_shadow:130;quagsire_shadow:177;cramorant:242;mimikyu:299
salamence,Salamence,76.2,143.4,93,117,1562,DRAGON_TAIL,FLY,BRUTAL_SWING,72.6,56.4,69.5,39.9,talonflame:773;ninetales_shadow:692;deoxys_defense:641;rillaboom:636;araquanid:542,mimikyu:130;tinkaton:202;melmetal:315;vigoroth:344;altaria:496
sceptile_shadow,Sceptile (Shadow),76.2,135.6,109.3,111,1646,FURY_CUTTER,LEAF_BLADE,BREAKING_SWIPE,73,66.3,68.2,37.3,electrode_hisuian:873;stunfisk:738;quagsire_shadow:707;sableye_shadow:671;thievul:630,mimikyu:149;tinkaton:234;melmetal:335;altaria:387;cramorant:448
avalugg_hisuian,Avalugg (Hisuian),76.1,116.4,135.1,122,1921,POWDER_SNOW,ROCK_SLIDE,ICY_WIND,69.2,45,67.4,58.7,altaria:799;stunfisk:651;thievul:573;ninetales_shadow:561;cramorant:553,melmetal:113;tinkaton:219;quagsire_shadow:226;mimikyu:327;vigoroth:486
delphox_shadow,Delphox (Shadow),76.1,132.6,115.6,110,1687,SCRATCH,PSYSHOCK,BLAST_BURN,69,58,67.5,32.3,tinkaton:845;electrode_hisuian:813;ninetales_shadow:681;cramorant:645;melmetal:600,mimikyu:102;sableye_shadow:124;quagsire_shadow:201;vigoroth:210;altaria:474
girafarig,Girafarig,76.1,130.3,101.5,130,1721,CONFUSION,PSYCHIC_FANGS,TRAILBLAZE,74.3,60.7,61.6,63.7,clodsire:846;stunfisk:630;ninetales_shadow:550;corsola_galarian:530;vigoroth:503,tinkaton:262;melmetal:332;altaria:384;mimikyu:401;cramorant:448
muk,Muk,76.1,115.8,111.7,148,1916,POISON_JAB,THUNDER_PUNCH,DARK_PULSE,69.2,59.2,73.3,55.6,florges:712;ninetales_shadow:638;azumarill:608;araquanid:560;electrode_hisuian:527,vigoroth:251;melmetal:273;mimikyu:345;altaria:420;tinkaton:429
pumpkaboo_super,Pumpkaboo (Super),76.1,111.7,113.4,141,1788,ASTONISH,FOUL_PLAY,GRASS_KNOT,69.9,45.6,69.5,64.7,stunfisk:801;electrode_hisuian:670;quagsire_shadow:631;corsola_galarian:549;vigoroth:507,cramorant:253;tinkaton:304;altaria:322;melmetal:431;mimikyu:457
barbaracle,Barbaracle,76,120.9,133,115,1851,FURY_CUTTER,CROSS_CHOP,STONE_EDGE,67.9,53.8,69.9,52.2,talonflame:891;thievul:760;vigoroth:682;araquanid:586;fearow:539,melmetal:126;mimikyu:126;tinkaton:202;cramorant:408;altaria:489
scrafty,Scrafty,76,110.4,156.7,117,2025,COUNTER,FOUL_PLAY,UPPER_HAND,68.5,43.6,74.1,67.3,electrode_hisuian:816;thievul:756;corsola_galarian:679;vigoroth:602;quagsire_shadow:576,altaria:134;mimikyu:135;cramorant:178;tinkaton:234;melmetal:493
zoroark_hisuian,Zoroark (Hisuian),76,163.4,87.5,96,1374,SHADOW_CLAW,SWIFT,SHADOW_BALL,75.8,56.7,56.7,27.9,tinkaton:765;corsola_galarian:739;mimikyu:656;altaria:651;cramorant:552,melmetal:222;ninetales_shadow:226;quagsire_shadow:226;sableye_shadow:284;vigoroth:331
vikavolt,Vikavolt,75.9,144.1,96.6,111,1547,VOLT_SWITCH,X_SCISSOR,FLY,74.9,75.6,66.7,42.5,electrode_hisuian:860;cramorant:833;sableye_shadow:680;thievul:635;corviknight:563,ninetales_shadow:226;mimikyu:355;tinkaton:379;altaria:423;melmetal:462
excadrill_shadow,Excadrill (Shadow),75.8,142.6,78.7,140,1573,MUD_SHOT,DRILL_RUN,ROCK_SLIDE,71.6,68.6,73.1,27.4,stunfisk:932;tinkaton:867;fearow:782;melmetal:714;cramorant:703,quagsire_shadow:127;mimikyu:191;ninetales_shadow:194;altaria:416;vigoroth:437
meowscarada,Meowscarada,75.8,140.3,99.1,115,1600,LEAFAGE,NIGHT_SLASH,FRENZY_PLANT,73.2,58,67.5,51.9,quagsire_shadow:926;sableye_shadow:778;thievul:778;vigoroth:734;corsola_galarian:608,ninetales_shadow:130;altaria:224;tinkaton:304;melmetal:308;mimikyu:331
noctowl_shadow,Noctowl (Shadow),75.8,105.3,120.1,168,2126,WING_ATTACK,SKY_ATTACK,SHADOW_BALL,68.1,52.6,74,51.4,sableye_shadow:672;corsola_galarian:604;florges:577;mimikyu:574;cramorant:562,melmetal:136;tinkaton:141;ninetales_shadow:261;altaria:442;vigoroth:486
sandshrew_alolan,Sandshrew (Alolan),75.8,117.6,121,127,1808,POWDER_SNOW,NIGHT_SLASH,GYRO_BALL,70.6,51.6,67.4,68.4,cradily:893;altaria:822;florges:724;stunfisk:547;fearow:523,melmetal:126;ninetales_shadow:130;mimikyu:294;tinkaton:329;quagsire_shadow:335
servine_shadow,Servine (Shadow),75.8,105.8,140.3,142,2110,VINE_WHIP,GRASS_KNOT,WRAP,69.8,62.4,71.3,64.4,stunfisk:834;quagsire_shadow:816;vigoroth:573;florges:570;sableye_shadow:542,tinkaton:280;melmetal:284;mimikyu:289;ninetales_shadow:341;altaria:409
grimer,Grimer,75.7,121,88.2,172,1836,POISON_JAB,SLUDGE,MUD_BOMB,67.4,54.9,74.8,54,azumarill:813;florges:744;ninetales_shadow:625;thievul:555;tinkaton:537,mimikyu:289;quagsire_shadow:326;melmetal:404;vigoroth:451;altaria:471
toxicroak,Toxicroak,75.7,136.2,93.7,129,1648,POISON_STING,DYNAMIC_PUNCH,SHADOW_BALL,70.7,46.7,77.4,38.3,thievul:802;electrode_hisuian:802;vigoroth:763;melmetal:581;ninetales_shadow:554,cramorant:162;mimikyu:186;altaria:326;tinkaton:329;quagsire_shadow:422
wailmer_shadow,Wailmer (Shadow),75.7,116.5,68.2,242,1927,ROLLOUT,SCALD,BODY_SLAM,67.1,57.3,71.5,43.6,azumarill:555;cramorant:545;marowak:545;tinkaton:516;fearow:508,mimikyu:200;ninetales_shadow:242;altaria:347;melmetal:417;quagsire_shadow:450
froslass_shadow,Froslass (Shadow),75.6,122.5,114.8,130,1831,POWDER_SNOW,AVALANCHE,SHADOW_BALL,62.6,43.6,71.3,44.3,clodsire:903;altaria:730;stunfisk:619;vigoroth:569;corsola_galarian:503,ninetales_shadow:130;melmetal:140;cramorant:265;mimikyu:289;tinkaton:436
hariyama,Hariyama,75.6,125.6,76,186,1778,FORCE_PALM,UPPER_HAND,HEAVY_SLAM,69.8,42.4,69.5,60,thievul:771;quagsire_shadow:645;melmetal:615;ninetales_shadow:591;vigoroth:551,mimikyu:116;cramorant:198;altaria:282;sableye_shadow:452;tinkaton:460
reshiram_shadow,Reshiram (Shadow),75.6,138.4,108.9,107,1614,DRAGON_BREATH,FUSION_FLARE,DRACO_METEOR,62,64.1,65.6,37.8,tinkaton:771;ninetales_shadow:761;deoxys_defense:738;corsola_galarian:635;electrode_hisuian:528,melmetal:219;mimikyu:242;quagsire_shadow:267;cramorant:333;altaria:384
roserade,Roserade,75.6,141.9,114.3,97,1574,POISON_STING,WEATHER_BALL_FIRE,LEAF_STORM,81.9,72.1,63.6,39.4,tinkaton:829;quagsire_shadow:690;vigoroth:685;sableye_shadow:685;melmetal:572,ninetales_shadow:130;mimikyu:233;cramorant:261;corviknight:290;altaria:300
thundurus_incarnate,Thundurus (Incarnate),75.6,148.1,95.5,107,1514,THUNDER_SHOCK,THUNDER_PUNCH,BRICK_BREAK,73.8,68.9,64.8,53,jellicent:831;fearow:785;cramorant:747;corviknight:742;azumarill:700,mimikyu:247;tinkaton:322;ninetales_shadow:341;altaria:344;melmetal:496
ferrothorn,Ferrothorn,75.5,107.1,152.7,128,2094,BULLET_SEED,POWER_WHIP,THUNDER,68.7,40,76.8,65,quagsire_shadow:773;electrode_hisuian:628;cramorant:597;stunfisk:597;mimikyu:531,ninetales_shadow:63;altaria:141;tinkaton:265;melmetal:325;vigoroth:382
garchomp,Garchomp,75.5,132.4,101.4,126,1694,DRAGON_TAIL,TWISTER,SAND_TOMB,67.9,50.1,66.7,42.8,melmetal:690;altaria:662;quagsire_shadow:595;ninetales_shadow:583;stunfisk:531,mimikyu:135;sableye_shadow:212;vigoroth:241;tinkaton:297;cramorant:464
garchomp_shadow,Garchomp (Shadow),75.5,132.4,101.4,126,1694,DRAGON_TAIL,TWISTER,SAND_TOMB,66,52.3,66.1,37,stunfisk:710;melmetal:638;quagsire_shadow:583;altaria:579;thievul:567,mimikyu:172;vigoroth:210;ninetales_shadow:242;cramorant:281;tinkaton:343
magnemite,Magnemite,75.5,147.8,113.6,90,1512,VOLT_SWITCH,MAGNET_BOMB,DISCHARGE,75.1,57,62,51.1,cramorant:916;vigoroth:772;sableye_shadow:661;thievul:605;corviknight:550,melmetal:222;ninetales_shadow:242;mimikyu:359;altaria:438;tinkaton:464
mismagius,Mismagius,75.5,131.6,123.6,104,1693,PSYWAVE,SHADOW_BALL,MYSTICAL_FIRE,70.7,56.3,68,45.1,rillaboom:687;quagsire_shadow:653;vigoroth:644;ninetales_shadow:605;corsola_galarian:552,mimikyu:252;cramorant:277;tinkaton:390;altaria:413;melmetal:469
skuntank_shadow,Skuntank (Shadow),75.5,121.7,95.1,158,1831,POISON_JAB,CRUNCH,TRAILBLAZE,66.2,54.3,70,52.7,thievul:651;sableye_shadow:585;mimikyu:566;corsola_galarian:522;ninetales_shadow:512,quagsire_shadow:198;altaria:282;tinkaton:308;cramorant:333;melmetal:397
galvantula_shadow,Galvantula (Shadow),75.4,138.2,96.4,122,1627,VOLT_SWITCH,DISCHARGE,LUNGE,69.6,70.4,67.5,41.5,azumarill:758;cramorant:750;melmetal:700;electrode_hisuian:614;corviknight:610,quagsire_shadow:204;ninetales_shadow:273;mimikyu:373;altaria:434;tinkaton:460
hitmonlee,Hitmonlee,75.4,141.8,118.9,94,1586,LOW_KICK,BLAZE_KICK,BRICK_BREAK,74.8,63.2,62.8,49,thievul:781;vigoroth:675;melmetal:569;quagsire_shadow:542;stunfisk:537,mimikyu:121;ninetales_shadow:250;cramorant:297;altaria:351;tinkaton:439
kabutops_shadow,Kabutops (Shadow),75.4,135.4,119.7,102,1655,FURY_CUTTER,AQUA_JET,STONE_EDGE,65.7,65.2,67.1,23.4,vigoroth:725;sableye_shadow:651;electrode_hisuian:651;altaria:642;thievul:602,melmetal:113;mimikyu:140;ninetales_shadow:146;quagsire_shadow:201;tinkaton:315
relicanth,Relicanth,75.4,105.1,133.6,152,2138,WATER_GUN,AQUA_TAIL,ANCIENT_POWER,69.5,53.6,69,63.1,fearow:631;thievul:605;corsola_galarian:559;tinkaton:549;vigoroth:532,ninetales_shadow:289;cramorant:337;mimikyu:387;melmetal:417;altaria:467
xatu_shadow,Xatu (Shadow),75.4,132.2,107.9,119,1698,PECK,PSYSHOCK,AERIAL_ACE,72.6,72.1,66.6,35.5,electrode_hisuian:701;vigoroth:659;quagsire_shadow:651;cramorant:626;ninetales_shadow:504,melmetal:140;sableye_shadow:284;mimikyu:289;tinkaton:312;altaria:431
aerodactyl,Aerodactyl,75.2,134.4,103.3,120,1667,DRAGON_BREATH,ROCK_SLIDE,BRUTAL_SWING,74.6,64.9,64.6,46.7,cramorant:750;altaria:745;electrode_hisuian:745;vigoroth:637;ninetales_shadow:591,melmetal:113;mimikyu:121;tinkaton:216;quagsire_shadow:341;corviknight:353
avalugg,Avalugg,75.2,111.7,141.3,127,2007,ICE_FANG,AVALANCHE,BODY_SLAM,68.8,51.3,74.5,65.5,altaria:814;stunfisk:685;vigoroth:602;corviknight:562;sableye_shadow:515,tinkaton:187;ninetales_shadow:194;melmetal:226;quagsire_shadow:251;mimikyu:331
drilbur,Drilbur,75.2,139.4,81.5,142,1614,SCRATCH,DRILL_RUN,ROCK_TOMB,69.2,60.6,71.7,30.8,electrode_hisuian:926;morpeko_full_belly:742;stunfisk:686;melmetal:644;corviknight:517,mimikyu:121;ninetales_shadow:218;cramorant:250;altaria:452;tinkaton:489
illumise,Illumise,75.2,111.4,136.2,133,2019,INFESTATION,SILVER_WIND,SHADOW_BALL,67.3,41.5,74.3,59.5,electrode_hisuian:605;thievul:593;sableye_shadow:586;stunfisk:563;quagsire_shadow:515,mimikyu:121;cramorant:142;tinkaton:297;altaria:304;melmetal:380
lampent_shadow,Lampent (Shadow),75.2,132.5,99,129,1692,EMBER,HEAT_WAVE,ENERGY_BALL,68.5,56.3,74.1,33.9,tinkaton:868;electrode_hisuian:802;corviknight:763;deoxys_defense:693;melmetal:658,quagsire_shadow:102;cramorant:123;mimikyu:219;altaria:297;ninetales_shadow:353
zygarde,Zygarde (50% Forme),75.1,114.1,128.3,133,1948,DRAGON_TAIL,CRUNCH,BULLDOZE,69.3,49.2,69.5,54.5,stunfisk:789;electrode_hisuian:721;clodsire:590;melmetal:560;ninetales_shadow:518,mimikyu:121;tinkaton:343;altaria:391;cramorant:424;vigoroth:462
zebstrika_shadow,Zebstrika (Shadow),75,137.7,95.4,124,1630,LOW_KICK,WILD_CHARGE,DISCHARGE,68.8,48.6,71,31,tinkaton:758;melmetal:677;vigoroth:673;thievul:592;corviknight:580,mimikyu:121;sableye_shadow:164;quagsire_shadow:177;ninetales_shadow:194;altaria:304
baxcalibur,Baxcalibur,74.9,135.6,95.7,127,1650,DRAGON_BREATH,GLAIVE_RUSH,AVALANCHE,65.7,43.8,73.1,33.6,stunfisk:653;altaria:543;cramorant:535;ninetales_shadow:527;vigoroth:503,melmetal:113;mimikyu:135;tinkaton:244;quagsire_shadow:251;sableye_shadow:284
lucario,Lucario,74.9,145.7,93.7,113,1544,FORCE_PALM,AURA_SPHERE,SHADOW_BALL,64.6,39.3,66.7,52.4,cradily:889;morpeko_full_belly:862;vigoroth:818;thievul:774;tinkaton:761,mimikyu:121;cramorant:226;ninetales_shadow:281;altaria:344;melmetal:476
machop_shadow,Machop (Shadow),74.9,127.7,81.5,157,1634,KARATE_CHOP,CROSS_CHOP,BRICK_BREAK,75.7,63.6,60.3,49.6,melmetal:869;vigoroth:742;tinkaton:665;quagsire_shadow:535;ninetales_shadow:515,mimikyu:191;sableye_shadow:244;cramorant:285;corviknight:323;altaria:358
sawk_shadow,Sawk (Shadow),74.9,140.3,97.3,117,1599,LOW_KICK,BRICK_BREAK,BODY_SLAM,69.2,59.8,64.6,41.7,electrode_hisuian:782;morpeko_full_belly:773;thievul:739;vigoroth:653;quagsire_shadow:538,cramorant:182;mimikyu:228;altaria:347;melmetal:414;tinkaton:464
articuno_shadow,Articuno (Shadow),74.8,115.1,136.9,123,1939,POWDER_SNOW,TRIPLE_AXEL,HURRICANE,66,48.7,70.7,48.3,clodsire:849;altaria:703;rillaboom:577;stunfisk:520;vigoroth:504,ninetales_shadow:130;melmetal:250;tinkaton:255;cramorant:265;mimikyu:317
golurk,Golurk,74.8,133.3,98.5,128,1681,MUD_SLAP,SHADOW_PUNCH,DYNAMIC_PUNCH,67.6,54.9,61.1,54.3,tinkaton:789;clodsire:730;stunfisk:703;melmetal:652;vigoroth:570,cramorant:115;altaria:228;quagsire_shadow:245;mimikyu:355;ninetales_shadow:408
litleo,Litleo,74.8,121.5,105.7,144,1852,INCINERATE,FLAME_CHARGE,CRUNCH,67.8,54.7,68,63.1,mimikyu:642;sableye_shadow:642;tinkaton:607;corviknight:590;melmetal:517,quagsire_shadow:164;cramorant:202;vigoroth:251;ninetales_shadow:460;altaria:474
muk_shadow,Muk (Shadow),74.8,115.8,111.7,148,1916,POISON_JAB,DARK_PULSE,THUNDER_PUNCH,63.1,50.7,72.8,52.4,azumarill:807;florges:712;rillaboom:631;ninetales_shadow:574;annihilape:570,melmetal:304;cramorant:309;tinkaton:312;mimikyu:345;altaria:413
farfetchd,Farfetch'd,74.7,116.8,109.2,131,1671,FURY_CUTTER,LEAF_BLADE,AERIAL_ACE,68.8,62.1,68.4,53.7,quagsire_shadow:732;jellicent:671;rillaboom:641;sableye_shadow:603;stunfisk:503,tinkaton:177;altaria:221;melmetal:277;cramorant:353;mimikyu:387
machoke,Machoke,74.7,126.7,97.3,143,1766,KARATE_CHOP,CROSS_CHOP,RETURN,68.8,41.6,67.2,58.4,melmetal:884;thievul:856;quagsire_shadow:636;ninetales_shadow:573;vigoroth:573,mimikyu:65;altaria:217;cramorant:234;tinkaton:343;sableye_shadow:376
palossand,Palossand,74.7,116.5,123,134,1922,ASTONISH,SHADOW_BALL,EARTH_POWER,66.2,41.2,75.6,57.4,stunfisk:735;corviknight:626;altaria:563;florges:559;melmetal:541,tinkaton:230;ninetales_shadow:242;quagsire_shadow:301;cramorant:400;mimikyu:490
zapdos_galarian,Zapdos (Galarian),74.7,135.6,107.2,113,1645,LOW_KICK,FLY,CLOSE_COMBAT,62.8,47.2,73.1,41.7,quagsire_shadow:659;tinkaton:654;thievul:628;corviknight:544;ninetales_shadow:535,mimikyu:121;cramorant:162;vigoroth:313;altaria:336;melmetal:380
emboar_shadow,Emboar (Shadow),74.6,137.8,80.4,147,1631,EMBER,BLAST_BURN,ROCK_SLIDE,63.1,60.3,76.9,22.4,electrode_hisuian:792;tinkaton:782;ninetales_shadow:670;corsola_galarian:615;thievul:608,quagsire_shadow:102;mimikyu:242;melmetal:250;vigoroth:420;altaria:442
golem_alolan_shadow,Golem (Alolan) (Shadow),74.6,125.1,122.2,117,1791,VOLT_SWITCH,WILD_CHARGE,ROCK_BLAST,74.3,56.9,63.4,39.1,tinkaton:773;altaria:688;corviknight:653;vigoroth:641;cramorant:589,quagsire_shadow:139;melmetal:222;ninetales_shadow:242;mimikyu:359;sableye_shadow:472
kartana,Kartana,74.6,169.1,99.3,79,1328,FURY_CUTTER,LEAF_BLADE,SACRED_SWORD,73.2,45.8,72.2,28.1,stunfisk:879;vigoroth:765;sableye_shadow:594;quagsire_shadow:556;thievul:537,mimikyu:149;cramorant:162;tinkaton:258;altaria:278;melmetal:472
suicune,Suicune,74.5,106.2,143,137,2083,ICE_FANG,BUBBLE_BEAM,SCALD,72.4,60,74.3,61.6,altaria:675;quagsire_shadow:671;florges:645;vigoroth:631;corviknight:605,melmetal:208;ninetales_shadow:257;mimikyu:373;tinkaton:386;cramorant:488
druddigon,Druddigon,74.4,131.2,111.2,117,1709,DRAGON_TAIL,NIGHT_SLASH,ROCK_TOMB,68.2,54,61.6,48.3,morpeko_full_belly:683;ninetales_shadow:679;electrode_hisuian:619;deoxys_defense:615;altaria:585,tinkaton:127;mimikyu:130;melmetal:308;vigoroth:320;cramorant:369
kilowattrel,Kilowattrel,74.3,143.2,92.5,118,1563,THUNDER_SHOCK,ACROBATICS,AERIAL_ACE,65.4,60,71,33.9,araquanid:792;fearow:783;cramorant:750;corviknight:665;deoxys_defense:631,mimikyu:233;altaria:297;tinkaton:368;ninetales_shadow:400;melmetal:479
machop,Machop,74.3,127.7,81.5,157,1634,KARATE_CHOP,CROSS_CHOP,BRICK_BREAK,71,54.7,60.1,62.1,melmetal:894;thievul:843;vigoroth:767;quagsire_shadow:617;corviknight:515,mimikyu:154;cramorant:242;altaria:311;tinkaton:326;ninetales_shadow:448
pumpkaboo_large,Pumpkaboo (Large),74.3,113.4,115.1,133,1737,ASTONISH,FOUL_PLAY,GRASS_KNOT,68.1,45,67.1,59,stunfisk:808;electrode_hisuian:650;quagsire_shadow:612;corsola_galarian:556;florges:522,cramorant:253;tinkaton:308;altaria:322;mimikyu:457;melmetal:462
quaxwell,Quaxwell,74.3,125.4,103.5,138,1792,WING_ATTACK,AQUA_JET,AERIAL_ACE,64.5,60.7,70.3,47.5,talonflame:865;annihilape:572;azumarill:547;clodsire:521;araquanid:510,mimikyu:186;altaria:239;melmetal:352;cramorant:384;tinkaton:471
braixen_shadow,Braixen (Shadow),74.2,130.5,106.9,123,1718,EMBER,PSYSHOCK,FLAME_CHARGE,71.2,61.6,63.6,40.4,tinkaton:873;electrode_hisuian:813;corviknight:752;rillaboom:752;melmetal:524,quagsire_shadow:102;cramorant:123;mimikyu:271;altaria:315;ninetales_shadow:400
bruxish,Bruxish,74.1,136.4,102.5,117,1637,CONFUSION,AQUA_TAIL,PSYCHIC_FANGS,75.5,64.7,56.4,48.8,clodsire:867;vigoroth:739;electrode_hisuian:696;quagsire_shadow:692;cramorant:662,ninetales_shadow:257;tinkaton:322;mimikyu:401;altaria:409;melmetal:421
golem_alolan,Golem (Alolan),74.1,125.1,122.2,117,1791,VOLT_SWITCH,WILD_CHARGE,ROCK_BLAST,70.7,50.6,69.4,53.5,azumarill:722;melmetal:666;vigoroth:666;cramorant:658;altaria:508,quagsire_shadow:127;ninetales_shadow:210;mimikyu:303;sableye_shadow:400;tinkaton:464
lugia_shadow,Lugia (Shadow),74.1,104.2,164.3,124,2125,DRAGON_TAIL,FLY,EARTH_POWER,63.6,42.1,73.6,42.2,rillaboom:693;ninetales_shadow:629;melmetal:620;altaria:548;quagsire_shadow:528,mimikyu:121;sableye_shadow:180;tinkaton:184;vigoroth:482;cramorant:484
aggron,Aggron,74,116.6,155.7,106,1925,METAL_SOUND,METEOR_BEAM,BRICK_BREAK,68.5,56.7,69,60.3,electrode_hisuian:811;altaria:759;florges:650;ninetales_shadow:627;thievul:566,quagsire_shadow:226;tinkaton:294;melmetal:304;cramorant:333;vigoroth:424
grimer_alolan,Grimer (Alolan),74,122.7,86.8,171,1824,POISON_JAB,CRUNCH,SLUDGE_BOMB,65.7,55,73,50.9,azumarill:812;thievul:611;ninetales_shadow:605;corsola_galarian:543;florges:535,tinkaton:141;cramorant:313;melmetal:356;mimikyu:481;altaria:496
rayquaza,Rayquaza,74,147.5,89.5,115,1519,DRAGON_TAIL,BREAKING_SWIPE,DRAGON_ASCENT,61.4,32.4,74.8,30,deoxys_defense:839;ninetales_shadow:656;jellicent:643;thievul:560;altaria:513,mimikyu:121;melmetal:123;vigoroth:210;cramorant:253;tinkaton:262
swoobat,Swoobat,74,126.6,101.6,138,1777,CONFUSION,FLY,PSYCHIC_FANGS,73.5,49.6,58.8,57.9,clodsire:855;altaria:735;ninetales_shadow:565;vigoroth:547;florges:536,tinkaton:248;melmetal:291;mimikyu:392;cramorant:444;quagsire_shadow:447
emboar,Emboar,73.9,137.8,80.4,147,1631,EMBER,BLAST_BURN,ROCK_SLIDE,64.5,53.8,75.9,33.6,tinkaton:795;ninetales_shadow:704;melmetal:683;thievul:666;fearow:554,quagsire_shadow:77;cramorant:123;mimikyu:233;vigoroth:344;altaria:347
graveler_alolan,Graveler (Alolan),73.9,121.4,130.9,116,1845,VOLT_SWITCH,STONE_EDGE,ROCK_BLAST,70.1,53.5,66.2,60,cramorant:918;altaria:788;morpeko_full_belly:724;vigoroth:672;thievul:556,quagsire_shadow:114;ninetales_shadow:194;mimikyu:299;tinkaton:368;melmetal:465
grimer_shadow,Grimer (Shadow),73.9,122.7,86.8,171,1824,POISON_JAB,SLUDGE,MUD_BOMB,61.7,48.9,70.2,46.4,azumarill:786;talonflame:681;florges:678;rillaboom:616;ninetales_shadow:543,cramorant:309;mimikyu:345;tinkaton:439;melmetal:462;altaria:478
larvesta,Larvesta,73.9,130.8,99.7,131,1710,EMBER,FLAME_WHEEL,BUG_BUZZ,63.9,51.5,69.2,49.8,corviknight:843;electrode_hisuian:843;melmetal:698;tinkaton:671;florges:534,quagsire_shadow:96;cramorant:123;mimikyu:186;altaria:221;ninetales_shadow:329
xatu,Xatu,73.9,132.2,107.9,119,1698,PECK,PSYSHOCK,SHADOW_BALL,66.8,66.7,66.7,43.6,fearow:743;rillaboom:605;ninetales_shadow:558;annihilape:542;deoxys_defense:508,quagsire_shadow:220;mimikyu:299;melmetal:315;tinkaton:326;altaria:394
hitmontop,Hitmontop,73.8,121.2,149.8,102,1853,COUNTER,CLOSE_COMBAT,TRIPLE_AXEL,65.3,45,69.4,62.4,thievul:681;stunfisk:642;melmetal:612;corviknight:588;vigoroth:573,mimikyu:163;altaria:177;cramorant:178;tinkaton:297;ninetales_shadow:388
slowbro_galarian,Slowbro (Galarian),73.8,119.1,108.3,146,1885,CONFUSION,DRAIN_PUNCH,SLUDGE_BOMB,72.1,51.8,66.2,60.8,florges:763;altaria:602;electrode_hisuian:582;quagsire_shadow:578;ninetales_shadow:503,cramorant:313;mimikyu:317;tinkaton:382;melmetal:414;vigoroth:493
beedrill_shadow,Beedrill (Shadow),73.7,127.1,106.5,130,1760,POISON_STING,X_SCISSOR,DRILL_RUN,68.4,65.5,64.8,36,electrode_hisuian:823;rillaboom:788;thievul:684;florges:630;stunfisk:557,mimikyu:247;altaria:307;cramorant:321;tinkaton:411;melmetal:448
crawdaunt_shadow,Crawdaunt (Shadow),73.7,144.7,98.3,109,1552,WATERFALL,NIGHT_SLASH,SCALD,68.2,64.6,57.5,42.8,clodsire:775;corsola_galarian:665;deoxys_defense:628;ninetales_shadow:623;thievul:555,melmetal:311;altaria:369;tinkaton:425;mimikyu:434;cramorant:448
decidueye,Decidueye,73.7,127.8,115.2,119,1754,LEAFAGE,FRENZY_PLANT,SPIRIT_SHACKLE,69.2,58.7,69.7,56.9,quagsire_shadow:920;azumarill:878;stunfisk:810;vigoroth:735;electrode_hisuian:584,ninetales_shadow:130;altaria:210;tinkaton:290;mimikyu:299;melmetal:332
giratina_origin,Giratina (Origin),73.7,120,101.4,154,1875,DRAGON_TAIL,OMINOUS_WIND,SHADOW_BALL,69,43.8,68.7,53.5,ninetales_shadow:759;quagsire_shadow:737;electrode_hisuian:685;cramorant:587;stunfisk:542,mimikyu:121;tinkaton:166;vigoroth:406;melmetal:445;altaria:467
haunter,Haunter,73.7,161.1,85.5,101,1392,SHADOW_CLAW,SHADOW_PUNCH,ICE_PUNCH,72,65.3,68.7,28.9,deoxys_defense:905;electrode_hisuian:747;jellicent:722;altaria:698;cramorant:569,melmetal:222;ninetales_shadow:226;quagsire_shadow:226;mimikyu:387;tinkaton:436
lairon,Lairon,73.7,113.8,147.1,118,1977,METAL_SOUND,ROCK_TOMB,BODY_SLAM,65,48.3,66.6,56.1,ninetales_shadow:669;araquanid:635;altaria:610;cramorant:597;corsola_galarian:584,melmetal:95;quagsire_shadow:96;corviknight:193;vigoroth:303;tinkaton:485
honchkrow,Honchkrow,73.6,149.9,68.9,145,1500,PECK,BRAVE_BIRD,DARK_PULSE,60.1,44.7,70.7,32.8,corsola_galarian:748;azumarill:748;deoxys_defense:748;araquanid:665;sableye_shadow:541,melmetal:140;cramorant:261;mimikyu:322;tinkaton:322;altaria:445
kabutops,Kabutops,73.6,135.4,119.7,102,1655,FURY_CUTTER,AQUA_JET,STONE_EDGE,63.7,62.6,66.9,33.4,araquanid:720;electrode_hisuian:700;thievul:651;altaria:642;vigoroth:617,mimikyu:121;melmetal:126;ninetales_shadow:146;tinkaton:280;cramorant:329
mismagius_shadow,Mismagius (Shadow),73.6,131.6,123.6,104,1693,PSYWAVE,SHADOW_BALL,MYSTICAL_FIRE,64.5,63.5,58.5,37,clodsire:879;deoxys_defense:879;altaria:701;melmetal:562;vigoroth:504,cramorant:250;quagsire_shadow:251;ninetales_shadow:277;mimikyu:359;tinkaton:460
perrserker,Perrserker,73.6,128.7,113.3,119,1738,SHADOW_CLAW,CLOSE_COMBAT,TRAILBLAZE,62.6,44.6,68.2,47.2,vigoroth:663;jellicent:584;azumarill:563;quagsire_shadow:550;cramorant:525,melmetal:171;ninetales_shadow:178;altaria:246;tinkaton:333;mimikyu:401
regirock_shadow,Regirock (Shadow),73.6,105.7,178.4,111,2095,LOCK_ON,STONE_EDGE,FOCUS_BLAST,59.2,48.4,81.9,36.5,cradily:878;fearow:567;ninetales_shadow:558;cramorant:554;altaria:522,mimikyu:130;tinkaton:248;quagsire_shadow:279;melmetal:280;vigoroth:382
torterra,Torterra,73.6,119.9,117,133,1867,MUD_SLAP,FRENZY_PLANT,SAND_TOMB,65.6,39.8,67.5,60.8,stunfisk:842;electrode_hisuian:699;quagsire_shadow:537;melmetal:522;vigoroth:511,cramorant:115;altaria:166;ninetales_shadow:301;mimikyu:345;tinkaton:365
wormadam_sandy,Wormadam (Sandy),73.6,110,144.8,128,2040,SUCKER_PUNCH,BULLDOZE,BUG_BUZZ,64.8,51,76.6,62.1,stunfisk:847;deoxys_defense:695;marowak:656;melmetal:582;corsola_galarian:574,cramorant:293;quagsire_shadow:301;altaria:307;ninetales_shadow:333;mimikyu:457
bewear_shadow,Bewear (Shadow),73.5,129.6,87.1,153,1729,LOW_KICK,SUPER_POWER,STOMP,72.4,61.8,71,46.4,thievul:767;vigoroth:732;tinkaton:709;quagsire_shadow:591;sableye_shadow:526,mimikyu:130;ninetales_shadow:281;altaria:293;cramorant:384;melmetal:414
crocalor,Crocalor,73.5,119.4,105.7,148,1869,INCINERATE,DISARMING_VOICE,CRUNCH,66.5,54.4,68.5,56.9,melmetal:658;tinkaton:604;corviknight:601;altaria:520;thievul:520,quagsire_shadow:164;cramorant:202;vigoroth:237;mimikyu:336;ninetales_shadow:460
excadrill,Excadrill,73.5,142.6,78.7,140,1573,MUD_SHOT,DRILL_RUN,ROCK_SLIDE,67.1,61,70.7,36,fearow:817;melmetal:750;electrode_hisuian:546;stunfisk:521;florges:503,cramorant:83;ninetales_shadow:162;mimikyu:177;altaria:318;tinkaton:489
gabite,Gabite,73.5,128.7,102.4,132,1741,MUD_SHOT,TWISTER,DIG,66,48.6,72.5,45.4,morpeko_full_belly:791;stunfisk:746;melmetal:715;electrode_hisuian:655;ninetales_shadow:628,cramorant:47;mimikyu:177;altaria:318;vigoroth:331;tinkaton:457
gabite_shadow,Gabite (Shadow),73.5,128.7,102.4,132,1741,MUD_SHOT,TWISTER,DIG,67.6,47,70.5,36.8,tinkaton:731;stunfisk:715;ninetales_shadow:693;melmetal:666;electrode_hisuian:545,cramorant:91;mimikyu:186;altaria:369;vigoroth:382;quagsire_shadow:431
quilladin,Quilladin,73.5,114.9,130.2,130,1947,LOW_KICK,ENERGY_BALL,BODY_SLAM,67.1,53.6,71.8,60.8,quagsire_shadow:811;electrode_hisuian:700;stunfisk:680;florges:561;vigoroth:542,mimikyu:70;altaria:213;cramorant:285;tinkaton:343;melmetal:462
vaporeon,Vaporeon,73.5,118.4,96.9,165,1894,WATER_GUN,AQUA_TAIL,LAST_RESORT,68.7,53.6,67.9,52.4,tinkaton:587;quagsire_shadow:554;vigoroth:548;ninetales_shadow:539;sableye_shadow:512,mimikyu:261;cramorant:341;altaria:416;corviknight:433;melmetal:438
kabuto_shadow,Kabuto (Shadow),73.4,134.4,129.4,96,1672,SCRATCH,AQUA_JET,ROCK_TOMB,63.2,61,64.8,24.8,fearow:786;altaria:635;thievul:630;vigoroth:583;marowak:557,melmetal:113;mimikyu:140;ninetales_shadow:218;quagsire_shadow:239;tinkaton:404
rapidash_galarian,Rapidash (Galarian),73.4,133.6,111.5,112,1670,FAIRY_WIND,BODY_SLAM,WILD_CHARGE,69.8,45.5,69.4,44.9,fearow:727;thievul:683;cramorant:651;altaria:625;sableye_shadow:549,melmetal:92;tinkaton:95;mimikyu:172;vigoroth:300;ninetales_shadow:464
sirfetchd,Sirfetch'd,73.4,144.7,108,99,1548,FURY_CUTTER,LEAF_BLADE,CLOSE_COMBAT,73.7,49.2,66.7,33.4,thievul:767;vigoroth:691;quagsire_shadow:601;stunfisk:555;melmetal:545,tinkaton:95;mimikyu:121;ninetales_shadow:146;altaria:184;cramorant:373
charmeleon_shadow,Charmeleon (Shadow),73.3,126.6,109.4,128,1774,EMBER,FIRE_PUNCH,FLAMETHROWER,64.2,58.3,64.8,43.3,tinkaton:867;electrode_hisuian:820;rillaboom:785;melmetal:691;corviknight:546,quagsire_shadow:102;mimikyu:247;altaria:264;cramorant:265;ninetales_shadow:396
dipplin,Dipplin,73.3,114.6,128.8,132,1950,DRAGON_TAIL,SEED_BOMB,OUTRAGE,65.7,41,65.6,51.9,quagsire_shadow:852;stunfisk:844;electrode_hisuian:806;jellicent:583;vigoroth:526,mimikyu:135;tinkaton:138;altaria:311;ninetales_shadow:369;melmetal:376
magmortar_shadow,Magmortar (Shadow),73.3,140.8,104.5,108,1589,KARATE_CHOP,FIRE_PUNCH,THUNDERBOLT,70.7,60.1,61.6,22.7,electrode_hisuian:787;rillaboom:745;melmetal:625;thievul:620;ninetales_shadow:592,mimikyu:79;quagsire_shadow:152;cramorant:281;altaria:373;tinkaton:492
passimian,Passimian,73.3,128.6,99.1,136,1735,COUNTER,BRUTAL_SWING,SUPER_POWER,67.4,47.2,68.7,57.1,thievul:702;quagsire_shadow:606;melmetal:602;ninetales_shadow:555;vigoroth:522,mimikyu:121;cramorant:218;tinkaton:280;altaria:289;sableye_shadow:376
sandslash_shadow,Sandslash (Shadow),73.3,120.4,123,125,1853,SAND_ATTACK,ROCK_TOMB,NIGHT_SLASH,65.1,73.5,62.6,40.2,morpeko_full_belly:748;deoxys_defense:628;corviknight:596;clodsire:520;altaria:512,cramorant:91;mimikyu:233;tinkaton:382;ninetales_shadow:456;melmetal:486
barraskewda,Barraskewda,73.2,159.6,85.2,103,1403,PECK,AQUA_JET,CLOSE_COMBAT,65,69.5,68,21.9,marowak:645;quagsire_shadow:616;fearow:606;annihilape:606;thievul:558,melmetal:126;cramorant:242;mimikyu:299;altaria:351;tinkaton:351
flapple,Flapple,73.2,138.1,100.1,117,1618,DRAGON_BREATH,SEED_BOMB,DRAGON_PULSE,65.9,52.9,60.8,44.6,quagsire_shadow:910;marowak:841;electrode_hisuian:739;stunfisk:726;altaria:585,mimikyu:140;tinkaton:187;cramorant:242;melmetal:366;ninetales_shadow:384
tyranitar,Tyranitar,73.2,129.7,111.4,120,1734,DRAGON_BREATH,BRUTAL_SWING,STONE_EDGE,64.6,48.9,59,45.6,altaria:708;araquanid:675;vigoroth:670;thievul:654;corsola_galarian:641,tinkaton:95;melmetal:113;mimikyu:130;quagsire_shadow:152;ninetales_shadow:218
ferrothorn_shadow,Ferrothorn (Shadow),73.1,107.1,152.7,128,2094,BULLET_SEED,POWER_WHIP,THUNDER,62.8,33.3,76.3,54,quagsire_shadow:753;stunfisk:734;azumarill:687;florges:535;cramorant:507,ninetales_shadow:63;altaria:155;mimikyu:182;tinkaton:343;melmetal:369
lampent,Lampent,73.1,132.5,99,129,1692,EMBER,HEAT_WAVE,ENERGY_BALL,66,54,71.2,47.7,tinkaton:856;electrode_hisuian:841;corviknight:763;melmetal:693;florges:527,quagsire_shadow:77;cramorant:123;mimikyu:168;altaria:228;ninetales_shadow:341
magmar_shadow,Magmar (Shadow),73.1,135.1,107.6,114,1659,EMBER,FIRE_PUNCH,SCORCHING_SANDS,72,62.3,64.8,30.5,tinkaton:877;electrode_hisuian:798;corviknight:758;ninetales_shadow:679;melmetal:649,quagsire_shadow:102;cramorant:123;mimikyu:247;altaria:250;vigoroth:431
pancham,Pancham,73.1,123.3,99.3,149,1826,LOW_KICK,CRUNCH,BODY_SLAM,67,48.9,65.1,51.9,thievul:711;furret:667;melmetal:637;vigoroth:583;morpeko_full_belly:577,mimikyu:70;cramorant:123;altaria:260;tinkaton:304;ninetales_shadow:476
suicune_shadow,Suicune (Shadow),73.1,107.1,139.9,136,2039,ICE_FANG,BUBBLE_BEAM,SCALD,69,54.4,72,59.7,altaria:757;quagsire_shadow:599;corviknight:558;corsola_galarian:555;cramorant:540,melmetal:195;ninetales_shadow:242;vigoroth:313;mimikyu:406;tinkaton:421
haxorus_shadow,Haxorus (Shadow),73,151.4,95.1,103,1485,DRAGON_TAIL,NIGHT_SLASH,SURF,70.1,54.6,65.4,25.5,clodsire:762;fearow:645;ninetales_shadow:592;stunfisk:533;thievul:509,melmetal:140;mimikyu:168;tinkaton:312;altaria:449;cramorant:460
leavanny,Leavanny,73,129.4,110.2,121,1727,SHADOW_CLAW,LEAF_BLADE,X_SCISSOR,68.4,53.2,65.2,51.1,electrode_hisuian:871;azumarill:847;jellicent:847;quagsire_shadow:793;stunfisk:776,cramorant:162;altaria:278;tinkaton:287;melmetal:352;mimikyu:373
pawmo,Pawmo,73,136.1,81.5,142,1576,THUNDER_SHOCK,WILD_CHARGE,THUNDER_PUNCH,68.5,44.6,69.4,36.8,corviknight:785;thievul:785;melmetal:721;cramorant:697;sableye_shadow:679,ninetales_shadow:146;tinkaton:187;mimikyu:191;quagsire_shadow:229;altaria:286
tyranitar_shadow,Tyranitar (Shadow),73,129.7,111.4,120,1734,DRAGON_BREATH,BRUTAL_SWING,STONE_EDGE,67.3,51.2,55.5,34.7,altaria:708;vigoroth:645;thievul:587;araquanid:587;corsola_galarian:579,melmetal:113;mimikyu:168;cramorant:242;tinkaton:283;ninetales_shadow:456
graveler_alolan_shadow,Graveler (Alolan) (Shadow),72.9,122.6,129.8,115,1831,VOLT_SWITCH,STONE_EDGE,ROCK_BLAST,72.1,58.3,54.7,44.6,cramorant:904;fearow:878;altaria:682;azumarill:682;vigoroth:643,quagsire_shadow:139;melmetal:222;ninetales_shadow:242;mimikyu:359;tinkaton:439
honchkrow_shadow,Honchkrow (Shadow),72.9,149.9,68.9,145,1500,PECK,BRAVE_BIRD,DARK_PULSE,61.2,46.6,67.2,33.9,clodsire:727;deoxys_defense:706;corsola_galarian:693;azumarill:693;altaria:582,melmetal:167;ninetales_shadow:257;cramorant:305;mimikyu:345;tinkaton:475
kabuto,Kabuto,72.9,134.4,129.4,96,1672,SCRATCH,AQUA_JET,ROCK_TOMB,62.5,57.6,65.7,35.5,talonflame:880;fearow:838;togekiss:838;cramorant:536;altaria:515,mimikyu:121;melmetal:126;ninetales_shadow:218;vigoroth:251;tinkaton:368
scolipede,Scolipede,72.9,131.7,120.3,107,1698,POISON_STING,AQUA_TAIL,MEGAHORN,70.7,55,66.7,39.4,deoxys_defense:901;electrode_hisuian:808;florges:682;thievul:668;stunfisk:598,cramorant:162;melmetal:239;altaria:304;tinkaton:329;mimikyu:392
comfey,Comfey,72.8,116.2,157.4,105,1922,VINE_WHIP,DRAINING_KISS,GRASS_KNOT,66.7,51.2,71,44.6,thievul:695;sableye_shadow:604;quagsire_shadow:595;corsola_galarian:533;altaria:528,tinkaton:95;melmetal:136;mimikyu:280;ninetales_shadow:321;cramorant:480
fraxure_shadow,Fraxure (Shadow),72.8,144.2,91.5,118,1558,DRAGON_TAIL,AQUA_TAIL,NIGHT_SLASH,74,66.7,63.8,28.4,talonflame:792;fearow:652;ninetales_shadow:635;morpeko_full_belly:588;stunfisk:542,mimikyu:168;tinkaton:244;melmetal:369;altaria:423;cramorant:452
pancham_shadow,Pancham (Shadow),72.8,123.3,99.3,149,1826,LOW_KICK,CRUNCH,BODY_SLAM,67.1,53.3,64.6,48.3,thievul:795;vigoroth:728;quagsire_shadow:627;melmetal:607;ninetales_shadow:523,mimikyu:121;cramorant:162;sableye_shadow:276;altaria:297;tinkaton:322
regice,Regice,72.8,104.5,179.9,114,2144,LOCK_ON,BLIZZARD,THUNDER,67.4,54.9,81.9,31.3,stunfisk:771;altaria:618;florges:618;cramorant:605;electrode_hisuian:587,mimikyu:163;tinkaton:265;melmetal:308;vigoroth:313;ninetales_shadow:341
wormadam_plant,Wormadam (Plant),72.8,110,144.8,128,2040,SUCKER_PUNCH,ENERGY_BALL,BUG_BUZZ,66.8,45.2,70.3,61.3,stunfisk:722;vigoroth:617;quagsire_shadow:570;sableye_shadow:562;melmetal:519,ninetales_shadow:194;cramorant:202;altaria:257;tinkaton:304;mimikyu:425
aggron_shadow,Aggron (Shadow),72.7,116.6,155.7,106,1925,METAL_SOUND,METEOR_BEAM,BRICK_BREAK,64,52.1,64.4,45.1,vigoroth:801;corsola_galarian:693;altaria:617;thievul:537;ninetales_shadow:533,cramorant:214;quagsire_shadow:260;tinkaton:322;melmetal:376;mimikyu:448
electabuzz,Electabuzz,72.7,130.8,113.2,115,1704,THUNDER_SHOCK,THUNDER_PUNCH,RETURN,61.5,42.9,71.2,50.9,fearow:839;cramorant:760;azumarill:760;corviknight:630;ninetales_shadow:539,quagsire_shadow:96;mimikyu:191;altaria:282;tinkaton:319;melmetal:383
grimer_alolan_shadow,Grimer (Alolan) (Shadow),72.7,122.7,86.8,171,1824,POISON_JAB,CRUNCH,SLUDGE_BOMB,62.2,50.3,70,47.7,mimikyu:567;sableye_shadow:549;thievul:540;ninetales_shadow:526;corsola_galarian:511,tinkaton:187;quagsire_shadow:189;altaria:264;cramorant:333;melmetal:400
eelektrik,Eelektrik,72.6,122.3,110,136,1831,ACID,DISCHARGE,CRUNCH,64,58.4,69.7,52.2,cramorant:772;electrode_hisuian:606;azumarill:591;corviknight:558;florges:536,mimikyu:242;tinkaton:265;melmetal:270;altaria:326;ninetales_shadow:440
lugia,Lugia,72.6,102.4,167.1,127,2174,DRAGON_TAIL,EARTH_POWER,AEROBLAST,63.1,36.9,78.9,40.9,florges:606;quagsire_shadow:602;altaria:598;tinkaton:590;ninetales_shadow:547,mimikyu:79;melmetal:113;sableye_shadow:140;cramorant:281;vigoroth:393
quilladin_shadow,Quilladin (Shadow),72.6,114.9,130.2,130,1947,LOW_KICK,ENERGY_BALL,BODY_SLAM,66.4,53.6,68.4,47.5,stunfisk:796;quagsire_shadow:792;thievul:726;melmetal:684;vigoroth:542,mimikyu:70;ninetales_shadow:162;altaria:275;tinkaton:312;cramorant:313
axew_shadow,Axew (Shadow),72.5,138.6,96,121,1612,SCRATCH,AQUA_TAIL,DRAGON_CLAW,64.8,82.9,60.1,26.6,fearow:698;marowak:698;ninetales_shadow:652;stunfisk:566;altaria:541,mimikyu:149;vigoroth:210;tinkaton:333;melmetal:349;cramorant:361
braixen,Braixen,72.5,130.5,106.9,123,1718,EMBER,PSYSHOCK,FLAME_CHARGE,67.4,52.1,65.7,52.2,electrode_hisuian:833;melmetal:613;tinkaton:544;corviknight:524;ninetales_shadow:512,quagsire_shadow:77;cramorant:123;mimikyu:233;vigoroth:337;altaria:394
electabuzz_shadow,Electabuzz (Shadow),72.5,132.1,112.5,114,1696,THUNDER_SHOCK,THUNDER_PUNCH,THUNDERBOLT,65.7,52.6,64.4,32.1,jellicent:842;azumarill:780;cramorant:758;corviknight:758;melmetal:666,ninetales_shadow:182;mimikyu:247;quagsire_shadow:270;altaria:355;tinkaton:361
pumpkaboo_average,Pumpkaboo (Average),72.5,114.2,115.9,126,1670,ASTONISH,FOUL_PLAY,GRASS_KNOT,65.7,44.1,64.8,53.7,deoxys_defense:900;stunfisk:797;electrode_hisuian:634;quagsire_shadow:595;corsola_galarian:531,cramorant:253;tinkaton:308;altaria:351;melmetal:462;mimikyu:495
regieleki,Regieleki,72.5,149.8,82.5,119,1472,VOLT_SWITCH,THUNDER_CAGE,HYPER_BEAM,75.1,47.5,53.6,37.3,cramorant:848;tinkaton:701;vigoroth:659;sableye_shadow:617;melmetal:521,quagsire_shadow:139;ninetales_shadow:257;mimikyu:415;corsola_galarian:442;altaria:496
sceptile,Sceptile,72.5,135.6,109.3,111,1646,FURY_CUTTER,LEAF_BLADE,BREAKING_SWIPE,67.9,56.3,64.4,48.5,quagsire_shadow:914;azumarill:833;stunfisk:743;thievul:711;electrode_hisuian:612,mimikyu:121;cramorant:162;tinkaton:209;melmetal:318;altaria:391
shiftry_shadow,Shiftry (Shadow),72.5,133.4,88,143,1680,SNARL,LEAF_BLADE,FOUL_PLAY,65.4,50.3,66.6,38.9,quagsire_shadow:912;azumarill:821;stunfisk:727;corsola_galarian:580;electrode_hisuian:527,mimikyu:205;tinkaton:226;altaria:344;melmetal:393;cramorant:436
slowpoke,Slowpoke,72.5,104.1,94.9,186,1840,CONFUSION,PSYSHOCK,WATER_PULSE,68.8,46.7,67.9,58.4,quagsire_shadow:610;ninetales_shadow:567;altaria:534;cramorant:524;corviknight:502,sableye_shadow:92;mimikyu:289;tinkaton:361;melmetal:434;vigoroth:465
tauros_aqua,Tauros (Aqua),72.5,127.8,120.6,114,1759,DOUBLE_KICK,AQUA_JET,TRAILBLAZE,62.2,45.3,62.5,50.3,thievul:785;quagsire_shadow:653;marowak:578;melmetal:539;vigoroth:517,mimikyu:84;ninetales_shadow:194;altaria:224;cramorant:285;tinkaton:351
alomomola,Alomomola,72.4,97.4,99.4,238,2306,WATERFALL,HYDRO_PUMP,BLIZZARD,55.8,37.6,82,64.7,talonflame:684;marowak:632;diggersby:609;miltank:602;ninetales_shadow:575,altaria:192;cramorant:222;tinkaton:280;melmetal:304;mimikyu:369
manectric,Manectric,72.4,142.4,91.3,121,1574,THUNDER_FANG,PSYCHIC_FANGS,WILD_CHARGE,68.5,65.8,61.5,55.8,fearow:809;azumarill:735;araquanid:698;cramorant:685;corviknight:508,ninetales_shadow:297;tinkaton:343;altaria:405;mimikyu:420;melmetal:496
monferno_shadow,Monferno (Shadow),72.4,129.6,96,139,1731,EMBER,FLAME_WHEEL,LOW_SWEEP,69.5,64,66.7,34.9,electrode_hisuian:816;tinkaton:805;corviknight:780;melmetal:694;thievul:604,quagsire_shadow:102;altaria:235;mimikyu:247;cramorant:325;ninetales_shadow:361
weezing,Weezing,72.4,117.5,140.2,116,1913,ROLLOUT,SLUDGE_BOMB,DARK_PULSE,66.7,54.6,72.2,44.1,ninetales_shadow:607;azumarill:568;florges:556;electrode_hisuian:543;altaria:521,mimikyu:163;melmetal:301;quagsire_shadow:307;tinkaton:365;vigoroth:365
meganium_shadow,Meganium (Shadow),72.3,110.8,139,131,2018,VINE_WHIP,FRENZY_PLANT,EARTHQUAKE,58.4,36,71.3,45.4,quagsire_shadow:919;electrode_hisuian:835;stunfisk:820;vigoroth:538;sableye_shadow:503,ninetales_shadow:99;tinkaton:141;altaria:188;mimikyu:257;melmetal:380
misdreavus,Misdreavus,72.3,123,120.8,122,1814,ASTONISH,DARK_PULSE,SHADOW_SNEAK,62,47.3,67.7,51.1,rillaboom:676;deoxys_defense:659;mimikyu:569;corsola_galarian:516;marowak:516,altaria:235;tinkaton:258;melmetal:304;cramorant:321;ninetales_shadow:353
rhyperior_shadow,Rhyperior (Shadow),72.3,126.7,104.5,134,1775,MUD_SLAP,DRILL_RUN,ROCK_WRECKER,63.1,40.1,59.7,42,tinkaton:817;vigoroth:664;corsola_galarian:626;thievul:593;stunfisk:559,cramorant:142;altaria:199;melmetal:345;mimikyu:383;ninetales_shadow:456
combusken_shadow,Combusken (Shadow),72.2,130.3,100.8,131,1723,EMBER,ROCK_SLIDE,FLAME_CHARGE,62,57.5,66.4,35.5,talonflame:824;tinkaton:793;ninetales_shadow:675;thievul:633;melmetal:503,quagsire_shadow:102;sableye_shadow:184;mimikyu:266;altaria:427;vigoroth:427
scyther_shadow,Scyther (Shadow),72.2,134.8,109.4,113,1668,FURY_CUTTER,NIGHT_SLASH,X_SCISSOR,69.8,67.3,63.6,38.3,vigoroth:743;electrode_hisuian:716;quagsire_shadow:676;sableye_shadow:676;thievul:637,melmetal:167;mimikyu:233;tinkaton:265;altaria:304;cramorant:337
beedrill,Beedrill,72.1,127.1,106.5,130,1760,INFESTATION,X_SCISSOR,DRILL_RUN,63.1,44.1,62.6,44.9,rillaboom:753;deoxys_defense:661;annihilape:611;clodsire:530;thievul:519,mimikyu:126;altaria:246;cramorant:301;tinkaton:322;melmetal:469
bibarel,Bibarel,72.1,122.9,99.2,149,1819,TAKE_DOWN,SURF,HYPER_FANG,64.5,45.6,69.5,54.5,clodsire:644;corsola_galarian:607;azumarill:583;florges:523;cramorant:516,melmetal:167;mimikyu:266;altaria:329;ninetales_shadow:337;tinkaton:443
escavalier,Escavalier,72.1,132.1,117.6,108,1679,BUG_BITE,DRILL_RUN,RAZOR_SHELL,69.8,46.9,66.2,58.4,electrode_hisuian:828;melmetal:662;stunfisk:625;vigoroth:587;tinkaton:560,ninetales_shadow:194;mimikyu:242;altaria:246;cramorant:273;quagsire_shadow:360
gigalith,Gigalith,72.1,127.2,118.4,117,1763,LOCK_ON,SUPER_POWER,METEOR_BEAM,60.4,48.4,72.5,44.1,talonflame:824;araquanid:756;empoleon:696;altaria:688;cramorant:504,quagsire_shadow:52;ninetales_shadow:75;mimikyu:121;tinkaton:280;melmetal:304
landorus_incarnate_shadow,Landorus (Incarnate) (Shadow),72.1,140.2,100.8,113,1599,MUD_SHOT,EARTH_POWER,ROCK_SLIDE,59.7,54.1,72.6,23.2,clodsire:849;tinkaton:783;stunfisk:716;cramorant:610;melmetal:513,quagsire_shadow:127;mimikyu:186;ninetales_shadow:194;vigoroth:389;altaria:405
typhlosion_hisuian,Typhlosion (Hisuian),72.1,139.6,106.8,108,1611,EMBER,SHADOW_BALL,WILD_CHARGE,60.1,49.8,78.1,28.7,empoleon:847;corviknight:712;fearow:703;melmetal:675;deoxys_defense:587,cramorant:123;mimikyu:214;altaria:326;tinkaton:464;ninetales_shadow:492
cacturne_shadow,Cacturne (Shadow),72,147.2,85,121,1516,SUCKER_PUNCH,TRAILBLAZE,DARK_PULSE,67.4,48.3,54.6,50.9,azumarill:797;mimikyu:747;corsola_galarian:698;stunfisk:657;clodsire:619,ninetales_shadow:333;altaria:351;melmetal:363;cramorant:376;tinkaton:496
glalie_shadow,Glalie (Shadow),72,115.2,120.7,140,1948,ROLLOUT,AVALANCHE,SHADOW_BALL,60.8,43,72,29.2,altaria:771;marowak:746;rillaboom:560;cramorant:535;electrode_hisuian:510,melmetal:85;quagsire_shadow:96;ninetales_shadow:182;mimikyu:200;tinkaton:294
mienshao,Mienshao,72,158.9,84.8,105,1415,FORCE_PALM,BRUTAL_SWING,BLAZE_KICK,64.6,54.1,53.2,43.8,morpeko_full_belly:780;cradily:757;thievul:709;tinkaton:661;vigoroth:614,mimikyu:126;cramorant:218;ninetales_shadow:301;altaria:344;melmetal:431
scolipede_shadow,Scolipede (Shadow),72,131.7,120.3,107,1698,POISON_STING,AQUA_TAIL,X_SCISSOR,70.2,63.8,64.1,32.1,electrode_hisuian:827;rillaboom:742;thievul:658;florges:607;stunfisk:528,melmetal:256;altaria:297;cramorant:349;tinkaton:421;mimikyu:485
cinderace,Cinderace,71.9,139,99.4,117,1617,FIRE_SPIN,BLAST_BURN,PYRO_BALL,58,36.6,67.4,43.8,tinkaton:841;forretress_shadow:829;corsola_galarian:611;rillaboom:547;florges:504,cramorant:198;altaria:271;mimikyu:345;ninetales_shadow:408;melmetal:458
sawk,Sawk,71.9,140.3,97.3,117,1599,LOW_KICK,BRICK_BREAK,BODY_SLAM,69.2,52,59.7,50.9,electrode_hisuian:824;thievul:782;vigoroth:739;quagsire_shadow:538;melmetal:529,mimikyu:186;ninetales_shadow:250;altaria:278;cramorant:357;tinkaton:386
corvisquire,Corvisquire,71.8,118.1,104.7,153,1893,PECK,SKY_ATTACK,PAYBACK,64.2,46.6,71.5,45.9,deoxys_defense:660;rillaboom:630;ninetales_shadow:598;corsola_galarian:562;vigoroth:545,tinkaton:141;melmetal:181;mimikyu:252;altaria:402;cramorant:488
houndour_shadow,Houndour (Shadow),71.8,140.3,82.3,120,1387,EMBER,DARK_PULSE,FLAMETHROWER,64.6,51.8,70.8,20.8,corsola_galarian:770;tinkaton:704;sableye_shadow:704;corviknight:662;ninetales_shadow:566,quagsire_shadow:102;cramorant:123;mimikyu:242;melmetal:250;altaria:387
palpitoad,Palpitoad,71.8,116.2,102.9,161,1927,MUD_SHOT,EARTH_POWER,WATER_PULSE,61.4,37,71.7,47.7,morpeko_full_belly:760;melmetal:714;tinkaton:667;clodsire:621;stunfisk:586,mimikyu:135;ninetales_shadow:146;altaria:173;cramorant:194;quagsire_shadow:385
sandshrew,Sandshrew,71.8,118.4,113.4,127,1707,SCRATCH,SAND_TOMB,ROCK_TOMB,63.4,52.1,62.1,48.5,morpeko_full_belly:771;clodsire:551;stunfisk:507;altaria:503;ninetales_shadow:503,mimikyu:144;tinkaton:386;melmetal:434;quagsire_shadow:434;vigoroth:489
chansey,Chansey,71.7,63,120.1,421,3188,ZEN_HEADBUTT,DAZZLING_GLEAM,HYPER_BEAM,60.6,40.3,75.9,71,corsola_galarian:642;mimikyu:566;jellicent:561;quagsire_shadow:546;florges:509,melmetal:119;tinkaton:283;ninetales_shadow:325;cramorant:349;altaria:416
gengar,Gengar,71.7,154.3,95.4,98,1444,SHADOW_CLAW,SHADOW_PUNCH,DARK_PULSE,71.2,63.3,60,29.5,deoxys_defense:903;electrode_hisuian:739;jellicent:739;cramorant:612;rillaboom:561,melmetal:195;ninetales_shadow:226;altaria:380;mimikyu:387;tinkaton:425
golett_shadow,Golett (Shadow),71.7,119.3,89.9,141,1513,ASTONISH,SHADOW_PUNCH,BRICK_BREAK,67.4,60.3,50.1,46.2,morpeko_full_belly:702;deoxys_defense:680;jellicent:673;melmetal:602;mimikyu:535,quagsire_shadow:236;cramorant:289;ninetales_shadow:289;altaria:413;tinkaton:496
heatran_shadow,Heatran (Shadow),71.7,130.7,115.4,110,1661,FIRE_SPIN,MAGMA_STORM,EARTH_POWER,63.2,37.5,60.8,45.6,tinkaton:886;electrode_hisuian:813;vigoroth:609;corsola_galarian:586;florges:522,ninetales_shadow:194;cramorant:198;altaria:297;mimikyu:383;melmetal:434
zebstrika,Zebstrika,71.7,137.7,95.4,124,1630,LOW_KICK,WILD_CHARGE,FLAME_CHARGE,56.1,43.6,72.8,30.2,tinkaton:782;azumarill:770;melmetal:685;corviknight:584;electrode_hisuian:524,mimikyu:70;cramorant:130;quagsire_shadow:208;altaria:221;ninetales_shadow:222
frigibax,Frigibax,71.6,125.2,84.8,149,1583,DRAGON_BREATH,AVALANCHE,DRAGON_CLAW,61.7,49.8,68,31.5,stunfisk:681;morpeko_full_belly:677;electrode_hisuian:647;altaria:610;cramorant:520,melmetal:113;mimikyu:135;vigoroth:210;tinkaton:230;ninetales_shadow:472
pignite,Pignite,71.6,127.3,87,158,1751,EMBER,ROCK_TOMB,FLAME_CHARGE,60.8,45.8,65.4,54.3,tinkaton:829;ninetales_shadow:693;araquanid:642;melmetal:598;altaria:556,cramorant:123;corviknight:220;mimikyu:233;quagsire_shadow:245;vigoroth:382
raticate_alolan_shadow,Raticate (Alolan) (Shadow),71.6,107,130.1,150,2091,BITE,CRUNCH,HYPER_FANG,64.3,43.5,66.7,47.7,jellicent:756;corsola_galarian:716;quagsire_shadow:610;electrode_hisuian:526;stunfisk:516,melmetal:126;tinkaton:205;mimikyu:261;altaria:347;cramorant:476
haunter_shadow,Haunter (Shadow),71.5,161.1,85.5,101,1392,SHADOW_CLAW,ICE_PUNCH,SHADOW_BALL,65.4,46,65.4,31.8,tinkaton:816;electrode_hisuian:698;azumarill:638;altaria:599;cramorant:519,melmetal:250;quagsire_shadow:251;ninetales_shadow:289;mimikyu:364;vigoroth:386
armaldo_shadow,Armaldo (Shadow),71.4,133.9,109.1,115,1680,FURY_CUTTER,ROCK_BLAST,LIQUIDATION,67.4,54.4,62.9,29.2,electrode_hisuian:778;deoxys_defense:756;vigoroth:634;thievul:604;stunfisk:521,cramorant:162;melmetal:167;mimikyu:233;tinkaton:365;altaria:420
combusken,Combusken,71.4,130.3,100.8,131,1723,EMBER,ROCK_SLIDE,FLAME_CHARGE,62.5,52,66.9,50.6,tinkaton:793;ninetales_shadow:706;melmetal:671;thievul:599;morpeko_full_belly:522,cramorant:123;quagsire_shadow:217;mimikyu:233;altaria:333;vigoroth:372
pinsir_shadow,Pinsir (Shadow),71.4,139.6,112.6,102,1604,FURY_CUTTER,CLOSE_COMBAT,X_SCISSOR,63.2,43.6,64.1,31.8,electrode_hisuian:750;vigoroth:700;sableye_shadow:602;stunfisk:568;quagsire_shadow:558,cramorant:142;melmetal:167;tinkaton:187;mimikyu:233;altaria:304
chimecho,Chimecho,71.3,119.5,120.8,130,1879,ASTONISH,PSYSHOCK,ENERGY_BALL,64.8,45.6,68,45.1,deoxys_defense:646;ninetales_shadow:619;azumarill:534;florges:526;electrode_hisuian:503,tinkaton:304;vigoroth:313;altaria:362;melmetal:383;mimikyu:420
mienfoo,Mienfoo,71.3,142.7,93.2,118,1571,LOW_KICK,BRICK_BREAK,HIGH_JUMP_KICK,68.4,48.1,61.5,40.2,vigoroth:741;thievul:741;tinkaton:690;quagsire_shadow:546;melmetal:521,mimikyu:196;altaria:217;ninetales_shadow:234;cramorant:273;sableye_shadow:300
staravia,Staravia,71.3,131.9,91.5,135,1631,WING_ATTACK,BRAVE_BIRD,FLY,53.6,42.1,72.8,33.4,corsola_galarian:700;jellicent:651;rillaboom:581;sableye_shadow:566;ninetales_shadow:529,melmetal:154;cramorant:242;mimikyu:257;tinkaton:262;altaria:376
wailord_shadow,Wailord (Shadow),71.3,118.3,67.4,237,1892,ROLLOUT,SURF,HYPER_BEAM,59.5,46.3,67.7,37.8,talonflame:812;araquanid:552;tinkaton:546;azumarill:544;togekiss:523,mimikyu:200;ninetales_shadow:242;cramorant:253;altaria:333;melmetal:369
bewear,Bewear,71.2,129.6,87.1,153,1729,LOW_KICK,SUPER_POWER,STOMP,68.2,49.2,67.5,53.2,electrode_hisuian:833;vigoroth:735;thievul:692;quagsire_shadow:663;ninetales_shadow:607,mimikyu:130;cramorant:162;tinkaton:234;altaria:268;melmetal:345
ponyta_shadow,Ponyta (Shadow),71.2,133.5,108.2,116,1676,EMBER,FLAME_WHEEL,STOMP,68.4,59.8,69,29.2,tinkaton:866;electrode_hisuian:780;corviknight:737;fearow:693;thievul:607,cramorant:123;mimikyu:247;melmetal:250;altaria:271;ninetales_shadow:369
tauros_combat,Tauros (Combat),71.2,127.8,120.6,114,1759,DOUBLE_KICK,CLOSE_COMBAT,TRAILBLAZE,59,38.4,69.7,43.6,quagsire_shadow:640;thievul:618;melmetal:592;marowak:578;ninetales_shadow:539,cramorant:142;altaria:271;vigoroth:293;mimikyu:373;tinkaton:489
wyrdeer,Wyrdeer,71.2,126.6,95.5,146,1767,CONFUSION,STOMP,WILD_CHARGE,64.8,49.8,71.8,49.6,quagsire_shadow:640;corviknight:630;corsola_galarian:609;ninetales_shadow:575;vigoroth:506,tinkaton:202;melmetal:321;cramorant:337;mimikyu:345;altaria:373
bayleef,Bayleef,71.1,105.5,141.5,142,2122,MAGICAL_LEAF,ANCIENT_POWER,ENERGY_BALL,63.2,40.3,69.5,58.7,quagsire_shadow:926;stunfisk:834;florges:616;sableye_shadow:584;corsola_galarian:514,ninetales_shadow:162;altaria:293;tinkaton:294;melmetal:311;mimikyu:373
chatot,Chatot,71.1,139.6,78.4,147,1610,PECK,HEAT_WAVE,SKY_ATTACK,57.5,47.5,66.9,37.3,araquanid:806;talonflame:656;jellicent:632;sableye_shadow:530;rillaboom:513,melmetal:126;cramorant:289;mimikyu:317;altaria:326;tinkaton:407
magmar,Magmar,71.1,135.1,107.6,114,1659,EMBER,FIRE_PUNCH,SCORCHING_SANDS,67,55.8,63.9,46.4,tinkaton:855;electrode_hisuian:837;rillaboom:758;melmetal:719;ninetales_shadow:692,quagsire_shadow:77;altaria:188;mimikyu:191;cramorant:242;vigoroth:320
monferno,Monferno,71.1,129.6,96,139,1731,EMBER,FLAME_WHEEL,LOW_SWEEP,66.7,46.1,66.9,49,tinkaton:841;corviknight:780;thievul:633;melmetal:600;ninetales_shadow:543,quagsire_shadow:77;cramorant:123;mimikyu:186;altaria:213;vigoroth:400
vibrava,Vibrava,71.1,125.2,95.7,127,1523,DRAGON_BREATH,SAND_TOMB,BULLDOZE,63.6,54,58.5,48.5,stunfisk:736;melmetal:681;electrode_hisuian:633;quagsire_shadow:586;ninetales_shadow:570,mimikyu:182;vigoroth:272;tinkaton:308;cramorant:345;altaria:402
dialga_shadow,Dialga (Shadow),71,139.4,107,106,1581,DRAGON_BREATH,IRON_HEAD,THUNDER,59,43.3,62.6,40.4,cradily:882;altaria:641;corsola_galarian:580;araquanid:537;electrode_hisuian:504,melmetal:188;mimikyu:242;ninetales_shadow:257;quagsire_shadow:313;tinkaton:372
celebi,Celebi,70.9,120.4,119.3,129,1855,CONFUSION,AURA_SPHERE,LEAF_STORM,66.7,50.9,68.4,52.4,stunfisk:806;quagsire_shadow:794;melmetal:693;electrode_hisuian:658;vigoroth:546,ninetales_shadow:226;cramorant:261;tinkaton:312;altaria:315;mimikyu:317
gigalith_shadow,Gigalith (Shadow),70.9,127.2,118.4,117,1763,LOCK_ON,SUPER_POWER,METEOR_BEAM,55.5,48.3,68.9,25,vigoroth:824;araquanid:722;altaria:688;thievul:653;morpeko_full_belly:568,melmetal:58;ninetales_shadow:99;cramorant:115;mimikyu:121;tinkaton:319
moltres_shadow,Moltres (Shadow),70.9,139.9,102,112,1599,WING_ATTACK,FLY,HEAT_WAVE,55,46.3,65.7,28.7,araquanid:852;tinkaton:812;marowak:620;ninetales_shadow:584;corviknight:526,melmetal:154;quagsire_shadow:177;cramorant:261;mimikyu:289;altaria:471
articuno_galarian,Articuno (Galarian),70.8,134.1,110.9,112,1667,PSYCHO_CUT,FLY,BRAVE_BIRD,60,54.1,68,28.9,marowak:794;araquanid:745;rillaboom:598;ninetales_shadow:540;annihilape:522,mimikyu:168;cramorant:178;tinkaton:223;melmetal:277;altaria:336
celesteela,Celesteela,70.8,119.5,120.7,130,1877,AIR_SLASH,BODY_SLAM,IRON_HEAD,64.8,40.9,68.2,59.5,florges:738;rillaboom:715;vigoroth:650;fearow:650;azumarill:530,melmetal:140;mimikyu:261;altaria:322;tinkaton:390;cramorant:476
charmeleon,Charmeleon,70.8,126.6,109.4,128,1774,EMBER,FIRE_PUNCH,RETURN,60.1,42,67.4,49.3,electrode_hisuian:855;rillaboom:785;melmetal:753;ninetales_shadow:710;tinkaton:542,mimikyu:191;altaria:202;quagsire_shadow:211;cramorant:242;vigoroth:348
drifloon_shadow,Drifloon (Shadow),70.8,110.9,79.8,186,1647,HEX,SHADOW_BALL,ICY_WIND,63.7,49,60.8,39.6,vigoroth:658;ninetales_shadow:596;melmetal:561;altaria:559;corsola_galarian:556,quagsire_shadow:152;sableye_shadow:164;cramorant:170;mimikyu:355;tinkaton:411
escavalier_shadow,Escavalier (Shadow),70.8,132.1,117.6,108,1679,BUG_BITE,DRILL_RUN,RAZOR_SHELL,66.4,43.8,62.8,56.9,electrode_hisuian:847;rillaboom:837;thievul:662;vigoroth:606;stunfisk:527,melmetal:188;mimikyu:233;cramorant:250;altaria:340;tinkaton:471
fraxure,Fraxure,70.8,144.2,91.5,118,1558,DRAGON_TAIL,AQUA_TAIL,NIGHT_SLASH,68.5,59.3,58.3,36.2,talonflame:775;ninetales_shadow:707;morpeko_full_belly:707;stunfisk:588;electrode_hisuian:550,mimikyu:130;tinkaton:191;melmetal:366;altaria:394;cramorant:408
hydrapple,Hydrapple,70.8,122.2,110.7,136,1841,DRAGON_TAIL,SEED_BOMB,OUTRAGE,62,41,64.8,46.4,quagsire_shadow:845;morpeko_full_belly:801;electrode_hisuian:797;stunfisk:775;vigoroth:511,mimikyu:121;tinkaton:145;melmetal:277;altaria:344;ninetales_shadow:376
lairon_shadow,Lairon (Shadow),70.8,113.8,147.1,118,1977,METAL_SOUND,ROCK_TOMB,BODY_SLAM,60.6,47,63.6,51.1,altaria:724;florges:622;ninetales_shadow:584;azumarill:542;thievul:504,quagsire_shadow:102;melmetal:126;tinkaton:301;cramorant:309;mimikyu:364
misdreavus_shadow,Misdreavus (Shadow),70.8,123,120.8,122,1814,ASTONISH,DARK_PULSE,SHADOW_SNEAK,60.9,44.9,64.8,51.6,mimikyu:627;deoxys_defense:622;rillaboom:528;araquanid:520;seaking:520,tinkaton:287;altaria:293;ninetales_shadow:313;cramorant:337;melmetal:386
venomoth,Venomoth,70.8,127,107.5,129,1763,INFESTATION,POISON_FANG,SILVER_WIND,65.9,49.2,56.7,52.2,rillaboom:662;florges:651;azumarill:565;thievul:554;vigoroth:515,tinkaton:273;altaria:286;melmetal:321;cramorant:329;mimikyu:383
zangoose,Zangoose,70.8,144.7,87.7,122,1550,SHADOW_CLAW,CLOSE_COMBAT,NIGHT_SLASH,69.9,60.3,57.4,32.3,corsola_galarian:811;electrode_hisuian:790;vigoroth:668;thievul:627;quagsire_shadow:577,melmetal:188;cramorant:202;tinkaton:234;altaria:289;mimikyu:453
zoroark,Zoroark,70.8,157.3,87.9,103,1425,SUCKER_PUNCH,FOUL_PLAY,SLUDGE_BOMB,62.8,54.1,54.7,38.1,corsola_galarian:723;altaria:645;forretress_shadow:587;talonflame:567;deoxys_defense:529,melmetal:277;ninetales_shadow:289;tinkaton:343;cramorant:361;mimikyu:401
cacturne,Cacturne,70.7,147.2,85,121,1516,SUCKER_PUNCH,TRAILBLAZE,DARK_PULSE,62.3,47.3,56.2,49.6,corsola_galarian:764;stunfisk:690;clodsire:673;jellicent:661;electrode_hisuian:553,melmetal:280;altaria:307;cramorant:321;tinkaton:375;mimikyu:485
houndstone,Houndstone,70.7,120.3,130.3,119,1866,BITE,SHADOW_BALL,PSYCHIC_FANGS,70.1,54.3,69.4,48.5,corsola_galarian:642;ninetales_shadow:617;vigoroth:571;electrode_hisuian:546;altaria:512,melmetal:232;mimikyu:233;cramorant:273;tinkaton:304;quagsire_shadow:437
kleavor,Kleavor,70.7,143.6,104.5,104,1561,FURY_CUTTER,X_SCISSOR,ROCK_SLIDE,65,51.5,65.1,27.1,electrode_hisuian:802;deoxys_defense:802;sableye_shadow:658;altaria:634;thievul:610,melmetal:113;mimikyu:130;ninetales_shadow:146;tinkaton:226;cramorant:309
axew,Axew,70.6,138.6,96,121,1612,SCRATCH,AQUA_TAIL,DRAGON_CLAW,61.7,73.2,62,35.2,ninetales_shadow:723;morpeko_full_belly:681;stunfisk:611;electrode_hisuian:611;rillaboom:528,mimikyu:121;quagsire_shadow:189;tinkaton:308;melmetal:332;cramorant:341
venomoth_shadow,Venomoth (Shadow),70.6,127,107.5,129,1763,INFESTATION,POISON_FANG,SILVER_WIND,59.7,46.3,54.9,41.7,deoxys_defense:918;cradily:856;rillaboom:670;florges:616;annihilape:558,mimikyu:172;cramorant:198;altaria:326;tinkaton:333;melmetal:404
vibrava_shadow,Vibrava (Shadow),70.6,125.2,95.7,127,1523,DRAGON_BREATH,SAND_TOMB,BULLDOZE,63.1,55.6,53.2,38.6,stunfisk:696;melmetal:625;corsola_galarian:618;quagsire_shadow:539;electrode_hisuian:527,mimikyu:182;cramorant:250;ninetales_shadow:289;tinkaton:354;altaria:471
gholdengo,Gholdengo,70.5,134.6,107.8,114,1655,HEX,SHADOW_BALL,POWER_GEM,58.9,31,71.5,36,deoxys_defense:837;melmetal:679;quagsire_shadow:517;cramorant:513;corsola_galarian:504,ninetales_shadow:142;vigoroth:313;mimikyu:345;tinkaton:414;altaria:434
magmortar,Magmortar,70.5,140.8,104.5,108,1589,KARATE_CHOP,FIRE_PUNCH,THUNDERBOLT,64,58.9,60.1,33.4,electrode_hisuian:828;ninetales_shadow:675;melmetal:662;morpeko_full_belly:592;rillaboom:555,mimikyu:65;quagsire_shadow:127;cramorant:253;altaria:289;tinkaton:439
moltres,Moltres,70.5,136.7,103.6,115,1631,WING_ATTACK,FLY,HEAT_WAVE,56.7,48.1,70,39.6,araquanid:891;tinkaton:682;ninetales_shadow:682;melmetal:582;rillaboom:504,vigoroth:175;quagsire_shadow:189;cramorant:218;mimikyu:233;altaria:384
aron,Aron,70.4,114.2,131,127,1903,METAL_SOUND,ROCK_TOMB,IRON_HEAD,67.8,37.6,60.8,51.1,altaria:669;ninetales_shadow:657;cramorant:594;corsola_galarian:547;mimikyu:543,melmetal:95;quagsire_shadow:124;corviknight:316;tinkaton:379;vigoroth:413
corvisquire_shadow,Corvisquire (Shadow),70.4,118.1,104.7,153,1893,PECK,SKY_ATTACK,PAYBACK,58.6,45.3,68.4,40.7,deoxys_defense:617;araquanid:611;rillaboom:604;ninetales_shadow:558;altaria:503,tinkaton:141;melmetal:181;vigoroth:210;cramorant:265;mimikyu:308
shiftry,Shiftry,70.4,133.4,88,143,1680,SNARL,LEAF_BLADE,FOUL_PLAY,64.6,52,62.1,46.4,quagsire_shadow:912;stunfisk:730;corsola_galarian:639;electrode_hisuian:618;sableye_shadow:531,mimikyu:168;tinkaton:205;altaria:282;melmetal:328;cramorant:365
sneasler,Sneasler,70.4,145.4,94.7,112,1543,SHADOW_CLAW,CLOSE_COMBAT,X_SCISSOR,62.5,52.1,64.8,27.9,tinkaton:781;electrode_hisuian:772;thievul:750;rillaboom:531;melmetal:504,cramorant:202;quagsire_shadow:220;ninetales_shadow:242;altaria:271;mimikyu:411
sneasler_shadow,Sneasler (Shadow),70.4,145.4,94.7,112,1543,SHADOW_CLAW,CLOSE_COMBAT,X_SCISSOR,58.9,44.9,64.8,26.3,cradily:799;electrode_hisuian:772;tinkaton:750;thievul:727;forretress_shadow:625,melmetal:195;cramorant:218;ninetales_shadow:226;altaria:333;mimikyu:476
obstagoon_shadow,Obstagoon (Shadow),70.3,113.2,127.9,137,1985,COUNTER,CROSS_CHOP,NIGHT_SLASH,64.3,44.3,61.3,55.6,morpeko_full_belly:777;thievul:693;corsola_galarian:675;ninetales_shadow:572;vigoroth:525,mimikyu:130;cramorant:178;altaria:260;melmetal:342;tinkaton:382
pumpkaboo_small,Pumpkaboo (Small),70.3,115.1,116.8,119,1600,ASTONISH,FOUL_PLAY,GRASS_KNOT,63.6,42,61.8,50.6,deoxys_defense:894;stunfisk:785;electrode_hisuian:613;quagsire_shadow:571;corsola_galarian:504,cramorant:253;tinkaton:308;altaria:355;melmetal:465;mimikyu:495
rhyperior,Rhyperior,70.3,126.7,104.5,134,1775,MUD_SLAP,DRILL_RUN,ROCK_WRECKER,59.7,36.9,62.6,43.3,clodsire:906;tinkaton:817;morpeko_full_belly:779;stunfisk:619;melmetal:507,cramorant:115;altaria:155;quagsire_shadow:189;mimikyu:308;ninetales_shadow:384
slowpoke_shadow,Slowpoke (Shadow),70.3,104.1,94.9,186,1840,CONFUSION,PSYSHOCK,WATER_PULSE,66.2,43.2,66.7,52.2,azumarill:612;cramorant:583;quagsire_shadow:583;vigoroth:532;stunfisk:513,ninetales_shadow:281;mimikyu:317;melmetal:349;altaria:405;tinkaton:425
absol_shadow,Absol (Shadow),70.1,156.6,83.9,109,1434,PSYCHO_CUT,BRUTAL_SWING,MEGAHORN,74.8,70.7,54.4,13.3,sableye_shadow:674;thievul:674;mimikyu:637;vigoroth:628;altaria:536,quagsire_shadow:152;ninetales_shadow:162;tinkaton:258;melmetal:349;cramorant:480
growlithe_hisuian,Growlithe (Hisuian),70.1,131.9,89.9,142,1684,EMBER,ROCK_SLIDE,FLAMETHROWER,63.1,44,64.9,34.9,tinkaton:869;ninetales_shadow:834;electrode_hisuian:820;cramorant:778;altaria:528,quagsire_shadow:77;sableye_shadow:164;mimikyu:186;melmetal:219;vigoroth:389
heatran,Heatran,70.1,132.9,112.2,113,1687,FIRE_SPIN,MAGMA_STORM,EARTH_POWER,60.4,37.8,62.3,49.8,tinkaton:889;forretress_shadow:800;cradily:592;florges:575;furret:526,altaria:268;cramorant:305;mimikyu:345;melmetal:373;ninetales_shadow:376
purugly,Purugly,70.1,125.5,105.5,134,1775,SCRATCH,AERIAL_ACE,THUNDER,57.3,50.7,70.7,38.6,corviknight:623;feraligatr:623;corsola_galarian:593;azumarill:578;florges:503,melmetal:126;tinkaton:187;cramorant:277;altaria:297;mimikyu:425
serperior_shadow,Serperior (Shadow),70.1,110.2,142.2,130,2038,VINE_WHIP,FRENZY_PLANT,LEAF_TORNADO,66.7,45.8,72.5,51.9,stunfisk:811;quagsire_shadow:800;thievul:700;vigoroth:561;mimikyu:542,ninetales_shadow:99;altaria:188;tinkaton:294;cramorant:353;melmetal:380
floatzel,Floatzel,70,143.8,81.7,133,1564,WATERFALL,AQUA_JET,SWIFT,62.3,63.5,61,35.7,clodsire:815;talonflame:770;marowak:680;wigglytuff:575;corviknight:560,melmetal:250;altaria:300;mimikyu:355;cramorant:369;tinkaton:457
palossand_shadow,Palossand (Shadow),70,116.5,123,134,1922,ASTONISH,SHADOW_BALL,EARTH_POWER,61.1,40.6,64.8,53.7,clodsire:750;stunfisk:701;deoxys_defense:652;mimikyu:626;corviknight:597,altaria:264;cramorant:265;tinkaton:287;ninetales_shadow:289;melmetal:359
crawdaunt,Crawdaunt,69.9,144.7,98.3,109,1552,WATERFALL,NIGHT_SLASH,SCALD,64.3,63.3,56.9,41.2,marowak:674;jellicent:573;corsola_galarian:559;thievul:559;corviknight:522,melmetal:250;altaria:315;tinkaton:351;cramorant:384;mimikyu:406
magby,Magby,69.9,139.4,95.7,120,1603,KARATE_CHOP,FIRE_PUNCH,BRICK_BREAK,68.1,53.8,59.3,42.8,electrode_hisuian:808;vigoroth:770;fearow:733;thievul:695;melmetal:679,mimikyu:65;cramorant:214;altaria:278;tinkaton:439;ninetales_shadow:444
pyroar,Pyroar,69.9,135,97.9,126,1667,INCINERATE,FLAME_CHARGE,DARK_PULSE,61.1,54.9,54.6,52.4,corsola_galarian:869;tinkaton:853;mimikyu:575;sableye_shadow:567;corviknight:515,quagsire_shadow:142;cramorant:178;altaria:336;melmetal:342;ninetales_shadow:492
ceruledge,Ceruledge,69.8,136.3,114,106,1648,INCINERATE,SHADOW_BALL,HEAT_WAVE,61.7,53.3,55.9,46.4,tinkaton:858;melmetal:665;ninetales_shadow:655;corviknight:570;florges:528,quagsire_shadow:142;cramorant:178;vigoroth:265;mimikyu:359;altaria:398
elekid,Elekid,69.8,126,97.4,120,1474,THUNDER_SHOCK,THUNDER_PUNCH,BRICK_BREAK,63.4,59,59.8,55.3,fearow:845;empoleon:845;feraligatr:808;azumarill:770;cramorant:766,mimikyu:191;altaria:275;tinkaton:280;ninetales_shadow:309;melmetal:417
golett,Golett,69.8,119.3,89.9,141,1513,ASTONISH,SHADOW_PUNCH,BRICK_BREAK,64.6,59.2,53.4,49.6,deoxys_defense:925;jellicent:723;melmetal:656;mimikyu:528;corsola_galarian:514,cramorant:242;ninetales_shadow:242;quagsire_shadow:245;altaria:358;tinkaton:361
spritzee,Spritzee,69.8,105,107.5,168,1898,CHARM,DRAINING_KISS,THUNDERBOLT,64,39.8,64.4,69.7,altaria:750;sableye_shadow:660;thievul:657;azumarill:610;corsola_galarian:568,tinkaton:145;melmetal:167;ninetales_shadow:218;cramorant:361;mimikyu:429
hitmontop_shadow,Hitmontop (Shadow),69.7,121.2,149.8,102,1853,COUNTER,CLOSE_COMBAT,TRIPLE_AXEL,63.4,40.4,58.3,61,morpeko_full_belly:843;thievul:686;stunfisk:617;melmetal:602;ninetales_shadow:504,mimikyu:149;altaria:192;cramorant:222;tinkaton:347;quagsire_shadow:453
luxray,Luxray,69.7,138,98.9,119,1626,SPARK,WILD_CHARGE,PSYCHIC_FANGS,65.1,59.8,65.4,42,fearow:827;azumarill:794;melmetal:726;corviknight:571;cramorant:554,ninetales_shadow:190;tinkaton:248;quagsire_shadow:263;mimikyu:275;altaria:282
swadloon,Swadloon,69.7,106.7,146.2,135,2106,BUG_BITE,ENERGY_BALL,SILVER_WIND,65,36.7,66.6,64.4,electrode_hisuian:914;stunfisk:751;vigoroth:629;quagsire_shadow:592;sableye_shadow:551,altaria:199;mimikyu:224;tinkaton:251;cramorant:305;melmetal:366
torterra_shadow,Torterra (Shadow),69.7,119.9,117,133,1867,MUD_SLAP,FRENZY_PLANT,SAND_TOMB,62,37.5,61,53.2,stunfisk:823;azumarill:793;melmetal:699;corsola_galarian:657;electrode_hisuian:650,cramorant:99;altaria:173;mimikyu:341;ninetales_shadow:361;tinkaton:450
obstagoon,Obstagoon,69.6,113.2,127.9,137,1985,COUNTER,NIGHT_SLASH,CROSS_CHOP,64,42.9,64.3,62.9,furret:722;thievul:686;vigoroth:572;corsola_galarian:572;fearow:532,mimikyu:149;altaria:275;melmetal:280;tinkaton:319;cramorant:388
bouffalant,Bouffalant,69.5,118.8,115.8,137,1888,MUD_SHOT,STOMP,EARTHQUAKE,62.9,52.7,70.7,40.4,tinkaton:846;melmetal:667;ninetales_shadow:631;corsola_galarian:616;mimikyu:587,altaria:177;corviknight:186;cramorant:214;quagsire_shadow:422;vigoroth:431
bibarel_shadow,Bibarel (Shadow),69.4,122.9,99.2,149,1819,TAKE_DOWN,SURF,HYPER_FANG,63.7,45.8,64.8,57.4,azumarill:812;empoleon:577;jellicent:533;corsola_galarian:520;sableye_shadow:510,melmetal:208;tinkaton:230;mimikyu:242;altaria:322;cramorant:392
carkol,Carkol,69.3,97,141.5,168,2308,SMACK_DOWN,ROCK_SLIDE,FLAME_CHARGE,60.6,36.3,66.7,67.6,talonflame:925;altaria:708;ninetales_shadow:604;fearow:547;araquanid:538,quagsire_shadow:133;melmetal:140;mimikyu:345;tinkaton:386;cramorant:440
golduck,Golduck,69.3,124.1,112.1,129,1797,CONFUSION,CROSS_CHOP,LIQUIDATION,65.7,60.6,64.8,52.7,talonflame:825;tinkaton:550;quagsire_shadow:542;marowak:531;clodsire:523,ninetales_shadow:194;mimikyu:299;altaria:300;cramorant:357;melmetal:400
parasect,Parasect,69.2,124.1,118.2,123,1807,FURY_CUTTER,X_SCISSOR,CROSS_POISON,64.3,47.5,62.1,56.6,electrode_hisuian:886;deoxys_defense:886;thievul:739;stunfisk:686;rillaboom:678,mimikyu:121;tinkaton:156;altaria:275;cramorant:281;melmetal:297
hattrem,Hattrem,69.1,122.7,115.7,128,1818,CONFUSION,PSYSHOCK,DAZZLING_GLEAM,61.8,47.5,66.7,48.3,clodsire:855;talonflame:730;quagsire_shadow:671;ninetales_shadow:605;florges:507,tinkaton:258;mimikyu:317;melmetal:345;altaria:405;vigoroth:496
metagross,Metagross,69.1,132.7,122,104,1686,SHADOW_CLAW,METEOR_MASH,EARTHQUAKE,54.7,45.3,66.7,36.5,clodsire:778;florges:701;deoxys_defense:644;azumarill:567;cramorant:528,ninetales_shadow:182;tinkaton:187;melmetal:226;mimikyu:345;altaria:442
pignite_shadow,Pignite (Shadow),69.1,127.3,87,158,1751,EMBER,ROCK_TOMB,FLAME_CHARGE,55.2,46.4,59,45.4,tinkaton:791;ninetales_shadow:734;araquanid:569;thievul:556;melmetal:512,cramorant:123;quagsire_shadow:127;mimikyu:261;altaria:398;vigoroth:420
tirtouga,Tirtouga,69.1,114.3,132.4,130,1970,BITE,SURF,ANCIENT_POWER,59,46.1,65.4,44.6,cramorant:630;fearow:588;araquanid:565;altaria:557;corviknight:526,ninetales_shadow:146;melmetal:160;mimikyu:261;tinkaton:262;quagsire_shadow:375
tyrunt,Tyrunt,69.1,126.6,107.8,129,1763,DRAGON_TAIL,ROCK_TOMB,STOMP,64.3,45,57.2,39.4,morpeko_full_belly:724;ninetales_shadow:689;electrode_hisuian:639;altaria:624;cramorant:550,mimikyu:121;tinkaton:184;quagsire_shadow:189;melmetal:321;vigoroth:475
growlithe_shadow,Growlithe (Shadow),69,126.8,90.7,135,1555,EMBER,FLAME_WHEEL,BODY_SLAM,65.6,55.5,62.9,25.8,tinkaton:874;corviknight:774;electrode_hisuian:774;annihilape:662;rillaboom:522,cramorant:123;altaria:246;mimikyu:247;melmetal:250;ninetales_shadow:373
slowpoke_galarian,Slowpoke (Galarian),69,104.1,94.9,186,1840,CONFUSION,PSYSHOCK,SURF,65.1,44.9,65.2,52.7,clodsire:647;florges:618;altaria:534;electrode_hisuian:534;stunfisk:518,tinkaton:223;melmetal:284;mimikyu:289;ninetales_shadow:492;cramorant:496
flareon,Flareon,68.9,142.2,109.9,100,1564,EMBER,HEAT_WAVE,SUPER_POWER,67.1,41.5,69.4,26.1,tinkaton:880;vigoroth:695;corviknight:695;melmetal:670;thievul:645,quagsire_shadow:77;cramorant:123;ninetales_shadow:158;altaria:217;mimikyu:233
drifloon,Drifloon,68.8,110.9,79.8,186,1647,HEX,SHADOW_BALL,ICY_WIND,63.7,41.5,63.3,43,deoxys_defense:943;vigoroth:669;jellicent:618;rillaboom:615;altaria:561,mimikyu:280;cramorant:281;tinkaton:343;melmetal:424;ninetales_shadow:468
sawsbuck,Sawsbuck,68.8,129.4,101.8,131,1727,TAKE_DOWN,WILD_CHARGE,TRAILBLAZE,61.7,44,59.5,52.2,stunfisk:767;electrode_hisuian:618;corviknight:580;quagsire_shadow:561;corsola_galarian:561,melmetal:188;tinkaton:209;mimikyu:219;altaria:293;cramorant:337
seviper,Seviper,68.8,137.5,90,131,1623,POISON_JAB,POISON_FANG,WRAP,62.5,57.2,51.1,51.1,azumarill:782;florges:671;talonflame:660;rillaboom:603;ninetales_shadow:511,melmetal:287;tinkaton:297;cramorant:329;mimikyu:373;altaria:416
staraptor,Staraptor,68.8,140.3,90.8,125,1594,WING_ATTACK,FLY,CLOSE_COMBAT,49.7,39.5,67.2,28.7,araquanid:804;talonflame:660;rillaboom:548;sableye_shadow:540;feraligatr:520,melmetal:126;tinkaton:141;cramorant:222;mimikyu:257;altaria:387
cryogonal,Cryogonal,68.7,115.8,137.9,121,1935,ICE_SHARD,TRIPLE_AXEL,NIGHT_SLASH,62,45.5,59.3,55.3,altaria:797;stunfisk:677;rillaboom:619;florges:566;electrode_hisuian:557,ninetales_shadow:123;tinkaton:212;mimikyu:252;melmetal:260;cramorant:380
geodude_alolan_shadow,Geodude (Alolan) (Shadow),68.7,123.5,123.5,113,1724,VOLT_SWITCH,ROCK_TOMB,ROCK_SLIDE,65.7,45.2,55.9,37.5,cramorant:902;altaria:716;vigoroth:663;azumarill:632;melmetal:508,quagsire_shadow:139;ninetales_shadow:242;sableye_shadow:288;mimikyu:345;tinkaton:397
karrablast_shadow,Karrablast (Shadow),68.7,127.7,85.7,127,1390,FURY_CUTTER,DRILL_RUN,X_SCISSOR,61.4,54.7,59.7,25.5,electrode_hisuian:759;vigoroth:681;sableye_shadow:602;quagsire_shadow:570;thievul:562,mimikyu:140;cramorant:154;melmetal:167;altaria:293;tinkaton:375
kricketune,Kricketune,68.7,127.7,89.5,153,1751,FURY_CUTTER,X_SCISSOR,AERIAL_ACE,63.6,44.9,63.1,50.3,deoxys_defense:898;electrode_hisuian:833;cradily:800;thievul:702;rillaboom:666,mimikyu:130;tinkaton:173;cramorant:293;melmetal:301;altaria:311
weezing_shadow,Weezing (Shadow),68.7,117.6,139.5,116,1905,ROLLOUT,SLUDGE_BOMB,DARK_PULSE,59.2,53.2,69,32.3,wigglytuff:788;talonflame:702;florges:625;ninetales_shadow:599;jumpluff:573,mimikyu:200;tinkaton:230;cramorant:253;melmetal:339;altaria:420
grotle,Grotle,68.6,117.8,114.8,141,1908,BITE,BODY_SLAM,ENERGY_BALL,60.9,60,66.6,50.3,quagsire_shadow:812;stunfisk:712;deoxys_defense:574;azumarill:567;florges:507,tinkaton:234;mimikyu:252;altaria:311;melmetal:318;cramorant:384
huntail,Huntail,68.6,130.8,125.6,104,1709,BITE,AQUA_TAIL,CRUNCH,61.2,59.6,63.3,44.3,dusknoir_shadow:677;diggersby:639;empoleon:572;feraligatr:538;seaking:509,mimikyu:233;tinkaton:234;cramorant:301;melmetal:318;altaria:344
ponyta,Ponyta,68.6,133.5,108.2,116,1676,EMBER,FLAME_WHEEL,STOMP,63.4,46.9,64.4,41.2,tinkaton:896;electrode_hisuian:823;corviknight:737;melmetal:594;rillaboom:594,quagsire_shadow:77;cramorant:123;mimikyu:186;altaria:213;ninetales_shadow:345
sandaconda,Sandaconda,68.6,123,132,112,1820,MUD_SLAP,EARTH_POWER,WRAP,60.4,44.6,64.8,57.9,morpeko_full_belly:790;stunfisk:763;clodsire:736;deoxys_defense:580;marowak:549,altaria:286;cramorant:297;mimikyu:303;tinkaton:365;melmetal:482
slowking,Slowking,68.6,113.4,120.9,144,1975,CONFUSION,SURF,BLIZZARD,62.9,41.6,67.9,55.8,clodsire:680;quagsire_shadow:611;florges:572;vigoroth:545;ninetales_shadow:531,sableye_shadow:112;mimikyu:285;altaria:293;tinkaton:397;melmetal:438
staravia_shadow,Staravia (Shadow),68.6,131.9,91.5,135,1631,WING_ATTACK,BRAVE_BIRD,FLY,51.7,40.1,64.1,27.9,corsola_galarian:848;clodsire:803;araquanid:788;azumarill:707;jellicent:603,melmetal:113;cramorant:261;tinkaton:287;mimikyu:317;altaria:460
ho_oh,Ho-Oh,68.5,122.9,128.4,114,1801,INCINERATE,BRAVE_BIRD,SACRED_FIRE,60.3,33.8,75.8,54.3,melmetal:657;tinkaton:622;ninetales_shadow:543;corviknight:521;altaria:504,cramorant:162;quagsire_shadow:164;vigoroth:237;sableye_shadow:276;mimikyu:331
darumaka_shadow,Darumaka (Shadow),68.3,131.9,82.3,157,1706,FIRE_FANG,FIRE_PUNCH,FLAME_CHARGE,63.1,48.6,55.2,55.6,tinkaton:843;electrode_hisuian:843;rillaboom:780;melmetal:659;corviknight:509,quagsire_shadow:198;altaria:231;cramorant:261;ninetales_shadow:313;mimikyu:467
hatterene,Hatterene,68.3,142.1,115,96,1570,PSYCHO_CUT,PSYSHOCK,POWER_WHIP,65.7,44.4,63.4,31,annihilape:880;quagsire_shadow:593;altaria:572;deoxys_defense:557;stunfisk:541,melmetal:85;cramorant:178;mimikyu:196;tinkaton:212;ninetales_shadow:420
smoochum,Smoochum,68.3,141.1,89,120,1509,POWDER_SNOW,PSYSHOCK,ICE_PUNCH,64.3,53.8,66.6,26.8,electrode_hisuian:787;clodsire:779;altaria:745;stunfisk:641;quagsire_shadow:575,melmetal:113;ninetales_shadow:130;mimikyu:238;cramorant:242;tinkaton:255
stufful,Stufful,68.3,124.8,92.1,156,1795,TAKE_DOWN,SUPER_POWER,STOMP,62.9,46.9,67.1,50.9,furret:615;marowak:548;thievul:544;vigoroth:541;rillaboom:525,mimikyu:177;melmetal:188;tinkaton:202;altaria:264;cramorant:337
tyrantrum,Tyrantrum,68.3,129,115.1,116,1724,DRAGON_TAIL,ROCK_TOMB,CRUNCH,60.9,39.3,60.5,36.5,morpeko_full_belly:715;ninetales_shadow:668;electrode_hisuian:616;jellicent:534;cramorant:517,mimikyu:121;melmetal:126;tinkaton:156;vigoroth:403;altaria:434
anorith_shadow,Anorith (Shadow),68.2,145.4,92,115,1540,SCRATCH,AQUA_JET,ANCIENT_POWER,60.6,67.2,61.3,18.7,marowak:656;altaria:613;fearow:604;thievul:560;talonflame:560,mimikyu:140;melmetal:167;cramorant:242;ninetales_shadow:257;tinkaton:382
landorus_incarnate,Landorus (Incarnate),68.2,140.2,100.8,113,1599,MUD_SHOT,EARTH_POWER,ROCK_SLIDE,61.5,46.4,71.2,26.8,stunfisk:787;tinkaton:783;fearow:685;melmetal:615;clodsire:588,cramorant:83;mimikyu:177;ninetales_shadow:182;altaria:307;vigoroth:313
mudsdale,Mudsdale,68.2,123.5,107.1,136,1800,MUD_SLAP,BULLDOZE,BODY_SLAM,60.4,40.3,64.1,54.3,morpeko_full_belly:801;clodsire:757;stunfisk:713;melmetal:687;deoxys_defense:529,altaria:217;cramorant:285;mimikyu:322;ninetales_shadow:384;tinkaton:457
weepinbell,Weepinbell,68.2,137.9,84.8,139,1627,ACID,POWER_WHIP,SEED_BOMB,61.4,53.8,59.8,38.6,electrode_hisuian:888;florges:888;azumarill:852;quagsire_shadow:712;stunfisk:658,cramorant:242;tinkaton:283;mimikyu:299;melmetal:325;altaria:329
golduck_shadow,Golduck (Shadow),68.1,124.1,112.1,129,1797,CONFUSION,CROSS_CHOP,LIQUIDATION,64.2,62.7,58.8,44.1,clodsire:810;talonflame:794;vigoroth:763;annihilape:705;azumarill:519,melmetal:140;mimikyu:331;tinkaton:358;altaria:365;cramorant:373
haxorus,Haxorus,68.1,151.4,95.1,103,1485,DRAGON_TAIL,NIGHT_SLASH,SURF,66,56.1,60,27.4,talonflame:742;ninetales_shadow:655;marowak:655;kingdra:558;stunfisk:538,mimikyu:130;tinkaton:248;melmetal:308;altaria:384;cramorant:416
heatmor,Heatmor,68.1,134.6,92.6,134,1671,FIRE_SPIN,THUNDER_PUNCH,FLAMETHROWER,59.4,36.1,61.5,48.8,tinkaton:861;talonflame:753;melmetal:664;florges:537;corviknight:533,quagsire_shadow:127;cramorant:170;altaria:326;mimikyu:345;ninetales_shadow:440
arcanine_shadow,Arcanine (Shadow),68,132,102.5,125,1693,BITE,WILD_CHARGE,PSYCHIC_FANGS,74.4,70.1,49.5,31,corviknight:756;vigoroth:675;sableye_shadow:675;ninetales_shadow:664;melmetal:520,tinkaton:163;mimikyu:261;quagsire_shadow:285;cramorant:305;altaria:315
bayleef_shadow,Bayleef (Shadow),68,105.5,141.5,142,2122,MAGICAL_LEAF,ANCIENT_POWER,ENERGY_BALL,58.9,34,65.6,52.4,quagsire_shadow:940;azumarill:869;stunfisk:820;vigoroth:545;sableye_shadow:503,ninetales_shadow:123;melmetal:188;altaria:293;tinkaton:326;mimikyu:387
corsola,Corsola,68,108.5,142,134,2066,BUBBLE,POWER_GEM,ROCK_BLAST,64.3,41.3,60.8,47.7,cramorant:645;florges:593;altaria:567;corsola_galarian:511;mimikyu:503,ninetales_shadow:202;melmetal:284;quagsire_shadow:291;tinkaton:397;vigoroth:431
scyther,Scyther,67.9,134.8,109.4,113,1668,FURY_CUTTER,NIGHT_SLASH,X_SCISSOR,65.1,52.6,58.3,41.7,deoxys_defense:915;electrode_hisuian:756;rillaboom:756;thievul:716;araquanid:548,mimikyu:149;cramorant:162;tinkaton:163;altaria:282;melmetal:297
swellow,Swellow,67.9,135.9,99.9,121,1645,WING_ATTACK,BRAVE_BIRD,AERIAL_ACE,48.8,34.6,69.2,31.3,corsola_galarian:677;jellicent:636;araquanid:632;rillaboom:549;sableye_shadow:545,melmetal:126;tinkaton:234;cramorant:242;mimikyu:257;altaria:329
tyrantrum_shadow,Tyrantrum (Shadow),67.9,129,115.1,116,1724,DRAGON_TAIL,CRUNCH,ROCK_TOMB,59.2,34.6,56.5,33.4,morpeko_full_belly:663;ninetales_shadow:625;jellicent:581;electrode_hisuian:547;altaria:517,mimikyu:121;melmetal:123;tinkaton:173;quagsire_shadow:226;vigoroth:493
beartic,Beartic,67.8,135.4,94,130,1657,POWDER_SNOW,ICE_PUNCH,LIQUIDATION,63.4,45.5,62.8,34.2,electrode_hisuian:803;altaria:765;marowak:765;fearow:726;stunfisk:676,melmetal:113;ninetales_shadow:130;cramorant:265;tinkaton:287;mimikyu:299
geodude_alolan,Geodude (Alolan),67.8,123.5,123.5,113,1724,VOLT_SWITCH,ROCK_TOMB,ROCK_SLIDE,64.8,43.6,59.8,46.2,cramorant:915;altaria:588;thievul:553;ninetales_shadow:539;sableye_shadow:508,quagsire_shadow:114;mimikyu:289;tinkaton:333;melmetal:417;vigoroth:472
staraptor_shadow,Staraptor (Shadow),67.8,140.3,90.8,125,1594,WING_ATTACK,FLY,CLOSE_COMBAT,50,38.1,63.9,26.6,araquanid:772;marowak:756;cradily:708;talonflame:580;jellicent:552,melmetal:113;tinkaton:141;cramorant:242;mimikyu:317;altaria:474
volcanion,Volcanion,67.8,135.5,117.4,103,1640,INCINERATE,SCALD,OVERHEAT,60.1,56.4,60.1,42.2,tinkaton:854;clodsire:820;florges:674;ninetales_shadow:592;corviknight:563,cramorant:178;quagsire_shadow:189;altaria:300;melmetal:342;mimikyu:359
durant,Durant,67.7,135.2,122.4,100,1656,BUG_BITE,X_SCISSOR,IRON_HEAD,60.9,38,64.9,53.5,electrode_hisuian:815;deoxys_defense:755;rillaboom:715;florges:660;tinkaton:515,altaria:199;ninetales_shadow:206;mimikyu:247;melmetal:260;cramorant:273
growlithe,Growlithe,67.7,126.8,90.7,135,1555,EMBER,FLAME_WHEEL,BODY_SLAM,63.7,46.7,61.8,38.6,tinkaton:885;electrode_hisuian:811;melmetal:692;corviknight:544;florges:533,quagsire_shadow:77;cramorant:123;mimikyu:186;ninetales_shadow:349;altaria:373
sandshrew_shadow,Sandshrew (Shadow),67.7,118.4,113.4,127,1707,SCRATCH,SAND_TOMB,ROCK_TOMB,56.1,45,54.9,35.5,morpeko_full_belly:728;talonflame:665;stunfisk:661;forretress_shadow:641;melmetal:633,mimikyu:121;ninetales_shadow:218;cramorant:242;tinkaton:429;altaria:481
darumaka,Darumaka,67.6,131.9,82.3,157,1706,FIRE_FANG,FIRE_PUNCH,FLAME_CHARGE,60.1,46,59.2,59,forretress_shadow:853;deoxys_defense:614;melmetal:595;rillaboom:589;corviknight:563,cramorant:218;ninetales_shadow:301;mimikyu:369;altaria:398;tinkaton:464
pinsir,Pinsir,67.6,139.6,112.6,102,1604,FURY_CUTTER,CLOSE_COMBAT,X_SCISSOR,62.2,41.5,60.1,33.6,electrode_hisuian:799;sableye_shadow:700;deoxys_defense:666;thievul:651;melmetal:558,tinkaton:95;ninetales_shadow:130;mimikyu:140;altaria:286;cramorant:309
tauros_blaze,Tauros (Blaze),67.6,127.8,120.6,114,1759,DOUBLE_KICK,FLAME_CHARGE,TRAILBLAZE,59,37.2,56.9,50.6,tinkaton:815;thievul:785;forretress_shadow:776;furret:622;melmetal:592,mimikyu:98;quagsire_shadow:142;altaria:304;cramorant:317;ninetales_shadow:460
arcanine,Arcanine,67.5,132,102.5,125,1693,BITE,WILD_CHARGE,PSYCHIC_FANGS,67.9,48,53.2,40.4,jellicent:852;ninetales_shadow:728;melmetal:688;azumarill:596;corviknight:564,tinkaton:148;quagsire_shadow:232;mimikyu:261;cramorant:277;altaria:413
chandelure_shadow,Chandelure (Shadow),67.5,151.4,105.2,93,1482,INCINERATE,SHADOW_BALL,FLAME_CHARGE,64.3,47,41.7,44.1,tinkaton:801;electrode_hisuian:752;corviknight:672;altaria:591;melmetal:564,quagsire_shadow:180;cramorant:242;ninetales_shadow:257;mimikyu:285;vigoroth:372
espurr,Espurr,67.5,113.4,108.3,145,1783,CONFUSION,PSYSHOCK,ENERGY_BALL,64.2,42.4,65.4,48,quagsire_shadow:700;florges:651;ninetales_shadow:637;vigoroth:544;stunfisk:510,tinkaton:251;mimikyu:289;melmetal:315;altaria:405;cramorant:496
rotom,Rotom,67.5,132.4,120.4,106,1691,ASTONISH,THUNDERBOLT,OMINOUS_WIND,60.6,38.6,61.3,51.4,corviknight:599;mimikyu:580;electrode_hisuian:570;melmetal:551;cramorant:547,vigoroth:141;tinkaton:258;quagsire_shadow:263;altaria:264;ninetales_shadow:353
tangrowth,Tangrowth,67.5,120.7,112.7,136,1852,VINE_WHIP,POWER_WHIP,ROCK_SLIDE,57.2,37.6,66.9,42.8,stunfisk:823;jellicent:819;quagsire_shadow:797;florges:529;sableye_shadow:514,ninetales_shadow:99;mimikyu:233;tinkaton:276;melmetal:301;altaria:322
tyrunt_shadow,Tyrunt (Shadow),67.5,126.6,107.8,129,1763,DRAGON_TAIL,ROCK_TOMB,STOMP,61.2,47,52.4,33.4,ninetales_shadow:662;vigoroth:658;electrode_hisuian:600;altaria:531;cramorant:511,mimikyu:121;melmetal:123;tinkaton:148;quagsire_shadow:226;corviknight:230
sneasel_hisuian,Sneasel (Hisuian),67.4,133.9,111.7,111,1662,POISON_JAB,CLOSE_COMBAT,X_SCISSOR,57,36.3,63.3,40.9,cradily:666;thievul:626;melmetal:563;ninetales_shadow:518;azumarill:504,tinkaton:187;vigoroth:244;cramorant:305;altaria:307;mimikyu:345
grapploct,Grapploct,67.3,130.3,107.1,123,1718,WATERFALL,SUPER_POWER,ICE_PUNCH,60,36.6,70,38.3,quagsire_shadow:642;stunfisk:638;melmetal:593;thievul:577;ninetales_shadow:552,cramorant:142;vigoroth:220;mimikyu:271;tinkaton:421;altaria:431
luxray_shadow,Luxray (Shadow),67.3,138,98.9,119,1626,SPARK,WILD_CHARGE,PSYCHIC_FANGS,69.9,62.1,54.2,33.1,tinkaton:722;altaria:693;melmetal:642;corsola_galarian:592;cramorant:588,ninetales_shadow:202;sableye_shadow:268;quagsire_shadow:276;mimikyu:331;vigoroth:396
mantyke,Mantyke,67.3,100.8,163,120,1973,BUBBLE,WATER_PULSE,AERIAL_ACE,59.7,41.5,63.4,45.1,marowak:662;ninetales_shadow:600;fearow:591;sableye_shadow:537;talonflame:512,melmetal:188;altaria:250;mimikyu:275;cramorant:333;tinkaton:393
armaldo,Armaldo,67.2,133.9,109.1,115,1680,FURY_CUTTER,ROCK_BLAST,LIQUIDATION,62.2,45.3,60.8,34.4,electrode_hisuian:821;deoxys_defense:804;thievul:691;rillaboom:582;ninetales_shadow:534,melmetal:113;mimikyu:140;cramorant:162;tinkaton:248;altaria:380
espathra,Espathra,67.2,131.7,89.9,143,1696,CONFUSION,PSYSHOCK,DAZZLING_GLEAM,58.6,46.6,62.1,41.5,clodsire:828;talonflame:688;ninetales_shadow:552;rillaboom:513;quagsire_shadow:503,cramorant:281;tinkaton:287;mimikyu:345;melmetal:356;altaria:416
pidgeotto,Pidgeotto,67.2,110.9,100.8,147,1644,WING_ATTACK,AIR_CUTTER,TWISTER,60.9,51.5,61,43.8,rillaboom:619;sableye_shadow:595;mimikyu:554;corsola_galarian:520;florges:506,tinkaton:173;melmetal:232;cramorant:329;altaria:351;ninetales_shadow:376
sneasel_hisuian_shadow,Sneasel (Hisuian) (Shadow),67.2,133.9,111.7,111,1662,POISON_JAB,CLOSE_COMBAT,X_SCISSOR,56.7,36.4,58.2,38.6,electrode_hisuian:770;tinkaton:761;azumarill:743;rillaboom:563;thievul:554,melmetal:154;cramorant:321;ninetales_shadow:321;altaria:365;mimikyu:401
floette,Floette,66.9,114.2,134.5,128,1967,VINE_WHIP,DAZZLING_GLEAM,PSYCHIC,57.5,38.4,71.7,35.7,annihilape:644;sableye_shadow:609;thievul:609;quagsire_shadow:589;azumarill:562,tinkaton:95;melmetal:136;mimikyu:200;altaria:380;cramorant:492
grotle_shadow,Grotle (Shadow),66.9,117.8,114.8,141,1908,BITE,ENERGY_BALL,BODY_SLAM,58.3,59.5,62.9,38.6,quagsire_shadow:755;morpeko_full_belly:726;stunfisk:716;jellicent:677;azumarill:514,mimikyu:233;tinkaton:234;altaria:336;melmetal:349;cramorant:369
metagross_shadow,Metagross (Shadow),66.9,132.7,122,104,1686,SHADOW_CLAW,METEOR_MASH,EARTHQUAKE,53.9,37.5,63.3,32.3,tinkaton:822;altaria:764;deoxys_defense:764;vigoroth:716;florges:610,corviknight:186;melmetal:188;ninetales_shadow:218;quagsire_shadow:220;mimikyu:364
mewtwo_shadow,Mewtwo (Shadow),66.9,147.3,94.4,106,1475,PSYCHO_CUT,PSYSTRIKE,THUNDERBOLT,57.6,37,70.5,14.3,electrode_hisuian:759;florges:759;azumarill:655;vigoroth:617;cramorant:542,melmetal:113;mimikyu:154;ninetales_shadow:162;tinkaton:329;altaria:474
oddish_shadow,Oddish (Shadow),66.9,122.6,106.7,120,1571,ACID,SEED_BOMB,MOONBLAST,59.8,51.2,56.5,31.5,electrode_hisuian:870;florges:870;altaria:695;quagsire_shadow:675;stunfisk:566,ninetales_shadow:226;melmetal:304;mimikyu:308;tinkaton:312;cramorant:452
pidgeotto_shadow,Pidgeotto (Shadow),66.8,110.9,100.8,147,1644,WING_ATTACK,AIR_CUTTER,TWISTER,56.6,57,61.6,37.8,jellicent:639;rillaboom:578;araquanid:544;sableye_shadow:523;jumpluff:506,tinkaton:230;melmetal:284;mimikyu:313;cramorant:408;altaria:409
absol,Absol,66.7,156.6,83.9,109,1434,PSYCHO_CUT,BRUTAL_SWING,MEGAHORN,67.3,64.6,49.5,18.2,electrode_hisuian:766;corsola_galarian:738;thievul:720;deoxys_defense:628;quagsire_shadow:513,cramorant:162;tinkaton:301;altaria:304;melmetal:304;mimikyu:476
darmanitan_standard_shadow,Darmanitan (Standard) (Shadow),66.6,149.7,72,138,1490,INCINERATE,ROCK_SLIDE,OVERHEAT,66.2,55.2,39.3,39.4,tinkaton:804;electrode_hisuian:768;altaria:543;ninetales_shadow:536;corsola_galarian:532,quagsire_shadow:180;cramorant:242;vigoroth:348;melmetal:445;mimikyu:476
quilava,Quilava,66.6,126.6,109.4,128,1774,EMBER,FLAME_CHARGE,DIG,58.4,44.6,59.8,55.3,forretress_shadow:738;melmetal:613;tinkaton:570;corviknight:546;ninetales_shadow:542,mimikyu:233;quagsire_shadow:239;cramorant:253;altaria:362;vigoroth:386
buneary,Buneary,66.5,121.8,100.8,135,1659,QUICK_ATTACK,SWIFT,FIRE_PUNCH,58.3,52.9,62,40.9,forretress_shadow:751;feraligatr:607;jumpluff:607;corviknight:588;blastoise:529,melmetal:95;cramorant:178;altaria:304;tinkaton:322;mimikyu:355
dolliv,Dolliv,66.5,118.4,122.6,130,1890,MAGICAL_LEAF,EARTH_POWER,TRAILBLAZE,56.6,28.3,62.5,54,stunfisk:807;quagsire_shadow:803;corsola_galarian:661;sableye_shadow:615;mimikyu:588,ninetales_shadow:123;tinkaton:145;melmetal:167;cramorant:226;altaria:228
sharpedo_shadow,Sharpedo (Shadow),66.5,166.6,64,126,1345,BITE,CRUNCH,POISON_FANG,57,47.6,54.1,27.9,corsola_galarian:690;electrode_hisuian:519;florges:519;deoxys_defense:519;fearow:519,melmetal:181;ninetales_shadow:242;tinkaton:262;mimikyu:364;altaria:434
tangrowth_shadow,Tangrowth (Shadow),66.5,120.7,112.7,136,1852,VINE_WHIP,POWER_WHIP,ROCK_SLIDE,53.6,36,63.1,34.7,azumarill:878;quagsire_shadow:753;stunfisk:746;jellicent:661;vigoroth:511,cramorant:222;mimikyu:233;tinkaton:294;altaria:362;melmetal:376
torracat,Torracat,66.5,135.5,89.8,135,1645,EMBER,FLAME_CHARGE,CRUNCH,60.4,51.3,59.8,42,tinkaton:862;forretress_shadow:685;melmetal:662;rillaboom:577;corviknight:533,quagsire_shadow:77;cramorant:123;mimikyu:233;ninetales_shadow:376;altaria:409
buzzwole,Buzzwole,66.4,128.2,111.6,122,1747,COUNTER,SUPER_POWER,LUNGE,62.9,34.7,63.3,58.4,thievul:676;melmetal:614;stunfisk:536;vigoroth:528;quagsire_shadow:504,mimikyu:126;cramorant:162;altaria:177;tinkaton:280;ninetales_shadow:285
chandelure,Chandelure,66.4,151.4,105.2,93,1482,INCINERATE,SHADOW_BALL,FLAME_CHARGE,61.2,46.6,43.7,38.6,clodsire:865;tinkaton:838;electrode_hisuian:801;melmetal:602;ninetales_shadow:591,quagsire_shadow:152;cramorant:210;vigoroth:310;mimikyu:322;altaria:438
leafeon,Leafeon,66.4,128.1,133.9,102,1750,QUICK_ATTACK,LEAF_BLADE,LAST_RESORT,57.6,49.6,60,43,quagsire_shadow:906;azumarill:862;stunfisk:735;morpeko_full_belly:725;electrode_hisuian:637,mimikyu:121;cramorant:178;tinkaton:202;altaria:210;melmetal:270
mr_mime,Mr. Mime,66.4,131.5,144.2,90,1709,PSYWAVE,SHADOW_BALL,PSYCHIC,53.4,37,62.1,38.9,talonflame:605;altaria:600;deoxys_defense:555;ninetales_shadow:544;annihilape:522,melmetal:113;quagsire_shadow:251;cramorant:273;mimikyu:359;tinkaton:375
appletun,Appletun,66.3,116.5,102.5,161,1924,ASTONISH,ENERGY_BALL,OUTRAGE,57.3,39.5,63.1,48.8,electrode_hisuian:816;stunfisk:810;quagsire_shadow:652;corsola_galarian:521;mimikyu:503,altaria:177;tinkaton:202;melmetal:280;ninetales_shadow:289;vigoroth:362
delcatty,Delcatty,66.2,111.9,116.8,153,2000,CHARM,WILD_CHARGE,DISARMING_VOICE,51.6,36.3,72.6,48.3,azumarill:614;araquanid:611;corsola_galarian:598;jellicent:575;umbreon:506,melmetal:188;tinkaton:255;cramorant:321;altaria:402;mimikyu:439
ivysaur,Ivysaur,66.2,118.7,121,131,1883,VINE_WHIP,POWER_WHIP,SLUDGE_BOMB,55.2,36.3,68,44.1,electrode_hisuian:896;quagsire_shadow:755;stunfisk:740;florges:736;azumarill:564,melmetal:136;altaria:275;mimikyu:299;tinkaton:468;cramorant:484
jolteon,Jolteon,66.2,137.4,114.7,103,1624,THUNDER_SHOCK,DISCHARGE,LAST_RESORT,58,44.1,61.3,38.3,fearow:820;cramorant:742;azumarill:733;morpeko_full_belly:689;corviknight:606,mimikyu:233;altaria:275;tinkaton:322;ninetales_shadow:373;melmetal:421
masquerain,Masquerain,66.2,129.5,109.1,122,1725,INFESTATION,AIR_CUTTER,LUNGE,58.3,37.6,55.5,39.4,deoxys_defense:766;rillaboom:688;thievul:668;araquanid:561;vigoroth:549,mimikyu:126;cramorant:170;tinkaton:184;altaria:293;melmetal:342
purugly_shadow,Purugly (Shadow),66.2,125.5,105.5,134,1775,SCRATCH,AERIAL_ACE,THUNDER,52.4,44.6,62.1,34.2,azumarill:761;talonflame:667;jellicent:641;sableye_shadow:541;corsola_galarian:518,mimikyu:154;tinkaton:187;melmetal:188;altaria:275;cramorant:277
thwackey,Thwackey,66.2,123.6,107.5,136,1809,SCRATCH,ENERGY_BALL,GRASS_KNOT,58,43.3,63.1,38.6,quagsire_shadow:790;stunfisk:694;florges:672;vigoroth:540;azumarill:533,mimikyu:126;cramorant:186;altaria:264;tinkaton:319;melmetal:325
watchog,Watchog,66.2,125.1,114,125,1785,LOW_KICK,CRUNCH,HYPER_FANG,57,46.9,64.1,33.9,furret:688;corsola_galarian:624;ninetales_shadow:592;thievul:524;vigoroth:512,melmetal:250;tinkaton:297;altaria:322;mimikyu:387;cramorant:404
grovyle,Grovyle,66.1,136.3,103.2,117,1647,QUICK_ATTACK,LEAF_BLADE,AERIAL_ACE,60.4,51.5,60.5,39.6,quagsire_shadow:918;azumarill:841;stunfisk:739;morpeko_full_belly:709;electrode_hisuian:564,mimikyu:121;cramorant:162;tinkaton:209;altaria:264;melmetal:280
mankey_shadow,Mankey (Shadow),66.1,136.9,81.5,113,1262,KARATE_CHOP,CROSS_CHOP,BRICK_BREAK,67.8,49.2,54.1,24.8,melmetal:818;furret:783;electrode_hisuian:756;thievul:747;vigoroth:641,mimikyu:186;ninetales_shadow:218;cramorant:273;altaria:373;tinkaton:397
stufful_shadow,Stufful (Shadow),66.1,124.8,92.1,156,1795,TAKE_DOWN,SUPER_POWER,STOMP,62.5,50,56.7,51.6,blastoise:823;umbreon:772;thievul:679;stunfisk:605;feraligatr:557,melmetal:208;mimikyu:219;tinkaton:230;altaria:322;cramorant:392
porygon,Porygon,66,120,115.4,135,1870,QUICK_ATTACK,DISCHARGE,HYPER_BEAM,56.2,50.7,69.2,38.6,cramorant:733;stunfisk:674;corviknight:611;mimikyu:566;florges:514,quagsire_shadow:204;tinkaton:241;ninetales_shadow:261;melmetal:267;altaria:297
quilava_shadow,Quilava (Shadow),66,126.6,109.4,128,1774,EMBER,FLAME_CHARGE,DIG,55.3,45.8,57.8,46.7,tinkaton:855;ninetales_shadow:675;forretress_shadow:667;melmetal:644;corviknight:511,cramorant:130;quagsire_shadow:260;mimikyu:261;altaria:391;vigoroth:420
eldegoss,Eldegoss,65.9,108.4,160.4,119,2070,BULLET_SEED,ENERGY_BALL,GRASS_KNOT,58.4,35.6,63.1,52.4,quagsire_shadow:815;stunfisk:693;azumarill:626;florges:571;electrode_hisuian:542,altaria:134;melmetal:236;tinkaton:308;cramorant:396;mimikyu:495
stunky,Stunky,65.9,114.2,88.2,147,1482,SCRATCH,CRUNCH,TRAILBLAZE,55.2,54.9,58.8,47.7,deoxys_defense:612;dusknoir_shadow:608;feraligatr:547;blastoise:534;corsola_galarian:520,mimikyu:154;cramorant:178;tinkaton:304;altaria:344;melmetal:366
regice_shadow,Regice (Shadow),65.8,105.7,178.4,111,2095,LOCK_ON,BLIZZARD,THUNDER,49.7,28,79.6,19.5,stunfisk:662;florges:648;vigoroth:581;altaria:576;azumarill:576,quagsire_shadow:65;ninetales_shadow:67;melmetal:82;mimikyu:130;tinkaton:297
slowking_shadow,Slowking (Shadow),65.8,113.4,120.9,144,1975,CONFUSION,SURF,BLIZZARD,61.4,42.4,59.3,51.4,azumarill:586;cramorant:545;florges:524;quagsire_shadow:513;vigoroth:510,melmetal:267;ninetales_shadow:321;mimikyu:341;altaria:427;tinkaton:460
darmanitan_standard,Darmanitan (Standard),65.6,149.7,72,138,1490,INCINERATE,ROCK_SLIDE,OVERHEAT,60,52.3,47,36.5,tinkaton:847;electrode_hisuian:800;araquanid:793;clodsire:778;ninetales_shadow:619,quagsire_shadow:152;cramorant:210;melmetal:373;mimikyu:406;altaria:463
gothitelle,Gothitelle,65.6,115.3,140.9,119,1934,CONFUSION,ROCK_SLIDE,FUTURE_SIGHT,59.7,40.6,67.9,45.9,florges:579;altaria:554;stunfisk:533;electrode_hisuian:529;azumarill:525,tinkaton:152;melmetal:188;cramorant:289;mimikyu:313;ninetales_shadow:313
hitmonchan,Hitmonchan,65.6,128.9,137.4,98,1736,COUNTER,ICE_PUNCH,THUNDER_PUNCH,54.7,37.5,62.6,52.4,morpeko_full_belly:831;thievul:678;furret:607;melmetal:591;vigoroth:551,mimikyu:126;altaria:177;cramorant:218;tinkaton:280;ninetales_shadow:416
noivern,Noivern,65.6,125.4,113.5,126,1794,BITE,HEAT_WAVE,HURRICANE,52.7,36,65.6,33.4,marowak:801;deoxys_defense:603;rillaboom:599;ninetales_shadow:567;jellicent:543,altaria:184;mimikyu:242;tinkaton:340;cramorant:369;melmetal:489
houndour,Houndour,65.5,140.3,82.3,120,1387,EMBER,DARK_PULSE,FLAMETHROWER,58.3,49.3,58.8,21.9,electrode_hisuian:787;tinkaton:725;forretress_shadow:683;fearow:662;thievul:570,cramorant:123;melmetal:219;mimikyu:233;altaria:300;ninetales_shadow:456
meowstic_female,Meowstic (Female),65.5,117.1,123.9,132,1917,CONFUSION,ENERGY_BALL,SHADOW_BALL,59.2,39.8,65.4,47.5,azumarill:579;florges:541;vigoroth:507;stunfisk:507;quagsire_shadow:503,tinkaton:152;melmetal:188;mimikyu:313;ninetales_shadow:313;altaria:496
bergmite,Bergmite,65.4,110.9,113.4,135,1699,BITE,ICY_WIND,CRUNCH,58,48.6,57.5,35.5,electrode_hisuian:633;clodsire:611;stunfisk:607;fearow:585;mimikyu:566,ninetales_shadow:130;tinkaton:177;melmetal:325;cramorant:357;altaria:442
loudred,Loudred,65.4,125.2,80.6,178,1798,BITE,DISARMING_VOICE,STOMP,56.1,48.6,61.8,39.9,jellicent:685;corsola_galarian:648;sableye_shadow:595;mimikyu:556;altaria:508,melmetal:126;tinkaton:177;cramorant:178;quagsire_shadow:332;ninetales_shadow:384
maschiff,Maschiff,65.4,125.8,101.8,139,1781,BITE,CRUNCH,PSYCHIC_FANGS,61.8,49.8,60,46.7,jellicent:910;feraligatr_shadow:852;lapras:640;corsola_galarian:586;feraligatr:571,melmetal:126;tinkaton:265;mimikyu:280;cramorant:289;altaria:344
watchog_shadow,Watchog (Shadow),65.4,125.1,114,125,1785,LOW_KICK,CRUNCH,HYPER_FANG,51.6,41,60.8,29.7,wigglytuff:612;corsola_galarian:588;feraligatr:580;guzzlord:536;blastoise:516,mimikyu:130;cramorant:194;melmetal:280;tinkaton:326;altaria:358
karrablast,Karrablast,65.3,127.7,85.7,127,1390,FURY_CUTTER,DRILL_RUN,X_SCISSOR,59.2,50.9,57.2,29.5,electrode_hisuian:799;cradily:759;deoxys_defense:681;thievul:641;rillaboom:515,mimikyu:140;altaria:275;cramorant:297;tinkaton:326;melmetal:472
oddish,Oddish,65.3,122.6,106.7,120,1571,ACID,SEED_BOMB,MOONBLAST,57,47.6,60,38.3,electrode_hisuian:870;quagsire_shadow:741;florges:741;stunfisk:666;morpeko_full_belly:600,cramorant:222;tinkaton:255;melmetal:273;mimikyu:299;altaria:467
ambipom_shadow,Ambipom (Shadow),65.2,133.8,100.5,124,1670,SCRATCH,AERIAL_ACE,LOW_SWEEP,57.5,60.7,53.4,28.9,serperior:729;dusknoir_shadow:681;thievul:633;talonflame:625;umbreon:520,melmetal:188;mimikyu:252;tinkaton:287;cramorant:321;altaria:416
gloom,Gloom,65.2,121.3,115.9,131,1844,ACID,MOONBLAST,SLUDGE_BOMB,54.8,41.6,65.1,39.4,florges:683;electrode_hisuian:660;annihilape:637;stunfisk:595;azumarill:553,ninetales_shadow:194;mimikyu:275;melmetal:284;tinkaton:326;altaria:463
vanillish,Vanillish,65.2,123.6,120.5,122,1818,ASTONISH,ICY_WIND,SIGNAL_BEAM,59,43.3,51.9,39.1,altaria:557;electrode_hisuian:540;mimikyu:528;stunfisk:520;thievul:512,ninetales_shadow:182;tinkaton:202;melmetal:208;quagsire_shadow:208;cramorant:257
exploud,Exploud,65.1,119.7,99.4,157,1870,ASTONISH,CRUNCH,DISARMING_VOICE,57,41.5,64.3,45.1,corsola_galarian:882;mimikyu:773;jellicent:719;sableye_shadow:636;electrode_hisuian:522,tinkaton:202;melmetal:219;ninetales_shadow:289;altaria:467;cramorant:468
grovyle_shadow,Grovyle (Shadow),65.1,136.3,103.2,117,1647,BULLET_SEED,LEAF_BLADE,AERIAL_ACE,58.4,45.8,59.7,24.8,quagsire_shadow:893;jellicent:816;azumarill:782;stunfisk:705;electrode_hisuian:529,mimikyu:205;altaria:217;tinkaton:230;melmetal:284;cramorant:440
omanyte,Omanyte,65.1,128,135.2,101,1750,MUD_SHOT,ROCK_TOMB,ROCK_BLAST,56.6,48.6,57.5,38.6,talonflame:910;azumarill:574;araquanid:569;cramorant:529;altaria:519,melmetal:126;mimikyu:135;ninetales_shadow:146;tinkaton:251;quagsire_shadow:270
polteageist,Polteageist,65.1,142.8,115.6,95,1569,HEX,SHADOW_BALL,DARK_PULSE,53,51.3,62.3,22.1,deoxys_defense:684;jellicent:663;talonflame:636;rillaboom:568;melmetal:515,ninetales_shadow:170;mimikyu:303;altaria:420;tinkaton:429;cramorant:444
sneasel_shadow,Sneasel (Shadow),65,133.9,111.7,111,1662,ICE_SHARD,AVALANCHE,FOUL_PLAY,54.4,30,56.2,34.2,altaria:725;fearow:680;corsola_galarian:545;stunfisk:545;jellicent:527,melmetal:123;ninetales_shadow:142;cramorant:281;tinkaton:304;mimikyu:308
aron_shadow,Aron (Shadow),64.9,114.2,131,127,1903,METAL_SOUND,ROCK_TOMB,IRON_HEAD,57.2,30.7,55.7,45.4,altaria:688;florges:661;thievul:551;azumarill:511;cramorant:503,quagsire_shadow:102;melmetal:126;ninetales_shadow:158;tinkaton:418;mimikyu:471
prinplup,Prinplup,64.9,118.6,117,136,1889,BUBBLE,ICY_WIND,BUBBLE_BEAM,61.8,50.3,55.2,39.6,marowak:595;ninetales_shadow:580;corviknight:569;fearow:544;clodsire:514,melmetal:250;cramorant:333;mimikyu:359;tinkaton:375;altaria:460
diancie,Diancie,64.8,119.1,175.1,89,1858,ROCK_THROW,ROCK_SLIDE,MOONBLAST,56.6,33.6,64.6,63.9,talonflame:876;fearow:825;altaria:606;cramorant:561;ninetales_shadow:511,melmetal:154;tinkaton:187;quagsire_shadow:204;vigoroth:341;mimikyu:369
floragato,Floragato,64.8,124.4,110.5,131,1803,LEAFAGE,ENERGY_BALL,PLAY_ROUGH,53.9,33.2,63.4,43.3,quagsire_shadow:919;azumarill:858;stunfisk:797;marowak:732;jellicent:698,altaria:90;cramorant:222;tinkaton:255;mimikyu:289;melmetal:328
mankey,Mankey,64.8,136.9,81.5,113,1262,KARATE_CHOP,CROSS_CHOP,BRICK_BREAK,63.6,52,47.5,34.7,melmetal:853;furret:818;thievul:783;empoleon:783;vigoroth:712,mimikyu:158;cramorant:234;altaria:322;tinkaton:333;ninetales_shadow:361
meowstic,Meowstic (Male),64.8,117.1,123.9,132,1917,CONFUSION,ENERGY_BALL,THUNDERBOLT,58.1,39,66.2,46.9,azumarill:579;florges:541;vigoroth:507;stunfisk:507;quagsire_shadow:503,tinkaton:152;melmetal:188;mimikyu:313;cramorant:365;altaria:496
poliwhirl,Poliwhirl,64.8,114.2,115.9,148,1961,BUBBLE,SCALD,MUD_BOMB,58.3,38.7,64.1,39.6,quagsire_shadow:601;stunfisk:570;florges:560;ninetales_shadow:530;sableye_shadow:520,melmetal:219;altaria:228;mimikyu:327;cramorant:337;tinkaton:453
hitmonchan_shadow,Hitmonchan (Shadow),64.7,128.9,137.4,98,1736,COUNTER,ICE_PUNCH,THUNDER_PUNCH,57.8,35.6,58.8,54.3,morpeko_full_belly:862;empoleon:790;thievul:765;melmetal:576;stunfisk:566,mimikyu:126;altaria:177;cramorant:218;tinkaton:326;ninetales_shadow:357
mudbray,Mudbray,64.7,129.8,98.6,134,1717,MUD_SLAP,BULLDOZE,BODY_SLAM,57.2,35.6,55.4,46.7,morpeko_full_belly:768;clodsire:742;forretress_shadow:705;stunfisk:701;melmetal:664,cramorant:115;altaria:224;mimikyu:308;ninetales_shadow:384;tinkaton:460
nidorino,Nidorino,64.6,123.3,104.3,141,1814,POISON_STING,SLUDGE_BOMB,DIG,52.8,38.3,67.5,33.6,florges:698;ninetales_shadow:581;azumarill:574;araquanid:542;electrode_hisuian:510,mimikyu:177;tinkaton:315;altaria:329;melmetal:380;cramorant:448
basculin,Basculin,64.5,133.9,97.1,129,1679,WATER_GUN,AQUA_TAIL,AQUA_JET,53.1,42.6,58.2,40.2,clodsire:810;talonflame:794;wigglytuff:624;diggersby:616;marowak:534,cramorant:182;melmetal:219;altaria:297;mimikyu:345;tinkaton:453
frosmoth,Frosmoth,64.5,141.5,101,111,1587,POWDER_SNOW,ICY_WIND,BUG_BUZZ,55.5,37.6,57.8,34.7,altaria:725;marowak:711;stunfisk:666;rillaboom:545;deoxys_defense:518,melmetal:113;ninetales_shadow:130;tinkaton:237;cramorant:242;mimikyu:289
gumshoos,Gumshoos,64.5,134.2,84.9,147,1677,TAKE_DOWN,ROCK_TOMB,CRUNCH,59.5,44,59,49,feraligatr:625;corsola_galarian:520;seaking:517;araquanid:510;azumarill:506,melmetal:188;tinkaton:202;mimikyu:322;altaria:365;cramorant:365
ho_oh_shadow,Ho-Oh (Shadow),64.5,123.4,126.4,113,1764,INCINERATE,BRAVE_BIRD,SACRED_FIRE,56.2,33.8,69.2,51.6,electrode_hisuian:756;tinkaton:734;corviknight:654;melmetal:575;rillaboom:575,cramorant:95;altaria:184;quagsire_shadow:201;ninetales_shadow:261;mimikyu:401
koffing,Koffing,64.5,112.6,131,113,1668,INFESTATION,SLUDGE,DARK_PULSE,56.6,45.3,61.6,34.9,rillaboom:809;florges:681;deoxys_defense:637;thievul:544;electrode_hisuian:535,cramorant:115;mimikyu:121;tinkaton:187;melmetal:332;altaria:445
stunky_shadow,Stunky (Shadow),64.5,114.2,88.2,147,1482,SCRATCH,CRUNCH,TRAILBLAZE,51.4,57.5,52.6,36,deoxys_defense:772;talonflame:642;umbreon:639;furret:540;blastoise:520,melmetal:147;mimikyu:200;cramorant:265;tinkaton:273;altaria:358
klawf,Klawf,64.4,121,128.1,119,1846,MUD_SLAP,BULLDOZE,ROCK_TOMB,55.5,35.5,59,38.1,talonflame:563;togekiss:546;thievul:542;fearow:533;forretress_shadow:512,cramorant:154;melmetal:291;tinkaton:308;mimikyu:336;altaria:405
poipole,Poipole,64.4,119.7,113.5,137,1863,PECK,SLUDGE_BOMB,FELL_STINGER,63.4,51.3,63.4,47.7,electrode_hisuian:835;florges:704;ninetales_shadow:642;azumarill:554;araquanid:551,cramorant:198;melmetal:232;altaria:373;mimikyu:392;tinkaton:446
alakazam_shadow,Alakazam (Shadow),64.3,155.8,101.4,91,1439,PSYCHO_CUT,FIRE_PUNCH,SHADOW_BALL,62,48,56.2,15.1,deoxys_defense:829;electrode_hisuian:747;fearow:598;jellicent:598;cramorant:532,melmetal:113;mimikyu:191;ninetales_shadow:194;tinkaton:425;altaria:442
cherrim_sunny,Cherrim (Sunshine),64.3,121.8,116.2,130,1843,BULLET_SEED,WEATHER_BALL_FIRE,SOLAR_BEAM,54.4,34.3,59.3,38.9,azumarill:857;stunfisk:803;electrode_hisuian:634;quagsire_shadow:607;florges:515,cramorant:115;altaria:134;mimikyu:163;tinkaton:280;melmetal:335
minun,Minun,64.3,116.3,127,130,1922,QUICK_ATTACK,THUNDERBOLT,GRASS_KNOT,55.3,42.7,68.4,26.6,quagsire_shadow:634;cramorant:623;azumarill:600;florges:542;thievul:507,mimikyu:130;ninetales_shadow:210;tinkaton:329;altaria:405;melmetal:414
tirtouga_shadow,Tirtouga (Shadow),64.3,114.3,132.4,130,1970,BITE,SURF,ANCIENT_POWER,50.6,39.8,60.5,33.4,talonflame:888;mantine:665;cramorant:584;dewgong:523;lapras:503,melmetal:126;ninetales_shadow:146;mimikyu:242;tinkaton:294;altaria:423
cloyster,Cloyster,64.2,119,169.7,93,1880,ICE_SHARD,ICY_WIND,LIQUIDATION,56.7,35.8,55.9,40.2,stunfisk:607;clodsire:591;altaria:569;florges:564;fearow:559,melmetal:89;tinkaton:117;ninetales_shadow:123;mimikyu:261;cramorant:464
donphan_shadow,Donphan (Shadow),64.2,125.2,113.1,126,1786,MUD_SLAP,TRAILBLAZE,EARTHQUAKE,61.1,43,46.8,49.6,morpeko_full_belly:761;clodsire:730;stunfisk:674;azumarill:638;melmetal:626,altaria:188;cramorant:349;mimikyu:378;tinkaton:429;ninetales_shadow:456
sharpedo,Sharpedo,64.2,166.6,64,126,1345,BITE,CRUNCH,POISON_FANG,52.8,50,50.9,32.6,corsola_galarian:718;electrode_hisuian:599;fearow:599;jellicent:587;azumarill:543,melmetal:181;cramorant:242;tinkaton:269;mimikyu:313;altaria:358
donphan,Donphan,64.1,125.2,113.1,126,1786,MUD_SLAP,TRAILBLAZE,EARTHQUAKE,56.9,40.4,56.2,54.5,morpeko_full_belly:793;clodsire:746;stunfisk:710;marowak:543;deoxys_defense:503,altaria:148;cramorant:285;mimikyu:303;tinkaton:372;melmetal:482
exeggutor_alolan,Exeggutor (Alolan),64.1,134.4,94.8,131,1670,DRAGON_TAIL,SEED_BOMB,DRACO_METEOR,57,40.9,57,37.8,electrode_hisuian:774;stunfisk:767;morpeko_full_belly:748;corsola_galarian:652;quagsire_shadow:530,mimikyu:126;tinkaton:152;melmetal:287;altaria:347;cramorant:416
skrelp,Skrelp,64.1,104.1,104.1,127,1379,ACID,AQUA_TAIL,TWISTER,58.6,49.3,56.9,39.4,florges:641;primeape_shadow:610;ninetales_shadow:570;wigglytuff:559;feraligatr:535,melmetal:232;mimikyu:247;tinkaton:390;altaria:402;cramorant:460
bisharp,Bisharp,64,139.8,109.7,105,1611,SNARL,DARK_PULSE,IRON_HEAD,52.8,37.2,58.8,32.6,jellicent:861;cradily:638;wigglytuff:614;corsola_galarian:590;lapras:552,melmetal:126;mimikyu:186;tinkaton:322;altaria:344;cramorant:468
drakloak,Drakloak,64,130.3,93.1,142,1724,DRAGON_TAIL,SHADOW_BALL,OUTRAGE,50,33.8,63.1,33.6,deoxys_defense:651;electrode_hisuian:630;vigoroth:570;ninetales_shadow:559;rillaboom:517,tinkaton:60;mimikyu:116;melmetal:167;cramorant:226;altaria:293
garbodor_shadow,Garbodor (Shadow),64,121,115.9,132,1853,INFESTATION,BODY_SLAM,SEED_BOMB,54.4,43.2,54.9,32.8,rillaboom:757;malamar:617;cradily:594;jumpluff:549;thievul:507,mimikyu:126;cramorant:142;tinkaton:187;altaria:268;melmetal:294
gothorita,Gothorita,64,112.2,132.7,134,1997,CONFUSION,FUTURE_SIGHT,PSYCHIC,55.5,33.8,68.5,46.2,clodsire:652;florges:589;azumarill:578;altaria:563;stunfisk:526,melmetal:188;mimikyu:285;tinkaton:308;ninetales_shadow:313;cramorant:384
herdier,Herdier,64,118.8,111.6,142,1885,TAKE_DOWN,THUNDERBOLT,DIG,55.9,39.5,65.2,55.6,mandibuzz:658;dewgong:577;feraligatr_shadow:573;azumarill:556;araquanid:531,tinkaton:173;melmetal:222;mimikyu:280;altaria:329;cramorant:396
linoone_galarian_shadow,Linoone (Galarian) (Shadow),63.9,114.1,111.7,154,1965,SNARL,BODY_SLAM,DIG,55,38.3,54.6,30.5,snorlax:707;corsola_galarian:688;blastoise:652;empoleon:529;morpeko_full_belly:525,melmetal:106;cramorant:142;mimikyu:186;altaria:286;tinkaton:340
sudowoodo,Sudowoodo,63.9,117.1,130.1,126,1921,COUNTER,METEOR_BEAM,TRAILBLAZE,53.8,35.8,65.1,44.9,fearow:535;altaria:531;cradily:523;thievul:519;umbreon:515,mimikyu:135;tinkaton:244;ninetales_shadow:353;cramorant:448;melmetal:469
exeggutor_alolan_shadow,Exeggutor (Alolan) (Shadow),63.8,134.4,94.8,131,1670,DRAGON_TAIL,SEED_BOMB,DRACO_METEOR,56.7,42,53.7,36.2,marowak:782;stunfisk:740;electrode_hisuian:713;jellicent:633;corsola_galarian:583,mimikyu:158;tinkaton:170;cramorant:281;melmetal:339;altaria:416
kubfu,Kubfu,63.7,136.5,95.5,125,1632,COUNTER,CLOSE_COMBAT,BRICK_BREAK,59,41.8,54.2,53,morpeko_full_belly:848;empoleon:756;thievul:671;stunfisk:588;melmetal:556,mimikyu:154;cramorant:218;altaria:271;tinkaton:343;ninetales_shadow:376
anorith,Anorith,63.6,145.4,92,115,1540,SCRATCH,AQUA_JET,ANCIENT_POWER,57.2,59.2,57.2,19.5,fearow:691;marowak_shadow:656;talonflame:630;ninetales:582;weezing_galarian_shadow:560,melmetal:113;mimikyu:121;cramorant:242;tinkaton:347;altaria:438
espeon,Espeon,63.6,148,105.6,97,1517,CONFUSION,PSYCHIC_FANGS,SHADOW_BALL,67.8,41.6,44.5,31.3,electrode_hisuian:788;vigoroth:685;cramorant:608;quagsire_shadow:572;stunfisk:541,melmetal:250;ninetales_shadow:289;tinkaton:301;mimikyu:331;altaria:460
linoone_galarian,Linoone (Galarian),63.6,114.1,111.7,154,1965,SNARL,BODY_SLAM,DIG,56.2,39.3,57.2,39.6,umbreon:574;stunfisk:571;jellicent:561;corsola_galarian:525;furret:509,melmetal:89;altaria:231;tinkaton:269;mimikyu:289;cramorant:337
dustox,Dustox,63.5,94.9,148.7,142,2005,CONFUSION,SILVER_WIND,SLUDGE_BOMB,59.2,42,62.3,50.1,florges:623;electrode_hisuian:619;rillaboom:619;annihilape:616;azumarill:524,cramorant:182;tinkaton:276;melmetal:284;mimikyu:322;altaria:376
mesprit,Mesprit,63.5,123.5,128,114,1804,CONFUSION,SWIFT,FUTURE_SIGHT,60,46.9,60.5,48,togekiss:614;annihilape:548;florges:521;altaria:513;fearow:504,tinkaton:223;melmetal:301;mimikyu:331;cramorant:408;ninetales_shadow:496
omanyte_shadow,Omanyte (Shadow),63.5,128,135.2,101,1750,MUD_SHOT,ROCK_TOMB,ROCK_BLAST,57.2,53.5,53.4,27.9,talonflame:896;ninetales_shadow:801;cramorant:717;azumarill:534;jellicent:514,melmetal:157;mimikyu:177;altaria:278;vigoroth:300;tinkaton:315
exploud_shadow,Exploud (Shadow),63.3,119.7,99.4,157,1870,ASTONISH,CRUNCH,DISARMING_VOICE,54.2,37.2,58.5,43.6,mimikyu:872;corsola_galarian:853;jellicent:678;sableye_shadow:550;altaria:525,vigoroth:100;melmetal:191;tinkaton:230;cramorant:281;ninetales_shadow:321
scraggy,Scraggy,63.3,120.2,122.7,126,1861,FEINT_ATTACK,UPPER_HAND,FOUL_PLAY,50.3,36.6,64.4,41.7,furret:710;corsola_galarian:706;jellicent:686;feraligatr:591;deoxys_defense:547,tinkaton:141;altaria:177;cramorant:222;melmetal:250;mimikyu:266
totodile,Totodile,63.3,110.9,104.1,127,1468,SCRATCH,AQUA_JET,CRUNCH,54.1,52.1,59.5,33.1,miltank:594;diggersby:590;corviknight:566;quagsire:543;ninetales_alolan:515,mimikyu:121;altaria:300;cramorant:329;melmetal:366;tinkaton:425
falinks,Falinks,63.2,127.5,119.1,115,1748,COUNTER,SUPER_POWER,MEGAHORN,54.1,30.1,63.9,55,morpeko_full_belly:839;thievul:713;umbreon:656;melmetal:621;furret:613,mimikyu:126;altaria:192;cramorant:202;tinkaton:280;ninetales_shadow:448
raboot,Raboot,63.2,128.8,103.7,130,1738,FIRE_SPIN,FLAME_CHARGE,FLAMETHROWER,55.6,38,56.2,50.6,deoxys_defense:630;melmetal:561;florges:553;tinkaton:530;ninetales_shadow:503,quagsire_shadow:127;cramorant:170;altaria:300;vigoroth:310;mimikyu:322
shellos,Shellos,63.2,99.1,100.8,166,1660,MUD_SLAP,WATER_PULSE,BODY_SLAM,57.6,40.9,60.3,40.2,empoleon:668;tinkaton:611;ninetales_shadow:554;florges:551;azumarill:503,altaria:184;mimikyu:219;cramorant:250;vigoroth:372;melmetal:390
dugtrio_shadow,Dugtrio (Shadow),63.1,136.7,120,100,1643,SUCKER_PUNCH,MUD_BOMB,STONE_EDGE,56.4,42,42.4,33.1,clodsire:865;tinkaton:735;stunfisk:615;corsola_galarian:595;melmetal:545,quagsire_shadow:251;ninetales_shadow:257;altaria:264;cramorant:349;mimikyu:373
krookodile,Krookodile,63.1,133.1,98,129,1685,MUD_SLAP,SAND_TOMB,CRUNCH,57,35.6,50,47.5,clodsire:895;corsola_galarian:786;stunfisk:689;mimikyu:554;sableye_shadow:507,altaria:90;cramorant:115;melmetal:373;tinkaton:400;ninetales_shadow:408
rotom_heat,Rotom (Heat),63.1,128.8,144.9,93,1737,THUNDER_SHOCK,OVERHEAT,THUNDERBOLT,49.9,28,69.7,30.5,tinkaton:854;ninetales_shadow:715;jumpluff:672;electrode_hisuian:639;melmetal:602,quagsire_shadow:77;sableye_shadow:164;vigoroth:168;mimikyu:191;altaria:394
sandygast,Sandygast,63.1,113.4,111.7,135,1712,MUD_SHOT,SHADOW_BALL,EARTH_POWER,50,28.7,64.8,35.5,morpeko_full_belly:785;melmetal:692;clodsire:574;stunfisk:529;deoxys_defense:507,cramorant:47;mimikyu:121;ninetales_shadow:146;altaria:242;tinkaton:496
beautifly,Beautifly,62.9,144.7,83.9,127,1543,INFESTATION,AIR_CUTTER,SILVER_WIND,50.3,38.1,53.9,29.5,deoxys_defense:901;cradily:759;malamar:728;thievul:641;rillaboom:582,melmetal:123;mimikyu:158;cramorant:170;tinkaton:226;altaria:311
entei,Entei,62.9,129.3,96.1,140,1741,FIRE_FANG,FLAME_CHARGE,SCORCHING_SANDS,58.6,37.8,56.5,60.5,rillaboom:657;melmetal:589;ninetales_shadow:535;tinkaton:528;corviknight:517,quagsire_shadow:170;cramorant:218;vigoroth:344;altaria:373;mimikyu:406
exeggutor_shadow,Exeggutor (Shadow),62.9,136.1,92.5,131,1650,CONFUSION,SEED_BOMB,PSYCHIC,57,39.6,54.9,39.9,annihilape:809;stunfisk:709;clodsire:675;snorlax:553;electrode_hisuian:530,tinkaton:329;cramorant:341;mimikyu:355;altaria:376;melmetal:414
inteleon,Inteleon,62.9,153.4,89,107,1462,WATER_GUN,SNIPE_SHOT,HYDRO_CANNON,51.7,41.6,46.8,28.9,tinkaton:771;clodsire:771;talonflame:733;wigglytuff:509;corviknight:504,cramorant:182;melmetal:250;altaria:297;mimikyu:345;ninetales_shadow:452
totodile_shadow,Totodile (Shadow),62.9,110.9,104.1,127,1468,SCRATCH,AQUA_JET,CRUNCH,50,55.2,58,26.1,talonflame:775;marowak_shadow:665;diggersby:547;corviknight:531;dewgong:523,mimikyu:121;melmetal:126;altaria:322;tinkaton:365;cramorant:404
darumaka_galarian,Darumaka (Galarian),62.8,131.9,82.3,157,1706,ICE_FANG,ICE_PUNCH,ICE_BEAM,56.9,36.4,56.5,51.1,jumpluff:869;electrode_hisuian:837;altaria:815;fearow:767;stunfisk:630,melmetal:154;ninetales_shadow:178;tinkaton:187;cramorant:333;mimikyu:369
garbodor,Garbodor,62.8,121,115.9,132,1853,INFESTATION,BODY_SLAM,GUNK_SHOT,52.7,34.7,58.8,38.6,florges:651;jumpluff:617;cradily:609;azumarill:564;thievul:522,mimikyu:121;tinkaton:170;melmetal:246;altaria:257;cramorant:333
sandygast_shadow,Sandygast (Shadow),62.8,113.4,111.7,135,1712,ASTONISH,SHADOW_BALL,EARTH_POWER,55.2,36.1,57.7,46.2,clodsire:737;stunfisk:685;forretress_shadow:674;deoxys_defense:633;mimikyu:588,ninetales_shadow:242;altaria:264;cramorant:265;tinkaton:287;melmetal:359
snubbull,Snubbull,62.8,127.7,84,142,1524,BITE,BRICK_BREAK,DAZZLING_GLEAM,52.5,44,57.7,34.7,altaria:827;kingdra:651;thievul:640;annihilape:556;malamar:514,cramorant:246;mimikyu:252;ninetales_shadow:309;melmetal:328;tinkaton:340
onix,Onix,62.7,84,207.5,105,1831,ROCK_THROW,ROCK_SLIDE,SAND_TOMB,57.6,42.9,55.9,60,talonflame:880;forretress_shadow:695;fearow:657;togekiss:623;altaria:519,tinkaton:283;ninetales_shadow:289;melmetal:366;mimikyu:369;cramorant:448
rotom_mow,Rotom (Mow),62.7,128.8,144.9,93,1737,THUNDER_SHOCK,OMINOUS_WIND,LEAF_STORM,56.4,42.6,64.1,33.6,azumarill:865;stunfisk:741;jellicent:661;cramorant:591;vigoroth:526,ninetales_shadow:130;mimikyu:186;altaria:224;tinkaton:226;melmetal:455
zygarde_10,Zygarde (10% Forme),62.7,138.1,119.1,98,1613,DRAGON_TAIL,CRUNCH,EARTHQUAKE,51,29.6,59.7,27.4,morpeko_full_belly:744;talonflame:739;stunfisk:698;ninetales_shadow:653;electrode_hisuian:596,mimikyu:121;tinkaton:159;cramorant:226;altaria:322;melmetal:373
entei_shadow,Entei (Shadow),62.6,128.8,95.1,139,1705,FIRE_FANG,FLAME_CHARGE,SCORCHING_SANDS,62.5,40.4,46.5,56.9,tinkaton:848;electrode_hisuian:816;rillaboom:751;melmetal:676;corviknight:517,quagsire_shadow:198;cramorant:218;altaria:304;ninetales_shadow:313;mimikyu:467
stoutland,Stoutland,62.6,123.8,116.2,125,1799,SAND_ATTACK,WILD_CHARGE,CRUNCH,50.8,32,62.3,32.3,talonflame:724;jellicent:716;corsola_galarian:628;ninetales_shadow:596;cramorant:516,altaria:94;tinkaton:187;melmetal:188;mimikyu:280;quagsire_shadow:341
flaaffy,Flaaffy,62.5,121.5,100.4,151,1844,CHARGE_BEAM,DISCHARGE,TRAILBLAZE,53.9,40.1,56.9,40.9,cramorant:589;jellicent:589;azumarill:559;deoxys_defense:549;fearow:533,mimikyu:158;altaria:275;tinkaton:276;melmetal:359;ninetales_shadow:380
ribombee,Ribombee,62.5,136.2,105.9,114,1645,FAIRY_WIND,DRAINING_KISS,BUG_BUZZ,51.7,30.7,56.9,30.2,altaria:684;deoxys_defense:666;thievul:657;rillaboom:587;azumarill:548,ninetales_shadow:99;melmetal:126;cramorant:162;mimikyu:191;tinkaton:230
snover,Snover,62.5,109.2,100.8,142,1564,POWDER_SNOW,ENERGY_BALL,ICE_BEAM,52,32.3,60,34.2,electrode_hisuian:869;stunfisk:806;azumarill:647;altaria:521;florges:503,ninetales_shadow:99;cramorant:222;mimikyu:233;tinkaton:241;melmetal:308
ivysaur_shadow,Ivysaur (Shadow),62.4,119.8,121.3,129,1877,VINE_WHIP,POWER_WHIP,SLUDGE_BOMB,48.5,30.6,61.8,35.2,azumarill:872;electrode_hisuian:844;quagsire_shadow:717;stunfisk:705;florges:651,melmetal:181;cramorant:222;mimikyu:247;tinkaton:301;altaria:315
poliwhirl_shadow,Poliwhirl (Shadow),62.4,114.2,115.9,148,1961,BUBBLE,SCALD,MUD_BOMB,50.6,36.7,62.3,33.1,clodsire:604;marowak:560;tinkaton:543;vigoroth:520;quagsire_shadow:516,altaria:188;cramorant:202;melmetal:250;mimikyu:266;ninetales_shadow:313
urshifu_rapid_strike,Urshifu (Rapid Strike),62.4,136.5,97.7,121,1616,COUNTER,AQUA_JET,DYNAMIC_PUNCH,53.6,34.1,59,50.9,empoleon:830;thievul:789;morpeko_full_belly:756;furret:603;feraligatr:520,mimikyu:126;altaria:177;cramorant:222;tinkaton:326;melmetal:445
bonsly,Bonsly,62.3,116.8,124.3,127,1845,ROCK_THROW,ROCK_TOMB,ROCK_SLIDE,57.5,34.9,58.8,60.3,talonflame:877;cramorant:625;fearow:598;ninetales_shadow:582;altaria:566,tinkaton:187;quagsire_shadow:189;melmetal:226;vigoroth:293;mimikyu:481
heliolisk,Heliolisk,62.3,138.1,112.1,105,1626,VOLT_SWITCH,BREAKING_SWIPE,PARABOLIC_CHARGE,56.6,38.3,50.8,45.6,cramorant:861;mimikyu:747;corviknight:628;corsola_galarian:623;sableye_shadow:590,quagsire_shadow:173;altaria:221;tinkaton:237;melmetal:311;ninetales_shadow:337
honedge,Honedge,62.3,122.1,127,118,1832,PSYCHO_CUT,IRON_HEAD,GYRO_BALL,52.5,36.7,60.3,42.2,cradily:792;togekiss:720;vigoroth:525;florges:525;tinkaton:512,ninetales_shadow:99;mimikyu:177;cramorant:194;altaria:340;melmetal:455
mabosstiff,Mabosstiff,62.3,134.4,105.1,117,1654,BITE,CRUNCH,PSYCHIC_FANGS,60.8,47.8,55.9,40.7,jellicent:893;corsola_galarian:841;deoxys_defense:739;fearow:739;lapras:581,melmetal:126;tinkaton:273;mimikyu:280;cramorant:293;altaria:355
ninjask,Ninjask,62.3,144.7,88.4,121,1549,FURY_CUTTER,SHADOW_BALL,AERIAL_ACE,49.9,36.4,54.2,30.8,deoxys_defense:904;marowak:855;cradily:747;malamar:714;rillaboom:607,mimikyu:135;cramorant:162;melmetal:167;tinkaton:308;altaria:340
snubbull_shadow,Snubbull (Shadow),62.2,127.7,84,142,1524,BITE,BRICK_BREAK,DAZZLING_GLEAM,51.3,49.2,50.3,28.9,altaria:827;deoxys_defense:827;guzzlord:718;thievul:602;empoleon:573,mimikyu:252;cramorant:261;tinkaton:269;ninetales_shadow:329;melmetal:390
tentacool,Tentacool,62.2,94.1,137.8,113,1466,POISON_STING,WRAP,WATER_PULSE,54.4,46.1,55.4,52.4,florges:765;azumarill:690;wigglytuff:615;weezing_galarian_shadow:544;ninetales_shadow:517,mimikyu:182;melmetal:284;cramorant:365;altaria:427;tinkaton:429
gloom_shadow,Gloom (Shadow),62,121.3,115.9,131,1844,ACID,MOONBLAST,SLUDGE_BOMB,48.9,35.5,58.5,34.4,azumarill:874;florges:648;electrode_hisuian:641;blastoise:629;altaria:557,ninetales_shadow:226;cramorant:261;melmetal:311;mimikyu:313;tinkaton:333
koffing_shadow,Koffing (Shadow),62,112.6,131,113,1668,INFESTATION,SLUDGE,DARK_PULSE,51.4,43.8,55.2,27.1,deoxys_defense:836;rillaboom:716;cradily:557;jumpluff:535;azumarill:504,mimikyu:126;cramorant:142;tinkaton:205;altaria:297;melmetal:397
omastar,Omastar,62,126.6,128.4,109,1773,MUD_SHOT,ROCK_SLIDE,HYDRO_PUMP,47.7,35.5,63.4,33.4,talonflame:912;clodsire:651;cramorant:536;florges:513;fearow:513,melmetal:126;mimikyu:130;tinkaton:141;ninetales_shadow:146;altaria:344
snover_shadow,Snover (Shadow),62,109.2,100.8,142,1564,POWDER_SNOW,ENERGY_BALL,ICE_BEAM,50.2,30.1,56.9,32.8,electrode_hisuian:869;altaria:742;stunfisk:742;clodsire:721;azumarill:524,melmetal:113;ninetales_shadow:130;cramorant:242;tinkaton:287;mimikyu:289
dugtrio,Dugtrio,61.9,136.7,120,100,1643,SUCKER_PUNCH,MUD_BOMB,STONE_EDGE,49.6,37.5,54.9,31.8,forretress_shadow:660;stunfisk:640;miltank:635;melmetal:600;charjabug:600,altaria:221;ninetales_shadow:253;cramorant:261;mimikyu:313;tinkaton:468
rotom_fan,Rotom (Fan),61.8,128.8,144.9,93,1737,ASTONISH,THUNDERBOLT,OMINOUS_WIND,50.6,33.8,62.3,40.7,mimikyu:715;corviknight:672;deoxys_defense:602;fearow:602;cramorant:516,vigoroth:127;altaria:206;tinkaton:230;melmetal:277;ninetales_shadow:289
omastar_shadow,Omastar (Shadow),61.7,126.6,128.4,109,1773,MUD_SHOT,ROCK_SLIDE,HYDRO_PUMP,46.8,33,57.7,27.4,talonflame:899;togekiss:811;cramorant:733;clodsire:610;mantine:582,melmetal:157;mimikyu:177;ninetales_shadow:182;tinkaton:187;altaria:387
rhyhorn_shadow,Rhyhorn (Shadow),61.7,112.5,111,159,1987,MUD_SLAP,BULLDOZE,STOMP,57,35.2,50.9,49,morpeko_full_belly:808;stunfisk:635;forretress_shadow:619;melmetal:566;seaking:518,altaria:228;cramorant:253;mimikyu:359;ninetales_shadow:408;tinkaton:478
sneasel,Sneasel,61.7,133.9,111.7,111,1662,ICE_SHARD,AVALANCHE,FOUL_PLAY,50.6,29.5,56.4,32.3,altaria:671;snorlax:635;stunfisk:608;thievul:581;marowak:518,melmetal:106;ninetales_shadow:123;cramorant:226;tinkaton:255;mimikyu:271
noivern_shadow,Noivern (Shadow),61.5,125.4,113.5,126,1794,BITE,HEAT_WAVE,HURRICANE,47.2,33.3,60.5,23.4,deoxys_defense:690;corviknight:666;araquanid:603;rillaboom:595;melmetal:543,cramorant:186;mimikyu:242;altaria:289;ninetales_shadow:373;tinkaton:390
brionne,Brionne,61.3,125.8,117,121,1783,CHARM,AQUA_JET,DISARMING_VOICE,50.2,32.3,62.1,41.2,guzzlord:822;feraligatr:533;quagsire_shadow:512;kingdra:512;seaking:508,ninetales_shadow:146;melmetal:167;mimikyu:266;altaria:322;tinkaton:390
luxio,Luxio,61.3,133.2,91,139,1687,BITE,WILD_CHARGE,CRUNCH,46.9,27,63.1,29.5,melmetal:712;corviknight:633;jellicent:571;ninetales_shadow:543;deoxys_defense:514,tinkaton:95;quagsire_shadow:127;cramorant:166;altaria:184;mimikyu:242
nidorino_shadow,Nidorino (Shadow),61.3,123.3,104.3,141,1814,POISON_STING,SLUDGE_BOMB,DIG,46.5,35.5,64.3,25.3,azumarill:773;florges:687;talonflame:684;cradily:563;ninetales_shadow:539,cramorant:178;mimikyu:233;tinkaton:404;altaria:413;melmetal:438
breloom,Breloom,61.2,149.9,96.7,103,1494,FORCE_PALM,DYNAMIC_PUNCH,GRASS_KNOT,55.9,30.6,49.5,51.1,azumarill:800;thievul:752;vigoroth:703;stunfisk:640;melmetal:504,mimikyu:116;cramorant:126;altaria:206;ninetales_shadow:281;tinkaton:315
exeggutor,Exeggutor,61.2,136.1,92.5,131,1650,CONFUSION,SEED_BOMB,PSYCHIC,55,41.6,54.6,40.2,stunfisk:721;deoxys_defense:637;electrode_hisuian:599;rillaboom:526;quagsire_shadow:511,tinkaton:265;cramorant:301;altaria:322;mimikyu:345;melmetal:349
porygon2,Porygon2,61.1,122.1,117.9,127,1830,LOCK_ON,TRI_ATTACK,ZAP_CANNON,49.6,44.4,72,23.7,jellicent:724;corviknight:629;mimikyu:625;araquanid:570;florges:523,altaria:94;tinkaton:95;ninetales_shadow:103;melmetal:198;cramorant:309
tauros,Tauros,61.1,125.1,119.5,120,1795,TACKLE,TRAILBLAZE,HORN_ATTACK,52.8,47,53.7,44.9,feraligatr:616;seaking:583;corsola_galarian:554;blastoise:533;mimikyu:525,melmetal:126;tinkaton:269;altaria:271;cramorant:273;ninetales_shadow:337
rhyhorn,Rhyhorn,60.9,112.5,111,159,1987,MUD_SLAP,BULLDOZE,STOMP,55.8,34.9,53.1,50.9,morpeko_full_belly:836;stunfisk:672;vigoroth:537;clodsire:503;deoxys_defense:503,altaria:221;cramorant:230;mimikyu:271;tinkaton:336;melmetal:496
tentacool_shadow,Tentacool (Shadow),60.9,94.1,137.8,113,1466,POISON_STING,WRAP,WATER_PULSE,53,43.3,53.9,45.9,talonflame:800;azumarill:668;florges:592;ninetales_shadow:584;wigglytuff:539,mimikyu:182;tinkaton:269;melmetal:315;cramorant:392;altaria:431
banette,Banette,60.8,145.2,92.2,115,1542,SHADOW_CLAW,SHADOW_BALL,DAZZLING_GLEAM,43.3,34,53.6,28.4,annihilape_shadow:843;deoxys_defense:678;medicham:586;ninetales:530;gastrodon:521,altaria:221;cramorant:261;melmetal:291;mimikyu:415;tinkaton:492
blissey,Blissey,60.8,81,111.2,307,2769,ZEN_HEADBUTT,WILD_CHARGE,DAZZLING_GLEAM,46.1,30,69,45.6,dusclops:635;corsola_galarian:602;feraligatr:583;mantine:578;blastoise:534,melmetal:126;ninetales_shadow:226;tinkaton:258;altaria:315;mimikyu:350
gothitelle_shadow,Gothitelle (Shadow),60.8,115.3,140.9,119,1934,CONFUSION,ROCK_SLIDE,FUTURE_SIGHT,52.7,37.3,60.1,47.2,jumpluff:613;azumarill:588;togekiss:575;seaking:521;blastoise:516,tinkaton:173;melmetal:229;altaria:264;cramorant:301;mimikyu:369
krokorok,Krokorok,60.8,134,87.9,142,1674,MUD_SLAP,CRUNCH,BULLDOZE,54.5,34.3,50.6,46.2,corsola_galarian:774;morpeko_full_belly:767;stunfisk:697;sableye_shadow:528;deoxys_defense:524,altaria:90;cramorant:115;melmetal:373;tinkaton:400;mimikyu:490
revavroom,Revavroom,60.8,135.6,102.4,119,1655,METAL_SOUND,OVERHEAT,GYRO_BALL,44.7,28,63.8,35.2,cradily:941;florges:701;furret:563;azumarill:550;empoleon:508,melmetal:181;tinkaton:187;cramorant:293;mimikyu:373;altaria:394
cubone,Cubone,60.7,88.2,133.6,127,1497,MUD_SLAP,BONE_CLUB,BULLDOZE,54.4,32,56.2,51.4,morpeko_full_belly:807;melmetal:755;forretress_shadow:732;stunfisk:629;clodsire:606,cramorant:123;altaria:163;ninetales_shadow:265;mimikyu:271;tinkaton:411
klinklang,Klinklang,60.7,124.2,139.5,104,1804,METAL_SOUND,MIRROR_SHOT,FLASH_CANNON,52.5,30.6,58.5,46.2,cradily:870;florges:697;furret:548;tinkaton:519;azumarill:514,melmetal:95;ninetales_shadow:111;cramorant:194;mimikyu:359;altaria:449
silicobra,Silicobra,60.7,99.1,115.9,131,1506,MUD_SLAP,EARTH_POWER,WRAP,49.9,37.3,55.5,46.4,morpeko_full_belly:786;clodsire:759;stunfisk:717;marowak:530;florges:503,altaria:195;cramorant:222;mimikyu:257;tinkaton:287;melmetal:373
duraludon,Duraludon,60.6,137.7,112.2,105,1623,DRAGON_TAIL,DRAGON_CLAW,FLASH_CANNON,47.4,29.6,59.8,32.6,cradily:695;electrode_hisuian:566;blastoise:561;cramorant:542;jumpluff:542,tinkaton:60;mimikyu:116;melmetal:126;ninetales_shadow:289;altaria:322
granbull_shadow,Granbull (Shadow),60.6,135.3,88.3,139,1662,CHARM,CLOSE_COMBAT,CRUNCH,61.1,38.9,44,56.9,morpeko_full_belly:866;annihilape:845;thievul:744;sableye_shadow:708;altaria:517,melmetal:171;tinkaton:202;ninetales_shadow:218;cramorant:365;mimikyu:467
graveler,Graveler,60.6,121.4,130.9,116,1845,MUD_SLAP,ROCK_SLIDE,DIG,52.7,32.4,54.4,42.2,morpeko_full_belly:797;stunfisk:663;forretress_shadow:637;talonflame:620;fearow:508,cramorant:115;mimikyu:303;tinkaton:343;altaria:394;melmetal:441
prinplup_shadow,Prinplup (Shadow),60.6,118.6,117,136,1889,BUBBLE,ICY_WIND,BUBBLE_BEAM,56.4,42.7,50.3,33.6,clodsire:636;marowak:588;altaria:518;stunfisk:514;ninetales_shadow:507,melmetal:250;cramorant:297;mimikyu:303;tinkaton:418;vigoroth:448
weavile_shadow,Weavile (Shadow),60.6,141.9,105.1,106,1582,SNARL,AVALANCHE,FOUL_PLAY,44.6,31.6,55.4,15.4,jellicent:830;clodsire:768;altaria:698;corsola_galarian:698;stunfisk:528,melmetal:123;ninetales_shadow:123;cramorant:170;mimikyu:200;tinkaton:280
luxio_shadow,Luxio (Shadow),60.4,133.7,90.2,139,1677,BITE,WILD_CHARGE,CRUNCH,40.9,30,59,16.7,deoxys_defense:758;araquanid:719;melmetal:679;corsola_galarian:669;corviknight:607,tinkaton:95;ninetales_shadow:146;cramorant:166;altaria:184;mimikyu:242
nuzleaf_shadow,Nuzleaf (Shadow),60.4,125.2,78.1,157,1536,FEINT_ATTACK,LEAF_BLADE,FOUL_PLAY,50.8,36,54.2,32.6,corsola_galarian:767;stunfisk:697;jellicent:671;deoxys_defense:614;electrode_hisuian:547,melmetal:219;altaria:221;cramorant:242;tinkaton:304;mimikyu:322
alakazam,Alakazam,60.3,155.8,101.4,91,1439,PSYCHO_CUT,FIRE_PUNCH,SHADOW_BALL,59.5,47.3,54.7,14.3,annihilape:747;forretress_shadow:730;jellicent:664;cramorant:587;talonflame:576,melmetal:85;ninetales_shadow:162;mimikyu:177;tinkaton:379;altaria:398
lycanroc_midday,Lycanroc (Midday),60.3,142.7,93.1,118,1569,SUCKER_PUNCH,DRILL_RUN,STONE_EDGE,50.6,40.1,48.1,28.1,corsola_galarian:656;forretress_shadow:631;dusknoir_shadow:614;dusclops:584;weezing_galarian_shadow:529,melmetal:222;altaria:282;cramorant:305;mimikyu:345;tinkaton:436
accelgor_shadow,Accelgor (Shadow),60.2,143.2,84.9,129,1569,INFESTATION,ENERGY_BALL,BUG_BUZZ,46.5,26.7,52.4,27.6,deoxys_defense:810;electrode_hisuian:763;marowak:589;stunfisk:542;rillaboom:503,melmetal:140;mimikyu:158;cramorant:170;altaria:177;tinkaton:258
carnivine,Carnivine,60.1,130.1,101.8,130,1724,VINE_WHIP,ENERGY_BALL,CRUNCH,50.3,33.6,58.7,33.4,azumarill:857;stunfisk:788;quagsire_shadow:780;marowak:723;jellicent:684,cramorant:222;altaria:231;mimikyu:233;tinkaton:262;melmetal:363
swellow_shadow,Swellow (Shadow),60.1,135.9,99.9,121,1645,WING_ATTACK,BRAVE_BIRD,SKY_ATTACK,43.2,29.2,56.2,27.1,azumarill:735;corsola_galarian:702;mimikyu:619;jellicent:574;wigglytuff:512,melmetal:113;ninetales_shadow:194;altaria:221;cramorant:261;tinkaton:294
cloyster_shadow,Cloyster (Shadow),60,119,169.7,93,1880,ICE_SHARD,ICY_WIND,LIQUIDATION,51.7,34.4,46.2,35.2,jumpluff:559;altaria:537;vigoroth:532;stunfisk:526;clodsire:510,melmetal:106;tinkaton:145;ninetales_shadow:146;cramorant:253;mimikyu:303
cursola,Cursola,60,145.6,111,95,1537,ASTONISH,NIGHT_SHADE,POWER_GEM,53.1,38.9,45.8,39.4,annihilape_shadow:863;annihilape:836;deoxys_defense:668;mimikyu:568;rillaboom:563,altaria:264;tinkaton:287;ninetales_shadow:313;cramorant:337;melmetal:359
eelektross,Eelektross,60,133.8,99.7,126,1682,VOLT_SWITCH,DRAGON_CLAW,THUNDERBOLT,49.6,33.6,62.9,44.1,cramorant:853;azumarill:781;melmetal:611;deoxys_defense:599;togekiss:579,quagsire_shadow:158;altaria:221;tinkaton:237;mimikyu:313;ninetales_shadow:313
loudred_shadow,Loudred (Shadow),60,125.2,80.6,178,1798,BITE,STOMP,DISARMING_VOICE,48.8,47.2,57.8,27.9,corsola_galarian:581;sableye_shadow:578;umbreon:575;guzzlord:556;feraligatr:547,melmetal:126;cramorant:178;tinkaton:195;mimikyu:252;altaria:442
weavile,Weavile,60,141.9,105.1,106,1582,SNARL,AVALANCHE,FOUL_PLAY,46.8,34,55.2,17.2,altaria:698;marowak:698;jellicent:561;stunfisk:518;thievul:509,ninetales_shadow:103;melmetal:106;cramorant:142;mimikyu:186;tinkaton:248
vileplume_shadow,Vileplume (Shadow),59.9,128.8,112.7,120,1743,ACID,MOONBLAST,SLUDGE_BOMB,47.4,31,53.7,30.5,azumarill:862;florges:725;electrode_hisuian:604;rillaboom:600;altaria:512,ninetales_shadow:226;cramorant:265;melmetal:321;tinkaton:340;mimikyu:373
arboliva,Arboliva,59.8,129.2,116.6,115,1734,MAGICAL_LEAF,EARTH_POWER,TRAILBLAZE,50.3,27.6,53.9,44.9,quagsire_shadow:926;stunfisk:778;corsola_galarian:578;sableye_shadow:552;mimikyu:521,ninetales_shadow:123;melmetal:126;tinkaton:152;altaria:159;cramorant:253
gothorita_shadow,Gothorita (Shadow),59.8,112.2,132.7,134,1997,CONFUSION,FUTURE_SIGHT,PSYCHIC,51.1,32,64.4,48.8,mantine:608;annihilape:541;azumarill:526;clodsire:526;stunfisk:514,tinkaton:173;melmetal:208;altaria:264;cramorant:281;mimikyu:341
flaaffy_shadow,Flaaffy (Shadow),59.7,121.5,100.4,151,1844,CHARGE_BEAM,DISCHARGE,TRAILBLAZE,47.7,31.8,55.9,33.6,talonflame:692;corviknight:642;cramorant:609;jellicent:586;empoleon:539,ninetales_shadow:198;mimikyu:205;altaria:300;tinkaton:304;melmetal:400
musharna,Musharna,59.7,113.1,108.8,161,1982,CHARGE_BEAM,PSYSHOCK,DAZZLING_GLEAM,50,32.7,58.7,30.5,kingdra:627;annihilape:574;guzzlord:574;florges:555;fearow:549,mimikyu:158;tinkaton:216;melmetal:267;ninetales_shadow:349;altaria:376
onix_shadow,Onix (Shadow),59.7,84,207.5,105,1831,ROCK_THROW,ROCK_SLIDE,SAND_TOMB,54.4,39.8,51.3,56.1,talonflame:895;forretress_shadow:638;miltank:585;fearow:571;togekiss:523,melmetal:195;ninetales_shadow:325;tinkaton:329;mimikyu:331;cramorant:476
skorupi_shadow,Skorupi (Shadow),59.6,90.7,139.4,113,1430,INFESTATION,AQUA_TAIL,CROSS_POISON,53.6,42,50.8,37,electrode_hisuian:836;rillaboom:756;malamar:676;wigglytuff:566;charjabug:513,mimikyu:121;tinkaton:187;altaria:221;cramorant:265;melmetal:277
cubone_shadow,Cubone (Shadow),59.5,88.2,133.6,127,1497,MUD_SLAP,BONE_CLUB,BULLDOZE,53.6,33.5,50.4,40.9,tinkaton:834;morpeko_full_belly:787;clodsire:748;stunfisk:708;melmetal:665,altaria:134;cramorant:158;ninetales_shadow:261;mimikyu:275;vigoroth:334
rotom_wash,Rotom (Wash),59.4,128.8,144.9,93,1737,THUNDER_SHOCK,THUNDERBOLT,HYDRO_PUMP,41.3,23,67.7,28.7,cramorant:612;corviknight:607;azumarill:569;araquanid:559;melmetal:505,quagsire_shadow:96;altaria:134;tinkaton:141;ninetales_shadow:146;mimikyu:191
seel,Seel,59.4,84,114.2,149,1431,WATER_GUN,AQUA_TAIL,ICY_WIND,54.8,44.6,51.4,39.1,clodsire:620;ninetales:620;marowak:583;ninetales_shadow:540;diggersby:526,mimikyu:280;melmetal:301;altaria:333;cramorant:384;tinkaton:450
kyogre_shadow,Kyogre (Shadow),59.3,133.9,116.5,104,1623,WATERFALL,AVALANCHE,SURF,51.9,39.8,44.4,36.5,talonflame:807;dusclops:639;ninetales_alolan:576;corsola_galarian:562;diggersby:524,altaria:177;cramorant:226;tinkaton:287;melmetal:291;mimikyu:378
graveler_shadow,Graveler (Shadow),59.2,122.6,129.8,115,1831,MUD_SLAP,ROCK_SLIDE,DIG,53,34.7,43.9,40.7,morpeko_full_belly:778;snorlax:630;wigglytuff:604;talonflame:565;stunfisk:547,altaria:119;cramorant:142;mimikyu:341;melmetal:345;tinkaton:429
mr_mime_galarian,Mr. Mime (Galarian),59.2,130.4,127,104,1724,CONFUSION,ICE_PUNCH,TRIPLE_AXEL,52.7,43.2,52.3,34.2,clodsire:822;altaria:764;jumpluff:658;stunfisk:610;talonflame:533,melmetal:140;ninetales_shadow:242;tinkaton:283;cramorant:337;mimikyu:345
simisage,Simisage,59.2,135.9,95.8,126,1642,VINE_WHIP,GRASS_KNOT,CRUNCH,46.8,35.6,55.9,30.8,azumarill:869;quagsire_shadow:738;stunfisk:730;marowak:678;jellicent:638,cramorant:218;mimikyu:233;altaria:239;tinkaton:283;melmetal:369
weepinbell_shadow,Weepinbell (Shadow),59.2,139.3,82.6,140,1613,ACID,POWER_WHIP,SLUDGE_BOMB,44.6,29.8,51.4,29.5,azumarill:825;florges:685;stunfisk:600;rillaboom:596;electrode_hisuian:539,cramorant:253;altaria:264;mimikyu:373;tinkaton:375;melmetal:376
goldeen,Goldeen,59.1,115.9,105,120,1462,PECK,AQUA_TAIL,HORN_ATTACK,53.9,48.4,52.3,37,charizard_shadow:883;typhlosion_shadow:808;ninetales_alolan:629;diggersby:558;quagsire:533,altaria:210;mimikyu:233;tinkaton:258;cramorant:265;melmetal:280
infernape,Infernape,59.1,136.6,100.4,119,1633,FIRE_SPIN,CLOSE_COMBAT,BLAST_BURN,48.8,29,56,40.4,forretress_shadow:794;umbreon:743;thievul:567;furret:558;ninetales:529,cramorant:111;altaria:148;mimikyu:341;tinkaton:400;melmetal:496
infernape_shadow,Infernape (Shadow),59.1,136.6,100.4,119,1633,FIRE_SPIN,CLOSE_COMBAT,BLAST_BURN,53.6,32,48.1,41.2,forretress_shadow:806;electrode_hisuian:785;tinkaton:752;rillaboom:710;thievul:630,cramorant:126;altaria:177;ninetales_shadow:257;mimikyu:378;melmetal:455
geodude_shadow,Geodude (Shadow),59,123.5,123.5,113,1724,ROCK_THROW,ROCK_TOMB,ROCK_SLIDE,60.8,36.9,38.6,50.3,talonflame:893;ninetales_shadow:889;fearow:853;cramorant:836;morpeko_full_belly:716,melmetal:188;quagsire_shadow:198;tinkaton:234;mimikyu:429;altaria:438
glimmora,Glimmora,59,137.6,102.9,115,1631,ROCK_THROW,METEOR_BEAM,POWER_GEM,59,34,43.2,57.4,talonflame:895;fearow:856;cramorant:821;ninetales_shadow:721;cradily:517,quagsire_shadow:167;melmetal:184;tinkaton:187;mimikyu:434;altaria:481
manectric_shadow,Manectric (Shadow),59,142.4,91.3,121,1574,SNARL,WILD_CHARGE,PSYCHIC_FANGS,46.9,49.6,62.3,15.6,azumarill:764;jellicent:764;deoxys_defense:747;altaria:648;corviknight:574,ninetales_shadow:103;melmetal:126;tinkaton:163;mimikyu:172;cramorant:285
toedscool,Toedscool,59,94.1,137.8,113,1466,MUD_SLAP,EARTH_POWER,WRAP,51.7,36.4,51.8,46.4,stunfisk:827;electrode_hisuian:685;clodsire:681;florges:659;vigoroth:548,altaria:202;cramorant:214;mimikyu:228;tinkaton:287;melmetal:434
lilligant_hisuian,Lilligant (Hisuian),58.9,133.4,107.7,117,1683,BULLET_SEED,UPPER_HAND,PETAL_BLIZZARD,46.5,26.3,55.9,29.2,azumarill:841;stunfisk:773;quagsire_shadow:764;marowak:670;electrode_hisuian:564,cramorant:103;mimikyu:163;altaria:170;tinkaton:273;melmetal:493
carracosta,Carracosta,58.8,121.4,126.9,120,1850,WATER_GUN,LIQUIDATION,ANCIENT_POWER,50.6,33,58.2,42.2,ninetales_alolan:670;florges:666;talonflame:616;cramorant:570;diggersby:504,melmetal:188;mimikyu:247;tinkaton:280;ninetales_shadow:376;altaria:481
jynx,Jynx,58.8,141.2,102.2,110,1588,CONFUSION,AVALANCHE,PSYSHOCK,50.8,34.9,51.8,28.1,clodsire:831;wigglytuff:595;diggersby:550;dewgong:536;stunfisk:527,melmetal:154;tinkaton:297;cramorant:361;mimikyu:373;altaria:449
vileplume,Vileplume,58.8,128.8,112.7,120,1743,ACID,SLUDGE_BOMB,PETAL_BLIZZARD,45.1,29.6,60.5,32.1,azumarill:862;stunfisk:687;florges:650;electrode_hisuian:620;blastoise:608,melmetal:136;tinkaton:141;cramorant:238;mimikyu:313;altaria:384
darmanitan_galarian_standard,Darmanitan (Galarian),58.7,149.7,72,138,1490,ICE_FANG,AVALANCHE,ICE_PUNCH,58.1,37.8,41.7,44.1,jumpluff:865;electrode_hisuian:800;altaria:750;rillaboom:750;fearow:735,melmetal:167;ninetales_shadow:194;tinkaton:234;cramorant:349;mimikyu:429
drowzee,Drowzee,58.7,87.3,126.8,142,1575,CONFUSION,PSYSHOCK,RETURN,54.4,36.1,56.5,41.7,clodsire:633;annihilape:623;florges:602;fearow:549;togekiss:507,mimikyu:233;melmetal:246;tinkaton:319;cramorant:412;altaria:496
dugtrio_alolan_shadow,Dugtrio (Alolan) (Shadow),58.6,148.1,112.9,90,1506,MUD_SLAP,IRON_HEAD,MUD_BOMB,56.4,32.6,36.5,41.7,empoleon:816;tinkaton:811;clodsire:777;morpeko_full_belly:766;wigglytuff:594,altaria:119;cramorant:142;mimikyu:415;ninetales_shadow:440;melmetal:496
archen_shadow,Archen (Shadow),58.5,159.5,76,116,1408,WING_ATTACK,ANCIENT_POWER,CRUNCH,46,33.5,46,22.9,araquanid:719;talonflame:668;gastrodon:650;altaria:581;seaking:521,melmetal:140;ninetales_shadow:253;cramorant:305;tinkaton:315;mimikyu:345
nuzleaf,Nuzleaf,58.5,125.2,78.1,157,1536,FEINT_ATTACK,LEAF_BLADE,FOUL_PLAY,51.3,33.8,52.1,36,corsola_galarian:792;quagsire_shadow:745;jellicent:726;stunfisk:598;electrode_hisuian:598,altaria:177;melmetal:188;cramorant:202;tinkaton:241;mimikyu:317
pupitar,Pupitar,58.5,120.1,111.8,139,1868,BITE,ANCIENT_POWER,DIG,48.3,33.6,52.7,34.7,talonflame:838;morpeko_full_belly:791;forretress_shadow:582;melmetal:575;fearow:528,ninetales_shadow:146;cramorant:162;mimikyu:242;tinkaton:358;altaria:423
yanma,Yanma,58.5,130.8,89.6,146,1713,WING_ATTACK,SILVER_WIND,AERIAL_ACE,47.5,37.3,54.4,30.8,rillaboom:667;deoxys_defense:657;annihilape:657;guzzlord:592;araquanid:558,cramorant:202;tinkaton:230;mimikyu:233;melmetal:325;altaria:326
oricorio_pom_pom,Oricorio (Pom-Pom),58.4,130.8,102,128,1710,AIR_SLASH,AIR_CUTTER,HURRICANE,47.1,35.2,60,36.2,jumpluff:656;fearow:621;araquanid:605;rillaboom:542;cramorant:515,melmetal:167;altaria:206;mimikyu:266;tinkaton:280;ninetales_shadow:289
ponyta_galarian,Ponyta (Galarian),58.4,133.5,108.2,116,1676,PSYCHO_CUT,SWIFT,PLAY_ROUGH,48.5,42.4,49.3,32.1,talonflame:685;miltank:564;ninetales_shadow:530;togekiss:521;deoxys_defense:508,mimikyu:163;cramorant:178;melmetal:226;tinkaton:244;altaria:250
kingler,Kingler,58.3,144.5,115.6,93,1554,MUD_SHOT,CRABHAMMER,VICE_GRIP,53,44.6,55.5,19.5,talonflame:817;marowak_shadow:672;primeape_shadow:661;annihilape_shadow:618;diggersby:543,cramorant:47;mimikyu:130;melmetal:157;altaria:206;tinkaton:414
shaymin_land,Shaymin (Land),58.3,117.8,122.2,132,1902,MAGICAL_LEAF,GRASS_KNOT,SEED_FLARE,46.3,24.3,61,43,quagsire_shadow:920;azumarill:882;stunfisk:700;jellicent:590;florges:522,altaria:101;tinkaton:145;melmetal:167;cramorant:289;mimikyu:299
trapinch,Trapinch,58.3,148.7,78.1,120,1395,SAND_ATTACK,SAND_TOMB,CRUNCH,51.4,40.6,42.9,31.8,tinkaton:766;deoxys_defense:720;morpeko_full_belly:654;stunfisk:612;melmetal:550,cramorant:83;quagsire_shadow:164;altaria:253;ninetales_shadow:273;mimikyu:299
banette_shadow,Banette (Shadow),58.2,145.9,91.6,115,1538,SHADOW_CLAW,SHADOW_BALL,DAZZLING_GLEAM,47.7,34.7,41.9,30.2,annihilape:843;annihilape_shadow:821;cradily:769;tinkaton:713;azumarill:682,melmetal:222;ninetales_shadow:257;altaria:264;cramorant:305;mimikyu:425
gardevoir,Gardevoir,58.2,136.5,115.6,104,1642,CONFUSION,TRIPLE_AXEL,SHADOW_BALL,53.8,39.6,50.6,42.5,deoxys_defense:692;kingdra:682;altaria:615;stunfisk:591;annihilape:519,melmetal:154;tinkaton:173;mimikyu:341;cramorant:361;ninetales_shadow:384
glimmet,Glimmet,58.2,147.1,90.8,114,1525,ROCK_THROW,POWER_GEM,DAZZLING_GLEAM,60,34.7,37.3,53.5,ninetales_shadow:890;talonflame:877;cramorant:837;togekiss:837;fearow:820,melmetal:184;quagsire_shadow:195;tinkaton:234;mimikyu:457;altaria:474
groudon_shadow,Groudon (Shadow),58.2,133.9,116.5,104,1623,MUD_SHOT,PRECIPICE_BLADES,FIRE_PUNCH,54.5,45.3,53.9,19,clodsire:879;tinkaton:764;stunfisk:634;corsola_galarian:610;melmetal:591,quagsire_shadow:127;altaria:141;mimikyu:191;ninetales_shadow:194;cramorant:210
heliolisk_shadow,Heliolisk (Shadow),58,138.1,112.1,105,1626,VOLT_SWITCH,BREAKING_SWIPE,PARABOLIC_CHARGE,57.3,36.6,37.3,43,cramorant:861;corsola_galarian:823;azumarill:733;mimikyu:690;sableye_shadow:509,quagsire_shadow:204;melmetal:250;altaria:264;ninetales_shadow:273;tinkaton:280
tangela_shadow,Tangela (Shadow),58,125.5,122.8,116,1790,VINE_WHIP,GRASS_KNOT,SLUDGE_BOMB,43.5,26.9,54.7,29.5,quagsire_shadow:918;azumarill:857;stunfisk:754;electrode_hisuian:586;marowak:560,altaria:90;cramorant:218;tinkaton:308;mimikyu:313;melmetal:397
archeops_shadow,Archeops (Shadow),57.9,160.6,81.9,106,1395,WING_ATTACK,ANCIENT_POWER,CRUNCH,45.4,33.6,45.2,22.9,araquanid:731;primeape_shadow:665;talonflame:655;gastrodon:655;altaria:542,melmetal:140;ninetales_shadow:253;cramorant:305;mimikyu:313;tinkaton:319
simisear,Simisear,57.9,135.9,95.8,126,1642,FIRE_SPIN,CRUNCH,FLAMETHROWER,50,32.7,50.4,42.2,forretress_shadow:789;jumpluff:539;florges:515;dewgong:507;wigglytuff:503,cramorant:198;altaria:315;mimikyu:341;tinkaton:400;melmetal:496
skorupi,Skorupi,57.9,90.7,139.4,113,1430,INFESTATION,AQUA_TAIL,CROSS_POISON,52,37.3,50.4,44.3,rillaboom:553;electrode_hisuian:544;cradily:522;florges:517;feraligatr:517,mimikyu:93;altaria:177;cramorant:218;melmetal:229;tinkaton:244
exeggcute,Exeggcute,57.8,102.5,117.6,142,1713,CONFUSION,SEED_BOMB,ANCIENT_POWER,53.3,36.4,52.4,47.2,quagsire_shadow:802;stunfisk:707;azumarill:563;marowak:535;florges:517,ninetales_shadow:194;altaria:199;tinkaton:244;mimikyu:261;melmetal:287
fuecoco,Fuecoco,57.8,106.7,93.2,152,1513,INCINERATE,DISARMING_VOICE,CRUNCH,51.9,34.1,51.3,39.1,malamar:750;melmetal:588;corviknight:523;altaria:516;tinkaton:509,quagsire_shadow:114;cramorant:146;vigoroth:210;mimikyu:289;ninetales_shadow:412
pineco,Pineco,57.8,103.3,115.1,127,1511,BUG_BITE,ROCK_TOMB,SAND_TOMB,51.1,34.6,49,53,malamar:795;deoxys_defense:598;rillaboom:590;thievul:531;electrode_hisuian:507,mimikyu:172;cramorant:178;altaria:199;tinkaton:276;melmetal:397
exeggcute_shadow,Exeggcute (Shadow),57.7,102.5,117.6,142,1713,CONFUSION,SEED_BOMB,ANCIENT_POWER,55.2,35.8,49.1,40.7,quagsire_shadow:781;electrode_hisuian:630;marowak:612;stunfisk:605;azumarill:510,tinkaton:237;cramorant:261;altaria:293;mimikyu:317;melmetal:318
granbull,Granbull,57.7,135.3,88.3,139,1662,CHARM,CLOSE_COMBAT,CRUNCH,55,33.5,54.7,55.8,sableye_shadow:708;morpeko_full_belly:658;thievul:615;annihilape:593;altaria:546,melmetal:136;tinkaton:173;ninetales_shadow:257;cramorant:309;mimikyu:383
phanpy,Phanpy,57.7,102.5,94.9,186,1811,TACKLE,BULLDOZE,ROCK_SLIDE,44.7,33,58.5,38.1,pachirisu:803;pawmo:766;togekiss:548;charjabug:534;fearow:529,mimikyu:158;cramorant:242;melmetal:332;tinkaton:372;altaria:471
simipour,Simipour,57.7,135.9,95.8,126,1642,BITE,SURF,CRUNCH,42.4,33.5,58.2,21.1,magcargo:865;talonflame:789;giratina_altered_shadow:630;dewgong:583;marowak:519,melmetal:126;cramorant:186;mimikyu:242;tinkaton:294;altaria:326
stonjourner,Stonjourner,57.7,125.5,107.9,132,1790,ROCK_THROW,ROCK_SLIDE,STOMP,53.3,33.2,55,56.6,talonflame:871;fearow:844;cramorant:575;ninetales:534;seaking:511,melmetal:157;tinkaton:187;mimikyu:369;altaria:427;ninetales_shadow:476
tsareena,Tsareena,57.7,130.4,120.6,109,1715,MAGICAL_LEAF,TRIPLE_AXEL,HIGH_JUMP_KICK,49.6,30.7,47.3,39.6,quagsire_shadow:922;azumarill:811;stunfisk:770;electrode_hisuian:646;marowak:605,melmetal:198;tinkaton:230;cramorant:253;mimikyu:317;altaria:409
seel_shadow,Seel (Shadow),57.6,84,114.2,149,1431,WATER_GUN,AQUA_TAIL,ICY_WIND,51.3,41,51.9,35.2,talonflame:822;marowak:560;ninetales:540;ninetales_alolan:526;fearow:506,mimikyu:233;altaria:347;cramorant:380;melmetal:393;tinkaton:485
trapinch_shadow,Trapinch (Shadow),57.6,148.7,78.1,120,1395,SAND_ATTACK,SAND_TOMB,CRUNCH,45.8,38.3,41.9,26.8,clodsire:858;tinkaton:720;morpeko_full_belly:608;stunfisk:570;corsola_galarian:558,cramorant:83;ninetales_shadow:273;altaria:286;mimikyu:308;melmetal:332
boldore,Boldore,57.5,124.4,109.5,132,1799,MUD_SLAP,ROCK_SLIDE,BULLDOZE,45.7,29.5,54.9,33.4,talonflame:621;guzzlord:553;stunfisk:549;wigglytuff:545;seaking:537,altaria:90;mimikyu:266;melmetal:291;ninetales_shadow:313;tinkaton:315
gardevoir_shadow,Gardevoir (Shadow),57.4,136.5,115.6,104,1642,CONFUSION,TRIPLE_AXEL,SHADOW_BALL,56.2,40,37.9,40.4,annihilape:850;weezing_galarian_shadow:826;azumarill:692;deoxys_defense:658;altaria:567,melmetal:181;tinkaton:230;ninetales_shadow:305;cramorant:341;mimikyu:369
ambipom,Ambipom,57.3,133.8,100.5,124,1670,SCRATCH,AERIAL_ACE,RETURN,44,33,53.9,30.5,miltank:596;diggersby:584;feraligatr:580;stunfisk:560;azumarill:532,melmetal:126;mimikyu:154;tinkaton:187;altaria:275;cramorant:277
tranquill,Tranquill,57.3,123.9,102.2,143,1812,AIR_SLASH,HEAT_WAVE,AERIAL_ACE,45.7,28.4,57.4,36.2,araquanid:629;sableye_shadow:597;mimikyu:580;jumpluff:562;diggersby:534,tinkaton:117;melmetal:167;altaria:199;cramorant:257;ninetales_shadow:257
tangela,Tangela,57.2,125.5,122.8,116,1790,VINE_WHIP,GRASS_KNOT,SLUDGE_BOMB,45.5,28.4,57.8,32.6,stunfisk:793;quagsire_shadow:780;electrode_hisuian:681;jellicent:560;azumarill:556,cramorant:238;mimikyu:252;altaria:253;tinkaton:283;melmetal:318
porygon2_shadow,Porygon2 (Shadow),57.1,122.1,117.9,127,1830,LOCK_ON,TRI_ATTACK,ZAP_CANNON,42.6,35.8,62,18.7,azumarill:807;sableye_shadow:559;corsola_galarian:555;mimikyu:539;corviknight:511,melmetal:65;cramorant:91;altaria:94;tinkaton:95;ninetales_shadow:432
liepard_shadow,Liepard (Shadow),57,139.7,88.5,129,1596,SNARL,DARK_PULSE,PLAY_ROUGH,41.3,36,51.8,15.6,jellicent:860;corsola_galarian:779;dusknoir_shadow:670;deoxys_defense:647;talonflame:593,melmetal:123;cramorant:170;mimikyu:228;tinkaton:255;altaria:398
lycanroc_dusk,Lycanroc (Dusk),56.8,144.5,91.9,117,1556,SUCKER_PUNCH,STONE_EDGE,TRAILBLAZE,47.5,38.3,35.6,28.9,corsola_galarian:619;dusknoir_shadow:611;mandibuzz:572;dusclops:568;snorlax:512,melmetal:222;altaria:250;cramorant:305;tinkaton:308;mimikyu:397
whirlipede,Whirlipede,56.8,96.6,157.9,113,1725,POISON_STING,SLUDGE_BOMB,GYRO_BALL,45.7,33.3,54.6,33.9,electrode_hisuian:836;azumarill:646;florges:588;rillaboom:570;jumpluff:544,cramorant:134;melmetal:208;altaria:242;mimikyu:247;tinkaton:386
dragapult,Dragapult,56.7,142.5,96.2,115,1578,DRAGON_TAIL,SHADOW_BALL,OUTRAGE,41.6,28.3,52.7,28.4,ninetales:656;stunfisk:578;deoxys_defense:578;electrode_hisuian:552;araquanid:539,tinkaton:60;mimikyu:102;melmetal:167;cramorant:253;altaria:282
dugtrio_alolan,Dugtrio (Alolan),56.7,148.1,112.9,90,1506,MUD_SLAP,MUD_BOMB,IRON_HEAD,51.7,34.4,41.9,38.9,empoleon:827;clodsire:800;morpeko_full_belly:788;cradily:555;snorlax:533,altaria:134;cramorant:142;mimikyu:341;melmetal:414;tinkaton:429
drowzee_shadow,Drowzee (Shadow),56.6,87.3,126.8,142,1575,CONFUSION,PSYSHOCK,PSYCHIC,51,35.5,53.1,37.8,togekiss:584;seaking:580;clodsire:549;annihilape:535;fearow:524,tinkaton:223;cramorant:265;melmetal:287;mimikyu:289;altaria:336
mr_rime,Mr. Rime,56.6,127.4,114.4,120,1750,CONFUSION,ICY_WIND,PSYCHIC,52.8,36.7,43,36,stunfisk:541;clodsire:541;vigoroth:537;florges:533;electrode_hisuian:520,tinkaton:173;melmetal:208;altaria:242;cramorant:337;mimikyu:341
pupitar_shadow,Pupitar (Shadow),56.6,120.1,111.8,139,1868,BITE,ANCIENT_POWER,DIG,43.8,31.5,48.1,28.4,talonflame:809;morpeko_full_belly:748;charjabug:661;weezing_galarian_shadow:600;forretress_shadow:514,melmetal:126;cramorant:162;mimikyu:242;tinkaton:411;altaria:438
dwebble,Dwebble,56.5,111.7,120.1,127,1706,SMACK_DOWN,ROCK_TOMB,X_SCISSOR,47.7,31,55.4,43.8,talonflame:807;dewgong:629;togekiss:547;vigoroth:535;fearow:511,tinkaton:145;melmetal:167;mimikyu:299;altaria:322;cramorant:416
kingler_shadow,Kingler (Shadow),56.3,144.5,115.6,93,1554,BUBBLE,CRABHAMMER,VICE_GRIP,41.6,29.3,45,22.7,charizard_shadow:822;camerupt_shadow:817;typhlosion_shadow:720;talonflame:715;ninetales_alolan:526,cramorant:170;melmetal:229;mimikyu:308;altaria:336;tinkaton:354
archen,Archen,56.2,159.5,76,116,1408,WING_ATTACK,ANCIENT_POWER,CRUNCH,43,33.5,47.6,20.6,araquanid:754;talonflame:719;altaria:581;mantine:530;ninetales:512,melmetal:113;ninetales_shadow:218;tinkaton:248;cramorant:261;mimikyu:289
chinchou,Chinchou,56.1,101.6,94.1,164,1569,BUBBLE,WATER_PULSE,THUNDERBOLT,44.7,25.2,62,28.7,empoleon:710;azumarill:600;feraligatr:582;stunfisk:557;talonflame:509,mimikyu:191;altaria:293;cramorant:293;tinkaton:361;melmetal:476
lycanroc_midnight,Lycanroc (Midnight),55.9,132.6,99.7,127,1680,ROCK_THROW,STONE_EDGE,TRAILBLAZE,55.3,36.9,40.1,51.1,fearow:854;talonflame:854;togekiss:838;moltres_galarian:618;cramorant:539,melmetal:157;tinkaton:187;altaria:402;mimikyu:406;ninetales_shadow:476
deerling,Deerling,55.8,109.2,96.6,142,1499,TAKE_DOWN,WILD_CHARGE,ENERGY_BALL,49.1,31.2,51.6,38.3,stunfisk:728;electrode_hisuian:616;jellicent:559;quagsire_shadow:531;azumarill:507,melmetal:140;tinkaton:195;mimikyu:214;altaria:235;cramorant:281
dwebble_shadow,Dwebble (Shadow),55.8,111.7,120.1,127,1706,SMACK_DOWN,ROCK_TOMB,X_SCISSOR,48,31.6,50.1,44.3,talonflame:775;deoxys_defense:618;dewgong:527;charjabug:519;jumpluff:503,melmetal:123;tinkaton:173;mimikyu:341;altaria:380;cramorant:384
clamperl,Clamperl,55.7,124.3,126,105,1646,WATER_GUN,WATER_PULSE,BODY_SLAM,47.2,37.6,53.1,36.8,diggersby:633;sandslash_alolan:595;corviknight:528;ninetales:509;ninetales_alolan:509,melmetal:260;tinkaton:280;altaria:333;mimikyu:369;cramorant:416
crabominable,Crabominable,55.7,136.8,88.5,135,1635,BUBBLE,ICE_PUNCH,BRICK_BREAK,43.2,27.5,47.5,27.1,furret:755;umbreon:651;diggersby:600;thievul:514;marowak:511,cramorant:115;melmetal:130;mimikyu:233;tinkaton:315;altaria:481
swirlix,Swirlix,55.5,104.1,112.6,145,1701,TACKLE,DRAINING_KISS,ENERGY_BALL,44.3,29.5,58.8,31.5,altaria:696;umbreon:600;guzzlord:593;thievul:575;feraligatr:517,tinkaton:95;mimikyu:135;melmetal:174;ninetales_shadow:202;cramorant:250
archeops,Archeops,55.4,160.6,81.9,106,1395,WING_ATTACK,ANCIENT_POWER,CRUNCH,42.6,33.3,45.3,20.3,araquanid:768;talonflame:712;primeape_shadow:693;altaria:655;mantine:509,melmetal:113;ninetales_shadow:218;tinkaton:248;cramorant:261;mimikyu:289
liepard,Liepard,55.4,139.7,88.5,129,1596,SNARL,DARK_PULSE,PLAY_ROUGH,42.4,39.2,53.1,21.1,jellicent:860;dusknoir_shadow:724;corsola_galarian:600;lapras:581;sableye:519,melmetal:126;mimikyu:186;tinkaton:226;altaria:329;cramorant:428
oricorio_baile,Oricorio (Baile),55.4,130.8,102,128,1710,AIR_SLASH,AIR_CUTTER,HURRICANE,45.7,31,53.6,37,araquanid:718;jumpluff:574;annihilape:558;ninetales_shadow:542;rillaboom:503,melmetal:167;cramorant:226;mimikyu:266;tinkaton:393;altaria:405
braviary,Braviary,55.3,133.7,92.9,135,1678,AIR_SLASH,FLY,CLOSE_COMBAT,41.5,25.2,58.7,32.1,jellicent:622;araquanid:551;sableye_shadow:548;marowak:518;jumpluff:507,melmetal:147;tinkaton:163;altaria:206;cramorant:226;mimikyu:299
sudowoodo_shadow,Sudowoodo (Shadow),55.3,117.1,130.1,126,1921,COUNTER,METEOR_BEAM,TRAILBLAZE,47.2,30.3,51.8,41.5,morpeko_full_belly:654;umbreon:630;wigglytuff:599;guzzlord:531;stunfisk:527,mimikyu:126;altaria:177;cramorant:246;tinkaton:290;melmetal:373
corphish_shadow,Corphish (Shadow),55.2,131,95.7,117,1469,BUBBLE,AQUA_JET,VICE_GRIP,41.5,26.9,45.8,19.8,clodsire:790;talonflame:739;diggersby:726;ninetales_alolan:581;moltres_galarian:534,cramorant:170;melmetal:208;mimikyu:271;altaria:322;tinkaton:418
lombre,Lombre,55.1,106.7,112.6,142,1706,BUBBLE,SCALD,GRASS_KNOT,42.1,25.6,60,27.1,azumarill:676;marowak:637;quagsire_shadow:623;stunfisk:573;feraligatr:521,altaria:112;cramorant:146;mimikyu:191;melmetal:219;tinkaton:414
rampardos_shadow,Rampardos (Shadow),55,162.2,67.2,126,1376,SMACK_DOWN,ROCK_SLIDE,FLAMETHROWER,60.3,34.1,26.9,42.2,fearow:829;talonflame:825;cramorant:773;altaria:559;ninetales_shadow:551,melmetal:171;quagsire_shadow:186;tinkaton:230;vigoroth:365;mimikyu:448
raticate,Raticate,55,125.9,116,122,1783,QUICK_ATTACK,HYPER_FANG,DIG,42.4,32.4,58.7,23.2,quagsire_shadow:643;feraligatr:622;weezing_galarian_shadow:618;ninetales_shadow:569;seaking:553,melmetal:95;altaria:177;cramorant:238;tinkaton:375;mimikyu:443
eevee,Eevee,54.9,99.9,108.3,135,1463,QUICK_ATTACK,SWIFT,DIG,46.8,43.3,51.6,33.1,gengar:874;growlithe_hisuian:833;typhlosion_shadow:655;feraligatr:625;feraligatr_shadow:522,melmetal:116;tinkaton:159;altaria:239;cramorant:289;mimikyu:364
cinccino,Cinccino,54.8,134.9,96.1,128,1661,CHARM,AQUA_TAIL,THUNDERBOLT,47.5,33.3,49,39.6,jellicent:613;umbreon:593;corsola_galarian:566;sableye_shadow:558;mimikyu:546,tinkaton:145;melmetal:147;ninetales_shadow:170;cramorant:253;altaria:351
pineco_shadow,Pineco (Shadow),54.8,103.3,115.1,127,1511,BUG_BITE,ROCK_TOMB,SAND_TOMB,50,34.4,42.5,44.1,malamar:807;deoxys_defense:692;morpeko_full_belly:637;umbreon:622;rillaboom:598,cramorant:162;altaria:184;mimikyu:247;melmetal:260;tinkaton:365
arcanine_hisuian,Arcanine (Hisuian),54.7,132.4,99.4,129,1699,SNARL,WILD_CHARGE,ROCK_SLIDE,44.4,30,48.1,22.9,talonflame:872;mantine:689;ninetales:662;ninetales_shadow:639;wigglytuff:573,cramorant:63;melmetal:106;mimikyu:158;tinkaton:280;altaria:409
plusle,Plusle,54.7,128.2,107.2,127,1746,QUICK_ATTACK,THUNDERBOLT,GRASS_KNOT,36,30,64.3,18,empoleon:555;togekiss:551;blastoise:539;cramorant:535;seaking:527,tinkaton:95;mimikyu:130;altaria:134;ninetales_shadow:210;melmetal:441
vivillon,Vivillon,54.5,131.7,86.3,149,1694,GUST,ENERGY_BALL,HURRICANE,50.6,40.3,45,41.7,rillaboom:677;annihilape:671;deoxys_defense:647;araquanid:577;snorlax:510,tinkaton:173;melmetal:208;altaria:242;cramorant:281;mimikyu:341
carracosta_shadow,Carracosta (Shadow),54.4,121.4,126.9,120,1850,WATER_GUN,ANCIENT_POWER,LIQUIDATION,45.5,31.3,51.1,38.1,charizard_shadow:929;typhlosion_shadow:870;mantine:629;talonflame:545;murkrow:508,altaria:184;melmetal:250;tinkaton:280;mimikyu:369;ninetales_shadow:376
geodude,Geodude,54.4,123.5,123.5,113,1724,ROCK_THROW,ROCK_TOMB,ROCK_SLIDE,53.1,32.7,41.7,48.5,talonflame:862;morpeko_full_belly:743;charjabug:721;forretress_shadow:548;altaria:544,tinkaton:187;melmetal:226;mimikyu:397;ninetales_shadow:440;cramorant:480
azelf,Azelf,54.3,152.5,90.3,106,1461,CONFUSION,SWIFT,FUTURE_SIGHT,54.4,39.3,41.4,30.8,annihilape_shadow:820;primeape_shadow:820;annihilape:806;talonflame:599;wigglytuff:542,melmetal:167;tinkaton:283;cramorant:321;mimikyu:327;altaria:416
yanmega,Yanmega,54.3,136.8,96,125,1643,WING_ATTACK,AERIAL_ACE,ANCIENT_POWER,41.8,33.8,50.6,28.1,serperior:900;gastrodon:664;annihilape:640;rillaboom:616;araquanid:540,melmetal:154;cramorant:202;mimikyu:233;tinkaton:234;altaria:384
raticate_shadow,Raticate (Shadow),54,125.9,116,122,1783,QUICK_ATTACK,HYPER_FANG,DIG,35.3,28.9,53.9,20.6,quagsire:643;wigglytuff:602;feraligatr:569;ninetales:569;seaking:512,melmetal:126;mimikyu:130;altaria:177;cramorant:238;tinkaton:421
vanilluxe,Vanilluxe,54,131.5,117.3,110,1699,ASTONISH,AVALANCHE,FLASH_CANNON,41.5,28.6,49,27.9,mimikyu:700;corsola_galarian:668;stunfisk:618;jellicent:522;jumpluff:509,melmetal:174;ninetales_shadow:202;altaria:206;tinkaton:230;cramorant:253
elgyem,Elgyem,53.9,133.6,95.4,132,1685,CONFUSION,DARK_PULSE,PSYCHIC,46.8,34,49.5,36.8,primeape_shadow:856;annihilape_shadow:810;clodsire:553;seaking:526;weezing_galarian_shadow:522,tinkaton:173;melmetal:208;altaria:242;cramorant:337;mimikyu:341
krabby_shadow,Krabby (Shadow),53.9,148,111.2,92,1515,BUBBLE,VICE_GRIP,RAZOR_SHELL,46.3,46,41.4,22.1,talonflame:711;malamar:668;marowak:576;moltres_galarian:559;ninetales_alolan:554,cramorant:170;melmetal:191;mimikyu:327;altaria:344;tinkaton:358
boldore_shadow,Boldore (Shadow),53.8,125.3,109.2,131,1795,MUD_SLAP,ROCK_SLIDE,BULLDOZE,43.8,29.2,43.4,30.2,wigglytuff:583;weezing_galarian_shadow:572;snorlax:553;talonflame:549;guzzlord:515,altaria:90;cramorant:130;melmetal:294;mimikyu:303;tinkaton:372
rowlet,Rowlet,53.8,98.3,95.7,154,1450,LEAFAGE,ENERGY_BALL,SEED_BOMB,46.8,32,47.5,34.7,marowak:879;jellicent:558;stunfisk:516;florges:516;vigoroth:503,altaria:155;tinkaton:230;melmetal:253;mimikyu:266;cramorant:297
boltund,Boltund,53.7,136.9,95.3,126,1645,BITE,CRUNCH,THUNDER,37.3,30.3,62,18.5,mantine:638;dusclops:638;melmetal:543;togekiss:519;cramorant:515,tinkaton:95;quagsire_shadow:127;ninetales_shadow:170;altaria:184;mimikyu:242
indeedee_female,Indeedee (Female),53.7,121.7,128.2,118,1842,EXTRASENSORY,ENERGY_BALL,PSYCHIC,41.9,28.1,55,27.4,jellicent:648;annihilape:584;feraligatr:572;seaking:572;corsola_galarian:516,tinkaton:117;melmetal:140;cramorant:226;mimikyu:327;altaria:413
rotom_frost,Rotom (Frost),53.6,128.8,144.9,93,1737,THUNDER_SHOCK,THUNDERBOLT,BLIZZARD,33.4,21.2,59.7,21.6,jumpluff:618;electrode_hisuian:553;cramorant:548;stunfisk:537;araquanid:510,melmetal:126;ninetales_shadow:130;altaria:134;mimikyu:191;tinkaton:372
clauncher,Clauncher,53.5,103.3,110.9,127,1456,WATER_GUN,AQUA_JET,CRABHAMMER,42.7,34.6,52.3,31.5,diggersby:594;quagsire:547;quagsire_shadow:519;marowak:519;ninetales:503,altaria:94;mimikyu:247;melmetal:260;cramorant:333;tinkaton:418
popplio,Popplio,53.5,113.4,99.1,127,1429,WATER_GUN,AQUA_TAIL,AQUA_JET,42.7,34.4,48.6,31.8,camerupt_shadow:874;talonflame:807;diggersby:614;marowak:531;sandslash_alolan_shadow:507,altaria:184;melmetal:188;mimikyu:233;tinkaton:304;cramorant:305
tranquill_shadow,Tranquill (Shadow),53.4,123.9,102.2,143,1812,AIR_SLASH,HEAT_WAVE,AERIAL_ACE,43.5,27,53.4,36.5,primeape_shadow:772;gastrodon:639;jellicent:622;araquanid:555;jumpluff:506,tinkaton:145;melmetal:147;altaria:206;cramorant:253;mimikyu:341
reuniclus_shadow,Reuniclus (Shadow),53.3,126.9,94.9,147,1771,CHARM,PSYSHOCK,SHADOW_BALL,45.1,30.7,46.8,35.2,pangoro:877;primeape_shadow:853;guzzlord:809;annihilape_shadow:782;morpeko_full_belly:704,tinkaton:173;melmetal:222;cramorant:281;mimikyu:341;altaria:380
tatsugiri_curly,Tatsugiri (Curly),53,137.4,108.1,109,1619,WATER_GUN,SURF,OUTRAGE,44.6,29.2,51.8,37.8,typhlosion_shadow:871;ninetales_shadow:577;diggersby:545;ninetales:518;corviknight:513,altaria:184;tinkaton:280;melmetal:345;mimikyu:369;cramorant:408
tatsugiri_droopy,Tatsugiri (Droopy),53,137.4,108.1,109,1619,WATER_GUN,SURF,OUTRAGE,44.6,29.2,51.8,37.8,typhlosion_shadow:871;ninetales_shadow:577;diggersby:545;ninetales:518;corviknight:513,altaria:184;tinkaton:280;melmetal:345;mimikyu:369;cramorant:408
tatsugiri_stretchy,Tatsugiri (Stretchy),53,137.4,108.1,109,1619,WATER_GUN,SURF,OUTRAGE,44.6,29.2,51.8,37.8,typhlosion_shadow:871;ninetales_shadow:577;diggersby:545;ninetales:518;corviknight:513,altaria:184;tinkaton:280;melmetal:345;mimikyu:369;cramorant:408
corphish,Corphish,52.9,131,95.7,117,1469,BUBBLE,AQUA_JET,VICE_GRIP,38.7,26.3,48.8,20.6,typhlosion_hisuian:854;aron:841;lairon:841;talonflame:773;diggersby:547,cramorant:142;melmetal:167;mimikyu:233;altaria:264;tinkaton:354
oricorio_sensu,Oricorio (Sensu),52.9,130.8,102,128,1710,AIR_SLASH,AIR_CUTTER,HURRICANE,42.3,28.4,48.3,38.1,rillaboom:746;vigoroth:667;araquanid:667;annihilape:562;jumpluff:523,tinkaton:145;melmetal:167;altaria:206;cramorant:226;mimikyu:266
nosepass,Nosepass,52.8,81.5,193.2,98,1544,ROCK_THROW,ROCK_SLIDE,ROCK_BLAST,45.5,27,52.7,42.2,talonflame:852;fearow:596;charjabug:586;dewgong:571;mantine:551,tinkaton:141;melmetal:181;mimikyu:355;cramorant:448;altaria:474
sunflora,Sunflora,52.8,128.7,102.1,132,1736,BULLET_SEED,LEAF_STORM,SLUDGE_BOMB,41.6,20.9,56,23.4,azumarill:859;stunfisk:776;morpeko_full_belly:704;electrode_hisuian:613;quagsire_shadow:575,cramorant:142;mimikyu:158;melmetal:171;tinkaton:195;altaria:224
beheeyem,Beheeyem,52.7,134.4,105.7,117,1663,CONFUSION,ROCK_SLIDE,DARK_PULSE,45.4,32.6,48.1,37,primeape_shadow:867;annihilape_shadow:786;medicham:692;clodsire:576;mantine:504,tinkaton:173;melmetal:208;altaria:264;cramorant:337;mimikyu:341
bulbasaur,Bulbasaur,52.6,111.7,105.8,120,1420,VINE_WHIP,POWER_WHIP,SEED_BOMB,45.2,32.6,47.5,30,quagsire_shadow:741;stunfisk:700;jellicent:666;florges:612;morpeko_full_belly:595,altaria:173;tinkaton:219;mimikyu:233;melmetal:287;cramorant:321
mothim,Mothim,52.6,140,82.9,138,1603,BUG_BITE,AERIAL_ACE,BUG_BUZZ,49.6,31.6,42.2,42.2,deoxys_defense:909;morpeko_full_belly:753;electrode_hisuian:735;rillaboom:735;araquanid:532,altaria:184;tinkaton:187;melmetal:188;mimikyu:247;cramorant:250
whirlipede_shadow,Whirlipede (Shadow),52.4,96.6,157.9,113,1725,POISON_STING,SLUDGE_BOMB,GYRO_BALL,39.9,26.9,51.4,26.6,electrode_hisuian:836;florges:716;azumarill:566;araquanid:544;rillaboom:530,cramorant:134;mimikyu:177;melmetal:208;tinkaton:241;altaria:318
drizzile,Drizzile,51.8,137.8,92.1,128,1626,WATER_GUN,SURF,WATER_PULSE,42.4,30,50.1,36.5,typhlosion_shadow:796;diggersby:578;corviknight:554;sandslash_alolan:550;quagsire:523,cramorant:182;altaria:184;melmetal:250;tinkaton:280;mimikyu:369
nosepass_shadow,Nosepass (Shadow),51.6,81.5,193.2,98,1544,ROCK_THROW,ROCK_SLIDE,ROCK_BLAST,44.3,27,51.1,46.2,talonflame:872;cramorant:571;fearow:520;ninetales_shadow:510;mantine:505,tinkaton:141;quagsire_shadow:173;melmetal:181;mimikyu:331;altaria:384
krabby,Krabby,51.4,148,111.2,92,1515,BUBBLE,VICE_GRIP,RAZOR_SHELL,43.7,44.7,43.5,21.9,magcargo:885;regirock_shadow:880;combusken:831;talonflame:755;marowak_shadow:576,melmetal:188;cramorant:226;altaria:282;mimikyu:285;tinkaton:308
chespin_shadow,Chespin (Shadow),51,105,101.6,136,1452,VINE_WHIP,SEED_BOMB,BODY_SLAM,40.7,35.6,44.5,27.6,feraligatr:775;marowak:687;morpeko_full_belly:683;stunfisk:580;quagsire_shadow:507,cramorant:202;tinkaton:216;altaria:221;melmetal:239;mimikyu:242
komala,Komala,51,136.8,110.2,109,1645,ROLLOUT,BULLDOZE,PAYBACK,35.9,22.6,51.9,26.3,corsola_galarian:830;jellicent:623;talonflame:582;feraligatr:550;sableye_shadow:509,melmetal:85;altaria:228;cramorant:305;mimikyu:350;tinkaton:379
octillery,Octillery,50.9,131.5,100.7,128,1697,LOCK_ON,OCTAZOOKA,GUNK_SHOT,37.7,28.3,52.9,19.3,ninetales_alolan:675;wigglytuff:652;azumarill:535;feraligatr:535;marowak:527,altaria:94;mimikyu:130;melmetal:253;tinkaton:397;cramorant:488
rhydon_shadow,Rhydon (Shadow),50.8,126.2,103.3,136,1776,MUD_SLAP,STONE_EDGE,EARTHQUAKE,51.6,28.1,36.6,40.9,morpeko_full_belly:764;empoleon:628;charjabug:591;weezing_galarian_shadow:580;umbreon:569,altaria:119;cramorant:123;melmetal:342;mimikyu:425;tinkaton:482
golem_shadow,Golem (Shadow),50.7,125.1,122.2,117,1791,MUD_SLAP,STONE_EDGE,EARTHQUAKE,51.3,27.8,37,41.2,morpeko_full_belly:756;empoleon:653;charjabug:598;weezing_galarian_shadow:589;umbreon:585,altaria:119;cramorant:123;melmetal:342;mimikyu:425;tinkaton:482
seadra,Seadra,50.5,131.3,117.5,110,1699,DRAGON_BREATH,HYDRO_PUMP,DRAGON_PULSE,35.1,24.4,56.7,25.8,suicune_shadow:704;diggersby:618;feraligatr:509;quagsire:509;cramorant:504,tinkaton:95;mimikyu:126;melmetal:140;ninetales_shadow:230;altaria:275
stantler,Stantler,50.5,132.1,99.4,129,1695,TACKLE,WILD_CHARGE,STOMP,40.5,28.7,52.3,30,azumarill:786;feraligatr:593;corviknight:581;seaking:507;blastoise:503,melmetal:126;mimikyu:135;tinkaton:191;cramorant:273;altaria:275
golem,Golem,50.1,125.1,122.2,117,1791,MUD_SLAP,STONE_EDGE,EARTHQUAKE,47.7,26.1,44.2,39.6,typhlosion_shadow:829;morpeko_full_belly:790;charjabug:641;weezing_galarian_shadow:628;forretress_shadow:594,cramorant:99;mimikyu:303;tinkaton:418;melmetal:469;altaria:496
piplup,Piplup,49.9,106.7,98.3,131,1374,BUBBLE,DRILL_PECK,ICY_WIND,39.3,28.7,41.7,22.1,camerupt_shadow:812;camerupt:793;cinderace:763;monferno:709;charizard_shadow:606,melmetal:147;mimikyu:196;tinkaton:248;cramorant:273;altaria:380
phanpy_shadow,Phanpy (Shadow),49.6,102.5,94.9,186,1811,TACKLE,BULLDOZE,ROCK_SLIDE,37.1,24.9,52.9,27.6,bellibolt:825;forretress_shadow:674;charjabug:666;clodsire:556;stunfisk:545,mimikyu:126;melmetal:174;tinkaton:187;altaria:199;cramorant:202
chespin,Chespin,49.4,105,101.6,136,1452,VINE_WHIP,SEED_BOMB,BODY_SLAM,42.4,33.2,43.2,30.8,quagsire_shadow:922;stunfisk:768;marowak:580;azumarill:518;jellicent:503,tinkaton:159;mimikyu:186;altaria:199;melmetal:219;cramorant:313
gorebyss,Gorebyss,49.4,136.2,121,100,1649,CONFUSION,WATER_PULSE,DRAINING_KISS,41.8,27.8,50.1,30.5,diggersby:645;weezing_galarian_shadow:625;feraligatr:535;clodsire:510;seaking:510,tinkaton:152;melmetal:188;cramorant:242;altaria:257;mimikyu:285
maractus,Maractus,49.4,135.5,95.2,128,1652,BULLET_SEED,AERIAL_ACE,PETAL_BLIZZARD,35.6,28.9,49.6,19.3,azumarill:855;stunfisk:710;blastoise:613;marowak:554;quagsire_shadow:519,melmetal:113;cramorant:142;mimikyu:163;tinkaton:173;altaria:188
rhydon,Rhydon,49.1,126.2,103.3,136,1776,MUD_SLAP,STONE_EDGE,EARTHQUAKE,46.5,24.9,44,39.9,morpeko_full_belly:779;charjabug:658;weezing_galarian_shadow:613;forretress_shadow:584;seaking:503,altaria:90;cramorant:99;mimikyu:303;tinkaton:418;melmetal:469
crabrawler,Crabrawler,48.9,135.7,98.8,123,1650,BUBBLE,CRABHAMMER,POWER_UP_PUNCH,43.3,26.7,40.9,23.7,clodsire:849;stunfisk:601;quagsire_shadow:581;melmetal:544;marowak:516,altaria:123;tinkaton:230;mimikyu:238;ninetales_shadow:242;cramorant:265
oricorio_pau,Oricorio (Pa'u),48.9,130.8,102,128,1710,AIR_SLASH,AIR_CUTTER,HURRICANE,38.8,27.5,45.7,30.8,togekiss:554;rillaboom:542;jumpluff:523;araquanid:511;annihilape:511,tinkaton:145;melmetal:167;altaria:206;cramorant:226;mimikyu:266
roselia,Roselia,48.9,138.5,105.9,110,1615,POISON_JAB,SLUDGE_BOMB,DAZZLING_GLEAM,40.9,27.5,41.2,33.6,electrode_hisuian:859;azumarill:813;florges:718;wigglytuff:709;rillaboom:590,melmetal:136;tinkaton:187;altaria:221;cramorant:305;mimikyu:369
accelgor,Accelgor,48.8,143.2,84.9,129,1569,INFESTATION,BUG_BUZZ,ACID_SPRAY,40.7,24.1,41.6,28.4,malamar:717;dewgong:682;deoxys_defense:670;stunfisk:593;umbreon:581,tinkaton:117;altaria:148;cramorant:170;mimikyu:177;melmetal:243
braviary_hisuian,Braviary (Hisuian),48.8,128.5,89.6,151,1741,AIR_SLASH,BRAVE_BIRD,FLY,37.7,23.3,50.9,31.5,jumpluff:549;togekiss:539;deoxys_defense:533;marowak:529;araquanid:503,tinkaton:145;melmetal:167;altaria:199;cramorant:226;mimikyu:266
stantler_shadow,Stantler (Shadow),48.8,133.5,98.4,128,1684,TACKLE,WILD_CHARGE,STOMP,42.3,31.8,41.7,26.8,azumarill:714;jellicent:589;sableye:542;umbreon:531;wigglytuff:503,tinkaton:187;melmetal:188;mimikyu:261;altaria:275;cramorant:333
roggenrola_shadow,Roggenrola (Shadow),48.6,114.2,105,135,1621,SMACK_DOWN,STONE_EDGE,ROCK_BLAST,45.4,27.5,37.1,38.9,charizard_shadow:922;murkrow:848;talonflame:844;typhlosion_shadow:796;mandibuzz:585,melmetal:123;tinkaton:173;mimikyu:341;altaria:380;cramorant:384
glaceon,Glaceon,48.4,135.7,122.3,99,1645,ICE_SHARD,AVALANCHE,WATER_PULSE,37.4,25,42.9,26.1,toedscruel:712;mandibuzz:636;diggersby:616;wigglytuff:585;stunfisk:580,melmetal:106;tinkaton:145;cramorant:226;mimikyu:266;altaria:496
kadabra_shadow,Kadabra (Shadow),48.3,163.8,90.9,92,1370,CONFUSION,SHADOW_BALL,DAZZLING_GLEAM,52.8,31.2,23,34.7,primeape_shadow:831;annihilape:793;weezing_galarian_shadow:766;annihilape_shadow:744;clodsire:711,melmetal:208;tinkaton:237;altaria:311;mimikyu:336;cramorant:420
varoom,Varoom,48.3,115.9,102.5,120,1427,METAL_SOUND,GYRO_BALL,GUNK_SHOT,38.5,23.2,49.6,29.2,cradily:779;jumpluff:720;florges:704;azumarill:604;togekiss:529,melmetal:136;cramorant:309;altaria:318;mimikyu:369;tinkaton:372
sigilyph,Sigilyph,48.2,130,112.1,118,1721,AIR_SLASH,AIR_CUTTER,ANCIENT_POWER,37.7,26.6,42.9,30,gastrodon:610;togekiss:529;araquanid:525;jumpluff:525;rillaboom:516,tinkaton:145;melmetal:167;altaria:206;cramorant:226;mimikyu:266
frogadier,Frogadier,48.1,134.4,100.8,123,1668,BUBBLE,SURF,AERIAL_ACE,34.5,24.9,48.5,24.2,growlithe_hisuian:898;camerupt_shadow:804;diggersby:605;clodsire:585;sandslash_alolan:552,altaria:119;cramorant:142;tinkaton:173;melmetal:195;mimikyu:228
rampardos,Rampardos,47.9,162.2,67.2,126,1376,SMACK_DOWN,ROCK_SLIDE,FLAMETHROWER,53.3,29.8,22.5,34.2,fearow:805;talonflame:785;cramorant:757;togekiss:757;moltres_galarian:515,melmetal:154;tinkaton:202;mimikyu:425;altaria:438;ninetales_shadow:480
roggenrola,Roggenrola,47.9,114.2,105,135,1621,SMACK_DOWN,STONE_EDGE,ROCK_BLAST,41,24.9,46.8,40.9,charizard_shadow:929;talonflame:862;mandibuzz:629;charjabug:522;cramorant:518,melmetal:126;tinkaton:145;mimikyu:266;altaria:322;ninetales_shadow:337
clawitzer,Clawitzer,47.8,134.4,110.5,112,1664,WATER_GUN,CRABHAMMER,ICE_BEAM,40.5,27.8,49.6,36.8,magcargo:906;camerupt:892;camerupt_shadow:866;typhlosion_shadow:794;charizard_shadow:571,cramorant:182;altaria:184;melmetal:219;tinkaton:280;mimikyu:369
unfezant_shadow,Unfezant (Shadow),47.8,138.5,95.5,122,1616,AIR_SLASH,HEAT_WAVE,SKY_ATTACK,44,28.1,33.2,30.8,primeape_shadow:700;annihilape_shadow:627;corviknight:618;gastrodon:561;jellicent:549,melmetal:123;tinkaton:173;altaria:235;cramorant:281;mimikyu:383
naganadel,Naganadel,47.6,149.7,95.5,105,1503,POISON_JAB,DRAGON_CLAW,SLUDGE_BOMB,42.4,26.6,35.1,33.9,electrode_hisuian:852;azumarill:804;togekiss:661;rillaboom:585;wigglytuff:538,melmetal:181;tinkaton:187;altaria:221;cramorant:333;mimikyu:369
shaymin_sky,Shaymin (Sky),47.5,139.3,94.1,123,1614,MAGICAL_LEAF,ENERGY_BALL,GRASS_KNOT,39.8,25.6,39.8,29.7,azumarill:849;marowak:845;quagsire_shadow:804;stunfisk:593;blastoise:593,altaria:90;tinkaton:145;melmetal:195;cramorant:253;mimikyu:303
porygon_shadow,Porygon (Shadow),47.3,120,115.4,135,1870,TACKLE,DISCHARGE,ZAP_CANNON,41.6,30.9,41.7,34.2,shiinotic_shadow:829;feraligatr:600;seaking:540;blastoise:533;dewgong:518,mimikyu:158;melmetal:188;tinkaton:195;cramorant:265;altaria:282
stakataka,Stakataka,46.8,119.5,169,93,1880,TAKE_DOWN,STONE_EDGE,BULLDOZE,44.4,26.4,42.4,38.9,cradily:655;wigglytuff:645;altaria:596;jumpluff:510;guzzlord:505,mimikyu:116;melmetal:143;tinkaton:145;ninetales_shadow:333;cramorant:373
cherrim_overcast,Cherrim (Overcast),46.6,121.8,116.2,130,1843,BULLET_SEED,DAZZLING_GLEAM,SOLAR_BEAM,31.7,18,52.3,20.6,stunfisk:696;quagsire_shadow:607;marowak:588;azumarill:550;deoxys_defense:526,altaria:61;melmetal:85;tinkaton:88;cramorant:115;mimikyu:177
unfezant,Unfezant,46.6,138.5,95.5,122,1616,AIR_SLASH,HEAT_WAVE,SKY_ATTACK,38.4,24.1,44.7,29.7,toedscruel:721;gastrodon:622;serperior:590;araquanid:528;sableye_shadow:508,melmetal:126;tinkaton:145;altaria:206;cramorant:253;mimikyu:299
piplup_shadow,Piplup (Shadow),46.4,106.7,98.3,131,1374,BUBBLE,DRILL_PECK,ICY_WIND,33.4,24.7,35.3,18.7,camerupt:812;camerupt_shadow:770;hippopotas_shadow:721;sandshrew:721;moltres_shadow:698,cramorant:142;melmetal:167;mimikyu:233;altaria:260;tinkaton:287
wugtrio,Wugtrio,46.4,151,108.6,90,1477,MUD_SLAP,LIQUIDATION,SURF,39.8,27.3,32,27.6,growlithe_hisuian:894;magcargo:883;heatran_shadow:822;typhlosion_shadow:744;ninetales_alolan:533,altaria:90;cramorant:115;mimikyu:303;melmetal:352;tinkaton:372
seadra_shadow,Seadra (Shadow),46.1,131.3,117.5,110,1699,DRAGON_BREATH,HYDRO_PUMP,DRAGON_PULSE,35.6,25,45.3,25,suicune:704;dewgong:572;umbreon:550;blastoise:545;mandibuzz:545,tinkaton:95;mimikyu:126;melmetal:133;cramorant:265;altaria:365
deoxys_speed,Deoxys (Speed),46,140.7,131.5,86,1593,CHARGE_BEAM,PSYCHO_BOOST,SWIFT,35.7,31.2,47.8,14.6,chesnaught:819;zebstrika:819;talonflame:645;mantine:546;togekiss:523,mimikyu:140;tinkaton:198;melmetal:273;cramorant:337;altaria:344
frogadier_shadow,Frogadier (Shadow),45.9,134.4,100.8,123,1668,BUBBLE,SURF,AERIAL_ACE,36.5,27,36,23.7,typhlosion_shadow:764;ninetales_alolan:621;diggersby:556;wigglytuff:520;corviknight:508,altaria:148;cramorant:170;melmetal:208;tinkaton:230;mimikyu:303
cranidos_shadow,Cranidos (Shadow),45.6,163.9,62.9,133,1372,TAKE_DOWN,ROCK_TOMB,ANCIENT_POWER,49.6,30.7,22.5,31,charizard_shadow:815;murkrow:755;typhlosion_shadow:657;gyarados_shadow:612;talonflame:593,melmetal:191;mimikyu:191;tinkaton:230;altaria:351;cramorant:420
dottler,Dottler,45.2,85.7,144.5,127,1573,CONFUSION,BUG_BUZZ,PSYCHIC,37,23.8,48,30.8,primeape_shadow:649;annihilape_shadow:594;toedscruel:594;electrode_hisuian:555;rillaboom:515,melmetal:147;cramorant:182;altaria:206;tinkaton:226;mimikyu:228
ferroseed,Ferroseed,45.2,81.5,142.8,119,1386,METAL_CLAW,IRON_HEAD,RETURN,36.8,26.3,46.5,27.4,clefable:735;florges:651;cradily:592;wigglytuff:588;weezing_galarian_shadow:584,melmetal:106;altaria:144;cramorant:250;mimikyu:336;tinkaton:343
flabebe,Flabebe,45.2,103.3,113.4,119,1395,VINE_WHIP,DAZZLING_GLEAM,PSYCHIC,30.3,19.8,51.3,18.5,kingdra:617;thievul:613;annihilape:567;guzzlord:529;malamar:516,melmetal:58;tinkaton:95;mimikyu:186;cramorant:285;altaria:351
bulbasaur_shadow,Bulbasaur (Shadow),45.1,111.7,105.8,120,1420,VINE_WHIP,POWER_WHIP,SLUDGE_BOMB,36,22.3,42.7,19.8,electrode_hisuian:833;azumarill:829;quagsire_shadow:675;stunfisk:600;florges:595,melmetal:181;cramorant:202;mimikyu:247;tinkaton:290;altaria:300
hoopa,Hoopa,45,144.8,106.3,99,1524,CONFUSION,SHADOW_BALL,PSYCHIC,43.3,25.6,38.4,34.4,primeape_shadow:924;mienshao:919;annihilape:904;annihilape_shadow:904;deoxys_defense:636,mimikyu:182;tinkaton:195;melmetal:229;altaria:264;cramorant:301
tornadus_incarnate,Tornadus (Incarnate),45,148.1,95.5,107,1514,BITE,DARK_PULSE,HURRICANE,28.9,20.6,44.7,15.6,deoxys_defense:841;toedscruel:700;gastrodon:607;giratina_altered_shadow:565;diggersby:546,tinkaton:95;melmetal:113;cramorant:166;altaria:184;mimikyu:242
tornadus_incarnate_shadow,Tornadus (Incarnate) (Shadow),44.4,148.1,95.5,107,1514,BITE,DARK_PULSE,HURRICANE,30.7,23.8,36,15.1,deoxys_defense:789;toedscruel:635;corsola_galarian:602;talonflame:546;gastrodon:523,cramorant:166;melmetal:167;altaria:184;mimikyu:252;tinkaton:326
turtwig,Turtwig,44.4,112.6,105,135,1597,TACKLE,ENERGY_BALL,BODY_SLAM,34.8,25.3,43.4,22.7,quagsire:637;blastoise:633;stunfisk:618;marowak:607;quagsire_shadow:585,tinkaton:95;mimikyu:126;melmetal:174;cramorant:178;altaria:199
reuniclus,Reuniclus,43.8,126.9,94.9,147,1771,HIDDEN_POWER_FIGHTING,PSYSHOCK,SHADOW_BALL,30,19.8,47.8,23.2,obstagoon_shadow:809;sandslash_alolan_shadow:758;hitmontop:700;sandslash_alolan:554;lapras:506,mimikyu:79;cramorant:115;altaria:134;tinkaton:173;melmetal:332
munna,Munna,43.3,105.8,89.9,166,1580,CHARGE_BEAM,PSYSHOCK,DAZZLING_GLEAM,32.9,23.8,42.2,17.2,scrafty:801;hitmontop_shadow:743;swanna:725;machop:614;guzzlord:518,mimikyu:121;tinkaton:180;melmetal:232;cramorant:289;altaria:362
porygon_z_shadow,Porygon-Z (Shadow),42.9,147.6,88.1,117,1522,LOCK_ON,TRI_ATTACK,ZAP_CANNON,32.8,18.9,31,9.9,feraligatr_shadow:824;azumarill:722;tinkaton:717;dusclops:658;fearow:611,melmetal:58;altaria:94;mimikyu:130;ninetales_shadow:130;cramorant:162
kadabra,Kadabra,42.7,163.8,90.9,92,1370,CONFUSION,SHADOW_BALL,DAZZLING_GLEAM,46.3,28.4,22,28.7,toxicroak_shadow:869;primeape_shadow:858;weezing_galarian_shadow:804;annihilape_shadow:793;annihilape:777,melmetal:181;tinkaton:216;altaria:307;cramorant:341;mimikyu:350
turtwig_shadow,Turtwig (Shadow),42.5,112.6,105,135,1597,TACKLE,ENERGY_BALL,BODY_SLAM,31.8,25.3,39.9,22.4,stunfisk:722;blastoise:603;electrode_hisuian:596;quagsire:585;marowak:533,mimikyu:126;melmetal:174;altaria:184;tinkaton:187;cramorant:242
porygon_z,Porygon-Z,42.2,147.6,88.1,117,1522,LOCK_ON,TRI_ATTACK,ZAP_CANNON,28.7,18.3,37.3,10.1,azumarill:756;jellicent:589;mandibuzz:542;sableye:517;dunsparce:517,melmetal:65;cramorant:83;altaria:94;tinkaton:95;mimikyu:130
lilligant,Lilligant,41.8,136.5,105.8,114,1649,CHARM,PETAL_BLIZZARD,HYPER_BEAM,43,26,24.8,36,pangoro:864;guzzlord:785;primeape_shadow:750;morpeko_full_belly:701;annihilape_shadow:688,tinkaton:163;melmetal:191;cramorant:250;mimikyu:341;altaria:347
indeedee_male,Indeedee (Male),41.7,134.9,114.6,107,1656,EXTRASENSORY,SHADOW_BALL,PSYCHIC,27,18.1,47,21.1,sneasler_shadow:901;dusclops:663;corsola_galarian:602;jellicent:570;medicham:556,tinkaton:117;melmetal:167;altaria:177;cramorant:198;mimikyu:257
butterfree_shadow,Butterfree (Shadow),39.8,126.6,112.5,124,1769,CONFUSION,BUG_BUZZ,SIGNAL_BEAM,38.4,24.6,35.5,31.3,primeape_shadow:911;annihilape_shadow:887;toedscruel:794;gastrodon:669;serperior:576,tinkaton:173;melmetal:174;altaria:242;cramorant:281;mimikyu:341
ferroseed_shadow,Ferroseed (Shadow),39.8,81.5,142.8,119,1386,METAL_CLAW,IRON_HEAD,GYRO_BALL,31.2,22.1,40.9,24.2,carbink:806;clefable:697;florges:689;wigglytuff:584;serperior:508,melmetal:126;altaria:144;cramorant:246;mimikyu:308;tinkaton:372
cranidos,Cranidos,39.7,163.9,62.9,133,1372,TAKE_DOWN,ROCK_TOMB,ANCIENT_POWER,42.3,27.3,21.8,24.8,honchkrow:740;moltres:740;typhlosion_shadow:714;charizard_shadow:605;mandibuzz:511,melmetal:157;mimikyu:191;tinkaton:202;altaria:293;cramorant:365
butterfree,Butterfree,39.6,126.6,112.5,124,1769,CONFUSION,BUG_BUZZ,SIGNAL_BEAM,34.5,22.1,40.4,29.2,toedscruel:806;gastrodon:701;annihilape:657;serperior:625;weezing_galarian_shadow:620,tinkaton:131;melmetal:167;altaria:199;cramorant:222;mimikyu:285
skiddo,Skiddo,38.7,115.9,98.3,151,1722,ROCK_SMASH,BRICK_BREAK,SEED_BOMB,33.4,20.1,35.3,28.1,ferrothorn:728;bastiodon:678;gastrodon:579;quagsire:536;morpeko_full_belly:533,mimikyu:79;altaria:166;tinkaton:251;cramorant:277;melmetal:311
meltan,Meltan,38.6,111.7,95.7,121,1295,THUNDER_SHOCK,THUNDERBOLT,FLASH_CANNON,27.6,16.9,41.7,15.9,mantine:714;ninetales_alolan:636;abomasnow:632;wigglytuff:561;cramorant:512,melmetal:95;ninetales_shadow:99;mimikyu:186;altaria:257;tinkaton:308
duosion_shadow,Duosion (Shadow),38,149.2,81.9,123,1504,HIDDEN_POWER_PSYCHIC,PSYSHOCK,NIGHT_SHADE,36.2,22.6,23,23.2,toxicroak:853;primeape_shadow:849;machamp_shadow:849;annihilape:739;annihilape_shadow:699,melmetal:140;tinkaton:173;mimikyu:252;altaria:264;cramorant:309
solosis_shadow,Solosis (Shadow),37.9,152,81.8,118,1468,HIDDEN_POWER_PSYCHIC,PSYSHOCK,NIGHT_SHADE,36.5,22.9,22.5,23.4,toxicroak:847;primeape_shadow:843;machop:822;annihilape_shadow:754;annihilape:728,melmetal:140;tinkaton:173;altaria:264;mimikyu:280;cramorant:309
duosion,Duosion,35.4,149.2,81.9,123,1504,HIDDEN_POWER_PSYCHIC,PSYSHOCK,NIGHT_SHADE,29.5,20.1,28.4,21.1,toxicroak_shadow:853;toxicroak:849;primeape_shadow:825;zapdos_galarian:792;annihilape_shadow:739,tinkaton:145;melmetal:171;altaria:206;mimikyu:228;cramorant:253
solosis,Solosis,34.8,152,81.8,118,1468,HIDDEN_POWER_PSYCHIC,PSYSHOCK,NIGHT_SHADE,29.8,20.3,27.1,20.6,toxicroak_shadow:847;machop_shadow:822;primeape_shadow:817;zapdos_galarian:783;annihilape_shadow:728,tinkaton:145;melmetal:147;mimikyu:228;altaria:235;cramorant:253
clobbopus,Clobbopus,33.4,114.2,99.1,127,1439,ROCK_SMASH,SUPER_POWER,ICE_PUNCH,27.6,17,33.2,24.5,raticate_alolan_shadow:814;kartana:795;sandshrew_alolan_shadow:775;umbreon:724;sandslash_alolan:543,mimikyu:79;altaria:119;tinkaton:173;cramorant:277;melmetal:359
regigigas_shadow,Regigigas (Shadow),33.3,140.2,102,110,1574,HIDDEN_POWER_ICE,CRUSH_GRIP,THUNDER,35.1,20.7,17.7,23.2,landorus_incarnate_shadow:881;gabite_shadow:859;rayquaza:763;toedscruel:645;murkrow:631,melmetal:102;tinkaton:145;cramorant:253;mimikyu:299;altaria:496
regigigas,Regigigas,30,139.8,104.3,110,1605,HIDDEN_POWER_ELECTRIC,CRUSH_GRIP,THUNDER,29,17.5,23.6,23.7,pelipper:790;gyarados_shadow:763;cramorant:722;barraskewda:722;corsola_galarian:518,melmetal:164;tinkaton:173;altaria:177;ninetales_shadow:190;mimikyu:257
spoink,Spoink,29.3,117.6,115.1,141,1910,ZEN_HEADBUTT,MIRROR_COAT,SHADOW_BALL,25.6,18.4,27.9,25.3,toxicroak:854;toxicroak_shadow:854;sneasler_shadow:783;mienshao:773;mienfoo:698,melmetal:140;tinkaton:145;altaria:184;mimikyu:228;cramorant:281
spoink_shadow,Spoink (Shadow),29.3,117.6,115.1,141,1910,ZEN_HEADBUTT,MIRROR_COAT,SHADOW_BALL,27.8,19.5,23.1,26.6,toxicroak_shadow:868;toxicroak:854;zapdos_galarian:801;emboar_shadow:783;sneasler:783,tinkaton:131;melmetal:167;altaria:177;cramorant:222;mimikyu:266
clefairy,Clefairy,24,102.5,103.3,157,1664,ZEN_HEADBUTT,MOONBLAST,DISARMING_VOICE,18.1,13.8,25.1,18.7,sneasler_shadow:773;sneasler:684;kommo_o:560;dipplin:525;hydrapple:506,tinkaton:88;melmetal:113;mimikyu:172;cramorant:182;altaria:192
unown,Unown,23.3,126.8,89,125,1413,HIDDEN_POWER_PSYCHIC,STRUGGLE,none,24.7,17.6,12.3,19.3,toxicroak_shadow:852;toxicroak:836;emboar_shadow:756;sawk_shadow:756;sneasler_shadow:736,tinkaton:127;melmetal:164;altaria:173;cramorant:222;mimikyu:261
slaking,Slaking,10.8,138.8,83.1,140,1616,YAWN,BODY_SLAM,EARTHQUAKE,5.9,6.7,13.4,5.2,bastiodon_shadow:567;gholdengo:517,melmetal:20;tinkaton:24;altaria:25;cramorant:27;mimikyu:37
slaking_shadow,Slaking (Shadow),7.7,138.8,83.1,140,1616,YAWN,BODY_SLAM,EARTHQUAKE,4.9,5.5,7.8,4.9,bastiodon:567,melmetal:20;cramorant:23;tinkaton:24;altaria:25;mimikyu:37