speciesId,speciesName,score,attack,defense,hp,statProduct,fastMove,chargedMove1,chargedMove2,leadScore,switchScore,closerScore,attackerScore,topMatchups,topCounters
melmetal,Melmetal,94.1,120.9,105.1,146,1858,THUNDER_SHOCK,DOUBLE_IRON_BASH,DYNAMIC_PUNCH,87.4,89.5,85.6,89,mimikyu:729;corviknight:606;cramorant:599;tinkaton:585;sableye_mega:571,ninetales_shadow:99;malamar_mega:350;quagsire_shadow:350;sableye_shadow:356;altaria:452
sableye_mega,Sableye (Mega),94,111.5,164.7,109,2002,SHADOW_CLAW,FOUL_PLAY,DAZZLING_GLEAM,87.7,86.4,83.8,84.3,malamar_mega:720;corviknight:642;corsola_galarian:596;vigoroth:582;sableye_shadow:536,tinkaton:265;altaria:315;mimikyu:401;melmetal:428;ninetales_shadow:444
altaria,Altaria,93,103.4,151.9,138,2168,DRAGON_BREATH,MOONBLAST,FLAMETHROWER,84.1,64.9,81.8,75.6,ninetales_shadow:692;sableye_mega:684;malamar_mega:677;sableye_shadow:605;melmetal:547,mimikyu:135;thievul:192;tinkaton:368;corsola_galarian:399;cramorant:472
ninetales_shadow,Ninetales (Shadow),93,114.3,135.5,126,1954,EMBER,WEATHER_BALL_FIRE,ENERGY_BALL,81.8,87.3,81.4,72.9,melmetal:900;corviknight:626;tinkaton:559;sableye_mega:555;quagsire_shadow:511,mimikyu:233;cramorant:246;altaria:307;sableye_shadow:364;malamar_mega:375
tinkaton,Tinkaton,92.3,106.2,140.9,141,2110,FAIRY_WIND,GIGATON_HAMMER,BULLDOZE,87,76.1,89.6,100,thievul:751;malamar_mega:744;sableye_mega:734;sableye_shadow:666;altaria:631,corviknight:290;mimikyu:308;cramorant:380;melmetal:414;ninetales_shadow:440
mimikyu,Mimikyu (Busted),92,120.8,142.2,107,1840,SHADOW_CLAW,SHADOW_SNEAK,PLAY_ROUGH,100,100,100,85.3,altaria:864;ninetales_shadow:766;tinkaton:691;cramorant:654;sableye_mega:598,melmetal:270;vigoroth:393;morpeko_full_belly:419;corviknight:470;marowak:488
cramorant,Cramorant,91.9,121.2,121.2,126,1852,PECK,DIVE,FLY,87.8,83.2,85.4,94.2,ninetales_shadow:753;corviknight:710;sableye_shadow:682;tinkaton:619;altaria:527,stunfisk:156;mimikyu:345;corsola_galarian:384;melmetal:400;vigoroth:431
corviknight,Corviknight,91.7,106.9,130.6,150,2097,SAND_ATTACK,AIR_CUTTER,IRON_HEAD,86.6,87.7,86.2,91.5,tinkaton:710;quagsire_shadow:610;vigoroth:603;mimikyu:530;sableye_shadow:530,cramorant:289;sableye_mega:357;ninetales_shadow:373;melmetal:393;altaria:423
florges,Florges,91.7,120,141.5,110,1870,FAIRY_WIND,CHILLING_WATER,MOONBLAST,81.5,72.8,82.2,75.6,altaria:881;malamar_mega:795;thievul:759;sableye_mega:740;sableye_shadow:672,tinkaton:209;mimikyu:257;cramorant:261;melmetal:301;ninetales_shadow:424
altaria_shadow,Altaria (Shadow),91.6,103.4,151.9,138,2168,DRAGON_BREATH,MOONBLAST,FLAMETHROWER,75.5,62.9,82.6,62.7,corviknight:681;ninetales_shadow:623;cramorant:561;malamar_mega:528;sableye_shadow:525,tinkaton:95;mimikyu:135;melmetal:174;sableye_mega:224;thievul:287
corsola_galarian,Corsola (Galarian),91.4,99.3,163,139,2252,ASTONISH,NIGHT_SHADE,POWER_GEM,87.8,75.8,84.5,86.3,cramorant:615;altaria:600;ninetales_shadow:579;corviknight:579;malamar_mega:575,sableye_shadow:212;sableye_mega:403;mimikyu:415;tinkaton:464;melmetal:489
corviknight_shadow,Corviknight (Shadow),91.3,106.9,130.6,150,2097,SAND_ATTACK,AIR_CUTTER,IRON_HEAD,86,83.9,83.8,77.6,vigoroth:683;tinkaton:676;malamar_mega:613;sableye_mega:590;sableye_shadow:516,ninetales_shadow:194;mimikyu:261;altaria:318;cramorant:321;melmetal:393
quagsire,Quagsire,91.1,111.2,112.6,161,2018,MUD_SHOT,AQUA_TAIL,STONE_EDGE,82.9,69.9,77.6,74.1,malamar_mega:726;melmetal:714;tinkaton:652;sableye_shadow:571;vigoroth:571,mimikyu:336;sableye_mega:399;ninetales_shadow:400;altaria:416;cramorant:444
quagsire_shadow,Quagsire (Shadow),91.1,111.2,112.6,161,2018,MUD_SHOT,AQUA_TAIL,STONE_EDGE,80.4,66.9,79.5,67.7,melmetal:649;tinkaton:586;malamar_mega:534;vigoroth:521;sableye_mega:518,mimikyu:177;cramorant:194;sableye_shadow:332;altaria:394;ninetales_shadow:488
ninetales,Ninetales,91,114.3,135.5,126,1954,EMBER,WEATHER_BALL_FIRE,ENERGY_BALL,82.9,84.4,82.4,82.8,melmetal:654;tinkaton:634;sableye_mega:623;quagsire_shadow:599;sableye_shadow:543,cramorant:186;vigoroth:337;malamar_mega:341;altaria:384;mimikyu:481
araquanid,Araquanid,90.7,97.4,174,136,2306,INFESTATION,WATER_PULSE,MIRROR_COAT,85.8,80.8,84.3,90.3,ninetales_shadow:738;malamar_mega:713;sableye_shadow:650;sableye_mega:544;melmetal:518,cramorant:289;altaria:409;mimikyu:429;corviknight:446;tinkaton:485
thievul,Thievul,90.7,119.8,121.9,127,1856,SUCKER_PUNCH,NIGHT_SLASH,ICY_WIND,82.7,74.7,75.1,78.6,altaria:807;ninetales_shadow:598;corviknight:594;sableye_shadow:582;malamar_mega:547,tinkaton:248;mimikyu:378;cramorant:436;melmetal:458;sableye_mega:458
clodsire,Clodsire,90.6,95,119.7,208,2367,POISON_STING,EARTHQUAKE,STONE_EDGE,87,80.2,91.7,79.4,tinkaton:699;melmetal:670;altaria:600;cramorant:579;sableye_mega:550,quagsire_shadow:83;mimikyu:275;corviknight:393;malamar_mega:462;sableye_shadow:468
hydreigon_shadow,Hydreigon (Shadow),90.6,136,104.5,116,1650,DRAGON_BREATH,BRUTAL_SWING,FLY,87.8,76.4,74.6,49.3,sableye_mega:823;sableye_shadow:780;ninetales_shadow:655;cramorant:646;altaria:607,florges:150;tinkaton:191;mimikyu:233;corviknight:330;melmetal:417
sableye_shadow,Sableye (Shadow),90.5,119.6,124.6,125,1864,SHADOW_CLAW,FOUL_PLAY,DRAIN_PUNCH,88,89.7,77.3,71.9,malamar_mega:679;quagsire_shadow:668;melmetal:644;ninetales_shadow:636;vigoroth:584,cramorant:317;tinkaton:333;altaria:394;sableye_mega:463;mimikyu:476
fearow,Fearow,90.4,131.4,104.6,124,1706,PECK,DRILL_PECK,DRILL_RUN,80.3,87.1,81.3,59.3,sableye_shadow:875;sableye_mega:653;jellicent:633;rillaboom:612;ninetales_shadow:564,mimikyu:327;tinkaton:372;altaria:394;malamar_mega:441;melmetal:465
marowak,Marowak,90.4,109.6,148.8,125,2041,MUD_SLAP,BONE_CLUB,ROCK_SLIDE,82,72.2,78.3,78.1,tinkaton:852;melmetal:764;ninetales_shadow:700;sableye_shadow:580;mimikyu:512,corviknight:323;altaria:340;quagsire_shadow:400;sableye_mega:412;cramorant:444
vigoroth,Vigoroth,90.3,116.2,114.1,145,1923,SCRATCH,BODY_SLAM,BULLDOZE,84.4,91.3,81.1,69.2,ninetales_shadow:648;florges:644;mimikyu:606;cramorant:568;thievul:541,altaria:362;sableye_shadow:416;sableye_mega:417;melmetal:482;tinkaton:489
empoleon_shadow,Empoleon (Shadow),90.2,125.1,117,122,1788,METAL_SOUND,HYDRO_CANNON,DRILL_PECK,79.7,85.9,84.3,59.8,malamar_mega:831;sableye_shadow:709;vigoroth:668;cramorant:540;ninetales_shadow:508,melmetal:126;altaria:369;mimikyu:420;tinkaton:453;sableye_mega:467
empoleon,Empoleon,90.1,125.1,117,122,1788,METAL_SOUND,HYDRO_CANNON,DRILL_PECK,79.8,84.8,84.2,72.4,corviknight:639;ninetales_shadow:622;cramorant:565;tinkaton:528;altaria:512,melmetal:95;mimikyu:355;malamar_mega:416;sableye_shadow:428;sableye_mega:431
mantine,Mantine,90.1,105.5,166.5,121,2127,WING_ATTACK,TWISTER,WATER_PULSE,81.8,81.2,81.6,82.6,ninetales_shadow:727;altaria:595;quagsire_shadow:586;cramorant:557;sableye_shadow:504,sableye_mega:348;mimikyu:350;melmetal:363;malamar_mega:408;tinkaton:471
umbreon,Umbreon,90.1,90.2,177,156,2492,SNARL,DARK_PULSE,LAST_RESORT,82.9,72,83,87.5,malamar_mega:887;sableye_mega:621;mimikyu:615;corviknight:599;quagsire_shadow:576,tinkaton:273;cramorant:309;melmetal:311;ninetales_shadow:376;altaria:409
araquanid_shadow,Araquanid (Shadow),90,97.4,174,136,2306,INFESTATION,WATER_PULSE,MIRROR_COAT,84.6,72.6,82.7,75.6,malamar_mega:849;ninetales_shadow:691;tinkaton:613;sableye_shadow:606;mimikyu:514,corviknight:290;cramorant:373;melmetal:448;altaria:452;sableye_mega:458
azumarill,Azumarill,90,93.4,134.4,191,2400,BUBBLE,ICE_BEAM,PLAY_ROUGH,81.8,67.3,84.3,89.5,sableye_mega:701;altaria:646;sableye_shadow:623;quagsire_shadow:615;malamar_mega:604,mimikyu:299;melmetal:321;tinkaton:340;cramorant:361;ninetales_shadow:484
feraligatr,Feraligatr,90,123.8,117.3,125,1818,SHADOW_CLAW,HYDRO_CANNON,ICE_BEAM,77.2,85.9,83.4,67.7,altaria:708;tinkaton:592;corviknight:584;quagsire_shadow:544;cramorant:508,ninetales_shadow:182;mimikyu:355;sableye_mega:412;sableye_shadow:440;melmetal:462
jellicent,Jellicent,90,106.6,126.3,156,2102,HEX,SURF,SHADOW_BALL,80.7,70,80.7,72.4,tinkaton:673;quagsire_shadow:621;altaria:612;ninetales_shadow:608;corviknight:535,sableye_shadow:140;mimikyu:280;sableye_mega:362;cramorant:468;melmetal:476
rillaboom,Rillaboom,90,132.4,99.3,129,1696,SCRATCH,DRUM_BEATING,EARTH_POWER,82,81.4,74.6,69.2,quagsire_shadow:926;stunfisk:810;melmetal:709;vigoroth:562;malamar_mega:527,altaria:250;mimikyu:392;cramorant:484;sableye_mega:486;tinkaton:492
stunfisk,Stunfisk,90,101.4,126.6,172,2212,THUNDER_SHOCK,MUD_BOMB,DISCHARGE,83.8,75,81.3,87.5,cramorant:843;altaria:642;tinkaton:639;melmetal:627;sableye_shadow:584,quagsire_shadow:285;sableye_mega:422;mimikyu:443;ninetales_shadow:448;malamar_mega:491
sableye,Sableye,89.9,119.6,124.6,125,1864,SHADOW_CLAW,FOUL_PLAY,POWER_GEM,83.5,82.3,79.9,69.4,corsola_galarian:708;malamar_mega:688;ninetales_shadow:612;corviknight:592;vigoroth:584,tinkaton:269;altaria:322;sableye_mega:376;mimikyu:448;melmetal:448
charjabug,Charjabug,89.8,114.7,134.8,126,1949,VOLT_SWITCH,X_SCISSOR,DISCHARGE,82.9,76.8,84,80.1,cramorant:817;malamar_mega:757;melmetal:630;tinkaton:611;sableye_shadow:559,ninetales_shadow:194;mimikyu:275;altaria:318;quagsire_shadow:335;sableye_mega:426
electrode_hisuian,Electrode (Hisuian),89.8,123.2,128.7,115,1825,THUNDER_SHOCK,WILD_CHARGE,ENERGY_BALL,75.1,54,82.9,57.5,quagsire_shadow:865;melmetal:700;corviknight:656;cramorant:604;tinkaton:543,ninetales_shadow:130;sableye_shadow:144;mimikyu:191;altaria:365;sableye_mega:454
malamar_mega,Malamar (Mega),89.8,118.4,132.4,120,1883,PSYWAVE,FOUL_PLAY,SUPER_POWER,81.5,68.1,82.1,61.7,melmetal:650;ninetales_shadow:625;corviknight:587;vigoroth:562;stunfisk:508,mimikyu:252;tinkaton:255;sableye_mega:279;sableye_shadow:320;altaria:322
snorlax,Snorlax,89.8,108.4,102.2,187,2073,PSYWAVE,BODY_SLAM,EARTHQUAKE,84.4,92.5,85,73.4,corsola_galarian:703;florges:636;mimikyu:622;altaria:572;quagsire_shadow:553,melmetal:294;ninetales_shadow:388;cramorant:424;sableye_mega:431;tinkaton:482
lapras,Lapras,89.7,104.6,114.5,179,2147,PSYWAVE,SPARKLING_ARIA,ICE_BEAM,84.3,79.4,85.4,72.4,altaria:787;ninetales_shadow:594;mimikyu:586;cramorant:586;quagsire_shadow:547,sableye_shadow:328;malamar_mega:329;sableye_mega:339;melmetal:397;tinkaton:475
annihilape,Annihilape,89.6,123.3,105.2,140,1817,LOW_KICK,RAGE_FIST,ICE_PUNCH,79.8,67,70.3,76.4,thievul:710;melmetal:675;vigoroth:617;ninetales_shadow:560;corviknight:507,mimikyu:98;sableye_mega:311;cramorant:329;tinkaton:382;altaria:431
annihilape_shadow,Annihilape (Shadow),89.6,123.3,105.2,140,1817,LOW_KICK,RAGE_FIST,ICE_PUNCH,81.5,70.6,72.4,69.9,quagsire_shadow:632;vigoroth:610;melmetal:596;malamar_mega:567;ninetales_shadow:542,mimikyu:116;sableye_mega:344;cramorant:388;tinkaton:436;altaria:489
carbink,Carbink,89.6,84,252,126,2669,ROCK_THROW,ROCK_SLIDE,MOONBLAST,82.1,54.3,88,96.5,altaria:761;ninetales_shadow:702;sableye_mega:678;sableye_shadow:674;cramorant:630,tinkaton:141;melmetal:181;quagsire_shadow:226;malamar_mega:287;mimikyu:439
charjabug_shadow,Charjabug (Shadow),89.6,114.7,134.8,126,1949,VOLT_SWITCH,X_SCISSOR,DISCHARGE,83.5,79.4,78.6,73.6,corviknight:837;cramorant:829;malamar_mega:757;melmetal:753;tinkaton:575,ninetales_shadow:226;sableye_shadow:268;mimikyu:331;altaria:362;quagsire_shadow:406
deoxys_defense,Deoxys (Defense),89.6,101,221.4,98,2193,LOW_KICK,PSYCHO_BOOST,THUNDERBOLT,75.8,52.1,83.8,66.5,cramorant:607;vigoroth:571;melmetal:545;ninetales_shadow:535;quagsire_shadow:505,mimikyu:65;sableye_shadow:104;sableye_mega:298;altaria:398;tinkaton:460
dondozo,Dondozo,89.6,104.5,109.7,187,2146,WATERFALL,SURF,OUTRAGE,82.4,66.6,81.3,70.4,quagsire_shadow:671;sableye_mega:622;ninetales_shadow:612;malamar_mega:588;sableye_shadow:574,mimikyu:415;tinkaton:457;altaria:463;cramorant:468;melmetal:482
vigoroth_shadow,Vigoroth (Shadow),89.6,116.2,114.1,145,1923,SCRATCH,BRICK_BREAK,ROCK_SLIDE,80.7,90.9,74.9,62.7,altaria:768;quagsire_shadow:620;corviknight:606;ninetales_shadow:589;mimikyu:510,tinkaton:312;cramorant:333;sableye_mega:334;sableye_shadow:376;melmetal:380
forretress_shadow,Forretress (Shadow),89.5,109.7,145.4,128,2044,VOLT_SWITCH,SAND_TOMB,ROCK_TOMB,80.4,57.4,74.8,76.1,cramorant:820;malamar_mega:808;tinkaton:660;corviknight:660;melmetal:636,ninetales_shadow:178;altaria:224;sableye_shadow:236;mimikyu:411;sableye_mega:431
furret,Furret,89.5,115.3,105.4,160,1946,SUCKER_PUNCH,SWIFT,TRAILBLAZE,82,75.3,75.2,72.2,quagsire_shadow:721;corsola_galarian:706;sableye_shadow:646;mimikyu:584;sableye_mega:559,tinkaton:226;melmetal:383;ninetales_shadow:464;altaria:474;cramorant:492
guzzlord,Guzzlord,89.5,113.2,66,265,1983,DRAGON_TAIL,BRUTAL_SWING,SLUDGE_BOMB,80.9,61.9,72.5,75.1,malamar_mega:892;ninetales_shadow:654;sableye_shadow:654;quagsire_shadow:626;cramorant:560,mimikyu:121;tinkaton:138;melmetal:301;sableye_mega:302;altaria:380
hippowdon,Hippowdon,89.5,116.1,116.7,142,1926,SAND_ATTACK,WEATHER_BALL_ROCK,EARTH_POWER,80,79.9,80.8,73.9,tinkaton:880;melmetal:711;sableye_mega:595;sableye_shadow:542;ninetales_shadow:524,mimikyu:252;cramorant:353;corviknight:353;malamar_mega:375;altaria:456
jumpluff,Jumpluff,89.5,96.7,156.9,153,2323,FAIRY_WIND,ENERGY_BALL,ACROBATICS,84.9,80.5,87.4,85.3,quagsire_shadow:964;sableye_mega:663;sableye_shadow:663;malamar_mega:663;mimikyu:624,ninetales_shadow:234;melmetal:243;cramorant:380;tinkaton:400;altaria:456
malamar,Malamar,89.5,117.2,116.5,139,1899,PSYWAVE,SUPER_POWER,FOUL_PLAY,82.7,73.1,79.1,61,melmetal:672;corviknight:625;ninetales_shadow:622;vigoroth:600;corsola_galarian:539,tinkaton:241;sableye_mega:279;mimikyu:289;altaria:322;sableye_shadow:444
mandibuzz,Mandibuzz,89.5,92.1,151.2,175,2440,SNARL,DARK_PULSE,SHADOW_BALL,83.4,77.1,83.4,86.6,corviknight:608;mimikyu:602;sableye_shadow:594;sableye_mega:568;cramorant:540,thievul:279;melmetal:342;tinkaton:365;ninetales_shadow:380;altaria:409
morpeko_full_belly,Morpeko (Hangry),89.5,140.4,96.2,118,1596,THUNDER_SHOCK,AURA_WHEEL_ELECTRIC,PSYCHIC_FANGS,88,75,78.7,66.2,sableye_shadow:805;cramorant:766;melmetal:711;mimikyu:580;ninetales_shadow:542,quagsire_shadow:223;altaria:431;stunfisk:453;tinkaton:457;sableye_mega:495
malamar_shadow,Malamar (Shadow),89.4,117.2,116.5,139,1899,PSYWAVE,FOUL_PLAY,SUPER_POWER,79.2,75.8,78.7,55.8,quagsire_shadow:654;melmetal:622;ninetales_shadow:593;corviknight:593;vigoroth:564,tinkaton:187;sableye_mega:311;mimikyu:345;altaria:434;cramorant:488
snorlax_shadow,Snorlax (Shadow),89.4,108.4,102.2,187,2073,PSYWAVE,BODY_SLAM,SUPER_POWER,83.4,74.3,81.1,60.7,melmetal:692;ninetales_shadow:633;vigoroth:596;mimikyu:585;altaria:566,sableye_shadow:192;tinkaton:248;corviknight:256;malamar_mega:291;sableye_mega:302
kingdra_shadow,Kingdra (Shadow),89.1,121.8,127.9,118,1839,DRAGON_BREATH,SURF,SWIFT,87,76.4,77.1,58.8,ninetales_shadow:817;sableye_mega:783;sableye_shadow:699;melmetal:584;cramorant:512,mimikyu:140;tinkaton:308;corviknight:423;altaria:478;vigoroth:479
medicham,Medicham,89.1,106.9,139.4,141,2103,PSYCHO_CUT,ICE_PUNCH,DYNAMIC_PUNCH,79.7,57.5,81.6,78.4,vigoroth:659;thievul:578;altaria:549;quagsire_shadow:549;melmetal:507,sableye_mega:174;mimikyu:177;cramorant:277;ninetales_shadow:412;tinkaton:492
blastoise,Blastoise,89,112.1,137.7,130,2008,BITE,HYDRO_CANNON,SKULL_BASH,80.1,75.8,81,64.2,corviknight:623;sableye_mega:603;ninetales_shadow:600;sableye_shadow:523;cramorant:515,mimikyu:252;altaria:369;melmetal:410;malamar_mega:441;tinkaton:489
diggersby,Diggersby,89,95.7,140.3,174,2337,MUD_SHOT,FIRE_PUNCH,SCORCHING_SANDS,81.5,68.1,79.5,89,mimikyu:706;ninetales_shadow:658;sableye_mega:646;tinkaton:646;melmetal:589,cramorant:138;altaria:253;quagsire_shadow:341;malamar_mega:375;thievul:480
forretress,Forretress,89,109.7,145.4,128,2044,VOLT_SWITCH,SAND_TOMB,ROCK_TOMB,81.5,62.3,77.6,86.6,cramorant:710;tinkaton:691;corviknight:660;sableye_shadow:582;mimikyu:562,ninetales_shadow:158;altaria:195;sableye_mega:357;malamar_mega:462;melmetal:476
hippowdon_shadow,Hippowdon (Shadow),89,116.1,116.7,142,1926,SAND_ATTACK,WEATHER_BALL_ROCK,EARTH_POWER,78.6,87.1,77.6,51.8,tinkaton:827;melmetal:686;ninetales_shadow:619;corviknight:602;sableye_mega:556,mimikyu:233;altaria:307;malamar_mega:354;sableye_shadow:364;cramorant:373
kingdra,Kingdra,89,121.8,127.9,118,1839,DRAGON_BREATH,SURF,SWIFT,82.7,70.2,78.1,72.7,ninetales_shadow:834;quagsire_shadow:792;stunfisk:656;thievul:559;fearow:542,mimikyu:121;melmetal:414;sableye_mega:417;altaria:456;cramorant:480
turtonator,Turtonator,89,113.5,153.6,113,1971,INCINERATE,BRUTAL_SWING,DRAGON_CLAW,83.2,86.7,77.8,69.7,ninetales_shadow:712;melmetal:681;sableye_mega:566;tinkaton:566;sableye_shadow:517,quagsire_shadow:288;cramorant:297;mimikyu:327;vigoroth:348;altaria:420
feraligatr_shadow,Feraligatr (Shadow),88.9,123.8,117.3,125,1818,SHADOW_CLAW,HYDRO_CANNON,ICE_BEAM,72.8,88.9,77.9,46.8,malamar_mega:756;sableye_shadow:716;altaria:708;quagsire_shadow:704;corviknight:548,melmetal:188;cramorant:222;mimikyu:420;tinkaton:450;sableye_mega:467
ninetales_alolan,Ninetales (Alolan),88.9,114.5,136.1,125,1949,POWDER_SNOW,WEATHER_BALL_ICE,CHILLING_WATER,80.1,69.3,79.4,82.6,altaria:923;thievul:683;vigoroth:596;sableye_mega:580;sableye_shadow:580,ninetales_shadow:99;melmetal:113;tinkaton:244;mimikyu:271;cramorant:380
spidops,Spidops,88.9,110.9,138.9,131,2020,SHADOW_CLAW,LUNGE,ROCK_TOMB,87.5,80.5,79.5,74.9,sableye_shadow:618;mimikyu:599;altaria:591;ninetales_shadow:576;sableye_mega:511,cramorant:178;tinkaton:393;melmetal:421;florges:436;vigoroth:493
cradily,Cradily,88.8,105.2,140.3,144,2126,ACID,ROCK_TOMB,GRASS_KNOT,81.4,68.2,78.6,67.7,quagsire_shadow:777;altaria:611;cramorant:597;ninetales_shadow:593;sableye_mega:559,melmetal:92;tinkaton:95;mimikyu:303;sableye_shadow:372;malamar_mega:487
dragonair_shadow,Dragonair (Shadow),88.8,125.2,112.4,127,1788,DRAGON_BREATH,WRAP,AQUA_TAIL,82.9,89.8,71.9,55,malamar_mega:759;ninetales_shadow:732;morpeko_full_belly:720;stunfisk:625;altaria:543,mimikyu:149;tinkaton:230;cramorant:265;melmetal:428;sableye_mega:458
dewgong,Dewgong,88.7,101.9,136.9,157,2192,ICE_SHARD,ICY_WIND,DRILL_RUN,80.3,72.6,76,70.9,altaria:716;corviknight:576;sableye_mega:573;tinkaton:573;stunfisk:566,mimikyu:359;melmetal:383;ninetales_shadow:392;cramorant:448;sableye_shadow:456
lapras_shadow,Lapras (Shadow),88.7,104.6,114.5,179,2147,PSYWAVE,SPARKLING_ARIA,ICE_BEAM,75.4,74.6,80.7,61.2,altaria:787;vigoroth:622;florges:614;cramorant:572;ninetales_shadow:508,melmetal:147;mimikyu:322;sableye_shadow:352;sableye_mega:362;tinkaton:379
ninetales_alolan_shadow,Ninetales (Alolan) (Shadow),88.7,114.5,136.1,125,1949,POWDER_SNOW,WEATHER_BALL_ICE,CHILLING_WATER,78.4,62.3,78.1,73.4,altaria:923;fearow:780;stunfisk:720;thievul:632;sableye_shadow:520,melmetal:113;tinkaton:234;mimikyu:303;sableye_mega:444;cramorant:456
dusclops_shadow,Dusclops (Shadow),88.5,102.4,197.6,108,2187,HEX,ICE_PUNCH,SHADOW_PUNCH,81.8,75.5,78.6,74.9,stunfisk:726;altaria:574;florges:574;quagsire_shadow:550;cramorant:518,tinkaton:280;sableye_mega:293;mimikyu:327;ninetales_shadow:357;melmetal:369
pachirisu,Pachirisu,88.5,91.5,157.1,142,2044,VOLT_SWITCH,THUNDERBOLT,THUNDER_PUNCH,85.2,59.5,83.2,94,cramorant:704;sableye_mega:623;mimikyu:609;tinkaton:591;melmetal:566,quagsire_shadow:288;malamar_mega:375;vigoroth:382;corsola_galarian:471;altaria:492
hydreigon,Hydreigon,88.3,136,104.5,116,1650,DRAGON_BREATH,BRUTAL_SWING,FLY,82.4,70.9,70.3,57,sableye_shadow:780;ninetales_shadow:681;altaria:581;cramorant:534;quagsire_shadow:504,mimikyu:168;tinkaton:177;melmetal:318;sableye_mega:380;malamar_mega:437
jumpluff_shadow,Jumpluff (Shadow),88.3,96.7,156.9,153,2323,FAIRY_WIND,ENERGY_BALL,ACROBATICS,83.4,80.2,87.2,75.6,altaria:607;sableye_shadow:598;mimikyu:539;sableye_mega:513;cramorant:506,ninetales_shadow:261;corviknight:263;melmetal:325;tinkaton:372;vigoroth:379
doublade,Doublade,88.1,122.9,140,106,1825,SHADOW_CLAW,SACRED_SWORD,IRON_HEAD,81.4,74.6,77.3,77.6,florges:740;melmetal:674;corviknight:603;tinkaton:556;vigoroth:533,sableye_mega:188;ninetales_shadow:194;cramorant:380;altaria:387;mimikyu:429
swampert,Swampert,88.1,122.9,109.1,136,1826,MUD_SHOT,HYDRO_CANNON,EARTHQUAKE,77.4,63.5,79.7,63.5,ninetales_shadow:772;quagsire_shadow:680;melmetal:676;tinkaton:636;sableye_mega:518,sableye_shadow:124;altaria:166;mimikyu:177;cramorant:198;malamar_mega:383
swampert_shadow,Swampert (Shadow),88.1,122.9,109.1,136,1826,MUD_SHOT,HYDRO_CANNON,EARTHQUAKE,75.5,64.9,76.3,55.3,tinkaton:801;ninetales_shadow:742;quagsire_shadow:602;melmetal:599;sableye_mega:522,cramorant:91;sableye_shadow:144;altaria:184;mimikyu:191;malamar_mega:420
marowak_shadow,Marowak (Shadow),88,109.6,148.8,125,2041,MUD_SLAP,BONE_CLUB,ROCK_SLIDE,75.2,64,74.1,67.2,clodsire:884;tinkaton:864;morpeko_full_belly:804;stunfisk:788;melmetal:724,cramorant:202;ninetales_shadow:321;mimikyu:364;altaria:380;sableye_mega:472
talonflame,Talonflame,88,121.4,112.6,135,1847,INCINERATE,FLY,BRAVE_BIRD,76.3,58,78.3,69.9,tinkaton:688;melmetal:655;sableye_mega:603;ninetales_shadow:600;sableye_shadow:511,cramorant:162;quagsire_shadow:164;mimikyu:336;stunfisk:398;altaria:474
dusclops,Dusclops,87.9,102.4,197.6,108,2187,HEX,ICE_PUNCH,SHADOW_PUNCH,81.8,72.9,81.6,82.3,clodsire:689;corviknight:671;stunfisk:597;tinkaton:583;altaria:574,sableye_mega:275;mimikyu:280;ninetales_shadow:317;cramorant:349;melmetal:496
aegislash_shield,Aegislash (Blade),87.8,82.8,234.6,139,2702,AEGISLASH_CHARGE_PSYCHO_CUT,SHADOW_BALL,GYRO_BALL,76.1,44.4,94,71.7,florges:640;corviknight:561;melmetal:546;cramorant:546;tinkaton:503,sableye_shadow:68;ninetales_shadow:71;sableye_mega:77;mimikyu:107;altaria:387
seismitoad,Seismitoad,87.8,120.3,100.8,154,1869,MUD_SHOT,EARTH_POWER,ICY_WIND,75.8,80.3,76.5,63.7,stunfisk:785;melmetal:746;tinkaton:717;altaria:639;sableye_shadow:519,ninetales_shadow:146;mimikyu:168;cramorant:206;malamar_mega:341;sableye_mega:380
dragonair,Dragonair,87.7,125.2,112.4,127,1788,DRAGON_BREATH,AQUA_TAIL,DRAGON_PULSE,80.3,78.3,73.5,59.3,quagsire_shadow:740;ninetales_shadow:736;stunfisk:712;altaria:633;vigoroth:527,mimikyu:149;tinkaton:205;melmetal:315;cramorant:396;sableye_mega:463
muk_alolan,Muk (Alolan),87.7,115.8,111.7,148,1916,POISON_JAB,BRUTAL_SWING,ICE_PUNCH,85.2,74.6,79.2,76.6,altaria:743;malamar_mega:635;sableye_mega:625;mimikyu:537;sableye_shadow:516,tinkaton:212;melmetal:291;quagsire_shadow:354;cramorant:408;ninetales_shadow:468
dunsparce,Dunsparce,87.6,104.7,110.9,184,2139,BITE,DRILL_RUN,ROCK_SLIDE,84,86.5,80,76.1,mimikyu:673;tinkaton:608;altaria:570;ninetales_shadow:551;sableye_shadow:516,cramorant:305;malamar_mega:395;melmetal:431;sableye_mega:454;corviknight:496
clefable,Clefable,87.5,116.5,112.1,147,1922,FAIRY_WIND,MOONBLAST,METEOR_MASH,81.1,65.7,84.6,76.1,thievul:809;malamar_mega:772;altaria:727;sableye_mega:717;sableye_shadow:653,mimikyu:205;tinkaton:280;melmetal:294;ninetales_shadow:313;cramorant:464
registeel,Registeel,87.5,95.6,190,129,2346,LOCK_ON,FLASH_CANNON,FOCUS_BLAST,79.1,69,89.6,80.3,malamar_mega:744;melmetal:662;altaria:647;vigoroth:635;sableye_mega:542,ninetales_shadow:103;mimikyu:186;cramorant:329;tinkaton:347;sableye_shadow:380
drapion_shadow,Drapion (Shadow),87.3,117.8,136.8,118,1903,POISON_STING,CRUNCH,AQUA_TAIL,82.4,84.4,79.1,62.2,malamar_mega:783;thievul:631;sableye_shadow:605;sableye_mega:572;ninetales_shadow:550,altaria:318;melmetal:339;tinkaton:343;cramorant:416;mimikyu:443
shelgon_shadow,Shelgon (Shadow),87.2,123.2,119,123,1806,DRAGON_BREATH,TWISTER,FLAMETHROWER,84.3,67.6,80.5,51.3,sableye_mega:752;ninetales_shadow:703;cramorant:674;altaria:670;melmetal:634,tinkaton:95;florges:104;mimikyu:121;clodsire:360;corsola_galarian:478
aromatisse,Aromatisse,87.1,115.8,107.3,156,1939,FAIRY_WIND,MOONBLAST,PSYSHOCK,83.8,70.8,85.1,83.1,sableye_mega:836;malamar_mega:804;altaria:733;sableye_shadow:634;quagsire_shadow:602,mimikyu:210;tinkaton:219;ninetales_shadow:285;melmetal:294;cramorant:297
gourgeist_large,Gourgeist (Large),87.1,115.9,137.2,122,1940,INCINERATE,SHADOW_BALL,SEED_BOMB,72.1,60.4,72.8,70.4,quagsire_shadow:913;tinkaton:827;stunfisk:774;vigoroth:758;corviknight:659,mimikyu:214;cramorant:297;altaria:326;sableye_mega:330;melmetal:421
gourgeist_super,Gourgeist (Super),87.1,115,131.6,129,1954,INCINERATE,SHADOW_BALL,SEED_BOMB,72.6,58.9,73.2,71.2,tinkaton:856;quagsire_shadow:794;vigoroth:709;corviknight:670;melmetal:507,ninetales_shadow:111;mimikyu:214;cramorant:293;sableye_mega:325;altaria:326
grumpig,Grumpig,87.1,113.3,131.4,132,1967,PSYWAVE,DYNAMIC_PUNCH,SHADOW_BALL,78.9,70,78.9,59.5,melmetal:678;ninetales_shadow:643;florges:579;vigoroth:575;altaria:553,sableye_shadow:84;sableye_mega:96;mimikyu:252;malamar_mega:337;tinkaton:414
steelix_shadow,Steelix (Shadow),87.1,98.4,183.2,126,2273,THUNDER_FANG,PSYCHIC_FANGS,CRUNCH,84.1,72.2,72.4,83.6,cramorant:888;melmetal:646;tinkaton:603;altaria:599;mimikyu:539,quagsire_shadow:310;malamar_mega:329;sableye_mega:431;ninetales_shadow:448;vigoroth:458
wigglytuff,Wigglytuff,87.1,115.1,75.5,223,1939,CHARM,ICY_WIND,SWIFT,82.6,59,74.8,76.6,sableye_mega:746;altaria:704;mimikyu:616;malamar_mega:558;cramorant:529,tinkaton:145;ninetales_shadow:194;melmetal:195;clodsire:319;corviknight:340
gourgeist_average,Gourgeist (Average),87,115.9,145,115,1934,INCINERATE,SHADOW_BALL,SEED_BOMB,72.5,59.5,71.7,67.9,quagsire_shadow:908;tinkaton:839;stunfisk:765;vigoroth:747;corviknight:652,mimikyu:214;cramorant:297;altaria:326;sableye_mega:330;melmetal:421
talonflame_shadow,Talonflame (Shadow),87,121.4,112.6,135,1847,INCINERATE,FLAME_CHARGE,FLY,71.2,57.5,66,65.2,tinkaton:862;corviknight:722;ninetales_shadow:703;melmetal:588;sableye_mega:525,cramorant:194;malamar_mega:304;sableye_shadow:324;mimikyu:383;altaria:438
dusknoir_shadow,Dusknoir (Shadow),86.8,119.8,174.1,90,1878,ASTONISH,DYNAMIC_PUNCH,SHADOW_PUNCH,81.4,65.7,74,60.2,tinkaton:794;mimikyu:644;ninetales_shadow:577;melmetal:572;cramorant:511,sableye_mega:252;malamar_mega:279;quagsire_shadow:282;sableye_shadow:300;altaria:413
gourgeist_small,Gourgeist (Small),86.8,116.8,152.9,107,1913,INCINERATE,SHADOW_BALL,SEED_BOMB,71.7,58.7,71.2,62.7,quagsire_shadow:901;tinkaton:827;stunfisk:752;vigoroth:742;corviknight:640,mimikyu:214;cramorant:297;altaria:329;sableye_mega:330;melmetal:434
oranguru,Oranguru,86.7,110.1,130,142,2035,CONFUSION,BRUTAL_SWING,TRAILBLAZE,83.2,69.7,72.8,74.4,corsola_galarian:651;quagsire_shadow:644;mimikyu:573;altaria:570;cramorant:559,sableye_mega:279;sableye_shadow:284;melmetal:318;tinkaton:429;ninetales_shadow:452
samurott,Samurott,86.7,128,100.8,136,1756,FURY_CUTTER,HYDRO_CANNON,MEGAHORN,74.1,70.2,78.9,54,malamar_mega:775;electrode_hisuian:738;thievul:702;corviknight:591;vigoroth:525,mimikyu:121;altaria:315;cramorant:408;melmetal:428;sableye_mega:481
stunfisk_galarian,Stunfisk (Galarian),86.7,101.4,126.6,172,2212,MUD_SHOT,ROCK_SLIDE,EARTHQUAKE,83.5,79.1,85.4,73.4,melmetal:700;tinkaton:700;corviknight:590;mimikyu:572;corsola_galarian:569,cramorant:325;sableye_mega:435;sableye_shadow:440;altaria:456;ninetales_shadow:476
muk_alolan_shadow,Muk (Alolan) (Shadow),86.6,115.8,111.7,148,1916,POISON_JAB,BRUTAL_SWING,ICE_PUNCH,81.8,77.9,80.8,67.9,altaria:773;thievul:645;malamar_mega:601;ninetales_shadow:574;sableye_mega:554,tinkaton:269;melmetal:321;mimikyu:387;sableye_shadow:448;cramorant:480
castform_sunny,Castform (Sunny),86.5,112.6,121.2,146,1994,EMBER,WEATHER_BALL_FIRE,SOLAR_BEAM,81.1,63.7,80,78.1,melmetal:681;tinkaton:640;sableye_mega:595;sableye_shadow:541;mimikyu:503,quagsire_shadow:96;cramorant:186;vigoroth:317;ninetales_shadow:369;altaria:387
regidrago,Regidrago,86.5,121.8,62.7,241,1842,DRAGON_BREATH,DRAGON_ENERGY,VICE_GRIP,85.5,64.6,82.2,65,quagsire_shadow:773;ninetales_shadow:759;altaria:678;cramorant:614;sableye_shadow:526,mimikyu:121;tinkaton:180;corviknight:340;melmetal:342;sableye_mega:454
sealeo,Sealeo,86.5,108.9,112.8,168,2065,POWDER_SNOW,SURF,BODY_SLAM,82.3,85.8,80.3,72.7,altaria:773;tinkaton:687;thievul:559;ninetales_shadow:550;cramorant:526,mimikyu:331;malamar_mega:350;melmetal:376;sableye_mega:458;sableye_shadow:464
bellibolt,Bellibolt,86.4,115,110.1,154,1953,THUNDER_SHOCK,ZAP_CANNON,PARABOLIC_CHARGE,87.7,62.8,85.1,65.5,sableye_mega:662;cramorant:639;altaria:607;mimikyu:577;melmetal:568,stunfisk:136;clodsire:199;quagsire_shadow:263;morpeko_full_belly:343;vigoroth:389
seaking,Seaking,86.4,121.9,108.9,138,1834,PECK,DRILL_RUN,ICY_WIND,80.7,83.5,77.1,66,altaria:612;tinkaton:594;quagsire_shadow:543;sableye_mega:536;ninetales_shadow:518,mimikyu:242;sableye_shadow:356;malamar_mega:379;melmetal:428;cramorant:432
drapion,Drapion,86.3,117.8,136.8,118,1903,POISON_STING,CRUNCH,AQUA_TAIL,83.2,86.2,79.5,72.4,sableye_mega:614;sableye_shadow:614;ninetales_shadow:593;mimikyu:538;altaria:508,melmetal:297;tinkaton:301;quagsire_shadow:329;corviknight:373;cramorant:408
wartortle,Wartortle,86.3,107.6,139,139,2080,BITE,AQUA_JET,ICE_BEAM,80.6,84.2,80.7,67.9,corviknight:647;ninetales_shadow:625;altaria:622;quagsire_shadow:607;cramorant:510,sableye_mega:321;melmetal:386;tinkaton:432;mimikyu:439;sableye_shadow:472
gligar_shadow,Gligar (Shadow),86,108.4,145.3,131,2065,WING_ATTACK,NIGHT_SLASH,DIG,83.5,80.6,76,76.6,melmetal:709;ninetales_shadow:637;sableye_mega:549;sableye_shadow:534;altaria:522,mimikyu:271;cramorant:321;malamar_mega:337;corviknight:383;tinkaton:429
klefki,Klefki,86,117.9,137.4,117,1897,ASTONISH,FOUL_PLAY,DRAINING_KISS,80.7,66.6,81.4,77.9,sableye_mega:645;malamar_mega:619;cramorant:589;altaria:572;sableye_shadow:551,ninetales_shadow:218;corviknight:400;melmetal:414;tinkaton:418;mimikyu:420
walrein,Walrein,86,112.4,114.9,154,1991,POWDER_SNOW,ICICLE_SPEAR,EARTHQUAKE,83.5,83.5,84.3,71.2,altaria:801;tinkaton:711;sableye_mega:623;cramorant:538;mimikyu:512,melmetal:280;ninetales_shadow:281;corsola_galarian:341;malamar_mega:366;quagsire_shadow:413
murkrow_shadow,Murkrow (Shadow),85.8,143.1,81.1,135,1568,PECK,DRILL_PECK,FOUL_PLAY,83.5,80.6,82.1,38.9,malamar_mega:848;sableye_shadow:737;quagsire_shadow:614;sableye_mega:596;cramorant:585,melmetal:140;ninetales_shadow:257;tinkaton:322;mimikyu:364;altaria:489
torkoal,Torkoal,85.8,107.5,151.3,128,2084,EMBER,FLAME_WHEEL,OVERHEAT,81.5,64.5,84.5,82.8,melmetal:707;tinkaton:675;sableye_mega:613;ninetales_shadow:554;mimikyu:546,quagsire_shadow:96;cramorant:218;corsola_galarian:305;vigoroth:341;altaria:344
golisopod_shadow,Golisopod (Shadow),85.7,124,134.6,108,1804,FURY_CUTTER,AQUA_JET,X_SCISSOR,80.6,73.1,78.4,52.8,sableye_mega:763;sableye_shadow:717;melmetal:569;ninetales_shadow:532;tinkaton:509,mimikyu:140;stunfisk:159;altaria:300;cramorant:329;corsola_galarian:370
morgrem,Morgrem,85.7,124.8,98,147,1799,SUCKER_PUNCH,FOUL_PLAY,PLAY_ROUGH,81.5,67.5,79.7,66.9,sableye_shadow:676;quagsire_shadow:646;malamar_mega:612;ninetales_shadow:585;altaria:561,tinkaton:187;corviknight:223;melmetal:304;mimikyu:378;sableye_mega:458
toucannon_shadow,Toucannon (Shadow),85.7,137.2,96.7,123,1634,PECK,BEAK_BLAST,DRILL_PECK,83.2,64.8,76,44.1,sableye_shadow:833;malamar_mega:670;altaria:605;cramorant:593;sableye_mega:573,melmetal:140;ninetales_shadow:226;tinkaton:315;mimikyu:387;corviknight:496
dusknoir,Dusknoir,85.6,119.8,174.1,90,1878,ASTONISH,DYNAMIC_PUNCH,SHADOW_PUNCH,82.9,68.7,76.2,66,quagsire_shadow:688;melmetal:661;ninetales_shadow:605;mimikyu:594;corviknight:505,sableye_mega:197;sableye_shadow:252;altaria:358;tinkaton:361;cramorant:452
goodra,Goodra,85.6,119.6,134.1,117,1878,DRAGON_BREATH,AQUA_TAIL,THUNDER_PUNCH,81.7,75,74.3,76.1,ninetales_shadow:773;stunfisk:717;cramorant:632;corviknight:585;quagsire_shadow:551,mimikyu:121;tinkaton:202;melmetal:321;sableye_mega:348;altaria:376
miltank,Miltank,85.5,105.3,134.8,150,2131,ROLLOUT,BODY_SLAM,HIGH_HORSEPOWER,81.7,77.9,79.4,66.7,ninetales_shadow:673;mimikyu:666;altaria:620;sableye_mega:590;sableye_shadow:536,melmetal:195;malamar_mega:291;corviknight:310;cramorant:460;tinkaton:492
oinkologne_female,Oinkologne (Female),85.5,109.6,111.5,167,2042,TAKE_DOWN,BODY_SLAM,TRAILBLAZE,82.4,75.2,75.1,70.9,stunfisk:730;vigoroth:604;thievul:598;mimikyu:559;cramorant:538,melmetal:352;tinkaton:354;sableye_mega:362;ninetales_shadow:396;altaria:485
pelipper,Pelipper,85.5,123.2,128.7,115,1825,WING_ATTACK,WEATHER_BALL_WATER,HURRICANE,80,81.7,79.4,67.4,araquanid:856;ninetales_shadow:752;florges:726;thievul:547;tinkaton:517,sableye_shadow:184;mimikyu:247;melmetal:315;cramorant:329;sableye_mega:348
persian,Persian,85.5,118.6,116.3,137,1890,SCRATCH,NIGHT_SLASH,POWER_GEM,82.1,82.4,77.3,68.4,sableye_mega:664;ninetales_shadow:645;corsola_galarian:645;mimikyu:583;thievul:540,tinkaton:287;melmetal:301;sableye_shadow:368;cramorant:380;altaria:460
togetic,Togetic,85.5,110.1,150.2,123,2035,FAIRY_WIND,HEAT_WAVE,DRAINING_KISS,80.9,75.8,79.5,77.9,altaria:731;malamar_mega:707;sableye_shadow:691;sableye_mega:621;corviknight:565,ninetales_shadow:257;cramorant:293;tinkaton:304;melmetal:407;mimikyu:485
shelgon,Shelgon,85.4,123.2,119,123,1806,DRAGON_BREATH,TWISTER,FLAMETHROWER,80.6,63.7,80,62.7,ninetales_shadow:723;melmetal:678;altaria:670;cramorant:593;quagsire_shadow:577,tinkaton:95;mimikyu:121;sableye_shadow:244;sableye_mega:403;malamar_mega:479
toxapex,Toxapex,85.4,91.9,224.3,118,2433,BITE,BRINE,SLUDGE_WAVE,76.3,62.3,89.7,79.1,sableye_shadow:677;ninetales_shadow:665;florges:622;melmetal:525;corviknight:521,mimikyu:224;tinkaton:319;altaria:347;sableye_mega:394;cramorant:396
mawile,Mawile,85.3,124.7,120.8,119,1794,FAIRY_WIND,VICE_GRIP,IRON_HEAD,80.4,65.1,82.6,81.8,malamar_mega:579;cramorant:571;sableye_shadow:558;sableye_mega:554;altaria:537,ninetales_shadow:99;mimikyu:191;corviknight:236;melmetal:297;tinkaton:297
moltres_galarian,Moltres (Galarian),85.3,115.1,134.6,124,1922,SUCKER_PUNCH,FLY,BRAVE_BIRD,78.9,66.7,82.6,69.2,sableye_mega:741;ninetales_shadow:608;malamar_mega:608;sableye_shadow:580;quagsire_shadow:528,cramorant:285;tinkaton:301;melmetal:315;mimikyu:373;altaria:413
politoed_shadow,Politoed (Shadow),85.3,114,124.2,139,1970,MUD_SHOT,WEATHER_BALL_WATER,ICE_BEAM,76.9,87.3,78.4,71.2,altaria:780;tinkaton:618;stunfisk:535;vigoroth:525;quagsire_shadow:521,mimikyu:140;cramorant:321;sableye_mega:348;melmetal:417;ninetales_shadow:492
toucannon,Toucannon,85.3,137.2,96.7,123,1634,PECK,BEAK_BLAST,DRILL_PECK,78.4,73.4,81.1,50.3,sableye_shadow:873;fearow:711;altaria:703;sableye_mega:621;ninetales_shadow:540,melmetal:126;quagsire_shadow:220;tinkaton:319;mimikyu:327;malamar_mega:450
swalot,Swalot,85.2,103.4,122.6,171,2169,INFESTATION,SLUDGE,ICE_BEAM,81.5,69.9,79.5,77.9,malamar_mega:751;altaria:640;thievul:616;sableye_shadow:558;ninetales_shadow:523,melmetal:263;tinkaton:273;cramorant:361;mimikyu:378;sableye_mega:403
piloswine,Piloswine,85.1,121,99.4,154,1855,POWDER_SNOW,ICICLE_SPEAR,HIGH_HORSEPOWER,77.5,66.3,82.6,56.5,tinkaton:824;altaria:801;melmetal:577;sableye_mega:529;sableye_shadow:506,ninetales_shadow:130;mimikyu:266;corviknight:356;malamar_mega:420;cramorant:460
crustle,Crustle,85,120.3,134.7,115,1864,FURY_CUTTER,X_SCISSOR,ROCK_WRECKER,79.2,70.2,82.7,60.5,altaria:795;malamar_mega:747;sableye_mega:621;ninetales_shadow:595;sableye_shadow:539,corviknight:80;mimikyu:126;tinkaton:255;cramorant:285;melmetal:373
houndoom_shadow,Houndoom (Shadow),85,139.5,97.3,118,1603,INCINERATE,FOUL_PLAY,TRAILBLAZE,83.7,66.9,76.3,47.8,sableye_mega:783;tinkaton:771;sableye_shadow:741;cramorant:622;ninetales_shadow:555,quagsire_shadow:170;altaria:365;melmetal:414;stunfisk:444;mimikyu:471
spiritomb,Spiritomb,85,120.7,147.8,104,1857,SUCKER_PUNCH,ROCK_TOMB,SHADOW_BALL,78.3,68.7,79.2,66,malamar_mega:697;corviknight:668;vigoroth:663;corsola_galarian:567;quagsire_shadow:538,altaria:221;sableye_mega:325;melmetal:359;cramorant:392;mimikyu:397
steelix,Steelix,85,98.4,183.2,126,2273,THUNDER_FANG,PSYCHIC_FANGS,CRUNCH,83.5,75.9,71.4,87,cramorant:750;altaria:630;mimikyu:555;corviknight:555;sableye_mega:523,quagsire_shadow:257;melmetal:321;ninetales_shadow:357;sableye_shadow:404;tinkaton:418
gligar,Gligar,84.9,108.4,145.3,131,2065,WING_ATTACK,NIGHT_SLASH,DIG,81.2,77.6,76.7,79.4,stunfisk:713;ninetales_shadow:690;sableye_shadow:534;corsola_galarian:530;mimikyu:511,cramorant:265;sableye_mega:376;tinkaton:429;altaria:460;melmetal:489
lickilicky,Lickilicky,84.9,105.7,125.5,160,2124,ROLLOUT,BODY_SLAM,SHADOW_BALL,80.6,75.9,78.6,71.4,mimikyu:690;altaria:656;sableye_mega:603;sableye_shadow:506;quagsire_shadow:503,melmetal:287;malamar_mega:308;tinkaton:443;ninetales_shadow:444;cramorant:488
walrein_shadow,Walrein (Shadow),84.9,112.4,114.9,154,1991,POWDER_SNOW,ICICLE_SPEAR,EARTHQUAKE,74.9,74.7,80.7,60.2,altaria:801;corviknight:629;cramorant:603;thievul:551;sableye_mega:519,melmetal:126;tinkaton:141;ninetales_shadow:146;sableye_shadow:244;mimikyu:327
aurorus,Aurorus,84.8,113.5,106.3,164,1979,POWDER_SNOW,WEATHER_BALL_ICE,METEOR_BEAM,80.4,67,76,71.4,altaria:832;sableye_mega:664;thievul:594;vigoroth:576;cramorant:567,ninetales_shadow:253;mimikyu:271;tinkaton:308;melmetal:328;sableye_shadow:380
milotic,Milotic,84.8,113.1,133.8,131,1985,WATERFALL,AQUA_TAIL,WRAP,81.8,72.9,73,74.6,tinkaton:618;quagsire_shadow:599;ninetales_shadow:591;thievul:564;sableye_shadow:534,mimikyu:322;cramorant:400;altaria:416;sableye_mega:417;melmetal:438
qwilfish_hisuian,Qwilfish (Hisuian),84.8,128,112.3,121,1742,POISON_STING,AQUA_TAIL,DARK_PULSE,82.1,74.1,80,62,mimikyu:615;sableye_shadow:611;sableye_mega:578;ninetales_shadow:557;malamar_mega:537,cramorant:178;tinkaton:322;altaria:326;melmetal:345;quagsire_shadow:354
weezing_galarian_shadow,Weezing (Galarian) (Shadow),84.8,117.6,139.5,116,1905,FAIRY_WIND,SLUDGE,BRUTAL_SWING,80.3,76.8,77.5,71.9,altaria:741;sableye_mega:603;ninetales_shadow:547;sableye_shadow:538;malamar_mega:508,melmetal:85;tinkaton:212;mimikyu:233;corviknight:243;cramorant:313
greninja_shadow,Greninja (Shadow),84.7,139.5,100.3,115,1611,WATER_SHURIKEN,HYDRO_CANNON,BRUTAL_SWING,86.9,80,79.1,38.9,sableye_shadow:760;mimikyu:734;ninetales_shadow:647;melmetal:534;corviknight:526,cramorant:380;tinkaton:439;sableye_mega:458;vigoroth:465;altaria:467
metang_shadow,Metang (Shadow),84.6,108.9,145.8,129,2050,FURY_CUTTER,PSYSHOCK,GYRO_BALL,75.7,61,79.2,65.7,rillaboom:841;malamar_mega:604;florges:569;stunfisk:558;tinkaton:542,mimikyu:121;sableye_mega:188;melmetal:328;altaria:365;cramorant:476
sliggoo,Sliggoo,84.6,114.1,133.8,128,1956,DRAGON_BREATH,BODY_SLAM,DRAGON_PULSE,82.1,61.3,77.9,67.4,quagsire_shadow:750;ninetales_shadow:746;altaria:714;cramorant:539;malamar_mega:515,mimikyu:130;tinkaton:170;sableye_mega:224;melmetal:345;sableye_shadow:356
zweilous,Zweilous,84.6,120.4,110.2,140,1859,DRAGON_BREATH,BODY_SLAM,DARK_PULSE,81.2,61.1,75.7,68.7,quagsire_shadow:771;ninetales_shadow:757;sableye_shadow:600;cramorant:585;malamar_mega:578,mimikyu:130;tinkaton:212;melmetal:407;sableye_mega:426;altaria:445
flamigo,Flamigo,84.5,137.9,95.5,123,1622,PECK,UPPER_HAND,BRAVE_BIRD,79.7,79,77,48.8,vigoroth:752;altaria:703;quagsire_shadow:662;sableye_mega:577;ninetales_shadow:536,melmetal:140;cramorant:242;sableye_shadow:244;mimikyu:299;tinkaton:322
golisopod,Golisopod,84.5,124,134.6,108,1804,FURY_CUTTER,X_SCISSOR,AQUA_JET,78,63.8,78.6,66.2,electrode_hisuian:763;malamar_mega:731;thievul:717;ninetales_shadow:606;rillaboom:601,mimikyu:121;cramorant:178;melmetal:390;altaria:423;sableye_mega:472
ledian,Ledian,84.5,101.3,162.5,134,2208,ROLLOUT,DYNAMIC_PUNCH,ACROBATICS,78.4,55.7,81.6,68.7,sableye_shadow:623;thievul:589;mimikyu:563;ninetales_shadow:552;altaria:503,cramorant:349;malamar_mega:358;sableye_mega:385;melmetal:397;tinkaton:446
metang,Metang,84.5,108.9,145.8,129,2050,FURY_CUTTER,PSYSHOCK,GYRO_BALL,77.7,65.5,78.9,75.1,malamar_mega:655;florges:616;fearow:577;clodsire:558;vigoroth:503,mimikyu:121;sableye_mega:215;melmetal:335;altaria:402;cramorant:440
wartortle_shadow,Wartortle (Shadow),84.5,107.6,139,139,2080,BITE,AQUA_JET,ICE_BEAM,76,78.8,78.7,58,altaria:737;corviknight:622;quagsire_shadow:564;ninetales_shadow:532;florges:517,mimikyu:252;cramorant:388;melmetal:414;sableye_mega:477;tinkaton:496
zweilous_shadow,Zweilous (Shadow),84.5,120.4,110.2,140,1859,DRAGON_BREATH,BODY_SLAM,DARK_PULSE,78.4,67,74.9,57,corsola_galarian:821;ninetales_shadow:732;sableye_mega:714;altaria:603;sableye_shadow:582,mimikyu:149;melmetal:188;tinkaton:237;malamar_mega:254;cramorant:456
cresselia,Cresselia,84.4,93.1,160.7,160,2396,PSYCHO_CUT,GRASS_KNOT,MOONBLAST,79.2,69.6,80.7,80.3,quagsire_shadow:815;stunfisk:690;altaria:665;vigoroth:550;cramorant:515,mimikyu:219;tinkaton:315;sableye_mega:316;ninetales_shadow:329;melmetal:352
emolga,Emolga,84.4,127.5,110.2,125,1758,THUNDER_SHOCK,ACROBATICS,DISCHARGE,80.6,63.8,80.2,61.7,cramorant:776;corviknight:720;ninetales_shadow:600;melmetal:524;malamar_mega:524,sableye_shadow:164;mimikyu:191;altaria:398;tinkaton:475;sableye_mega:490
orthworm,Orthworm,84.4,109.1,154,122,2051,MUD_SLAP,ROCK_TOMB,IRON_HEAD,81.8,64.3,74,71.9,tinkaton:643;thievul:631;malamar_mega:586;sableye_shadow:577;melmetal:516,mimikyu:355;altaria:362;ninetales_shadow:384;cramorant:440;sableye_mega:481
politoed,Politoed,84.4,114,124.2,139,1970,MUD_SHOT,WEATHER_BALL_WATER,ICE_BEAM,81.2,76.8,77.6,66.5,tinkaton:615;melmetal:575;altaria:575;ninetales_shadow:535;sableye_shadow:525,mimikyu:341;corviknight:370;cramorant:396;sableye_mega:435;malamar_mega:454
sandslash_alolan,Sandslash (Alolan),84.4,115.9,133.2,125,1932,POWDER_SNOW,ICE_PUNCH,DRILL_RUN,76.8,73.4,77.1,73.2,altaria:836;tinkaton:608;sableye_mega:584;stunfisk:568;corviknight:540,melmetal:126;ninetales_shadow:130;sableye_shadow:224;mimikyu:289;cramorant:480
sylveon,Sylveon,84.4,117.3,124.6,130,1902,FAIRY_WIND,PSYSHOCK,DRAINING_KISS,77.8,63.5,78.7,74.6,thievul:826;altaria:730;sableye_mega:692;sableye_shadow:623;malamar_mega:519,tinkaton:173;mimikyu:210;melmetal:236;ninetales_shadow:337;cramorant:341
dragalge,Dragalge,84.2,117.8,143.1,113,1906,ACID,AQUA_TAIL,OUTRAGE,80,74.7,77.1,65,ninetales_shadow:769;altaria:676;vigoroth:606;cramorant:548;sableye_shadow:526,tinkaton:237;melmetal:267;mimikyu:271;malamar_mega:325;sableye_mega:495
wormadam_trash,Wormadam (Trash),84.1,104.9,151.1,135,2142,SUCKER_PUNCH,BUG_BUZZ,IRON_HEAD,77.5,62.5,83.2,78.4,malamar_mega:633;vigoroth:614;corsola_galarian:603;rillaboom:588;sableye_shadow:555,altaria:192;melmetal:311;mimikyu:383;cramorant:464;sableye_mega:477
dartrix,Dartrix,84,112.4,115.5,154,2001,PECK,BRAVE_BIRD,ENERGY_BALL,78.9,63.4,84.2,59,sableye_mega:642;sableye_shadow:574;cramorant:522;mimikyu:506;tinkaton:506,ninetales_shadow:222;thievul:240;corviknight:336;melmetal:339;altaria:467
milotic_shadow,Milotic (Shadow),84,113.1,133.8,131,1985,WATERFALL,AQUA_TAIL,WRAP,79.8,66.3,69.8,64.7,quagsire_shadow:744;tinkaton:587;thievul:541;sableye_mega:522;cramorant:519,sableye_shadow:268;altaria:307;ninetales_shadow:341;mimikyu:355;melmetal:482
raichu,Raichu,84,133.5,110.6,114,1685,VOLT_SWITCH,VOLT_TACKLE,TRAILBLAZE,82,71.9,77.6,56.8,tinkaton:815;melmetal:732;altaria:679;cramorant:653;sableye_mega:526,quagsire_shadow:177;florges:245;stunfisk:287;mimikyu:327;corsola_galarian:467
togekiss,Togekiss,84,124.2,125.8,115,1799,PECK,PSYSHOCK,AURA_SPHERE,77.8,72.8,77.1,66.5,thievul:821;vigoroth:734;altaria:639;ninetales_shadow:560;florges:521,melmetal:113;cramorant:222;tinkaton:294;mimikyu:299;sableye_mega:357
bastiodon,Bastiodon,83.9,80.6,247.6,139,2776,SMACK_DOWN,STONE_EDGE,FLAMETHROWER,70.1,36.7,76.7,85.1,altaria:758;cramorant:708;ninetales_shadow:593;sableye_mega:532;thievul:503,melmetal:174;tinkaton:187;malamar_mega:283;sableye_shadow:316;mimikyu:401
mawile_shadow,Mawile (Shadow),83.9,124.7,120.8,119,1794,FAIRY_WIND,VICE_GRIP,IRON_HEAD,81.1,68.4,76.5,69.2,malamar_mega:827;thievul:785;sableye_mega:743;sableye_shadow:701;vigoroth:647,mimikyu:247;melmetal:328;tinkaton:382;altaria:402;cramorant:452
dewott,Dewott,83.8,122.6,99.7,149,1823,FURY_CUTTER,AQUA_TAIL,X_SCISSOR,78.1,79.4,74.9,68.4,malamar_mega:815;thievul:755;tinkaton:530;quagsire_shadow:530;sableye_mega:513,mimikyu:121;altaria:264;melmetal:342;cramorant:456;ninetales_shadow:476
kommo_o,Kommo-o,83.8,123.7,137.8,106,1808,DRAGON_TAIL,CLANGING_SCALES,UPPER_HAND,77.7,56.6,82.2,56,melmetal:683;sableye_mega:665;altaria:655;ninetales_shadow:613;sableye_shadow:603,mimikyu:121;cramorant:226;tinkaton:230;corviknight:293;malamar_mega:425
mawile_mega,Mawile (Mega),83.7,124.3,147.6,98,1799,FAIRY_WIND,VICE_GRIP,IRON_HEAD,79.4,61.9,81.4,77.9,sableye_mega:566;sableye_shadow:556;malamar_mega:540;cramorant:530;altaria:515,ninetales_shadow:99;mimikyu:191;corviknight:216;melmetal:294;tinkaton:297
persian_shadow,Persian (Shadow),83.7,118.6,116.3,137,1890,SCRATCH,NIGHT_SLASH,POWER_GEM,80.1,83.2,74.3,52.8,altaria:755;corsola_galarian:613;corviknight:587;sableye_shadow:576;ninetales_shadow:569,melmetal:126;tinkaton:304;mimikyu:387;cramorant:408;sableye_mega:495
sealeo_shadow,Sealeo (Shadow),83.7,108.9,112.8,168,2065,POWDER_SNOW,SURF,BODY_SLAM,77.4,69.1,77.3,63.7,florges:866;altaria:818;thievul:610;vigoroth:577;cramorant:553,melmetal:126;ninetales_shadow:146;mimikyu:299;tinkaton:326;sableye_mega:495
articuno,Articuno,83.6,112.6,139.6,126,1981,POWDER_SNOW,ICY_WIND,HURRICANE,81.2,57.2,76.2,68.9,altaria:805;malamar_mega:773;sableye_mega:670;sableye_shadow:603;mimikyu:587,quagsire_shadow:189;tinkaton:216;ninetales_shadow:265;melmetal:277;corsola_galarian:323
cofagrigus,Cofagrigus,83.6,111.7,165.3,109,2013,SHADOW_CLAW,SHADOW_BALL,ENERGY_BALL,80.4,65.1,80.3,62.5,quagsire_shadow:733;ninetales_shadow:665;corsola_galarian:665;cramorant:582;melmetal:509,sableye_mega:188;sableye_shadow:224;mimikyu:345;tinkaton:386;altaria:452
raichu_mega_x,Raichu (Mega X),83.6,148.3,114.1,89,1507,VOLT_SWITCH,BRICK_BREAK,TRAILBLAZE,85,86.2,67.3,41.4,tinkaton:814;sableye_mega:707;melmetal:685;altaria:657;cramorant:606,quagsire_shadow:149;morpeko_full_belly:203;ninetales_shadow:242;stunfisk:293;mimikyu:373
raikou,Raikou,83.6,131.9,110.6,116,1693,THUNDER_SHOCK,WILD_CHARGE,AURA_SPHERE,79.1,63.7,81.9,59,corviknight:737;thievul:724;melmetal:633;ninetales_shadow:586;cramorant:564,sableye_shadow:164;mimikyu:191;tinkaton:304;altaria:380;sableye_mega:444
sandslash_alolan_shadow,Sandslash (Alolan) (Shadow),83.6,115.9,133.2,125,1932,POWDER_SNOW,ICE_PUNCH,DRILL_RUN,74.3,66.3,78.9,68.2,stunfisk:876;altaria:836;rillaboom:836;marowak:660;cramorant:572,melmetal:126;ninetales_shadow:130;mimikyu:299;tinkaton:386;sableye_mega:463
abomasnow_shadow,Abomasnow (Shadow),83.5,117.8,112,143,1888,POWDER_SNOW,WEATHER_BALL_ICE,ENERGY_BALL,81.1,65.4,73,60.2,altaria:807;quagsire_shadow:765;cramorant:569;sableye_mega:552;vigoroth:541,melmetal:126;ninetales_shadow:130;tinkaton:237;mimikyu:303;sableye_shadow:444
greedent,Greedent,83.5,106.8,110.7,177,2094,BITE,BODY_SLAM,TRAILBLAZE,77.1,81.7,73,72.7,quagsire_shadow:757;corsola_galarian:731;mimikyu:683;sableye_mega:612;sableye_shadow:522,tinkaton:308;melmetal:386;cramorant:392;altaria:398;ninetales_shadow:400
lickitung,Lickitung,83.5,96.6,127.7,186,2296,LICK,BODY_SLAM,POWER_WHIP,79.4,70.2,78.3,84.6,mimikyu:725;corsola_galarian:645;quagsire_shadow:642;sableye_mega:639;altaria:529,melmetal:291;tinkaton:379;ninetales_shadow:440;cramorant:468;sableye_shadow:480
overqwil,Overqwil,83.5,131,106.8,122,1708,POISON_STING,AQUA_TAIL,DARK_PULSE,80.6,72.3,77.5,59.5,thievul:635;mimikyu:610;sableye_shadow:606;malamar_mega:545;sableye_mega:512,cramorant:178;tinkaton:209;altaria:329;melmetal:352;ninetales_shadow:460
weezing_galarian,Weezing (Galarian),83.5,117.6,139.5,116,1905,FAIRY_WIND,SLUDGE,BRUTAL_SWING,78.3,77.1,77.6,77.9,altaria:762;sableye_mega:625;thievul:625;sableye_shadow:594;corsola_galarian:525,tinkaton:191;mimikyu:196;melmetal:267;cramorant:285;ninetales_shadow:373
charizard_shadow,Charizard (Shadow),83.4,132.7,108.8,117,1691,EMBER,BLAST_BURN,AIR_CUTTER,82.1,65.2,75.9,49.6,tinkaton:867;sableye_mega:739;sableye_shadow:653;malamar_mega:653;melmetal:568,quagsire_shadow:102;cramorant:123;mimikyu:247;altaria:315;ninetales_shadow:412
dubwool,Dubwool,83.4,110.6,143,128,2025,TAKE_DOWN,BODY_SLAM,WILD_CHARGE,80.9,68.1,77.3,61.5,corviknight:742;quagsire_shadow:605;cramorant:582;altaria:554;mimikyu:519,melmetal:222;sableye_shadow:384;sableye_mega:385;ninetales_shadow:396;tinkaton:421
noctowl,Noctowl,83.4,105.3,120.1,168,2126,WING_ATTACK,SHADOW_BALL,RETURN,80.1,63.1,85,59.8,mimikyu:672;sableye_mega:604;cramorant:577;ninetales_shadow:520;altaria:505,melmetal:136;tinkaton:315;corviknight:323;stunfisk:380;sableye_shadow:484
pidgeot,Pidgeot,83.4,116.9,115.5,142,1918,GUST,TWISTER,BRAVE_BIRD,80.7,61.4,84.5,70.9,sableye_shadow:654;ninetales_shadow:644;mimikyu:609;sableye_mega:563;altaria:535,quagsire_shadow:251;melmetal:297;cramorant:313;tinkaton:365;malamar_mega:475
blastoise_shadow,Blastoise (Shadow),83.3,112.1,137.7,130,2008,BITE,HYDRO_CANNON,SKULL_BASH,74.5,74.7,80.8,52.3,tinkaton:603;corviknight:596;cramorant:550;sableye_mega:507;ninetales_shadow:507,mimikyu:252;altaria:318;sableye_shadow:440;melmetal:441;malamar_mega:445
dragonite_mega,Dragonite (Mega),83.3,137.2,119.1,100,1636,DRAGON_BREATH,SUPER_POWER,THUNDER_PUNCH,78.1,55.8,80,43.6,quagsire_shadow:730;cramorant:665;ninetales_shadow:660;melmetal:580;altaria:535,mimikyu:144;tinkaton:226;malamar_mega:254;sableye_shadow:284;sableye_mega:348
giratina_altered_shadow,Giratina (Altered) (Shadow),83.3,105.2,125,159,2093,DRAGON_BREATH,DRAGON_CLAW,SHADOW_SNEAK,76.4,55.2,79.2,63.5,quagsire_shadow:773;altaria:682;vigoroth:657;ninetales_shadow:638;cramorant:540,mimikyu:126;sableye_mega:188;sableye_shadow:244;tinkaton:280;melmetal:458
qwilfish_shadow,Qwilfish (Shadow),83.3,131.1,105.5,123,1703,POISON_STING,AQUA_TAIL,SHADOW_BALL,80.6,82,72.7,44.9,florges:873;ninetales_shadow:865;electrode_hisuian:711;cramorant:634;mimikyu:626,sableye_mega:275;melmetal:308;sableye_shadow:324;tinkaton:365;altaria:398
rapidash_shadow,Rapidash (Shadow),83.3,133.6,111.5,112,1670,INCINERATE,DRILL_RUN,WILD_CHARGE,80,74.7,74.6,45.9,tinkaton:861;sableye_mega:727;malamar_mega:727;sableye_shadow:638;ninetales_shadow:616,cramorant:103;quagsire_shadow:161;mimikyu:345;melmetal:404;altaria:452
ursaluna,Ursaluna,83.3,125.6,98.6,144,1786,SCRATCH,THUNDER_PUNCH,HIGH_HORSEPOWER,77.7,79,75.7,49.1,tinkaton:812;cramorant:711;melmetal:687;corviknight:611;mimikyu:520,ninetales_shadow:218;malamar_mega:254;altaria:311;sableye_mega:417;sableye_shadow:468
ludicolo,Ludicolo,83.2,116.4,123.6,134,1931,ASTONISH,WEATHER_BALL_WATER,ENERGY_BALL,80.3,69.6,74.1,67.7,quagsire_shadow:843;ninetales_shadow:667;tinkaton:611;stunfisk:570;sableye_shadow:529,altaria:431;melmetal:458;malamar_mega:466;sableye_mega:486;mimikyu:490
magcargo,Magcargo,83.2,110.9,156.3,117,2029,EMBER,ROCK_TOMB,OVERHEAT,78.9,48.6,77.9,67.7,sableye_mega:666;altaria:632;melmetal:628;mimikyu:615;tinkaton:585,quagsire_shadow:77;vigoroth:168;florges:304;stunfisk:377;cramorant:448
abomasnow,Abomasnow,83.1,117.8,112,143,1888,POWDER_SNOW,WEATHER_BALL_ICE,ENERGY_BALL,80.4,59.3,76.5,67.7,quagsire_shadow:821;altaria:807;corviknight:646;sableye_mega:573;vigoroth:517,ninetales_shadow:130;tinkaton:219;mimikyu:247;melmetal:318;cramorant:464
diggersby_shadow,Diggersby (Shadow),83.1,95.7,140.3,174,2337,MUD_SHOT,SCORCHING_SANDS,FIRE_PUNCH,80.1,67.2,79.1,72.4,mimikyu:683;melmetal:666;sableye_mega:629;ninetales_shadow:612;tinkaton:609,cramorant:138;altaria:275;malamar_mega:308;quagsire_shadow:354;corviknight:483
houndoom_mega,Houndoom (Mega),83.1,149,104.2,97,1508,INCINERATE,FLAMETHROWER,TRAILBLAZE,77.5,76.5,79.5,41.4,malamar_mega:788;tinkaton:747;sableye_shadow:737;vigoroth:685;ninetales_shadow:587,sableye_mega:279;altaria:365;melmetal:373;mimikyu:406;cramorant:492
marowak_alolan,Marowak (Alolan),83.1,109.6,148.8,125,2041,FIRE_SPIN,BONE_CLUB,SHADOW_BONE,79.5,63.2,75.9,77.6,melmetal:764;corviknight:675;tinkaton:652;ninetales_shadow:652;malamar_mega:520,sableye_shadow:228;mimikyu:280;sableye_mega:307;altaria:344;cramorant:428
skarmory,Skarmory,83.1,105.5,166.5,121,2127,AIR_SLASH,BRAVE_BIRD,DRILL_RUN,75.8,60.1,80.7,75.9,rillaboom:685;florges:615;clodsire:599;quagsire_shadow:582;vigoroth:549,melmetal:157;cramorant:345;mimikyu:359;sableye_mega:371;altaria:496
linoone,Linoone,83,114.1,111.7,154,1965,SHADOW_CLAW,SWIFT,GRASS_KNOT,78.8,77,76,69.7,quagsire_shadow:730;corsola_galarian:691;mimikyu:652;stunfisk:561;sableye_mega:548,cramorant:325;melmetal:345;ninetales_shadow:369;tinkaton:414;altaria:416
lumineon,Lumineon,83,109,137.4,137,2052,GUST,AQUA_TAIL,SILVER_WIND,80.1,80.9,74.4,71.9,thievul:627;ninetales_shadow:609;quagsire_shadow:587;malamar_mega:551;sableye_shadow:547,mimikyu:289;melmetal:325;sableye_mega:362;altaria:409;cramorant:420
maushold,Maushold,83,116.2,121.9,136,1928,TAKE_DOWN,SWIFT,CRUNCH,80.1,67.2,73.3,64.2,corsola_galarian:661;ninetales_shadow:639;quagsire_shadow:610;mimikyu:584;altaria:547,malamar_mega:254;tinkaton:297;melmetal:325;sableye_shadow:344;sableye_mega:357
slurpuff,Slurpuff,83,116,119.4,139,1926,FAIRY_WIND,DRAINING_KISS,ENERGY_BALL,78.8,61,80,75.6,altaria:741;quagsire_shadow:726;sableye_mega:690;sableye_shadow:618;malamar_mega:528,mimikyu:205;tinkaton:212;melmetal:250;ninetales_shadow:309;cramorant:321
cetitan,Cetitan,82.9,120.1,77,202,1871,POWDER_SNOW,ICICLE_SPEAR,SUPER_POWER,76.1,62.5,81.3,67.2,altaria:799;stunfisk:695;vigoroth:611;thievul:601;sableye_mega:554,ninetales_shadow:142;tinkaton:209;mimikyu:266;cramorant:460;melmetal:496
marowak_alolan_shadow,Marowak (Alolan) (Shadow),82.9,109.6,148.8,125,2041,FIRE_SPIN,SHADOW_BONE,BONE_CLUB,74.8,56.7,72.4,72.9,melmetal:740;ninetales_shadow:732;corviknight:648;florges:632;tinkaton:620,sableye_mega:197;sableye_shadow:252;cramorant:253;mimikyu:317;altaria:420
rapidash,Rapidash,82.9,133.6,111.5,112,1670,INCINERATE,DRILL_RUN,WILD_CHARGE,75.4,84.4,74,59.8,tinkaton:892;melmetal:678;ninetales_shadow:651;corviknight:589;florges:504,cramorant:178;mimikyu:289;altaria:376;sableye_mega:412;sableye_shadow:496
cofagrigus_shadow,Cofagrigus (Shadow),82.8,111.7,165.3,109,2013,SHADOW_CLAW,SHADOW_BALL,ENERGY_BALL,75.5,57.7,81.1,49.8,quagsire_shadow:651;melmetal:623;vigoroth:610;ninetales_shadow:577;altaria:518,sableye_mega:188;sableye_shadow:244;cramorant:265;mimikyu:457;tinkaton:471
nidoqueen,Nidoqueen,82.8,116.5,118.4,139,1920,MUD_SLAP,EARTH_POWER,POISON_FANG,79.5,69.9,74.3,71.9,melmetal:715;stunfisk:651;ninetales_shadow:640;tinkaton:611;sableye_mega:589,malamar_mega:262;cramorant:293;altaria:362;mimikyu:439;sableye_shadow:488
piloswine_shadow,Piloswine (Shadow),82.8,121,99.4,154,1855,POWDER_SNOW,ICICLE_SPEAR,HIGH_HORSEPOWER,74.6,58.4,76.3,46.1,tinkaton:824;altaria:801;malamar_mega:737;sableye_shadow:704;sableye_mega:522,ninetales_shadow:130;melmetal:157;cramorant:242;mimikyu:299;corviknight:426
runerigus,Runerigus,82.8,111.7,165.3,109,2013,SHADOW_CLAW,SHADOW_BALL,ROCK_TOMB,81.2,70.6,74.4,61,melmetal:642;ninetales_shadow:573;altaria:568;corviknight:564;malamar_mega:504,sableye_shadow:224;sableye_mega:243;mimikyu:369;tinkaton:386;vigoroth:493
dragonite_shadow,Dragonite (Shadow),82.7,135.8,107.3,113,1647,DRAGON_BREATH,THUNDER_PUNCH,SUPER_POWER,83.4,64.6,77.1,40.9,ninetales_shadow:663;malamar_mega:641;cramorant:610;altaria:553;melmetal:504,tinkaton:95;mimikyu:233;corsola_galarian:424;sableye_mega:458;sableye_shadow:480
greninja,Greninja,82.7,139.5,100.3,115,1611,WATER_SHURIKEN,HYDRO_CANNON,BRUTAL_SWING,80.7,77.3,73.2,46.1,mimikyu:769;corsola_galarian:760;ninetales_shadow:717;thievul:582;corviknight:569,cramorant:313;tinkaton:365;sableye_mega:376;altaria:380;melmetal:431
lopunny,Lopunny,82.7,112,143.6,124,1996,LOW_KICK,THUNDER_PUNCH,TRIPLE_AXEL,78.1,78.7,72.8,68.9,corviknight:673;corsola_galarian:657;vigoroth:600;altaria:548;sableye_mega:544,cramorant:329;ninetales_shadow:349;mimikyu:406;melmetal:434;tinkaton:443
machamp_shadow,Machamp (Shadow),82.7,135.4,98.6,124,1656,KARATE_CHOP,CROSS_CHOP,ROCK_SLIDE,81.1,81.1,75.2,41.6,melmetal:866;thievul:802;vigoroth:737;tinkaton:629;quagsire_shadow:520,mimikyu:121;ninetales_shadow:194;sableye_mega:380;sableye_shadow:396;altaria:438
tentacruel,Tentacruel,82.6,108.9,143.5,131,2047,ACID,SCALD,PAYBACK,75.8,62.5,79.5,65,ninetales_shadow:713;cramorant:595;tinkaton:591;sableye_shadow:553;thievul:549,malamar_mega:187;sableye_mega:344;melmetal:356;mimikyu:392;altaria:467
ampharos_shadow,Ampharos (Shadow),82.5,126.8,107.9,129,1766,VOLT_SWITCH,BRUTAL_SWING,TRAILBLAZE,81.7,84.2,65.5,56.5,cramorant:887;sableye_shadow:686;malamar_mega:686;melmetal:585;ninetales_shadow:511,altaria:373;mimikyu:378;tinkaton:393;sableye_mega:467;vigoroth:496
audino_mega,Audino (Mega),82.5,95.6,160.3,153,2347,CHARGE_BEAM,BODY_SLAM,DISARMING_VOICE,76.4,58.7,77.5,83.3,sableye_shadow:715;sableye_mega:663;thievul:650;altaria:624;corsola_galarian:601,tinkaton:173;melmetal:222;ninetales_shadow:349;malamar_mega:408;mimikyu:448
kecleon,Kecleon,82.5,115.5,142.2,118,1940,SUCKER_PUNCH,THUNDER_PUNCH,DYNAMIC_PUNCH,76.8,63.2,80.7,62.5,quagsire_shadow:669;vigoroth:605;ninetales_shadow:597;mimikyu:588;cramorant:588,tinkaton:312;melmetal:397;sableye_mega:444;sableye_shadow:464;altaria:481
coalossal,Coalossal,82.4,98.1,139.3,167,2285,FIRE_SPIN,ROCK_SLIDE,FLAME_CHARGE,76.3,48.6,74.9,80.3,ninetales_shadow:763;sableye_mega:706;sableye_shadow:628;tinkaton:604;altaria:583,cramorant:202;quagsire_shadow:217;vigoroth:279;mimikyu:439;melmetal:445
latias,Latias,82.4,124.5,138.9,104,1799,DRAGON_BREATH,AURA_SPHERE,MIST_BALL,78.4,64.1,74,54.5,vigoroth:802;ninetales_shadow:750;melmetal:658;altaria:634;cramorant:524,mimikyu:121;sableye_shadow:244;tinkaton:255;sableye_mega:302;malamar_mega:458
poliwrath,Poliwrath,82.4,115.8,122,137,1936,MUD_SHOT,ICY_WIND,DYNAMIC_PUNCH,75.8,71.4,75.5,65.2,thievul:704;melmetal:675;quagsire_shadow:624;altaria:583;corviknight:536,mimikyu:130;cramorant:206;tinkaton:336;sableye_mega:440;sableye_shadow:460
trumbeak_shadow,Trumbeak (Shadow),82.4,133.7,94.3,132,1665,PECK,DRILL_PECK,ROCK_BLAST,80.9,73.7,72.7,42.4,sableye_shadow:844;malamar_mega:693;quagsire_shadow:651;cramorant:617;sableye_mega:598,melmetal:140;ninetales_shadow:281;tinkaton:312;mimikyu:387;altaria:431
crustle_shadow,Crustle (Shadow),82.3,120.3,134.7,115,1864,FURY_CUTTER,X_SCISSOR,ROCK_WRECKER,74,64.6,78.9,46.6,malamar_mega:773;sableye_shadow:734;altaria:695;sableye_mega:556;ninetales_shadow:552,mimikyu:140;cramorant:162;melmetal:167;tinkaton:287;corviknight:473
raikou_shadow,Raikou (Shadow),82.3,133.5,109.9,113,1659,THUNDER_SHOCK,WILD_CHARGE,AURA_SPHERE,83.8,80.2,80.7,30.7,tinkaton:738;sableye_mega:730;melmetal:685;sableye_shadow:641;cramorant:535,ninetales_shadow:182;mimikyu:247;quagsire_shadow:391;corsola_galarian:467;altaria:478
dedenne,Dedenne,82.2,124.3,109,133,1804,THUNDER_SHOCK,DISCHARGE,PLAY_ROUGH,75.8,54.5,79.2,69.7,cramorant:785;thievul:687;altaria:672;sableye_mega:665;sableye_shadow:548,mimikyu:191;tinkaton:265;malamar_mega:312;melmetal:342;ninetales_shadow:384
victreebel_shadow,Victreebel (Shadow),82.2,135.1,93.5,131,1656,SUCKER_PUNCH,LEAF_BLADE,ACID_SPRAY,80.9,75.9,71.9,41.1,sableye_mega:729;sableye_shadow:652;quagsire_shadow:648;melmetal:545;malamar_mega:538,ninetales_shadow:257;tinkaton:315;corviknight:326;altaria:347;mimikyu:364
amoonguss,Amoonguss,82.1,109.3,105.9,177,2050,ASTONISH,FOUL_PLAY,GRASS_KNOT,78.4,62.3,77.9,70.9,quagsire_shadow:655;tinkaton:601;sableye_shadow:545;mimikyu:519;cramorant:511,malamar_mega:208;altaria:311;ninetales_shadow:420;sableye_mega:467;melmetal:469
ampharos,Ampharos,82.1,126.8,107.9,129,1766,VOLT_SWITCH,BRUTAL_SWING,TRAILBLAZE,78,76.5,71.4,72.9,cramorant:856;vigoroth:686;quagsire_shadow:612;thievul:527;corviknight:507,altaria:329;tinkaton:333;mimikyu:345;sableye_mega:431;melmetal:441
castform,Castform,82.1,112.6,121.2,146,1994,HEX,WEATHER_BALL_ROCK,ENERGY_BALL,78.1,66,74.3,68.4,mimikyu:821;sableye_mega:732;quagsire_shadow:647;altaria:592;cramorant:544,melmetal:215;malamar_mega:245;ninetales_shadow:392;tinkaton:407;sableye_shadow:484
dodrio,Dodrio,82,143.7,98.4,110,1557,PECK,DRILL_PECK,BRAVE_BIRD,79.8,67.3,75.7,39.7,malamar_mega:722;altaria:668;cramorant:645;sableye_mega:581;sableye_shadow:527,melmetal:113;ninetales_shadow:242;tinkaton:255;mimikyu:327;corviknight:456
greninja_mega,Greninja (Mega),82,154.1,97.1,97,1453,WATER_SHURIKEN,HYDRO_CANNON,BRUTAL_SWING,82.1,72.6,75.9,35.9,ninetales_shadow:886;mimikyu:726;corsola_galarian:716;tinkaton:623;thievul:525,cramorant:333;sableye_mega:408;altaria:409;sableye_shadow:460;melmetal:462
bronzong,Bronzong,81.9,110.8,152.2,120,2026,CONFUSION,PSYSHOCK,BULLDOZE,78.6,66.4,75.2,74.1,vigoroth:641;cramorant:620;altaria:579;stunfisk:579;melmetal:520,sableye_mega:256;mimikyu:289;sableye_shadow:292;ninetales_shadow:313;tinkaton:485
aurorus_shadow,Aurorus (Shadow),81.8,113.5,106.3,164,1979,POWDER_SNOW,WEATHER_BALL_ICE,METEOR_BEAM,74.9,56.7,70.4,54.5,altaria:832;sableye_mega:600;stunfisk:591;thievul:533;vigoroth:515,melmetal:113;ninetales_shadow:146;sableye_shadow:260;mimikyu:308;tinkaton:333
croconaw,Croconaw,81.8,117.7,120,135,1908,SCRATCH,ICE_PUNCH,WATER_PULSE,74.9,69,76.7,56.5,tinkaton:596;quagsire_shadow:581;florges:525;ninetales_shadow:518;vigoroth:511,mimikyu:130;sableye_mega:348;cramorant:376;melmetal:414;altaria:489
gastrodon,Gastrodon,81.8,113.2,103.4,168,1967,MUD_SLAP,BODY_SLAM,EARTH_POWER,79.8,57.2,75.4,72.9,malamar_mega:755;melmetal:726;tinkaton:663;sableye_mega:583;sableye_shadow:514,altaria:250;mimikyu:271;ninetales_shadow:281;cramorant:305;corviknight:333
grafaiai,Grafaiai,81.8,134.2,107.7,115,1664,SCRATCH,POISON_FANG,FOUL_PLAY,79.4,80.2,68.5,59,florges:865;mimikyu:686;corsola_galarian:600;ninetales_shadow:578;sableye_shadow:504,melmetal:352;tinkaton:382;altaria:413;sableye_mega:463;cramorant:480
raichu_alolan,Raichu (Alolan),81.8,135.4,109.9,111,1653,VOLT_SWITCH,VOLT_TACKLE,PSYSHOCK,81.5,77.3,70.4,53.8,malamar_mega:815;melmetal:743;cramorant:675;sableye_shadow:545;ninetales_shadow:540,mimikyu:266;quagsire_shadow:403;altaria:449;sableye_mega:477;tinkaton:478
blaziken_shadow,Blaziken (Shadow),81.7,143.9,90.8,119,1556,EMBER,AURA_SPHERE,BLAZE_KICK,85.8,83.8,78.3,27.5,melmetal:827;tinkaton:823;corviknight:794;ninetales_shadow:600;mimikyu:558,quagsire_shadow:102;cramorant:265;altaria:297;sableye_mega:435;sableye_shadow:452
bombirdier,Bombirdier,81.7,127.8,117.1,117,1752,SUCKER_PUNCH,FLY,DRILL_RUN,72.8,67.5,76.2,54,corsola_galarian:824;malamar_mega:658;jellicent:645;sableye_shadow:641;ninetales_shadow:572,sableye_mega:279;altaria:318;melmetal:332;mimikyu:383;cramorant:408
castform_snowy,Castform (Snowy),81.7,112.6,121.2,146,1994,POWDER_SNOW,WEATHER_BALL_ICE,BLIZZARD,75.7,60.1,77.8,65,altaria:859;sableye_mega:613;cramorant:565;sableye_shadow:520;mimikyu:517,tinkaton:141;malamar_mega:170;quagsire_shadow:189;ninetales_shadow:242;melmetal:277
charizard,Charizard,81.7,132.7,108.8,117,1691,EMBER,BLAST_BURN,AIR_CUTTER,79.1,58.3,75.7,62.7,tinkaton:910;malamar_mega:739;sableye_shadow:696;melmetal:641;ninetales_shadow:512,cramorant:123;mimikyu:191;altaria:246;quagsire_shadow:295;vigoroth:486
tinkatuff,Tinkatuff,81.7,104.1,134.4,149,2087,FAIRY_WIND,PLAY_ROUGH,FLASH_CANNON,78.1,56.9,81.4,79.9,malamar_mega:808;thievul:748;sableye_mega:731;sableye_shadow:664;altaria:654,ninetales_shadow:107;mimikyu:275;melmetal:284;tinkaton:365;cramorant:424
zapdos_shadow,Zapdos (Shadow),81.7,138.1,103.4,112,1601,THUNDER_SHOCK,DRILL_PECK,HEAT_WAVE,81.5,85,76.5,36.7,corviknight:816;fearow:794;tinkaton:736;cramorant:718;melmetal:620,ninetales_shadow:162;mimikyu:247;altaria:394;sableye_mega:422;sableye_shadow:448
castform_rainy,Castform (Rainy),81.6,112.6,121.2,146,1994,WATER_GUN,WEATHER_BALL_WATER,THUNDER,75.5,62,76.7,59.3,tinkaton:630;ninetales_shadow:558;sableye_shadow:541;cramorant:523;corviknight:503,sableye_mega:288;mimikyu:303;malamar_mega:412;melmetal:445;altaria:456
dewgong_shadow,Dewgong (Shadow),81.6,101.9,136.9,157,2192,ICE_SHARD,ICY_WIND,DRILL_RUN,75.8,64.3,75.1,58.5,tinkaton:652;altaria:649;stunfisk:649;cramorant:621;corviknight:573,ninetales_shadow:182;melmetal:188;mimikyu:415;sableye_mega:467;sableye_shadow:468
hakamo_o,Hakamo-o,81.6,115.5,135.5,124,1942,DRAGON_TAIL,BRICK_BREAK,ROCK_TOMB,77.7,54.6,62.9,69.4,ninetales_shadow:786;altaria:705;quagsire_shadow:608;thievul:528;sableye_shadow:520,mimikyu:121;sableye_mega:288;tinkaton:315;cramorant:317;melmetal:404
murkrow,Murkrow,81.6,143.1,81.1,135,1568,PECK,DRILL_PECK,FOUL_PLAY,80.6,75.9,74.4,42.1,malamar_mega:848;sableye_shadow:774;quagsire_shadow:666;cramorant:659;corviknight:655,melmetal:113;tinkaton:255;mimikyu:327;altaria:409;sableye_mega:477
pidgeot_shadow,Pidgeot (Shadow),81.6,116.9,115.5,142,1918,GUST,TWISTER,BRAVE_BIRD,78.1,63.1,81.1,64,altaria:742;sableye_mega:651;sableye_shadow:612;ninetales_shadow:566;mimikyu:524,tinkaton:216;malamar_mega:295;quagsire_shadow:298;cramorant:301;melmetal:359
primarina,Primarina,81.6,131.6,115.6,112,1705,WATERFALL,MOONBLAST,HYDRO_CANNON,73.1,54.6,77.5,50.6,thievul:727;clodsire:727;altaria:647;sableye_shadow:522;quagsire_shadow:508,cramorant:170;melmetal:267;mimikyu:308;tinkaton:468;sableye_mega:490
volbeat,Volbeat,81.6,111.4,136.2,133,2019,INFESTATION,LUNGE,THUNDERBOLT,77.8,49,73.2,70.7,malamar_mega:665;sableye_shadow:639;thievul:635;quagsire_shadow:582;sableye_mega:515,cramorant:142;mimikyu:177;tinkaton:287;melmetal:356;altaria:365
machoke_shadow,Machoke (Shadow),81.5,126.7,97.3,143,1766,KARATE_CHOP,CROSS_CHOP,DYNAMIC_PUNCH,81.1,62.5,74.8,55.3,melmetal:884;tinkaton:678;quagsire_shadow:636;malamar_mega:618;ninetales_shadow:548,mimikyu:121;altaria:293;sableye_shadow:340;sableye_mega:344;cramorant:384
throh,Throh,81.5,110.2,107.7,171,2032,LOW_KICK,BRICK_BREAK,BODY_SLAM,76.3,59.6,68.8,81.6,thievul:850;melmetal:725;vigoroth:660;corviknight:602;quagsire_shadow:558,mimikyu:158;altaria:257;cramorant:277;tinkaton:315;sableye_mega:357
fletchinder,Fletchinder,81.4,123.3,102.6,143,1811,PECK,FLY,HEAT_WAVE,73.8,56.6,77,64,ninetales_shadow:741;melmetal:660;tinkaton:587;corviknight:538;altaria:510,quagsire_shadow:220;sableye_shadow:264;mimikyu:289;sableye_mega:495;cramorant:496
rufflet,Rufflet,81.4,126.7,92.1,152,1775,PECK,BRAVE_BIRD,FLY,72.9,53.7,81.4,49.1,sableye_mega:674;sableye_shadow:625;ninetales_shadow:585;altaria:532;mimikyu:523,malamar_mega:212;quagsire_shadow:220;cramorant:242;tinkaton:258;melmetal:445
skarmory_shadow,Skarmory (Shadow),81.4,105.5,166.5,121,2127,AIR_SLASH,BRAVE_BIRD,DRILL_RUN,74.1,52.7,78.4,67.2,rillaboom:636;florges:590;malamar_mega:557;corsola_galarian:541;vigoroth:516,melmetal:188;altaria:253;mimikyu:303;cramorant:396;sableye_mega:440
samurott_shadow,Samurott (Shadow),81.3,128,100.8,136,1756,FURY_CUTTER,HYDRO_CANNON,MEGAHORN,70.9,66.1,77.3,40.4,malamar_mega:716;quagsire_shadow:705;sableye_shadow:702;vigoroth:702;corviknight:555,melmetal:126;mimikyu:140;cramorant:178;sableye_mega:188;altaria:322
altaria_mega,Altaria (Mega),81.2,126.2,128.5,109,1769,DRAGON_BREATH,MOONBLAST,FLAMETHROWER,69.2,55.1,82.1,50.1,altaria:766;ninetales_shadow:669;thievul:669;cramorant:536;quagsire_shadow:518,tinkaton:95;mimikyu:126;sableye_mega:224;sableye_shadow:304;melmetal:356
grumpig_shadow,Grumpig (Shadow),81.2,113.3,131.4,132,1967,PSYWAVE,DYNAMIC_PUNCH,MIRROR_COAT,72.9,67.2,75.5,50.1,vigoroth:734;quagsire_shadow:670;florges:666;melmetal:640;ninetales_shadow:606,sableye_mega:96;cramorant:265;mimikyu:359;tinkaton:382;altaria:456
lurantis_shadow,Lurantis (Shadow),81.2,126.2,117.8,119,1770,FURY_CUTTER,LEAF_BLADE,SUPER_POWER,77.1,68.7,74.9,51.8,quagsire_shadow:920;malamar_mega:768;vigoroth:756;thievul:693;melmetal:596,mimikyu:149;tinkaton:223;altaria:257;sableye_mega:412;cramorant:436
electivire_shadow,Electivire (Shadow),81.1,143.3,100.8,108,1562,THUNDER_SHOCK,ICE_PUNCH,WILD_CHARGE,81.5,84.8,84.5,23.5,tinkaton:773;altaria:745;cramorant:708;sableye_mega:671;sableye_shadow:625,quagsire_shadow:102;ninetales_shadow:162;melmetal:188;mimikyu:247;corsola_galarian:474
houndoom,Houndoom,81.1,139.5,97.3,118,1603,INCINERATE,FOUL_PLAY,TRAILBLAZE,78.1,66.6,68.5,51.8,malamar_mega:826;sableye_shadow:783;tinkaton:771;ninetales_shadow:665;sableye_mega:504,quagsire_shadow:142;altaria:304;melmetal:352;mimikyu:401;cramorant:428
machamp,Machamp,81.1,135.4,98.6,124,1656,KARATE_CHOP,CROSS_CHOP,ROCK_SLIDE,76.8,62.8,72.7,55.3,melmetal:866;thievul:834;vigoroth:802;ninetales_shadow:568;quagsire_shadow:564,mimikyu:79;cramorant:123;sableye_mega:344;altaria:387;tinkaton:471
scizor_shadow,Scizor (Shadow),81.1,137.8,112,105,1622,FURY_CUTTER,NIGHT_SLASH,TRAILBLAZE,77.8,72,66,53.8,malamar_mega:852;vigoroth:776;thievul:609;stunfisk:538;quagsire_shadow:528,cramorant:166;mimikyu:242;altaria:322;melmetal:366;sableye_mega:477
solrock,Solrock,81.1,119.1,108.6,145,1876,PSYWAVE,WEATHER_BALL_FIRE,ROCK_SLIDE,75.4,81.5,70.1,53.8,dragonite_mega:789;deoxys_defense:586;florges:565;fearow:551;ninetales_shadow:537,mimikyu:261;sableye_mega:293;cramorant:325;melmetal:410;altaria:489
gyarados,Gyarados,81,130.7,108.5,121,1717,DRAGON_BREATH,AQUA_TAIL,TWISTER,75.5,75,73.5,59.3,ninetales_shadow:743;araquanid:586;deoxys_defense:578;annihilape:545;cramorant:504,mimikyu:121;tinkaton:234;melmetal:318;sableye_mega:376;altaria:492
zeraora,Zeraora,81,138.3,100.9,114,1592,VOLT_SWITCH,PLASMA_FISTS,DYNAMIC_PUNCH,78.8,77.7,71.7,45.4,cramorant:872;malamar_mega:732;corviknight:732;vigoroth:732;melmetal:605,ninetales_shadow:226;mimikyu:331;altaria:376;tinkaton:400;sableye_mega:417
cradily_shadow,Cradily (Shadow),80.9,105.2,140.3,144,2126,ACID,ROCK_TOMB,GRASS_KNOT,77.5,58.6,74.4,52.8,malamar_mega:770;quagsire_shadow:732;ninetales_shadow:697;altaria:597;cramorant:572,melmetal:92;tinkaton:141;sableye_mega:389;mimikyu:392;sableye_shadow:460
probopass,Probopass,80.9,95.9,203.1,119,2320,ROCK_THROW,ROCK_SLIDE,MAGNET_BOMB,75.1,46.9,75.9,82.3,altaria:739;cramorant:718;ninetales_shadow:710;sableye_mega:533;vigoroth:533,melmetal:208;sableye_shadow:320;tinkaton:340;malamar_mega:341;mimikyu:467
toxtricity,Toxtricity,80.9,141.2,95.3,118,1590,ACID,WILD_CHARGE,SWIFT,81.5,48.9,73.3,47.1,sableye_shadow:656;corviknight:656;malamar_mega:572;cramorant:542;altaria:508,melmetal:136;tinkaton:141;sableye_mega:142;mimikyu:303;ninetales_shadow:420
vespiquen,Vespiquen,80.9,108.8,143.4,132,2062,FURY_CUTTER,X_SCISSOR,POWER_GEM,73.2,68.4,74.6,66.2,thievul:768;malamar_mega:685;florges:602;sableye_shadow:594;ninetales_shadow:515,mimikyu:257;cramorant:273;melmetal:284;sableye_mega:435;altaria:467
amaura_shadow,Amaura (Shadow),80.8,114.2,104.1,165,1965,POWDER_SNOW,WEATHER_BALL_ICE,THUNDERBOLT,74,63.2,70.9,56,fearow:860;altaria:833;stunfisk:587;thievul:533;vigoroth:506,melmetal:113;ninetales_shadow:146;mimikyu:303;tinkaton:333;sableye_mega:422
pangoro_shadow,Pangoro (Shadow),80.8,133.9,93.7,133,1670,KARATE_CHOP,CLOSE_COMBAT,NIGHT_SLASH,88.1,77,79.5,44.6,malamar_mega:793;vigoroth:725;quagsire_shadow:597;melmetal:526;ninetales_shadow:503,sableye_mega:334;cramorant:353;mimikyu:383;altaria:438;tinkaton:496
typhlosion_shadow,Typhlosion (Shadow),80.8,132.7,108.8,117,1691,INCINERATE,BLAST_BURN,THUNDER_PUNCH,78.4,74.1,72.7,47.8,tinkaton:867;melmetal:662;malamar_mega:653;ninetales_shadow:649;cramorant:619,quagsire_shadow:161;sableye_mega:298;altaria:311;mimikyu:345;sableye_shadow:356
fletchinder_shadow,Fletchinder (Shadow),80.7,123.3,102.6,143,1811,PECK,FLY,HEAT_WAVE,67.7,59.9,75.4,53.1,tinkaton:870;ninetales_shadow:678;corviknight:629;melmetal:594;altaria:503,malamar_mega:254;cramorant:261;sableye_shadow:264;sableye_mega:279;mimikyu:289
ledian_shadow,Ledian (Shadow),80.7,101.3,162.5,134,2208,ROLLOUT,DYNAMIC_PUNCH,ACROBATICS,74.3,49.8,75.9,52.3,rillaboom:757;florges:615;sableye_shadow:589;malamar_mega:537;vigoroth:529,mimikyu:186;cramorant:226;sableye_mega:463;altaria:471;melmetal:472
lunatone,Lunatone,80.7,119.1,108.6,145,1876,PSYWAVE,WEATHER_BALL_ICE,ROCK_SLIDE,76.8,77,69.6,56,stunfisk:600;florges:565;cramorant:541;ninetales_shadow:537;altaria:524,mimikyu:261;sableye_shadow:264;tinkaton:290;sableye_mega:293;melmetal:311
regirock,Regirock,80.7,104.5,179.9,114,2144,LOCK_ON,STONE_EDGE,FOCUS_BLAST,73.1,71.1,85,56.3,cramorant:640;ninetales_shadow:627;sableye_mega:622;vigoroth:596;altaria:557,mimikyu:163;tinkaton:223;melmetal:253;malamar_mega:370;sableye_shadow:376
blaziken,Blaziken,80.6,143.9,90.8,119,1556,EMBER,AURA_SPHERE,BLAST_BURN,81.4,72.5,75.9,33.7,tinkaton:815;corviknight:743;melmetal:668;sableye_shadow:659;sableye_mega:554,quagsire_shadow:77;mimikyu:233;altaria:275;cramorant:309;ninetales_shadow:464
scizor,Scizor,80.6,137.8,112,105,1622,FURY_CUTTER,NIGHT_SLASH,TRAILBLAZE,75.8,67.5,69,67.2,malamar_mega:833;rillaboom:823;thievul:661;quagsire_shadow:619;stunfisk:576,mimikyu:149;altaria:300;melmetal:315;cramorant:365;sableye_mega:403
trumbeak,Trumbeak,80.6,134,93.2,134,1676,PECK,DRILL_PECK,ROCK_BLAST,77.1,68.2,74,55.3,sableye_shadow:884;fearow:735;jellicent:634;sableye_mega:600;ninetales_shadow:570,tinkaton:248;melmetal:291;mimikyu:327;altaria:398;malamar_mega:445
centiskorch,Centiskorch,80.5,128.7,99.4,136,1740,EMBER,LUNGE,HEAT_WAVE,75.1,64.8,73.5,73.4,malamar_mega:775;melmetal:757;tinkaton:709;corviknight:580;sableye_mega:533,cramorant:123;mimikyu:224;ninetales_shadow:313;altaria:351;sableye_shadow:432
gyarados_shadow,Gyarados (Shadow),80.5,130.7,108.5,121,1717,DRAGON_BREATH,AQUA_TAIL,TWISTER,78.8,75.5,73.3,43.9,altaria:760;fearow:735;ninetales_shadow:710;corviknight:652;araquanid:553,mimikyu:149;tinkaton:262;melmetal:349;sableye_mega:366;sableye_shadow:456
whimsicott,Whimsicott,80.5,118.7,135,118,1892,FAIRY_WIND,SEED_BOMB,MOONBLAST,75.7,54.3,77.3,78.9,quagsire_shadow:919;sableye_mega:826;malamar_mega:741;altaria:699;sableye_shadow:639,ninetales_shadow:99;mimikyu:191;tinkaton:219;melmetal:297;cramorant:317
zapdos,Zapdos,80.5,135.6,104.6,115,1633,THUNDER_SHOCK,DRILL_PECK,HEAT_WAVE,75.8,75.9,74.9,57.3,fearow:839;cramorant:760;azumarill:760;corviknight:708;melmetal:665,mimikyu:191;altaria:311;sableye_mega:362;ninetales_shadow:440;tinkaton:443
bellossom,Bellossom,80.4,115,132.2,128,1948,ACID,LEAF_BLADE,DAZZLING_GLEAM,72.6,64.9,76.2,68.4,quagsire_shadow:824;stunfisk:789;florges:777;morpeko_full_belly:750;sableye_shadow:519,altaria:206;melmetal:222;mimikyu:252;cramorant:416;sableye_mega:490
gliscor,Gliscor,80.4,115.6,144.4,116,1939,WING_ATTACK,NIGHT_SLASH,ACROBATICS,78.4,65.7,80.5,65.7,quagsire_shadow:672;ninetales_shadow:659;malamar_mega:616;vigoroth:560;sableye_shadow:538,mimikyu:252;cramorant:273;melmetal:328;altaria:438;sableye_mega:490
grimmsnarl,Grimmsnarl,80.4,136.2,90.8,133,1646,SUCKER_PUNCH,FOUL_PLAY,DRAINING_KISS,73.2,64.9,70,52.6,corsola_galarian:785;sableye_mega:736;sableye_shadow:631;thievul:605;malamar_mega:548,tinkaton:187;melmetal:250;cramorant:353;mimikyu:383;altaria:431
mightyena_shadow,Mightyena (Shadow),80.4,125.8,105.7,133,1771,SUCKER_PUNCH,CRUNCH,POISON_FANG,75.8,78.8,64.5,57.3,corsola_galarian:785;stunfisk:593;mimikyu:560;sableye_shadow:533;corviknight:503,melmetal:301;altaria:307;sableye_mega:334;tinkaton:336;cramorant:392
hawlucha,Hawlucha,80.3,127.4,107.6,128,1756,LOW_KICK,FLYING_PRESS,AERIAL_ACE,75.8,54.6,74.6,57.8,vigoroth:761;quagsire_shadow:714;ninetales_shadow:621;corviknight:585;melmetal:578,mimikyu:121;cramorant:162;altaria:268;sableye_mega:311;tinkaton:443
latias_shadow,Latias (Shadow),80.3,126.7,135.1,103,1765,DRAGON_BREATH,AURA_SPHERE,MIST_BALL,75.5,65.1,71.1,41.4,malamar_mega:800;quagsire_shadow:708;vigoroth:703;ninetales_shadow:689;melmetal:621,mimikyu:121;cramorant:265;sableye_mega:279;tinkaton:294;altaria:471
nidoqueen_shadow,Nidoqueen (Shadow),80.3,116.5,118.4,139,1920,MUD_SLAP,EARTH_POWER,POISON_FANG,73.7,59.3,70.9,62.5,tinkaton:866;vigoroth:705;melmetal:676;ninetales_shadow:597;sableye_mega:507,altaria:250;malamar_mega:270;sableye_shadow:276;cramorant:293;mimikyu:364
swanna,Swanna,80.3,128.5,101,134,1742,GUST,AQUA_JET,FLY,75.5,62.5,77,57.5,araquanid:652;ninetales_shadow:608;azumarill:597;vigoroth:529;cramorant:514,mimikyu:345;altaria:347;tinkaton:407;melmetal:438;sableye_mega:477
primeape_shadow,Primeape (Shadow),80.2,138.7,100.1,116,1611,KARATE_CHOP,RAGE_FIST,ICE_PUNCH,80,81.7,64.2,45.9,altaria:762;thievul:762;vigoroth:685;rillaboom:685;melmetal:512,mimikyu:135;ninetales_shadow:218;sableye_mega:353;cramorant:361;tinkaton:404
throh_shadow,Throh (Shadow),80.2,110.2,107.7,171,2032,LOW_KICK,BRICK_BREAK,BODY_SLAM,76.1,60.5,67.7,71.4,thievul:821;melmetal:675;ninetales_shadow:611;vigoroth:570;corviknight:558,mimikyu:182;altaria:268;cramorant:349;sableye_mega:362;tinkaton:379
dewott_shadow,Dewott (Shadow),80.1,124.1,99.7,146,1808,FURY_CUTTER,AQUA_TAIL,X_SCISSOR,75.1,70.9,73.3,50.6,malamar_mega:750;electrode_hisuian:750;ninetales_shadow:719;thievul:719;clodsire:561,mimikyu:121;cramorant:178;altaria:275;melmetal:335;sableye_mega:385
gogoat,Gogoat,80.1,119.7,94.9,165,1876,VINE_WHIP,LEAF_BLADE,ROCK_SLIDE,73.8,61.6,74.8,65.7,quagsire_shadow:915;stunfisk:766;sableye_mega:560;vigoroth:551;malamar_mega:512,ninetales_shadow:99;tinkaton:234;melmetal:260;mimikyu:271;altaria:322
mamoswine_shadow,Mamoswine (Shadow),80.1,136.2,87.3,138,1642,POWDER_SNOW,ICICLE_SPEAR,HIGH_HORSEPOWER,76.6,53.1,71.9,36.2,tinkaton:778;altaria:706;malamar_mega:706;sableye_shadow:634;cramorant:630,melmetal:140;ninetales_shadow:162;quagsire_shadow:226;mimikyu:355;sableye_mega:486
pangoro,Pangoro,80.1,133.9,93.7,133,1670,KARATE_CHOP,CLOSE_COMBAT,NIGHT_SLASH,84.3,68.2,73.6,56.8,malamar_mega:845;vigoroth:793;quagsire_shadow:642;melmetal:609;ninetales_shadow:586,cramorant:123;sableye_mega:252;mimikyu:299;altaria:387;tinkaton:425
pawmot,Pawmot,80.1,145,95.4,112,1552,THUNDER_SHOCK,BRICK_BREAK,WILD_CHARGE,79.8,71.1,74.9,36.4,sableye_mega:727;corviknight:723;melmetal:691;cramorant:678;sableye_shadow:638,ninetales_shadow:202;altaria:235;mimikyu:252;quagsire_shadow:304;tinkaton:358
trevenant_shadow,Trevenant (Shadow),80.1,127.8,104.6,131,1752,SHADOW_CLAW,SHADOW_BALL,FOUL_PLAY,73.7,66.9,68.7,50.1,tinkaton:793;vigoroth:599;corsola_galarian:583;melmetal:580;corviknight:557,ninetales_shadow:226;sableye_mega:233;cramorant:242;altaria:478;mimikyu:481
typhlosion,Typhlosion,80.1,132.7,108.8,117,1691,INCINERATE,BLAST_BURN,THUNDER_PUNCH,75.2,70.3,75.9,56,tinkaton:871;corviknight:739;cramorant:662;melmetal:576;sableye_mega:538,mimikyu:289;sableye_shadow:292;altaria:336;malamar_mega:437;ninetales_shadow:496
abomasnow_mega,Abomasnow (Mega),80,130.9,110,118,1700,POWDER_SNOW,WEATHER_BALL_ICE,ENERGY_BALL,77.4,62.5,71.2,52.8,stunfisk:911;quagsire_shadow:779;altaria:766;thievul:699;cramorant:538,melmetal:126;ninetales_shadow:130;tinkaton:230;mimikyu:303;sableye_mega:380
arctibax,Arctibax,80,122.8,98.5,151,1829,DRAGON_BREATH,AVALANCHE,DRAGON_CLAW,73.8,63.2,75.7,45.6,altaria:692;ninetales_shadow:596;cramorant:582;vigoroth:579;thievul:546,mimikyu:126;tinkaton:230;sableye_shadow:280;melmetal:345;sableye_mega:458
lanturn,Lanturn,80,104.8,105.5,194,2145,SPARK,SURF,THUNDERBOLT,77.4,63.5,77.1,67.4,cramorant:726;ninetales_shadow:623;malamar_mega:595;sableye_shadow:564;melmetal:507,mimikyu:303;tinkaton:361;quagsire_shadow:366;altaria:387;sableye_mega:412
skuntank,Skuntank,80,121.7,95.1,158,1831,POISON_JAB,CRUNCH,TRAILBLAZE,73.1,67.9,72.7,63.7,sableye_shadow:655;thievul:648;malamar_mega:620;ninetales_shadow:591;corsola_galarian:525,tinkaton:244;melmetal:356;sableye_mega:431;altaria:434;mimikyu:481
amaura,Amaura,79.9,114.2,104.1,165,1965,POWDER_SNOW,WEATHER_BALL_ICE,THUNDERBOLT,74.3,61,72.5,66,altaria:833;stunfisk:584;sableye_mega:575;cramorant:566;thievul:521,melmetal:113;ninetales_shadow:253;mimikyu:271;tinkaton:301;sableye_shadow:380
arbok_shadow,Arbok (Shadow),79.9,123.7,120.1,122,1814,ACID,BRUTAL_SWING,WRAP,75.7,74.9,65,52.8,florges:872;electrode_hisuian:848;azumarill:799;rillaboom:774;ninetales_shadow:545,tinkaton:280;melmetal:301;sableye_mega:307;mimikyu:317;altaria:365
audino,Audino,79.9,92.6,137.8,190,2428,CHARGE_BEAM,BODY_SLAM,DISARMING_VOICE,74.1,60.4,74,76.4,sableye_mega:676;mimikyu:544;altaria:528;corsola_galarian:523;sableye_shadow:521,melmetal:222;malamar_mega:279;tinkaton:290;ninetales_shadow:345;corviknight:390
cetoddle,Cetoddle,79.9,112.6,79.8,213,1915,POWDER_SNOW,AVALANCHE,BODY_SLAM,75.7,67,76.5,65,altaria:791;sableye_mega:584;thievul:553;vigoroth:542;sableye_shadow:528,tinkaton:258;mimikyu:266;ninetales_shadow:293;malamar_mega:316;melmetal:328
charizard_mega_x,Charizard (Mega X),79.9,140.9,115.4,98,1595,DRAGON_BREATH,BLAST_BURN,AIR_CUTTER,74,70,75.7,36.7,tinkaton:806;ninetales_shadow:770;melmetal:566;corviknight:545;altaria:525,mimikyu:140;malamar_mega:254;cramorant:265;sableye_mega:279;sableye_shadow:284
gallade_shadow,Gallade (Shadow),79.9,136.5,115.6,104,1642,PSYCHO_CUT,LEAF_BLADE,SACRED_SWORD,79.8,66.4,66.9,34.2,melmetal:841;quagsire_shadow:841;vigoroth:764;tinkaton:620;stunfisk:504,mimikyu:182;sableye_mega:298;altaria:409;cramorant:428;ninetales_shadow:432
starmie_shadow,Starmie (Shadow),79.9,133.1,122,104,1690,PSYWAVE,AQUA_JET,POWER_GEM,74.5,73.7,70.3,37.4,vigoroth:706;altaria:663;quagsire_shadow:649;cramorant:629;melmetal:543,sableye_shadow:164;ninetales_shadow:289;mimikyu:327;sableye_mega:339;tinkaton:400
victreebel,Victreebel,79.9,135.1,93.5,131,1656,SUCKER_PUNCH,LEAF_BLADE,SLUDGE_BOMB,74.8,62.8,68.2,50.3,jellicent:835;quagsire_shadow:709;florges:641;stunfisk:633;morpeko_full_belly:629,cramorant:242;altaria:307;mimikyu:308;melmetal:441;sableye_mega:486
amoonguss_shadow,Amoonguss (Shadow),79.8,109.3,105.9,177,2050,ASTONISH,GRASS_KNOT,FOUL_PLAY,73.1,53.4,73.8,60.7,corsola_galarian:748;sableye_mega:593;quagsire_shadow:570;sableye_shadow:514;mimikyu:511,ninetales_shadow:202;cramorant:253;altaria:340;tinkaton:432;melmetal:458
armarouge,Armarouge,79.8,132.1,109.6,117,1695,INCINERATE,PSYSHOCK,HEAT_WAVE,74,77.4,70.9,58.8,tinkaton:871;fearow:739;melmetal:679;corviknight:529;florges:521,sableye_mega:243;mimikyu:289;altaria:340;cramorant:416;ninetales_shadow:496
bellossom_shadow,Bellossom (Shadow),79.8,115,132.2,128,1948,ACID,LEAF_BLADE,DAZZLING_GLEAM,73.1,61.4,71.4,54.5,quagsire_shadow:925;stunfisk:769;morpeko_full_belly:738;sableye_mega:578;florges:523,melmetal:239;mimikyu:247;tinkaton:251;cramorant:452;altaria:489
jirachi,Jirachi,79.8,120.4,119.3,129,1855,CONFUSION,DOOM_DESIRE,AURA_SPHERE,74,62.6,76.2,61.2,vigoroth:697;melmetal:635;cramorant:612;quagsire_shadow:596;tinkaton:527,sableye_mega:96;sableye_shadow:112;ninetales_shadow:226;mimikyu:317;altaria:402
magnemite_shadow,Magnemite (Shadow),79.8,147.8,113.6,90,1512,VOLT_SWITCH,MAGNET_BOMB,DISCHARGE,82,62.3,59.9,45.6,cramorant:877;tinkaton:777;altaria:716;sableye_mega:661;sableye_shadow:550,quagsire_shadow:164;melmetal:263;ninetales_shadow:289;mimikyu:420;corsola_galarian:435
nidorina,Nidorina,79.8,110.9,113.4,157,1975,POISON_STING,POISON_FANG,THUNDERBOLT,75.1,65.5,74.6,65.7,electrode_hisuian:869;florges:729;rillaboom:703;mimikyu:573;thievul:550,cramorant:269;melmetal:311;sableye_mega:325;altaria:438;tinkaton:471
qwilfish,Qwilfish,79.8,131.1,105.5,123,1703,POISON_STING,AQUA_TAIL,SHADOW_BALL,73.2,69.4,72.2,55.5,electrode_hisuian:752;florges:747;azumarill:682;annihilape:609;ninetales_shadow:573,cramorant:178;mimikyu:196;melmetal:270;altaria:427;sableye_mega:444
salamence_shadow,Salamence (Shadow),79.8,143.4,93,117,1562,DRAGON_TAIL,FLY,BRUTAL_SWING,75.7,62.5,75.9,33.7,jellicent:756;fearow:688;ninetales_shadow:619;thievul:568;altaria:547,melmetal:140;mimikyu:168;tinkaton:258;sableye_mega:399;cramorant:444
starmie,Starmie,79.8,133.1,122,104,1690,PSYWAVE,AQUA_JET,POWER_GEM,72,68.1,70.8,51.1,clodsire:836;altaria:774;fearow:706;quagsire_shadow:504;corviknight:504,cramorant:265;sableye_mega:302;mimikyu:345;tinkaton:365;melmetal:407
aggron_mega,Aggron (Mega),79.7,122.8,165.6,90,1832,METAL_SOUND,METEOR_BEAM,BRICK_BREAK,69.7,57,70.1,72.7,altaria:850;florges:700;araquanid:588;azumarill:588;tinkaton:527,ninetales_shadow:99;cramorant:253;sableye_mega:302;melmetal:332;mimikyu:392
hippopotas,Hippopotas,79.7,115.1,111.7,152,1956,SAND_ATTACK,ROCK_TOMB,DIG,74.9,69.1,73.8,56.8,tinkaton:750;melmetal:621;altaria:582;ninetales_shadow:569;corsola_galarian:565,mimikyu:364;cramorant:412;malamar_mega:454;sableye_mega:486;sableye_shadow:488
hypno,Hypno,79.7,103.4,142.9,147,2174,CONFUSION,SHADOW_BALL,THUNDER_PUNCH,76.3,60.2,75.5,72.4,florges:663;cramorant:653;corviknight:632;quagsire_shadow:585;ninetales_shadow:568,mimikyu:289;sableye_mega:302;melmetal:356;tinkaton:368;altaria:442
lokix,Lokix,79.7,132.8,104,122,1687,SUCKER_PUNCH,X_SCISSOR,TRAILBLAZE,75.4,66.7,63.7,54.8,sableye_mega:676;sableye_shadow:590;mimikyu:573;malamar_mega:549;melmetal:536,ninetales_shadow:257;tinkaton:297;cramorant:305;quagsire_shadow:310;altaria:365
mightyena,Mightyena,79.7,125.8,105.7,133,1771,SUCKER_PUNCH,CRUNCH,POISON_FANG,75.4,71.9,67.9,63.2,corsola_galarian:815;quagsire_shadow:654;corviknight:627;sableye_shadow:601;ninetales_shadow:560,melmetal:250;sableye_mega:302;cramorant:337;altaria:405;mimikyu:415
munchlax,Munchlax,79.7,103.1,96.5,218,2172,TACKLE,BODY_SLAM,BULLDOZE,74.1,70.5,72.2,66.2,azumarill:626;fearow:616;tinkaton:575;corsola_galarian:552;ninetales_shadow:525,melmetal:188;mimikyu:322;sableye_mega:344;altaria:405;cramorant:432
teddiursa_shadow,Teddiursa (Shadow),79.7,131.5,90.4,142,1690,SCRATCH,SWIFT,CROSS_CHOP,80.1,79,69,35.7,vigoroth:742;thievul:679;cramorant:665;ninetales_shadow:524;stunfisk:524,mimikyu:252;tinkaton:326;sableye_mega:339;altaria:427;melmetal:482
claydol,Claydol,79.6,103.5,172.6,121,2164,MUD_SLAP,ROCK_TOMB,SHADOW_BALL,73.5,54.5,73.3,63,morpeko_full_belly:871;stunfisk:735;tinkaton:673;melmetal:648;ninetales_shadow:512,cramorant:123;sableye_shadow:204;mimikyu:266;altaria:329;sableye_mega:449
gurdurr_shadow,Gurdurr (Shadow),79.6,125.3,100.1,143,1795,LOW_KICK,BRICK_BREAK,STONE_EDGE,74,60.8,66.6,52.1,altaria:744;quagsire_shadow:629;melmetal:590;malamar_mega:576;ninetales_shadow:506,mimikyu:121;sableye_mega:169;sableye_shadow:196;cramorant:285;tinkaton:421
raichu_mega_y,Raichu (Mega Y),79.6,174.4,85.4,86,1282,THUNDER_SHOCK,BRICK_BREAK,TRAILBLAZE,76,78.7,78.6,23.8,tinkaton:744;cramorant:656;sableye_mega:645;melmetal:569;sableye_shadow:558,quagsire_shadow:111;ninetales_shadow:162;mimikyu:242;corsola_galarian:449;altaria:474
klang,Klang,79.5,114,137.7,125,1965,METAL_SOUND,VICE_GRIP,THUNDERBOLT,73.1,67.5,75.5,67.4,azumarill:656;florges:604;empoleon:588;tinkaton:584;fearow:584,altaria:271;cramorant:353;melmetal:366;sableye_mega:399;mimikyu:453
quaquaval,Quaquaval,79.5,137.7,98.6,120,1630,LOW_KICK,CLOSE_COMBAT,HYDRO_CANNON,72.3,61.6,74.8,47.3,vigoroth:745;quagsire_shadow:691;tinkaton:670;thievul:666;malamar_mega:537,mimikyu:121;altaria:264;melmetal:311;cramorant:341;sableye_mega:399
shiinotic,Shiinotic,79.5,116.5,134.2,123,1925,ASTONISH,MOONBLAST,SEED_BOMB,73.2,48.6,74.1,71.7,quagsire_shadow:796;altaria:707;sableye_mega:601;corsola_galarian:544;sableye_shadow:540,ninetales_shadow:182;malamar_mega:208;tinkaton:283;melmetal:352;mimikyu:420
vikavolt_shadow,Vikavolt (Shadow),79.5,144.1,96.6,111,1547,VOLT_SWITCH,X_SCISSOR,DISCHARGE,81.5,79.3,62.6,39.9,cramorant:779;sableye_mega:680;malamar_mega:635;melmetal:626;sableye_shadow:590,ninetales_shadow:273;mimikyu:415;altaria:463;tinkaton:489;quagsire_shadow:496
wobbuffet,Wobbuffet,79.5,63,101.6,333,2134,COUNTER,MIRROR_COAT,RETURN,70.9,47.1,72.5,83.3,vigoroth:653;empoleon:632;quagsire_shadow:615;fearow:596;stunfisk:536,mimikyu:98;sableye_mega:220;cramorant:293;altaria:365;melmetal:489
gliscor_shadow,Gliscor (Shadow),79.4,115.6,144.4,116,1939,WING_ATTACK,NIGHT_SLASH,ACROBATICS,77.7,71.2,76.3,56.8,morpeko_full_belly:711;stunfisk:642;ninetales_shadow:573;quagsire_shadow:568;sableye_mega:556,tinkaton:141;mimikyu:247;melmetal:315;cramorant:353;altaria:463
lileep,Lileep,79.4,100.8,138.6,151,2111,ACID,GRASS_KNOT,ANCIENT_POWER,73.2,53.9,77.3,63,quagsire_shadow:748;altaria:625;stunfisk:625;cramorant:556;vigoroth:513,tinkaton:163;melmetal:184;sableye_mega:357;mimikyu:467;ninetales_shadow:476
raticate_alolan,Raticate (Alolan),79.4,107,130.1,150,2091,BITE,CRUNCH,RETURN,71.5,49,78.3,62.5,corsola_galarian:780;sableye_mega:670;cramorant:563;mimikyu:533;altaria:526,tinkaton:95;melmetal:126;malamar_mega:170;sableye_shadow:396;ninetales_shadow:416
ursaluna_shadow,Ursaluna (Shadow),79.4,125.6,98.6,144,1786,SCRATCH,THUNDER_PUNCH,HIGH_HORSEPOWER,71.2,61.9,70,39.7,tinkaton:770;stunfisk:701;cramorant:677;corsola_galarian:659;sableye_shadow:534,mimikyu:158;melmetal:188;ninetales_shadow:289;altaria:405;sableye_mega:472
dudunsparce,Dudunsparce,79.3,116.1,98.5,169,1935,BITE,DRILL_RUN,BODY_SLAM,72.5,76.7,73.2,56.8,corsola_galarian:689;stunfisk:662;clodsire:609;mimikyu:606;florges:565,tinkaton:304;altaria:413;cramorant:436;melmetal:445;sableye_mega:458
genesect,Genesect,79.3,141,111.6,100,1575,FURY_CUTTER,X_SCISSOR,MAGNET_BOMB,74.5,52.7,73.8,54.3,florges:845;malamar_mega:825;rillaboom:695;sableye_shadow:645;thievul:645,mimikyu:140;cramorant:162;melmetal:325;altaria:376;sableye_mega:495
registeel_shadow,Registeel (Shadow),79.3,95.4,188.9,127,2291,LOCK_ON,FLASH_CANNON,FOCUS_BLAST,71.4,52.5,83.2,62.5,thievul:622;melmetal:610;altaria:598;corsola_galarian:551;vigoroth:531,ninetales_shadow:103;mimikyu:186;cramorant:325;tinkaton:386;sableye_mega:417
salazzle,Salazzle,79.3,147,91.2,114,1529,INCINERATE,POISON_FANG,DRAGON_PULSE,76,64.1,64.9,48.6,tinkaton:907;altaria:666;ninetales_shadow:640;melmetal:600;malamar_mega:557,quagsire_shadow:152;sableye_mega:261;mimikyu:327;sableye_shadow:332;cramorant:432
aipom_shadow,Aipom (Shadow),79.2,124.3,106.7,135,1792,SCRATCH,SWIFT,AERIAL_ACE,74.9,67.5,68.2,45.4,fearow:762;dragonite_mega:718;stunfisk:588;ninetales_shadow:577;rillaboom:525,mimikyu:158;cramorant:265;sableye_mega:307;melmetal:321;altaria:420
arbok,Arbok,79.2,123.7,120.1,122,1814,ACID,BRUTAL_SWING,WRAP,74.5,68.1,68.7,64.5,electrode_hisuian:831;rillaboom:750;florges:737;ninetales_shadow:594;jellicent:553,melmetal:273;mimikyu:303;altaria:340;sableye_mega:444;cramorant:476
lurantis,Lurantis,79.2,126.2,117.8,119,1770,FURY_CUTTER,LEAF_BLADE,SUPER_POWER,73.4,61,71.9,63.5,quagsire_shadow:920;malamar_mega:768;vigoroth:756;thievul:731;melmetal:680,mimikyu:121;cramorant:178;tinkaton:202;altaria:242;sableye_mega:435
magneton_shadow,Magneton (Shadow),79.2,143.4,114.6,95,1563,THUNDER_SHOCK,DISCHARGE,MAGNET_BOMB,75.4,55.8,73.6,41.4,florges:852;fearow:852;malamar_mega:784;cramorant:773;corviknight:615,mimikyu:247;tinkaton:411;altaria:416;melmetal:431;sableye_mega:435
swanna_shadow,Swanna (Shadow),79.2,128.5,101,134,1742,GUST,AQUA_JET,FLY,71.1,55.1,75.5,54.3,clodsire:817;araquanid:604;annihilape:582;azumarill:567;ninetales_shadow:514,melmetal:167;sableye_mega:279;cramorant:384;mimikyu:401;altaria:413
toedscruel,Toedscruel,79.2,108.9,143.5,131,2047,MUD_SLAP,SEED_BOMB,EARTH_POWER,75.7,45.6,74.4,72.4,malamar_mega:790;melmetal:774;tinkaton:751;sableye_shadow:553;ninetales_shadow:511,altaria:184;cramorant:265;corviknight:293;mimikyu:397;sableye_mega:467
zekrom_shadow,Zekrom (Shadow),79.2,138.4,108.9,107,1614,DRAGON_BREATH,FUSION_BOLT,CRUNCH,67.1,65.8,74.8,35.4,melmetal:677;electrode_hisuian:644;corsola_galarian:635;ninetales_shadow:630;corviknight:523,mimikyu:242;sableye_mega:279;sableye_shadow:284;altaria:384;tinkaton:386
ariados,Ariados,79.1,124.2,103.8,140,1806,POISON_STING,LUNGE,FOUL_PLAY,73.7,69,70.4,60.5,thievul:746;malamar_mega:675;sableye_mega:596;vigoroth:575;sableye_shadow:507,cramorant:178;mimikyu:191;melmetal:256;tinkaton:273;altaria:405
magnezone,Magnezone,79.1,134.3,121.1,102,1661,VOLT_SWITCH,WILD_CHARGE,MIRROR_SHOT,80.9,61.7,69.3,69.9,tinkaton:857;malamar_mega:799;sableye_mega:750;cramorant:715;sableye_shadow:700,quagsire_shadow:127;melmetal:195;ninetales_shadow:210;mimikyu:327;altaria:474
poliwrath_shadow,Poliwrath (Shadow),79.1,115.8,122,137,1936,MUD_SHOT,ICY_WIND,DYNAMIC_PUNCH,72.9,63.5,72,54,thievul:748;melmetal:642;vigoroth:605;ninetales_shadow:569;altaria:507,mimikyu:144;cramorant:222;sableye_mega:275;sableye_shadow:372;tinkaton:421
croconaw_shadow,Croconaw (Shadow),79,117.7,120,135,1908,SCRATCH,ICE_PUNCH,WATER_PULSE,70.6,65.4,74.3,45.9,altaria:740;azumarill:574;vigoroth:533;cramorant:518;quagsire_shadow:511,mimikyu:121;melmetal:160;ninetales_shadow:218;sableye_mega:357;tinkaton:404
gyarados_mega,Gyarados (Mega),78.9,134.5,118.7,104,1661,DRAGON_BREATH,AQUA_TAIL,CRUNCH,76.4,76.1,68.4,49.1,ninetales_shadow:716;fearow:706;thievul:625;corviknight:509;corsola_galarian:504,mimikyu:130;melmetal:315;cramorant:373;sableye_mega:380;altaria:442
kingambit,Kingambit,78.9,127.2,112,124,1768,LOW_KICK,FOUL_PLAY,IRON_HEAD,73.1,55.8,75.4,63.7,vigoroth:677;thievul:665;corviknight:592;sableye_mega:576;cramorant:504,mimikyu:84;ninetales_shadow:162;melmetal:250;altaria:347;tinkaton:400
nidoking,Nidoking,78.9,129.4,105.2,127,1731,POISON_STING,AVALANCHE,EARTH_POWER,71.1,61.6,79.1,44.4,altaria:759;melmetal:669;stunfisk:566;florges:535;ninetales_shadow:531,cramorant:162;mimikyu:186;sableye_shadow:340;sableye_mega:353;tinkaton:457
palkia_shadow,Palkia (Shadow),78.9,140.3,109.9,100,1544,DRAGON_BREATH,AQUA_TAIL,DRACO_METEOR,79.7,69.9,59.1,36.2,ninetales_shadow:775;quagsire_shadow:690;sableye_shadow:635;thievul:590;corsola_galarian:555,mimikyu:233;tinkaton:276;melmetal:424;altaria:438;sableye_mega:467
scizor_mega,Scizor (Mega),78.9,138.9,127.6,91,1613,FURY_CUTTER,NIGHT_SLASH,TRAILBLAZE,74.9,66.3,66.9,62.2,malamar_mega:807;thievul:664;clodsire:631;quagsire_shadow:598;stunfisk:554,mimikyu:149;altaria:300;melmetal:315;cramorant:365;sableye_mega:385
wailmer,Wailmer,78.9,116.5,68.2,242,1927,ROLLOUT,SCALD,BODY_SLAM,75.1,61,73.5,54,tinkaton:599;quagsire_shadow:588;ninetales_shadow:576;altaria:508;sableye_shadow:508,mimikyu:186;melmetal:366;sableye_mega:403;malamar_mega:437;cramorant:484
cresselia_shadow,Cresselia (Shadow),78.8,92,158.9,160,2340,PSYCHO_CUT,GRASS_KNOT,MOONBLAST,72,56.1,76.5,59.8,quagsire_shadow:756;azumarill:693;altaria:640;stunfisk:621;morpeko_full_belly:578,mimikyu:177;melmetal:311;tinkaton:343;sableye_mega:353;cramorant:408
ursaring_shadow,Ursaring (Shadow),78.8,139.6,91.3,126,1607,SHADOW_CLAW,CLOSE_COMBAT,SWIFT,82.3,79.7,62.9,27.5,tinkaton:738;mimikyu:694;malamar_mega:678;vigoroth:678;quagsire_shadow:515,ninetales_shadow:194;melmetal:195;cramorant:242;altaria:394;sableye_mega:435
aipom,Aipom,78.7,124.3,106.7,135,1792,SCRATCH,SWIFT,AERIAL_ACE,72.6,68.4,68.7,56.3,dragonite_mega:718;feraligatr:629;marowak:529;florges:525;stunfisk:507,melmetal:236;cramorant:265;sableye_mega:279;altaria:322;mimikyu:369
drifblim_shadow,Drifblim (Shadow),78.7,119.1,75.7,209,1887,ASTONISH,ICY_WIND,SHADOW_BALL,75.4,57.5,63.4,60,corviknight:712;mimikyu:653;vigoroth:614;altaria:574;quagsire_shadow:514,sableye_mega:252;tinkaton:287;cramorant:337;melmetal:359;ninetales_shadow:384
golbat,Golbat,78.7,117.6,116.2,139,1901,WING_ATTACK,POISON_FANG,SHADOW_BALL,73.5,64.5,70.4,65,rillaboom:780;florges:669;sableye_shadow:532;tinkaton:525;mimikyu:507,melmetal:188;altaria:333;cramorant:333;sableye_mega:403;ninetales_shadow:440
hypno_shadow,Hypno (Shadow),78.7,103.4,142.9,147,2174,CONFUSION,THUNDER_PUNCH,ICE_PUNCH,75.5,50,73.5,64,altaria:751;ninetales_shadow:663;quagsire_shadow:605;cramorant:595;florges:578,sableye_mega:96;sableye_shadow:112;mimikyu:317;melmetal:369;tinkaton:475
incineroar,Incineroar,78.7,125.2,109.1,131,1791,FIRE_FANG,BRUTAL_SWING,BLAST_BURN,71.4,53,74.1,68.9,sableye_mega:606;sableye_shadow:587;ninetales_shadow:564;corviknight:557;malamar_mega:534,cramorant:218;altaria:307;melmetal:373;mimikyu:378;tinkaton:471
servine,Servine,78.7,105.8,140.3,142,2110,VINE_WHIP,GRASS_KNOT,WRAP,73.2,64.5,73.3,77.6,quagsire_shadow:911;stunfisk:848;morpeko_full_belly:721;sableye_shadow:619;corsola_galarian:559,mimikyu:271;melmetal:315;cramorant:376;altaria:387;sableye_mega:422
spinda,Spinda,78.7,110,110,142,1721,SUCKER_PUNCH,ROCK_TOMB,ICY_WIND,74.9,67.2,67.7,55,mimikyu:647;sableye_mega:598;altaria:570;quagsire_shadow:570;sableye_shadow:524,malamar_mega:233;tinkaton:276;cramorant:281;ninetales_shadow:313;melmetal:359
squawkabilly,Squawkabilly,78.7,133.6,84.8,147,1666,PECK,BRAVE_BIRD,FLY,63.9,53.1,77.6,45.1,corsola_galarian:683;jellicent:663;sableye_mega:646;sableye_shadow:554;ninetales_shadow:513,melmetal:167;tinkaton:262;cramorant:289;mimikyu:373;altaria:420
tentacruel_shadow,Tentacruel (Shadow),78.7,108.9,143.5,131,2047,ACID,SCALD,PAYBACK,69.2,57.8,78.6,50.1,ninetales_shadow:629;altaria:530;tinkaton:522;thievul:522;cramorant:503,melmetal:136;sableye_shadow:212;malamar_mega:212;mimikyu:341;sableye_mega:472
electrode_shadow,Electrode (Shadow),78.6,122.8,126.3,118,1832,VOLT_SWITCH,DISCHARGE,FOUL_PLAY,76.8,72.9,69.2,60,cramorant:877;jellicent:817;corviknight:741;melmetal:605;ninetales_shadow:516,mimikyu:359;altaria:394;sableye_mega:412;tinkaton:418;sableye_shadow:484
camerupt,Camerupt,78.5,133.5,100.5,125,1678,INCINERATE,EARTH_POWER,ROCK_TOMB,70.5,64,64.2,54.5,tinkaton:852;melmetal:624;corviknight:596;ninetales_shadow:564;sableye_mega:560,cramorant:178;malamar_mega:270;sableye_shadow:308;mimikyu:359;altaria:481
charizard_mega_y,Charizard (Mega Y),78.5,151.3,105,93,1479,EMBER,BLAST_BURN,AIR_CUTTER,78.8,61.6,70.9,38.2,tinkaton:870;sableye_mega:725;malamar_mega:672;sableye_shadow:618;melmetal:521,quagsire_shadow:102;cramorant:123;mimikyu:247;altaria:260;ninetales_shadow:396
chesnaught_mega,Chesnaught (Mega),78.5,120.7,145.2,106,1860,LOW_KICK,THUNDER_PUNCH,SUPER_POWER,70.9,52.7,76.7,66,quagsire_shadow:792;stunfisk:745;thievul:712;melmetal:693;vigoroth:617,mimikyu:84;cramorant:123;altaria:250;tinkaton:336;sableye_mega:362
oinkologne,Oinkologne,78.5,117.6,101.5,159,1901,TAKE_DOWN,BODY_SLAM,TRAILBLAZE,73.4,62.5,68.2,62.2,corsola_galarian:635;florges:572;vigoroth:566;stunfisk:525;thievul:522,tinkaton:265;sableye_mega:330;melmetal:335;mimikyu:364;ninetales_shadow:384
samurott_hisuian,Samurott (Hisuian),78.5,132.6,96.7,132,1694,FURY_CUTTER,SACRED_SWORD,DARK_PULSE,73.8,64.6,69.6,51.8,malamar_mega:859;thievul:825;electrode_hisuian:757;deoxys_defense:731;jellicent:689,mimikyu:130;cramorant:301;altaria:376;melmetal:397;sableye_mega:449
victini,Victini,78.5,120.4,119.3,129,1855,CONFUSION,V_CREATE,PSYSHOCK,69.4,59.8,76.5,62,ninetales_shadow:736;vigoroth:717;corviknight:662;melmetal:600;tinkaton:600,sableye_mega:96;sableye_shadow:112;mimikyu:317;malamar_mega:362;altaria:452
crobat,Crobat,78.4,121.2,118.1,129,1847,GUST,AIR_CUTTER,POISON_FANG,74.1,68.2,68.1,65.2,florges:736;ninetales_shadow:612;sableye_mega:596;vigoroth:546;thievul:542,sableye_shadow:292;melmetal:304;mimikyu:317;tinkaton:365;altaria:369
dragonite,Dragonite,78.4,135.8,107.3,113,1647,DRAGON_BREATH,THUNDER_PUNCH,SUPER_POWER,78.1,52.7,71.6,48.8,quagsire_shadow:765;ninetales_shadow:707;cramorant:654;corviknight:654;melmetal:601,mimikyu:140;tinkaton:226;sableye_mega:366;sableye_shadow:448;altaria:478
drampa,Drampa,78.4,136.8,104.2,115,1640,DRAGON_BREATH,SWIFT,DRAGON_PULSE,73.2,56.9,64.9,46.4,ninetales_shadow:682;stunfisk:665;altaria:595;corsola_galarian:556;sableye_shadow:547,melmetal:126;mimikyu:168;tinkaton:187;cramorant:265;sableye_mega:486
electrode,Electrode,78.4,122.8,126.3,118,1832,VOLT_SWITCH,DISCHARGE,FOUL_PLAY,74.6,65.7,74,72.4,cramorant:881;corviknight:826;florges:631;jellicent:572;altaria:521,mimikyu:299;tinkaton:351;sableye_mega:399;ninetales_shadow:476;melmetal:489
gurdurr,Gurdurr,78.4,125.3,100.1,143,1795,LOW_KICK,BRICK_BREAK,STONE_EDGE,71.7,57,70.3,57.8,thievul:821;vigoroth:786;melmetal:639;ninetales_shadow:576;corviknight:503,mimikyu:121;sableye_mega:169;altaria:210;cramorant:261;tinkaton:372
naclstack,Naclstack,78.4,100.8,147,142,2106,MUD_SHOT,ROCK_TOMB,ROCK_BLAST,72.9,73.2,69.6,62.5,altaria:654;ninetales_shadow:623;fearow:616;sableye_mega:588;corsola_galarian:549,melmetal:260;sableye_shadow:308;mimikyu:341;tinkaton:397;cramorant:472
thundurus_incarnate_shadow,Thundurus (Incarnate) (Shadow),78.4,148.1,95.5,107,1514,THUNDER_SHOCK,THUNDER_PUNCH,BRICK_BREAK,77.7,76.5,67.9,37.9,corviknight:827;cramorant:705;malamar_mega:658;vigoroth:658;melmetal:602,ninetales_shadow:186;mimikyu:247;tinkaton:343;altaria:376;sableye_mega:403
whiscash,Whiscash,78.4,107.5,108.2,178,2074,MUD_SHOT,MUD_BOMB,SCALD,72.6,55.2,73.2,68.9,stunfisk:778;tinkaton:685;melmetal:623;quagsire_shadow:581;corviknight:508,ninetales_shadow:146;cramorant:210;altaria:286;sableye_mega:344;mimikyu:481
bastiodon_shadow,Bastiodon (Shadow),78.3,80.6,247.6,139,2776,SMACK_DOWN,STONE_EDGE,FLAMETHROWER,67.7,36.7,75.2,81.1,altaria:741;fearow:625;cramorant:615;ninetales_shadow:604;corsola_galarian:532,melmetal:157;tinkaton:187;sableye_shadow:288;sableye_mega:389;mimikyu:439
galvantula,Galvantula,78.3,138.2,96.4,122,1627,VOLT_SWITCH,DISCHARGE,LUNGE,74.1,70.8,71.2,53.3,cramorant:807;melmetal:741;corviknight:643;sableye_mega:524;vigoroth:512,ninetales_shadow:226;sableye_shadow:268;mimikyu:317;altaria:365;tinkaton:390
teddiursa,Teddiursa,78.3,131.5,90.4,142,1690,SCRATCH,SWIFT,CROSS_CHOP,73.5,70.5,67.9,50.8,dragonite_mega:732;altaria_mega:672;stunfisk:612;feraligatr:566;blastoise:531,cramorant:265;mimikyu:299;sableye_mega:302;melmetal:373;altaria:402
dachsbun,Dachsbun,78.2,113.4,156.1,112,1984,CHARM,PSYCHIC_FANGS,PLAY_ROUGH,74.6,53.9,66,73.6,altaria:687;thievul:674;sableye_shadow:638;sableye_mega:593;malamar_mega:553,melmetal:195;tinkaton:198;ninetales_shadow:202;mimikyu:355;cramorant:492
latias_mega,Latias (Mega),78.2,133.1,138.1,91,1675,DRAGON_BREATH,AURA_SPHERE,MIST_BALL,72.9,55.1,69.3,43.1,vigoroth:774;ninetales_shadow:703;stunfisk:653;melmetal:631;altaria:582,mimikyu:140;cramorant:265;sableye_shadow:284;tinkaton:290;sableye_mega:311
sandshrew_alolan_shadow,Sandshrew (Alolan) (Shadow),78.2,117.6,121,127,1808,POWDER_SNOW,NIGHT_SLASH,GYRO_BALL,73.7,57.4,66.6,62.2,altaria:854;fearow:854;florges:692;vigoroth:685;sableye_mega:535,melmetal:126;ninetales_shadow:130;mimikyu:303;tinkaton:365;cramorant:392
conkeldurr_shadow,Conkeldurr (Shadow),78.1,134,93.8,133,1673,FORCE_PALM,DYNAMIC_PUNCH,BRUTAL_SWING,73.2,62.3,61.7,52.6,vigoroth:695;tinkaton:680;quagsire_shadow:567;melmetal:526;malamar_mega:522,mimikyu:126;cramorant:253;altaria:344;ninetales_shadow:361;sableye_mega:458
drifblim,Drifblim,78.1,119.1,75.7,209,1887,HEX,ICY_WIND,SHADOW_BALL,74.6,52.4,71.2,57.3,vigoroth:700;corsola_galarian:653;florges:629;altaria:602;ninetales_shadow:516,sableye_mega:114;mimikyu:317;tinkaton:358;melmetal:469;cramorant:492
nidorina_shadow,Nidorina (Shadow),78.1,110.9,113.4,157,1975,POISON_STING,POISON_FANG,DIG,72.8,64.9,70.4,64,electrode_hisuian:853;rillaboom:824;florges:703;ninetales_shadow:636;altaria:535,mimikyu:313;cramorant:333;tinkaton:333;sableye_mega:362;melmetal:404
pawniard,Pawniard,78.1,131.9,107.7,119,1692,SCRATCH,NIGHT_SLASH,IRON_HEAD,71.7,68.1,68.7,55.3,thievul:668;vigoroth:655;florges:642;corsola_galarian:584;cramorant:516,mimikyu:130;melmetal:294;sableye_mega:389;altaria:402;tinkaton:404
serperior,Serperior,78.1,110.2,142.2,130,2038,VINE_WHIP,FRENZY_PLANT,AERIAL_ACE,70.6,48.1,76,57.3,quagsire_shadow:676;malamar_mega:600;sableye_shadow:584;corsola_galarian:550;mimikyu:503,altaria:217;ninetales_shadow:337;melmetal:356;tinkaton:400;sableye_mega:454
shiinotic_shadow,Shiinotic (Shadow),78.1,116.5,134.2,123,1925,ASTONISH,MOONBLAST,SEED_BOMB,70,47.5,70.9,58.8,quagsire_shadow:776;altaria:666;corsola_galarian:666;stunfisk:654;sableye_shadow:516,cramorant:253;tinkaton:326;melmetal:428;sableye_mega:431;mimikyu:495
trevenant,Trevenant,78.1,127.8,104.6,131,1752,SHADOW_CLAW,SEED_BOMB,SHADOW_BALL,72.1,63.7,69.5,54,quagsire_shadow:919;melmetal:667;stunfisk:667;vigoroth:603;corsola_galarian:538,sableye_mega:188;cramorant:222;altaria:231;mimikyu:420;tinkaton:460
urshifu_single_strike,Urshifu (Single Strike),78.1,136.5,97.7,121,1616,SUCKER_PUNCH,BRICK_BREAK,DYNAMIC_PUNCH,69.8,59.9,64.2,52.6,thievul:847;corsola_galarian:797;stunfisk:578;quagsire_shadow:570;sableye_shadow:512,altaria:264;melmetal:294;sableye_mega:334;cramorant:353;mimikyu:373
ampharos_mega,Ampharos (Mega),78,143.5,105,104,1568,VOLT_SWITCH,BRUTAL_SWING,TRAILBLAZE,77.5,77.4,60.6,47.8,cramorant:860;morpeko_full_belly:721;ninetales_shadow:658;sableye_shadow:658;quagsire_shadow:610,altaria:365;tinkaton:375;mimikyu:392;sableye_mega:431;melmetal:452
froslass,Froslass,78,122.5,114.8,130,1831,POWDER_SNOW,AVALANCHE,SHADOW_BALL,66.8,51.6,77.3,50.1,clodsire:903;altaria:719;stunfisk:696;vigoroth:665;florges:638,ninetales_shadow:130;sableye_mega:188;mimikyu:289;tinkaton:351;melmetal:448
probopass_shadow,Probopass (Shadow),78,97.3,198.9,119,2305,ROCK_THROW,ROCK_SLIDE,MAGNET_BOMB,71.7,43.5,73,78.6,altaria:710;cramorant:710;ninetales_shadow:684;corsola_galarian:529;mimikyu:512,melmetal:157;malamar_mega:254;sableye_shadow:344;sableye_mega:371;tinkaton:393
magnezone_shadow,Magnezone (Shadow),77.9,134.3,121.1,102,1661,VOLT_SWITCH,WILD_CHARGE,MIRROR_SHOT,82.4,65.8,68.1,55.8,tinkaton:848;altaria:799;sableye_mega:700;cramorant:666;sableye_shadow:651,stunfisk:133;quagsire_shadow:152;melmetal:236;ninetales_shadow:257;mimikyu:387
swampert_mega,Swampert (Mega),77.9,135.5,108.6,112,1649,MUD_SHOT,HYDRO_CANNON,EARTHQUAKE,70.5,64.9,71.9,45.6,tinkaton:781;ninetales_shadow:723;quagsire_shadow:611;melmetal:602;corviknight:535,cramorant:91;sableye_shadow:144;altaria:173;mimikyu:177;sableye_mega:344
timburr,Timburr,77.9,125.2,85.7,164,1760,LOW_KICK,BRICK_BREAK,ROCK_TOMB,70.8,58.4,64.9,61,thievul:814;vigoroth:753;melmetal:649;ninetales_shadow:600;corviknight:527,mimikyu:130;altaria:210;sableye_mega:256;cramorant:261;tinkaton:372
togedemaru,Togedemaru,77.9,132.2,107.2,120,1702,THUNDER_SHOCK,FELL_STINGER,WILD_CHARGE,82.9,55.4,71.9,72.7,melmetal:825;cramorant:804;sableye_shadow:733;altaria:629;sableye_mega:591,quagsire_shadow:96;ninetales_shadow:142;corsola_galarian:161;tinkaton:163;mimikyu:247
uxie,Uxie,77.9,102.1,176,122,2194,CONFUSION,SWIFT,THUNDER,74.8,52.7,73.5,69.4,florges:639;clodsire:631;quagsire_shadow:602;stunfisk:586;ninetales_shadow:516,sableye_mega:174;mimikyu:275;melmetal:297;cramorant:432;altaria:456
golbat_shadow,Golbat (Shadow),77.8,117.6,116.2,139,1901,WING_ATTACK,POISON_FANG,SHADOW_BALL,69.7,69.3,70.8,56.8,rillaboom:780;corsola_galarian:708;florges:658;jellicent:586;ninetales_shadow:557,melmetal:239;mimikyu:275;altaria:365;cramorant:448;sableye_mega:495
marshtomp,Marshtomp,77.8,119.8,111.5,140,1871,MUD_SHOT,SURF,SLUDGE,69.2,59.2,74.8,58.8,morpeko_full_belly:764;stunfisk:721;tinkaton:628;sableye_mega:546;florges:525,mimikyu:135;ninetales_shadow:146;altaria:184;cramorant:218;melmetal:472
mew,Mew,77.8,120.4,119.3,129,1855,SHADOW_CLAW,WILD_CHARGE,PSYSHOCK,72.1,57.5,75.5,49.6,ninetales_shadow:631;corviknight:624;cramorant:550;florges:519;fearow:507,sableye_mega:151;tinkaton:280;altaria:336;mimikyu:355;melmetal:465
primeape,Primeape,77.8,138.7,100.1,116,1611,KARATE_CHOP,RAGE_FIST,ICE_PUNCH,74.3,74.3,61,51.8,rillaboom:762;thievul:629;fearow:607;melmetal:573;stunfisk:530,mimikyu:98;sableye_mega:298;cramorant:305;tinkaton:336;altaria:467
ursaring,Ursaring,77.8,139.6,91.3,126,1607,SHADOW_CLAW,CLOSE_COMBAT,SWIFT,75.8,63.2,64.1,40.1,vigoroth:757;malamar_mega:678;sableye_mega:571;sableye_shadow:555;ninetales_shadow:503,melmetal:188;cramorant:222;tinkaton:269;altaria:322;mimikyu:453
vullaby,Vullaby,77.8,100.8,129.4,157,2049,FEINT_ATTACK,BRAVE_BIRD,FOUL_PLAY,72.1,50.6,76.2,57,malamar_mega:665;corviknight:624;sableye_shadow:621;sableye_mega:595;cramorant:563,tinkaton:141;melmetal:243;mimikyu:341;quagsire_shadow:434;ninetales_shadow:484
claydol_shadow,Claydol (Shadow),77.7,103.5,172.6,121,2164,MUD_SLAP,ROCK_TOMB,SHADOW_BALL,71.5,46.6,69.2,63.7,ninetales_shadow:673;vigoroth:619;melmetal:603;malamar_mega:595;tinkaton:512,cramorant:162;sableye_mega:197;sableye_shadow:252;mimikyu:303;altaria:365
kangaskhan,Kangaskhan,77.7,114.5,110.8,153,1944,LOW_KICK,BRICK_BREAK,CRUNCH,72.8,69.9,66.8,66.7,melmetal:712;corsola_galarian:689;thievul:627;vigoroth:584;jellicent:516,cramorant:222;altaria:246;mimikyu:420;sableye_mega:481;tinkaton:492
meganium,Meganium,77.7,110.8,139,131,2018,VINE_WHIP,FRENZY_PLANT,EARTHQUAKE,68.5,43.6,76.7,55,quagsire_shadow:904;malamar_mega:782;sableye_shadow:583;corsola_galarian:549;melmetal:519,altaria:195;mimikyu:252;ninetales_shadow:337;sableye_mega:454;tinkaton:482
steelix_mega,Steelix (Mega),77.7,112.2,175.9,101,1995,THUNDER_FANG,PSYCHIC_FANGS,CRUNCH,76.8,63.1,64.1,73.9,cramorant:861;melmetal:608;tinkaton:564;altaria:539;sableye_shadow:529,quagsire_shadow:270;ninetales_shadow:313;sableye_mega:426;mimikyu:429;vigoroth:444
tropius,Tropius,77.7,101.4,128,170,2208,AIR_SLASH,LEAF_BLADE,BRUTAL_SWING,73.7,58.4,71.2,69.7,quagsire_shadow:879;stunfisk:641;rillaboom:602;mimikyu:567;sableye_shadow:564,melmetal:311;tinkaton:351;sableye_mega:389;altaria:394;cramorant:424
farfetchd,Farfetch'd,77.6,116.8,109.2,131,1671,FURY_CUTTER,LEAF_BLADE,AERIAL_ACE,72.3,65.7,69.8,57.5,malamar_mega:790;quagsire_shadow:732;sableye_mega:698;sableye_shadow:603;stunfisk:503,tinkaton:177;altaria:221;melmetal:277;cramorant:353;mimikyu:387
marshtomp_shadow,Marshtomp (Shadow),77.6,120.4,111.4,139,1865,MUD_SHOT,SURF,SLUDGE,69.5,63.2,73.6,51.6,azumarill:769;morpeko_full_belly:737;stunfisk:654;melmetal:600;corviknight:586,mimikyu:177;altaria:206;cramorant:301;tinkaton:386;sableye_mega:394
noctowl_shadow,Noctowl (Shadow),77.6,105.3,120.1,168,2126,WING_ATTACK,SKY_ATTACK,SHADOW_BALL,70.1,54.3,74.6,54,sableye_shadow:672;corsola_galarian:604;florges:577;mimikyu:574;cramorant:562,melmetal:136;tinkaton:141;ninetales_shadow:261;altaria:442;sableye_mega:444
orbeetle,Orbeetle,77.6,107.9,168.6,114,2075,PSYCHO_CUT,PSYSHOCK,BUG_BUZZ,71.2,51.2,73,58.8,stunfisk:609;vigoroth:596;florges:592;malamar_mega:543;quagsire_shadow:508,sableye_mega:123;mimikyu:177;altaria:286;cramorant:317;melmetal:414
wailord,Wailord,77.6,118.3,67.4,237,1892,ROLLOUT,SURF,RETURN,72.3,53.4,73.6,49.6,ninetales_shadow:563;quagsire_shadow:556;thievul:521;cramorant:512;altaria:504,mimikyu:186;melmetal:339;sableye_mega:385;sableye_shadow:464;tinkaton:485
conkeldurr,Conkeldurr,77.5,134,93.8,133,1673,FORCE_PALM,DYNAMIC_PUNCH,BRUTAL_SWING,72.9,59.2,64.4,54.8,thievul:808;tinkaton:725;quagsire_shadow:597;melmetal:593;ninetales_shadow:537,mimikyu:121;cramorant:226;altaria:318;sableye_mega:334;sableye_shadow:380
nidoking_shadow,Nidoking (Shadow),77.5,129.4,105.2,127,1731,POISON_STING,AVALANCHE,EARTH_POWER,66.5,62.3,78.1,30,tinkaton:866;altaria:759;melmetal:618;stunfisk:547;florges:539,sableye_shadow:124;cramorant:162;ninetales_shadow:182;mimikyu:242;sableye_mega:362
sandslash,Sandslash,77.5,120.4,123,125,1853,SAND_ATTACK,ROCK_TOMB,NIGHT_SLASH,68.6,71.9,68.5,53.5,morpeko_full_belly:792;sableye_mega:564;altaria:560;clodsire:560;stunfisk:524,ninetales_shadow:218;mimikyu:252;tinkaton:365;melmetal:400;cramorant:412
skeledirge,Skeledirge,77.5,121.2,109.7,139,1849,INCINERATE,TORCH_SONG,SHADOW_BALL,68.9,57.5,67.9,67.2,melmetal:741;ninetales_shadow:733;tinkaton:604;corsola_galarian:593;corviknight:582,cramorant:162;sableye_mega:224;sableye_shadow:276;mimikyu:336;altaria:413
staraptor_mega,Staraptor (Mega),77.5,140.3,108.9,104,1591,WING_ATTACK,CLOSE_COMBAT,HEAT_WAVE,68,48.3,77.8,34.9,thievul:740;quagsire_shadow:653;sableye_shadow:639;ninetales_shadow:524;malamar_mega:514,melmetal:140;sableye_mega:188;mimikyu:242;tinkaton:407;altaria:416
crobat_shadow,Crobat (Shadow),77.4,121.2,118.1,129,1847,GUST,AIR_CUTTER,POISON_FANG,72.5,67.3,66.8,56.5,altaria:717;florges:658;ninetales_shadow:527;sableye_mega:515;vigoroth:507,melmetal:191;cramorant:301;tinkaton:308;sableye_shadow:316;mimikyu:373
delphox,Delphox,77.4,132.6,115.6,110,1687,SCRATCH,PSYSHOCK,BLAST_BURN,67.2,52.1,70.8,46.4,tinkaton:877;ninetales_shadow:695;melmetal:668;corviknight:595;florges:509,sableye_shadow:84;sableye_mega:96;mimikyu:121;cramorant:242;altaria:365
drilbur_shadow,Drilbur (Shadow),77.4,139.4,81.5,142,1614,SCRATCH,DRILL_RUN,ROCK_TOMB,73.4,69.9,67.7,25.3,tinkaton:820;altaria:672;malamar_mega:644;melmetal:588;thievul:573,mimikyu:140;ninetales_shadow:194;cramorant:250;sableye_mega:353;sableye_shadow:408
electivire,Electivire,77.4,143.3,100.8,108,1562,THUNDER_SHOCK,ICE_PUNCH,WILD_CHARGE,75.1,63.1,75.5,32.2,melmetal:722;malamar_mega:717;corviknight:717;sableye_shadow:671;cramorant:537,sableye_mega:142;ninetales_shadow:146;tinkaton:187;mimikyu:233;altaria:478
farfetchd_galarian,Farfetch'd (Galarian),77.4,137.6,99.7,119,1634,FURY_CUTTER,LEAF_BLADE,BRICK_BREAK,74.9,72.9,63.3,55.3,electrode_hisuian:827;thievul:785;malamar_mega:617;quagsire_shadow:617;stunfisk:558,mimikyu:121;altaria:358;cramorant:369;sableye_mega:394;melmetal:462
gallade,Gallade,77.4,136.5,115.6,104,1642,PSYCHO_CUT,LEAF_BLADE,SACRED_SWORD,70.8,64,64.5,47.1,quagsire_shadow:879;morpeko_full_belly:826;azumarill:764;stunfisk:605;melmetal:543,cramorant:162;mimikyu:177;sableye_mega:261;altaria:329;tinkaton:414
latios_shadow,Latios (Shadow),77.4,140.4,112.9,99,1571,DRAGON_BREATH,AURA_SPHERE,LUSTER_PURGE,72,56.6,70.6,32.7,malamar_mega:792;vigoroth:691;ninetales_shadow:641;quagsire_shadow:616;cramorant:565,mimikyu:182;melmetal:198;tinkaton:315;altaria:347;sableye_mega:435
aerodactyl_shadow,Aerodactyl (Shadow),77.3,134.4,103.3,120,1667,DRAGON_BREATH,ROCK_SLIDE,BRUTAL_SWING,77.8,67.6,65.5,31.2,altaria:745;cramorant:708;sableye_shadow:662;malamar_mega:662;vigoroth:641,melmetal:113;mimikyu:149;ninetales_shadow:218;tinkaton:241;sableye_mega:454
garganacl,Garganacl,77.3,105.8,137.2,145,2107,MUD_SHOT,ROCK_TOMB,ROCK_BLAST,71.8,67.3,69.2,60.5,altaria:651;sableye_mega:631;ninetales_shadow:617;fearow:610;corsola_galarian:548,melmetal:308;sableye_shadow:316;mimikyu:350;cramorant:388;tinkaton:404
persian_alolan,Persian (Alolan),77.3,122.4,112.5,133,1833,SCRATCH,FOUL_PLAY,PLAY_ROUGH,69.8,62.6,70,49.6,thievul:672;corviknight:601;ninetales_shadow:597;corsola_galarian:586;malamar_mega:552,mimikyu:130;cramorant:178;sableye_mega:298;altaria:326;melmetal:359
timburr_shadow,Timburr (Shadow),77.3,125.2,85.7,164,1760,LOW_KICK,BRICK_BREAK,ROCK_TOMB,71.8,58.9,62.3,51.1,vigoroth:753;quagsire_shadow:612;melmetal:576;malamar_mega:570;ninetales_shadow:527,mimikyu:121;sableye_mega:169;altaria:224;cramorant:285;tinkaton:421
venusaur_shadow,Venusaur (Shadow),77.3,122.1,122.1,123,1836,VINE_WHIP,FRENZY_PLANT,SLUDGE,68.9,70.3,73.8,43.6,florges:873;stunfisk:707;quagsire_shadow:703;sableye_mega:524;vigoroth:516,ninetales_shadow:130;altaria:289;mimikyu:299;tinkaton:312;melmetal:400
hitmonlee_shadow,Hitmonlee (Shadow),77.2,141.8,118.9,94,1586,LOW_KICK,BLAZE_KICK,BRICK_BREAK,74.8,70.8,67.1,37.9,corviknight:781;morpeko_full_belly:760;thievul:728;vigoroth:675;tinkaton:611,mimikyu:121;altaria:304;cramorant:333;sableye_mega:357;melmetal:359
mamoswine,Mamoswine,77.2,136.2,87.3,138,1642,POWDER_SNOW,ICICLE_SPEAR,HIGH_HORSEPOWER,70.5,48.3,72.2,38.2,stunfisk:923;clodsire:865;tinkaton:804;altaria:778;sableye_mega:521,melmetal:113;ninetales_shadow:130;cramorant:242;sableye_shadow:244;mimikyu:299
tapu_fini,Tapu Fini,77.2,115.8,158.3,105,1926,WATER_GUN,SURF,NATURES_MADNESS,67.1,54,75.5,57.5,thievul:676;altaria:652;corviknight:623;quagsire_shadow:600;ninetales_shadow:514,tinkaton:187;cramorant:234;melmetal:260;mimikyu:266;sableye_mega:348
venusaur,Venusaur,77.2,122.1,122.1,123,1836,VINE_WHIP,FRENZY_PLANT,SLUDGE,69.2,59.3,75.9,58.3,florges:914;quagsire_shadow:873;jellicent:853;stunfisk:739;vigoroth:516,cramorant:178;mimikyu:242;altaria:257;melmetal:321;sableye_mega:477
barbaracle,Barbaracle,77.1,120.9,133,115,1851,FURY_CUTTER,CROSS_CHOP,STONE_EDGE,70.6,56.4,68.4,51.1,malamar_mega:760;thievul:760;vigoroth:682;sableye_mega:600;araquanid:586,mimikyu:126;melmetal:126;tinkaton:202;cramorant:408;altaria:489
chesnaught,Chesnaught,77.1,119.3,126.9,124,1879,LOW_KICK,FRENZY_PLANT,SUPER_POWER,68.2,44.1,77.1,64.7,stunfisk:818;quagsire_shadow:790;thievul:737;melmetal:701;vigoroth:564,mimikyu:74;cramorant:123;tinkaton:187;altaria:253;sableye_mega:431
magneton,Magneton,77.1,143.4,114.6,95,1563,VOLT_SWITCH,MAGNET_BOMB,DISCHARGE,77.4,59.9,64.2,53.1,cramorant:921;malamar_mega:784;sableye_shadow:678;vigoroth:578;corviknight:573,melmetal:208;mimikyu:355;altaria:431;sableye_mega:454;tinkaton:457
heracross,Heracross,77,134.6,108.4,114,1665,FURY_CUTTER,UPPER_HAND,ROCK_TOMB,72.3,48.6,69.2,48.3,thievul:776;vigoroth:732;quagsire_shadow:675;malamar_mega:622;melmetal:609,cramorant:138;mimikyu:140;tinkaton:280;sableye_mega:344;altaria:431
hippopotas_shadow,Hippopotas (Shadow),77,115.1,111.7,152,1956,SAND_ATTACK,ROCK_TOMB,DIG,69.2,55.8,67.7,50.1,tinkaton:842;stunfisk:769;morpeko_full_belly:611;melmetal:542;altaria:519,mimikyu:308;ninetales_shadow:400;cramorant:460;sableye_shadow:480;sableye_mega:490
muk,Muk,77,115.8,111.7,148,1916,POISON_JAB,THUNDER_PUNCH,DARK_PULSE,70,61.4,72.7,54.8,florges:712;ninetales_shadow:638;azumarill:608;araquanid:560;electrode_hisuian:527,melmetal:273;mimikyu:345;sableye_mega:380;altaria:420;tinkaton:429
zoroark_hisuian,Zoroark (Hisuian),77,163.4,87.5,96,1374,SHADOW_CLAW,SWIFT,SHADOW_BALL,76.4,60.1,58.2,28.5,tinkaton:765;corsola_galarian:739;mimikyu:656;altaria:651;cramorant:552,melmetal:222;ninetales_shadow:226;sableye_mega:233;sableye_shadow:284;malamar_mega:475
sandshrew_alolan,Sandshrew (Alolan),76.9,117.6,121,127,1808,POWDER_SNOW,NIGHT_SLASH,GYRO_BALL,72.5,52.7,66.9,66.9,altaria:822;florges:724;stunfisk:547;fearow:523;sableye_mega:515,melmetal:126;ninetales_shadow:130;mimikyu:294;sableye_shadow:324;tinkaton:329
slowbro,Slowbro,76.9,113.4,120.9,144,1975,CONFUSION,DRAIN_PUNCH,ICE_BEAM,75.2,50.3,68.4,65.7,quagsire_shadow:659;florges:642;vigoroth:635;altaria:621;cramorant:614,sableye_mega:96;mimikyu:289;tinkaton:400;melmetal:434;ninetales_shadow:472
flygon_shadow,Flygon (Shadow),76.8,127.9,109.5,125,1752,DRAGON_TAIL,SAND_TOMB,TWISTER,69.7,52.4,66.1,38.2,ninetales_shadow:688;malamar_mega:675;melmetal:660;quagsire_shadow:600;altaria:576,mimikyu:149;sableye_mega:238;sableye_shadow:252;corviknight:256;tinkaton:333
gengar_shadow,Gengar (Shadow),76.8,154.3,95.4,98,1444,SHADOW_CLAW,SHADOW_PUNCH,DARK_PULSE,74.1,61.3,64.1,32,rillaboom:811;tinkaton:795;jellicent:688;fearow:586;cramorant:551,sableye_mega:224;melmetal:250;ninetales_shadow:257;mimikyu:378;altaria:474
glalie,Glalie,76.8,115.2,120.7,140,1948,ROLLOUT,AVALANCHE,SHADOW_BALL,68.3,55.8,76.2,44.9,altaria:771;fearow:567;rillaboom:553;cramorant:542;stunfisk:528,mimikyu:186;ninetales_shadow:194;tinkaton:258;melmetal:335;sableye_mega:417
avalugg_hisuian,Avalugg (Hisuian),76.7,116.4,135.1,122,1921,POWDER_SNOW,ROCK_SLIDE,ICY_WIND,70.3,46.5,65.2,58.8,altaria:799;stunfisk:651;thievul:573;ninetales_shadow:561;cramorant:553,melmetal:113;tinkaton:219;mimikyu:327;sableye_mega:472;sableye_shadow:480
blacephalon,Blacephalon,76.7,173.6,88.4,84,1290,INCINERATE,MIND_BLOWN,SHADOW_BALL,66,43.2,84.2,40.4,tinkaton:803;florges:797;vigoroth:750;corviknight:619;altaria:547,ninetales_shadow:182;sableye_mega:238;mimikyu:285;melmetal:434;cramorant:476
salamence_mega,Salamence (Mega),76.7,139.1,114.7,101,1613,DRAGON_TAIL,FLY,BRUTAL_SWING,72.6,58.9,68.5,39.9,ninetales_shadow:688;deoxys_defense:628;rillaboom:603;cramorant:539;altaria:519,mimikyu:130;tinkaton:198;sableye_mega:311;melmetal:345;sableye_shadow:384
slowking_galarian,Slowking (Galarian),76.6,117.3,117.9,138,1910,ACID,PSYSHOCK,SHADOW_BALL,71.2,53.1,70.9,54.5,electrode_hisuian:851;rillaboom:778;florges:750;azumarill:644;tinkaton:554,sableye_mega:142;mimikyu:242;melmetal:352;altaria:362;ninetales_shadow:484
starmie_mega,Starmie (Mega),76.6,144.8,124.1,86,1547,PSYWAVE,ICE_BEAM,POWER_GEM,68.5,63.4,67.9,36.4,clodsire:819;annihilape:790;altaria:726;fearow:703;quagsire_shadow:668,cramorant:265;mimikyu:289;sableye_mega:325;tinkaton:386;melmetal:472
vikavolt,Vikavolt,76.6,144.1,96.6,111,1547,VOLT_SWITCH,X_SCISSOR,FLY,76,75.8,67.4,40.6,cramorant:833;malamar_mega:725;sableye_shadow:680;thievul:635;corviknight:563,mimikyu:355;tinkaton:379;altaria:423;sableye_mega:440;melmetal:462
whiscash_shadow,Whiscash (Shadow),76.6,107.5,108.2,178,2074,MUD_SHOT,MUD_BOMB,SCALD,70.5,55.8,73,53.1,morpeko_full_belly:780;stunfisk:707;melmetal:699;florges:640;tinkaton:632,ninetales_shadow:182;mimikyu:191;cramorant:222;sableye_mega:325;altaria:329
blaziken_mega,Blaziken (Mega),76.5,160.8,88.1,98,1390,EMBER,AURA_SPHERE,BLAZE_KICK,78,75.6,73,23,melmetal:831;tinkaton:775;corviknight:750;vigoroth:627;mimikyu:530,cramorant:99;malamar_mega:137;altaria:286;sableye_mega:380;sableye_shadow:400
dhelmise,Dhelmise,76.5,139.7,109.3,105,1605,SHADOW_CLAW,POWER_WHIP,BRUTAL_SWING,72.5,69.4,61.8,46.8,stunfisk:757;morpeko_full_belly:661;vigoroth:657;quagsire_shadow:519;corviknight:509,sableye_mega:188;cramorant:242;altaria:340;mimikyu:439;melmetal:493
sceptile_shadow,Sceptile (Shadow),76.5,135.6,109.3,111,1646,FURY_CUTTER,LEAF_BLADE,BREAKING_SWIPE,73.7,66.7,67.9,36.4,stunfisk:738;quagsire_shadow:707;malamar_mega:689;sableye_shadow:671;thievul:630,mimikyu:149;melmetal:335;altaria:387;sableye_mega:426;cramorant:448
skuntank_shadow,Skuntank (Shadow),76.5,121.7,95.1,158,1831,POISON_JAB,CRUNCH,TRAILBLAZE,68.9,56,69.6,53.1,thievul:651;sableye_shadow:585;mimikyu:566;sableye_mega:544;ninetales_shadow:512,altaria:282;tinkaton:308;cramorant:333;malamar_mega:354;melmetal:397
furfrou,Furfrou,76.4,115.5,125.1,134,1938,TAKE_DOWN,DARK_PULSE,GRASS_KNOT,68.6,54.5,72.7,56.8,corsola_galarian:664;florges:585;altaria:567;thievul:541;stunfisk:514,melmetal:222;mimikyu:289;tinkaton:312;sableye_mega:325;cramorant:440
hariyama_shadow,Hariyama (Shadow),76.4,125.6,76,186,1778,FORCE_PALM,UPPER_HAND,HEAVY_SLAM,68.8,43.3,66.6,56.3,thievul:782;vigoroth:728;tinkaton:706;quagsire_shadow:604;melmetal:594,mimikyu:121;cramorant:226;altaria:329;sableye_mega:371;ninetales_shadow:392
latios,Latios,76.4,139.3,112.9,102,1606,DRAGON_BREATH,AURA_SPHERE,LUSTER_PURGE,72.1,59.3,65.8,35.9,clodsire:818;vigoroth:700;ninetales_shadow:686;stunfisk:651;melmetal:617,mimikyu:121;cramorant:265;tinkaton:297;sableye_mega:316;altaria:474
magnemite,Magnemite,76.4,147.8,113.6,90,1512,VOLT_SWITCH,MAGNET_BOMB,DISCHARGE,76.8,58.6,61.8,50.3,cramorant:916;malamar_mega:772;vigoroth:772;sableye_shadow:661;corviknight:550,melmetal:222;mimikyu:359;altaria:438;sableye_mega:463;tinkaton:464
avalugg,Avalugg,76.3,111.7,141.3,127,2007,ICE_FANG,AVALANCHE,BODY_SLAM,70.5,52.8,73.5,64.2,altaria:814;sableye_mega:618;vigoroth:602;corviknight:562;sableye_shadow:515,tinkaton:187;ninetales_shadow:194;melmetal:226;malamar_mega:329;mimikyu:331
grimer,Grimer,76.3,121,88.2,172,1836,POISON_JAB,SLUDGE,MUD_BOMB,68.2,57.5,74.1,53.3,azumarill:813;florges:744;ninetales_shadow:625;thievul:555;tinkaton:537,sableye_shadow:196;mimikyu:289;sableye_mega:357;melmetal:404;altaria:471
illumise,Illumise,76.3,111.4,136.2,133,2019,INFESTATION,SILVER_WIND,SHADOW_BALL,69.1,43.2,74.1,59.5,malamar_mega:601;thievul:593;sableye_shadow:586;stunfisk:563;quagsire_shadow:515,mimikyu:121;cramorant:142;altaria:304;melmetal:380;sableye_mega:463
lileep_shadow,Lileep (Shadow),76.3,100.8,138.6,151,2111,ACID,GRASS_KNOT,ANCIENT_POWER,67.5,46,77.3,45.9,quagsire_shadow:721;ninetales_shadow:665;vigoroth:635;cramorant:586;stunfisk:579,melmetal:202;tinkaton:223;mimikyu:327;sableye_mega:380;altaria:452
litleo,Litleo,76.3,121.5,105.7,144,1852,INCINERATE,FLAME_CHARGE,CRUNCH,69.7,55.2,67.4,67.9,sableye_mega:732;mimikyu:642;sableye_shadow:642;tinkaton:607;melmetal:517,quagsire_shadow:164;cramorant:202;malamar_mega:266;ninetales_shadow:460;altaria:474
camerupt_shadow,Camerupt (Shadow),76.2,133.5,100.5,125,1678,INCINERATE,EARTH_POWER,ROCK_TOMB,70.3,61.7,54.5,50.6,tinkaton:844;melmetal:732;altaria:696;corsola_galarian:612;corviknight:564,cramorant:210;ninetales_shadow:226;sableye_mega:298;sableye_shadow:364;mimikyu:429
salamence,Salamence,76.2,143.4,93,117,1562,DRAGON_TAIL,FLY,BRUTAL_SWING,72.8,58.4,69.3,37.4,ninetales_shadow:692;deoxys_defense:641;rillaboom:636;araquanid:542;dragonite_mega:534,mimikyu:130;tinkaton:202;melmetal:315;sableye_mega:344;altaria:496
chesnaught_shadow,Chesnaught (Shadow),76.1,119.3,126.9,124,1879,LOW_KICK,FRENZY_PLANT,SUPER_POWER,66,39.5,75.1,53.3,thievul:774;quagsire_shadow:770;melmetal:661;malamar_mega:552;sableye_shadow:508,mimikyu:121;cramorant:130;tinkaton:234;altaria:278;sableye_mega:481
delphox_mega,Delphox (Mega),76.1,152.2,112.8,86,1477,SCRATCH,BLAST_BURN,PSYSHOCK,70.1,59.5,70.4,29.2,tinkaton:866;malamar_mega:761;melmetal:662;ninetales_shadow:627;cramorant:569,mimikyu:93;sableye_mega:96;sableye_shadow:124;quagsire_shadow:201;altaria:376
flygon,Flygon,76.1,127.9,109.5,125,1752,DRAGON_TAIL,SAND_TOMB,TWISTER,70.8,53.3,66.5,47.1,altaria:660;quagsire_shadow:652;ninetales_shadow:600;stunfisk:556;vigoroth:504,mimikyu:135;tinkaton:283;cramorant:456;melmetal:469;sableye_mega:481
frillish,Frillish,76.1,109.2,125.2,135,1846,HEX,NIGHT_SHADE,ICE_BEAM,68.8,51.2,68.4,58.5,altaria:818;clodsire:677;tinkaton:618;florges:566;quagsire_shadow:559,sableye_mega:114;mimikyu:280;melmetal:383;cramorant:400;ninetales_shadow:428
meowscarada,Meowscarada,76.1,140.3,99.1,115,1600,LEAFAGE,NIGHT_SLASH,FRENZY_PLANT,74.6,56.4,66,50.3,quagsire_shadow:926;malamar_mega:821;sableye_shadow:778;vigoroth:734;sableye_mega:647,ninetales_shadow:130;altaria:224;tinkaton:304;melmetal:308;mimikyu:331
servine_shadow,Servine (Shadow),76.1,105.8,140.3,142,2110,VINE_WHIP,GRASS_KNOT,WRAP,71.8,62.8,70.1,63.2,quagsire_shadow:816;sableye_mega:630;vigoroth:573;sableye_shadow:542;malamar_mega:535,tinkaton:280;melmetal:284;mimikyu:289;ninetales_shadow:341;altaria:409
venusaur_mega,Venusaur (Mega),76.1,126.7,131.9,106,1773,VINE_WHIP,FRENZY_PLANT,SLUDGE,68.8,63.5,74.4,50.8,florges:754;quagsire_shadow:735;stunfisk:712;morpeko_full_belly:650;sableye_mega:566,ninetales_shadow:99;mimikyu:242;altaria:264;tinkaton:287;melmetal:328
victreebel_mega,Victreebel (Mega),76.1,143,102.5,107,1570,ACID,LEAF_BLADE,SLUDGE_BOMB,75.2,66.3,63.7,35.7,vigoroth:714;quagsire_shadow:682;stunfisk:626;thievul:621;malamar_mega:528,melmetal:287;altaria:297;cramorant:333;sableye_mega:348;mimikyu:369
grimer_alolan,Grimer (Alolan),76,122.7,86.8,171,1824,POISON_JAB,CRUNCH,SLUDGE_BOMB,68.2,58.1,73.3,52.8,malamar_mega:628;thievul:611;ninetales_shadow:605;corsola_galarian:543;florges:535,cramorant:313;melmetal:356;sableye_mega:426;mimikyu:481;altaria:496
relicanth,Relicanth,76,105.1,133.6,152,2138,WATER_GUN,AQUA_TAIL,ANCIENT_POWER,70,53.6,68.5,64,fearow:631;thievul:605;corsola_galarian:559;tinkaton:549;vigoroth:532,cramorant:337;mimikyu:387;melmetal:417;sableye_mega:444;altaria:467
excadrill_shadow,Excadrill (Shadow),75.9,142.6,78.7,140,1573,MUD_SHOT,DRILL_RUN,ROCK_SLIDE,72.3,67.2,72.7,27.5,stunfisk:932;tinkaton:867;morpeko_full_belly:771;melmetal:714;cramorant:703,mimikyu:191;ninetales_shadow:194;sableye_mega:389;altaria:416;sableye_shadow:440
golurk_shadow,Golurk (Shadow),75.9,133.3,98.5,128,1681,MUD_SLAP,SHADOW_PUNCH,DYNAMIC_PUNCH,69.4,59,56.7,46.8,clodsire:902;tinkaton:800;vigoroth:703;stunfisk:671;melmetal:609,cramorant:142;sableye_mega:252;altaria:286;mimikyu:336;ninetales_shadow:400
kartana,Kartana,75.9,169.1,99.3,79,1328,FURY_CUTTER,LEAF_BLADE,SACRED_SWORD,74.9,46.8,71.7,29.7,malamar_mega:791;vigoroth:765;sableye_mega:651;sableye_shadow:594;quagsire_shadow:556,mimikyu:149;cramorant:162;tinkaton:258;altaria:278;melmetal:472
aerodactyl,Aerodactyl,75.8,134.4,103.3,120,1667,DRAGON_BREATH,ROCK_SLIDE,BRUTAL_SWING,74.9,66.4,64.4,45.6,fearow:829;cramorant:750;altaria:745;vigoroth:637;ninetales_shadow:591,melmetal:113;mimikyu:121;tinkaton:216;sableye_mega:344;sableye_shadow:488
lampent_shadow,Lampent (Shadow),75.8,132.5,99,129,1692,EMBER,HEAT_WAVE,ENERGY_BALL,68.8,57,74,35.4,tinkaton:868;corviknight:763;fearow:686;rillaboom:666;melmetal:658,cramorant:123;mimikyu:219;altaria:297;ninetales_shadow:353;sableye_mega:449
pumpkaboo_super,Pumpkaboo (Super),75.8,111.7,113.4,141,1788,ASTONISH,GRASS_KNOT,FOUL_PLAY,69.1,43.6,68.4,62.7,stunfisk:801;quagsire_shadow:631;corsola_galarian:549;florges:546;vigoroth:507,sableye_mega:197;cramorant:253;altaria:322;melmetal:431;mimikyu:457
articuno_shadow,Articuno (Shadow),75.7,115.1,136.9,123,1939,POWDER_SNOW,TRIPLE_AXEL,HURRICANE,66.9,50.1,70.8,48.8,clodsire:849;altaria:703;rillaboom:577;stunfisk:520;vigoroth:504,ninetales_shadow:130;melmetal:250;tinkaton:255;cramorant:265;mimikyu:317
delphox_shadow,Delphox (Shadow),75.7,132.6,115.6,110,1687,SCRATCH,PSYSHOCK,BLAST_BURN,67.8,52.7,67.3,31.5,tinkaton:845;ninetales_shadow:681;fearow:677;cramorant:645;melmetal:600,sableye_mega:96;mimikyu:102;sableye_shadow:124;malamar_mega:254;altaria:474
galvantula_shadow,Galvantula (Shadow),75.7,138.2,96.4,122,1627,VOLT_SWITCH,DISCHARGE,LUNGE,68.9,70.9,67.7,41.4,jellicent:766;cramorant:750;melmetal:700;fearow:688;corviknight:610,sableye_mega:256;ninetales_shadow:273;mimikyu:373;altaria:434;tinkaton:460
girafarig,Girafarig,75.7,130.3,101.5,130,1721,CONFUSION,PSYCHIC_FANGS,TRAILBLAZE,74,58.9,59.8,61.5,clodsire:846;stunfisk:630;ninetales_shadow:550;corsola_galarian:530;vigoroth:503,sableye_mega:252;melmetal:332;altaria:384;mimikyu:401;cramorant:448
kabutops_shadow,Kabutops (Shadow),75.7,135.4,119.7,102,1655,FURY_CUTTER,AQUA_JET,STONE_EDGE,66,65.4,67.3,24.3,malamar_mega:759;vigoroth:725;sableye_shadow:651;altaria:642;thievul:602,melmetal:113;mimikyu:140;ninetales_shadow:146;sableye_mega:188;tinkaton:315
girafarig_shadow,Girafarig (Shadow),75.6,130.3,101.5,130,1721,CONFUSION,PSYCHIC_FANGS,TRAILBLAZE,78,69.3,51.1,46.8,vigoroth:688;cramorant:650;quagsire_shadow:596;corsola_galarian:596;stunfisk:592,tinkaton:301;sableye_mega:307;melmetal:390;altaria:489;mimikyu:490
garchomp_shadow,Garchomp (Shadow),75.5,132.4,101.4,126,1694,DRAGON_TAIL,TWISTER,SAND_TOMB,65.8,50.7,64.9,35.4,malamar_mega:678;melmetal:638;quagsire_shadow:583;altaria:579;thievul:567,mimikyu:172;sableye_mega:197;ninetales_shadow:242;cramorant:281;tinkaton:343
hitmonlee,Hitmonlee,75.5,141.8,118.9,94,1586,LOW_KICK,BLAZE_KICK,BRICK_BREAK,74.1,64.5,61.2,46.8,thievul:781;vigoroth:675;melmetal:569;quagsire_shadow:542;stunfisk:537,mimikyu:121;cramorant:297;sableye_mega:311;altaria:351;tinkaton:439
larvesta,Larvesta,75.5,130.8,99.7,131,1710,EMBER,FLAME_WHEEL,BUG_BUZZ,65.1,51.9,70,54.3,corviknight:843;rillaboom:767;melmetal:698;tinkaton:671;florges:534,cramorant:123;mimikyu:186;altaria:221;ninetales_shadow:329;sableye_mega:412
quaxwell,Quaxwell,75.5,125.4,103.5,138,1792,WING_ATTACK,AQUA_JET,AERIAL_ACE,65.8,62.3,70.1,49.8,annihilape:572;feraligatr:554;azumarill:547;clodsire:521;araquanid:510,mimikyu:186;altaria:239;melmetal:352;sableye_mega:376;cramorant:384
roserade,Roserade,75.5,141.9,114.3,97,1574,POISON_STING,WEATHER_BALL_FIRE,LEAF_STORM,82,71.9,63.6,39.2,tinkaton:829;sableye_mega:737;quagsire_shadow:690;sableye_shadow:685;melmetal:572,ninetales_shadow:130;mimikyu:233;cramorant:261;corviknight:290;altaria:300
wailmer_shadow,Wailmer (Shadow),75.5,116.5,68.2,242,1927,ROLLOUT,SCALD,BODY_SLAM,68,58.4,69.8,44.4,azumarill:555;cramorant:545;marowak:545;tinkaton:516;fearow:508,mimikyu:200;ninetales_shadow:242;altaria:347;sableye_mega:412;melmetal:417
thundurus_incarnate,Thundurus (Incarnate),75.4,148.1,95.5,107,1514,THUNDER_SHOCK,THUNDER_PUNCH,BRICK_BREAK,73.2,68.5,63.3,51.8,jellicent:831;fearow:785;cramorant:747;corviknight:742;morpeko_full_belly:570,mimikyu:247;tinkaton:322;sableye_mega:325;altaria:344;melmetal:496
zygarde,Zygarde (50% Forme),75.4,114.1,128.3,133,1948,DRAGON_TAIL,CRUNCH,BULLDOZE,68.8,50.3,68.5,53.5,stunfisk:789;electrode_hisuian:721;clodsire:590;melmetal:560;ninetales_shadow:518,mimikyu:121;sableye_mega:206;tinkaton:343;altaria:391;cramorant:424
lucario,Lucario,75.3,145.7,93.7,113,1544,FORCE_PALM,AURA_SPHERE,SHADOW_BALL,66,41.6,65.7,50.3,morpeko_full_belly:862;empoleon:853;vigoroth:818;thievul:774;tinkaton:761,mimikyu:121;cramorant:226;altaria:344;sableye_mega:385;melmetal:476
suicune,Suicune,75.3,106.2,143,137,2083,ICE_FANG,BUBBLE_BEAM,SCALD,74.1,61.7,73,62.5,altaria:675;sableye_mega:675;quagsire_shadow:671;vigoroth:631;corviknight:605,melmetal:208;ninetales_shadow:257;mimikyu:373;tinkaton:386;cramorant:488
xatu_shadow,Xatu (Shadow),75.3,132.2,107.9,119,1698,PECK,PSYSHOCK,AERIAL_ACE,72,72.9,65.3,34.4,vigoroth:659;quagsire_shadow:651;cramorant:626;florges:521;ninetales_shadow:504,melmetal:140;sableye_mega:233;mimikyu:289;tinkaton:312;altaria:431
froslass_shadow,Froslass (Shadow),75.2,122.5,114.8,130,1831,POWDER_SNOW,AVALANCHE,SHADOW_BALL,62.3,44.8,68.1,43.4,clodsire:903;altaria:730;stunfisk:619;vigoroth:569;corsola_galarian:503,melmetal:140;sableye_mega:233;cramorant:265;mimikyu:289;tinkaton:436
muk_shadow,Muk (Shadow),75.2,115.8,111.7,148,1916,POISON_JAB,DARK_PULSE,THUNDER_PUNCH,64.5,51.9,71.6,50.8,azumarill:807;florges:712;rillaboom:631;ninetales_shadow:574;annihilape:570,melmetal:304;cramorant:309;mimikyu:345;sableye_mega:412;altaria:413
crocalor,Crocalor,75.1,119.4,105.7,148,1869,INCINERATE,CRUNCH,FLAMETHROWER,69.4,55.7,71.2,60,melmetal:658;sableye_mega:628;tinkaton:618;corviknight:601;malamar_mega:530,cramorant:202;sableye_shadow:292;mimikyu:336;ninetales_shadow:460;altaria:467
drilbur,Drilbur,75.1,139.4,81.5,142,1614,SCRATCH,DRILL_RUN,ROCK_TOMB,70,61,69.2,30.2,electrode_hisuian:926;morpeko_full_belly:742;stunfisk:686;melmetal:644;corviknight:517,mimikyu:121;cramorant:250;sableye_mega:316;altaria:452;tinkaton:489
garchomp,Garchomp,75.1,132.4,101.4,126,1694,DRAGON_TAIL,TWISTER,SAND_TOMB,68.3,49.6,65,41.1,melmetal:690;altaria:662;quagsire_shadow:595;ninetales_shadow:583;stunfisk:531,mimikyu:135;sableye_shadow:212;tinkaton:297;cramorant:464;sableye_mega:495
graveler_alolan,Graveler (Alolan),75.1,121.4,130.9,116,1845,VOLT_SWITCH,STONE_EDGE,ROCK_BLAST,71.7,56.1,64.2,59.5,cramorant:918;altaria:788;vigoroth:672;sableye_mega:616;thievul:556,ninetales_shadow:194;mimikyu:299;tinkaton:368;sableye_shadow:388;melmetal:465
perrserker,Perrserker,75.1,128.7,113.3,119,1738,SHADOW_CLAW,CLOSE_COMBAT,TRAILBLAZE,64.2,45.3,68.2,51.3,vigoroth:663;jellicent:584;azumarill:563;quagsire_shadow:550;cramorant:525,melmetal:171;altaria:246;tinkaton:333;mimikyu:401;sableye_mega:426
slowbro_shadow,Slowbro (Shadow),75.1,113.4,120.9,144,1975,CONFUSION,DRAIN_PUNCH,ICE_BEAM,73.7,47.8,64.2,59.3,quagsire_shadow:597;altaria:593;ninetales_shadow:565;cramorant:552;vigoroth:552,sableye_mega:119;sableye_shadow:132;mimikyu:345;tinkaton:386;melmetal:489
aggron,Aggron,75,116.6,155.7,106,1925,METAL_SOUND,METEOR_BEAM,BRICK_BREAK,70,58.6,67.6,62.2,altaria:759;florges:650;ninetales_shadow:627;sableye_mega:594;thievul:566,malamar_mega:179;sableye_shadow:192;tinkaton:294;melmetal:304;cramorant:333
baxcalibur,Baxcalibur,75,135.6,95.7,127,1650,DRAGON_BREATH,GLAIVE_RUSH,AVALANCHE,66.6,46.2,71.4,31.7,stunfisk:653;altaria:543;cramorant:535;ninetales_shadow:527;vigoroth:503,melmetal:113;mimikyu:135;tinkaton:244;sableye_shadow:284;sableye_mega:472
beedrill_shadow,Beedrill (Shadow),75,127.1,106.5,130,1760,POISON_STING,X_SCISSOR,DRILL_RUN,69.5,65.7,66.3,37.7,rillaboom:788;thievul:684;malamar_mega:650;florges:630;stunfisk:557,mimikyu:247;altaria:307;sableye_mega:321;cramorant:321;melmetal:448
crawdaunt_shadow,Crawdaunt (Shadow),75,144.7,98.3,109,1552,WATERFALL,NIGHT_SLASH,SCALD,70.9,64.9,57.5,42.4,malamar_mega:811;corsola_galarian:665;ninetales_shadow:623;sableye_mega:610;thievul:555,melmetal:311;altaria:369;tinkaton:425;mimikyu:434;cramorant:448
machop_shadow,Machop (Shadow),75,127.7,81.5,157,1634,KARATE_CHOP,CROSS_CHOP,BRICK_BREAK,75.4,64,58.2,48.8,melmetal:869;vigoroth:742;tinkaton:665;quagsire_shadow:535;ninetales_shadow:515,mimikyu:191;sableye_shadow:244;cramorant:285;altaria:358;sableye_mega:399
mismagius,Mismagius,75,131.6,123.6,104,1693,PSYWAVE,SHADOW_BALL,MYSTICAL_FIRE,69.7,47.8,65.2,44.6,rillaboom:687;quagsire_shadow:653;vigoroth:644;ninetales_shadow:605;corsola_galarian:552,sableye_mega:96;mimikyu:252;cramorant:277;altaria:413;melmetal:469
scrafty,Scrafty,75,110.4,156.7,117,2025,COUNTER,FOUL_PLAY,UPPER_HAND,67.1,41.5,70.3,63.5,electrode_hisuian:816;thievul:756;corsola_galarian:679;vigoroth:602;quagsire_shadow:576,altaria:134;mimikyu:135;sableye_mega:169;cramorant:178;melmetal:493
skarmory_mega,Skarmory (Mega),75,142.4,123.1,90,1578,AIR_SLASH,BRAVE_BIRD,DRILL_RUN,62.5,32.9,70,45.9,clodsire:633;rillaboom:627;florges:622;araquanid:588;vigoroth:583,melmetal:126;sableye_mega:229;mimikyu:308;altaria:442;tinkaton:460
toxicroak,Toxicroak,75,136.2,93.7,129,1648,POISON_STING,DYNAMIC_PUNCH,SHADOW_BALL,69.1,43.9,75.2,36.9,thievul:802;vigoroth:763;rillaboom:612;melmetal:581;ninetales_shadow:554,cramorant:162;mimikyu:186;altaria:326;tinkaton:329;sableye_mega:330
zebstrika_shadow,Zebstrika (Shadow),75,137.7,95.4,124,1630,LOW_KICK,WILD_CHARGE,DISCHARGE,67.8,51.6,68.2,31.5,tinkaton:758;melmetal:677;vigoroth:673;thievul:592;corviknight:580,mimikyu:121;sableye_mega:142;sableye_shadow:164;ninetales_shadow:194;altaria:304
grimer_shadow,Grimer (Shadow),74.9,122.7,86.8,171,1824,POISON_JAB,SLUDGE,MUD_BOMB,63.1,50.7,70.4,45.4,azumarill:786;florges:678;rillaboom:616;ninetales_shadow:543;cradily:535,cramorant:309;mimikyu:345;sableye_mega:366;melmetal:462;altaria:478
leavanny,Leavanny,74.9,129.4,110.2,121,1727,SHADOW_CLAW,LEAF_BLADE,X_SCISSOR,69.7,54.6,66.3,52.1,jellicent:847;quagsire_shadow:793;stunfisk:776;malamar_mega:747;morpeko_full_belly:723,cramorant:162;altaria:278;melmetal:352;mimikyu:373;sableye_mega:403
lugia_shadow,Lugia (Shadow),74.9,104.2,164.3,124,2125,DRAGON_TAIL,FLY,EARTH_POWER,64.5,40.6,72.8,42.4,rillaboom:693;ninetales_shadow:629;melmetal:620;altaria:548;quagsire_shadow:528,mimikyu:121;sableye_mega:142;sableye_shadow:180;tinkaton:184;cramorant:484
braixen_shadow,Braixen (Shadow),74.8,130.5,106.9,123,1718,EMBER,PSYSHOCK,FLAME_CHARGE,71.1,62.5,63.4,42.6,tinkaton:873;electrode_hisuian:813;corviknight:752;rillaboom:752;melmetal:524,cramorant:123;mimikyu:271;altaria:315;sableye_mega:385;ninetales_shadow:400
decidueye_hisuian,Decidueye (Hisuian),74.8,126.9,109.4,127,1765,PSYCHO_CUT,ENERGY_BALL,AURA_SPHERE,68.5,55.2,69,53.1,quagsire_shadow:795;stunfisk:767;thievul:673;melmetal:661;vigoroth:523,cramorant:111;mimikyu:177;altaria:253;sableye_mega:279;tinkaton:290
hariyama,Hariyama,74.8,125.6,76,186,1778,FORCE_PALM,UPPER_HAND,HEAVY_SLAM,68.8,42.7,66.6,55.3,thievul:771;quagsire_shadow:645;melmetal:615;ninetales_shadow:591;corviknight:551,mimikyu:116;cramorant:198;altaria:282;sableye_mega:311;tinkaton:460
lairon,Lairon,74.8,113.8,147.1,118,1977,METAL_SOUND,ROCK_TOMB,BODY_SLAM,66.3,50,66.6,58.3,ninetales_shadow:669;araquanid:635;altaria:610;cramorant:597;corsola_galarian:584,melmetal:95;sableye_shadow:248;malamar_mega:320;sableye_mega:399;tinkaton:485
reshiram_shadow,Reshiram (Shadow),74.8,138.4,108.9,107,1614,DRAGON_BREATH,FUSION_FLARE,DRACO_METEOR,61.7,63.8,64.7,35.2,araquanid:799;tinkaton:771;ninetales_shadow:761;deoxys_defense:738;corsola_galarian:635,melmetal:219;mimikyu:242;sableye_mega:279;cramorant:333;altaria:384
toxicroak_shadow,Toxicroak (Shadow),74.8,136.2,93.7,129,1648,POISON_STING,DYNAMIC_PUNCH,SHADOW_BALL,61.7,51.5,79.7,27.2,electrode_hisuian:802;thievul:763;vigoroth:686;florges:531;rillaboom:523,melmetal:71;mimikyu:242;sableye_mega:307;altaria:351;cramorant:440
comfey,Comfey,74.7,116.2,157.4,105,1922,VINE_WHIP,DRAINING_KISS,GRASS_KNOT,69.2,52.7,70.8,49.1,malamar_mega:642;sableye_mega:614;sableye_shadow:604;quagsire_shadow:595;altaria:528,tinkaton:95;melmetal:136;mimikyu:280;ninetales_shadow:321;cramorant:480
ferrothorn,Ferrothorn,74.7,107.1,152.7,128,2094,BULLET_SEED,POWER_WHIP,THUNDER,68.9,40,75.1,65.2,quagsire_shadow:773;cramorant:597;stunfisk:597;florges:582;mimikyu:531,ninetales_shadow:63;altaria:141;tinkaton:265;melmetal:325;sableye_mega:353
honchkrow,Honchkrow,74.7,149.9,68.9,145,1500,PECK,BRAVE_BIRD,DARK_PULSE,63.2,47.1,71.1,33,corsola_galarian:748;araquanid:665;sableye_mega:627;sableye_shadow:541;malamar_mega:510,melmetal:140;cramorant:261;mimikyu:322;tinkaton:322;altaria:445
kilowattrel,Kilowattrel,74.7,143.2,92.5,118,1563,THUNDER_SHOCK,ACROBATICS,AERIAL_ACE,65.4,61.4,70.3,34.9,annihilape:826;araquanid:792;fearow:783;cramorant:750;corviknight:665,sableye_mega:142;mimikyu:233;altaria:297;tinkaton:368;melmetal:479
golem_alolan,Golem (Alolan),74.6,125.1,122.2,117,1791,VOLT_SWITCH,WILD_CHARGE,ROCK_BLAST,71.7,53.6,66.6,52.8,melmetal:666;vigoroth:666;cramorant:658;sableye_mega:559;altaria:508,ninetales_shadow:210;mimikyu:303;malamar_mega:387;sableye_shadow:400;tinkaton:464
haunter,Haunter,74.6,161.1,85.5,101,1392,SHADOW_CLAW,SHADOW_PUNCH,ICE_PUNCH,72,67,69.6,30,electrode_hisuian:747;jellicent:722;altaria:698;fearow:599;cramorant:569,melmetal:222;ninetales_shadow:226;mimikyu:387;sableye_mega:403;tinkaton:436
sawk_shadow,Sawk (Shadow),74.6,140.3,97.3,117,1599,LOW_KICK,BRICK_BREAK,BODY_SLAM,68.2,59.2,62.9,41.9,electrode_hisuian:782;morpeko_full_belly:773;thievul:739;vigoroth:653;quagsire_shadow:538,cramorant:182;mimikyu:228;sableye_mega:302;altaria:347;melmetal:414
wobbuffet_shadow,Wobbuffet (Shadow),74.6,63,101.6,333,2134,COUNTER,MIRROR_COAT,FRUSTRATION,70,45.9,69.3,74.9,vigoroth:578;stunfisk:573;electrode_hisuian:548;melmetal:539;fearow:515,mimikyu:93;sableye_mega:192;tinkaton:287;altaria:402;cramorant:412
zapdos_galarian,Zapdos (Galarian),74.6,135.6,107.2,113,1645,LOW_KICK,FLY,CLOSE_COMBAT,62.8,46.9,70.9,40.4,quagsire_shadow:659;tinkaton:654;thievul:628;corviknight:544;ninetales_shadow:535,mimikyu:121;cramorant:162;altaria:336;melmetal:380;sableye_mega:408
latios_mega,Latios (Mega),74.5,150.2,110.7,89,1481,DRAGON_BREATH,AURA_SPHERE,LUSTER_PURGE,70.1,53.6,65.2,29.5,malamar_mega:769;quagsire_shadow:657;vigoroth:657;ninetales_shadow:634;melmetal:556,mimikyu:93;cramorant:265;tinkaton:290;sableye_mega:417;altaria:427
machoke,Machoke,74.5,126.7,97.3,143,1766,KARATE_CHOP,CROSS_CHOP,RETURN,68.3,44.4,63.6,55.8,melmetal:884;thievul:856;quagsire_shadow:636;ninetales_shadow:573;vigoroth:573,mimikyu:65;sableye_mega:201;altaria:217;cramorant:234;tinkaton:343
vaporeon,Vaporeon,74.5,118.4,96.9,165,1894,WATER_GUN,AQUA_TAIL,LAST_RESORT,69.8,54,67.1,52.1,tinkaton:587;quagsire_shadow:554;ninetales_shadow:539;malamar_mega:524;sableye_shadow:512,mimikyu:261;cramorant:341;altaria:416;sableye_mega:422;melmetal:438
druddigon,Druddigon,74.4,131.2,111.2,117,1709,DRAGON_TAIL,NIGHT_SLASH,ROCK_TOMB,68.9,55.7,60.6,44.9,morpeko_full_belly:683;ninetales_shadow:679;electrode_hisuian:619;deoxys_defense:615;altaria:585,tinkaton:127;mimikyu:130;melmetal:308;cramorant:369;sableye_mega:403
grimer_alolan_shadow,Grimer (Alolan) (Shadow),74.4,122.7,86.8,171,1824,POISON_JAB,CRUNCH,SLUDGE_BOMB,66.3,52.7,69.8,47.8,sableye_mega:634;mimikyu:567;sableye_shadow:549;ninetales_shadow:526;malamar_mega:511,corviknight:113;tinkaton:187;altaria:264;cramorant:333;melmetal:400
kabutops,Kabutops,74.3,135.4,119.7,102,1655,FURY_CUTTER,AQUA_JET,STONE_EDGE,65.4,63.1,66.5,33.7,malamar_mega:720;electrode_hisuian:700;thievul:651;altaria:642;vigoroth:617,mimikyu:121;melmetal:126;tinkaton:280;cramorant:329;sableye_mega:403
lopunny_mega,Lopunny (Mega),74.3,145.9,116.4,90,1531,LOW_KICK,TRIPLE_AXEL,THUNDER_PUNCH,66.6,68.2,63.3,38.2,thievul:716;vigoroth:661;altaria:594;jellicent:583;quagsire_shadow:533,mimikyu:130;ninetales_shadow:265;sableye_mega:316;melmetal:342;tinkaton:361
pumpkaboo_large,Pumpkaboo (Large),74.3,113.4,115.1,133,1737,ASTONISH,GRASS_KNOT,FOUL_PLAY,67.7,43.3,65.3,57.5,stunfisk:808;jellicent:631;quagsire_shadow:612;corsola_galarian:556;florges:522,sableye_mega:197;cramorant:253;altaria:322;mimikyu:457;melmetal:462
sceptile,Sceptile,74.3,135.6,109.3,111,1646,FURY_CUTTER,LEAF_BLADE,BREAKING_SWIPE,69.4,58.7,64.5,50.6,quagsire_shadow:914;malamar_mega:752;stunfisk:743;thievul:711;morpeko_full_belly:698,mimikyu:121;cramorant:162;melmetal:318;altaria:391;sableye_mega:422
sirfetchd,Sirfetch'd,74.3,144.7,108,99,1548,FURY_CUTTER,LEAF_BLADE,CLOSE_COMBAT,74,52.5,64.7,33.7,thievul:767;vigoroth:691;quagsire_shadow:601;melmetal:545;malamar_mega:540,tinkaton:95;mimikyu:121;altaria:184;cramorant:373;sableye_mega:399
braixen,Braixen,74.2,130.5,106.9,123,1718,EMBER,PSYSHOCK,FLAME_CHARGE,68.5,54,66,55.8,rillaboom:752;melmetal:613;tinkaton:544;corviknight:524;ninetales_shadow:512,cramorant:123;mimikyu:233;sableye_shadow:372;altaria:394;sableye_mega:403
excadrill,Excadrill,74.2,142.6,78.7,140,1573,MUD_SHOT,DRILL_RUN,ROCK_SLIDE,67.8,61.6,70.4,37.7,fearow:817;morpeko_full_belly:807;melmetal:750;stunfisk:521;florges:503,cramorant:83;mimikyu:177;altaria:318;sableye_mega:348;tinkaton:489
golem_alolan_shadow,Golem (Alolan) (Shadow),74.2,125.1,122.2,117,1791,VOLT_SWITCH,WILD_CHARGE,ROCK_BLAST,73.5,59.6,61.7,36.9,tinkaton:773;altaria:688;corviknight:653;vigoroth:641;cramorant:589,melmetal:222;ninetales_shadow:242;mimikyu:359;sableye_mega:399;sableye_shadow:472
golurk,Golurk,74.2,133.3,98.5,128,1681,MUD_SLAP,SHADOW_PUNCH,DYNAMIC_PUNCH,67.4,57.5,58.5,49.8,tinkaton:789;clodsire:730;stunfisk:703;melmetal:652;vigoroth:570,cramorant:115;sableye_mega:197;altaria:228;mimikyu:355;ninetales_shadow:408
lampent,Lampent,74.2,132.5,99,129,1692,EMBER,HEAT_WAVE,ENERGY_BALL,67.1,55.2,70.6,50.6,tinkaton:856;corviknight:763;melmetal:693;rillaboom:693;florges:527,cramorant:123;mimikyu:168;altaria:228;ninetales_shadow:341;sableye_mega:362
wormadam_plant,Wormadam (Plant),74.2,110,144.8,128,2040,SUCKER_PUNCH,ENERGY_BALL,BUG_BUZZ,69.8,47.1,69.5,60,sableye_mega:621;malamar_mega:613;quagsire_shadow:570;sableye_shadow:562;melmetal:519,ninetales_shadow:194;cramorant:202;altaria:257;tinkaton:304;mimikyu:425
barraskewda,Barraskewda,74.1,159.6,85.2,103,1403,PECK,AQUA_JET,CLOSE_COMBAT,67.1,70.8,68.5,22.3,marowak:645;quagsire_shadow:616;fearow:606;annihilape:606;thievul:558,melmetal:126;cramorant:242;mimikyu:299;altaria:351;sableye_mega:431
machop,Machop,74.1,127.7,81.5,157,1634,KARATE_CHOP,CROSS_CHOP,BRICK_BREAK,70.8,56,56.9,59.8,melmetal:894;thievul:843;vigoroth:767;quagsire_shadow:617;corviknight:515,mimikyu:154;cramorant:242;altaria:311;sableye_mega:325;tinkaton:326
rayquaza,Rayquaza,74.1,147.5,89.5,115,1519,DRAGON_TAIL,BREAKING_SWIPE,DRAGON_ASCENT,60.2,32.9,73.6,29.5,ninetales_shadow:656;jellicent:643;rillaboom:600;thievul:560;altaria:513,mimikyu:121;melmetal:123;sableye_mega:229;cramorant:253;tinkaton:262
sandslash_shadow,Sandslash (Shadow),74.1,120.4,123,125,1853,SAND_ATTACK,ROCK_TOMB,NIGHT_SLASH,66.3,73.5,61.5,40.9,morpeko_full_belly:748;deoxys_defense:628;corviknight:596;clodsire:520;altaria:512,cramorant:91;mimikyu:233;sableye_mega:348;tinkaton:382;melmetal:486
slowbro_mega,Slowbro (Mega),74.1,117.5,138.8,117,1909,CONFUSION,DRAIN_PUNCH,ICE_BEAM,71.7,44.1,64.7,58.8,quagsire_shadow:641;altaria:623;stunfisk:623;vigoroth:619;ninetales_shadow:602,sableye_mega:96;mimikyu:317;tinkaton:382;melmetal:410;cramorant:428
tyranitar_shadow,Tyranitar (Shadow),74.1,129.7,111.4,120,1734,DRAGON_BREATH,BRUTAL_SWING,STONE_EDGE,68.9,53.3,57.2,33.7,altaria:708;sableye_mega:650;vigoroth:645;thievul:587;corsola_galarian:579,melmetal:113;mimikyu:168;cramorant:242;tinkaton:283;ninetales_shadow:456
charmeleon_shadow,Charmeleon (Shadow),74,126.6,109.4,128,1774,EMBER,FIRE_PUNCH,FLAMETHROWER,65.2,59.3,65,47.3,tinkaton:867;rillaboom:785;melmetal:691;corviknight:546;florges:507,mimikyu:247;altaria:264;cramorant:265;sableye_mega:357;ninetales_shadow:396
rapidash_galarian,Rapidash (Galarian),74,133.6,111.5,112,1670,FAIRY_WIND,BODY_SLAM,WILD_CHARGE,70.9,45.7,67.9,44.6,thievul:683;cramorant:651;altaria:625;malamar_mega:580;sableye_shadow:549,melmetal:92;tinkaton:95;mimikyu:172;sableye_mega:233;ninetales_shadow:464
scolipede,Scolipede,73.9,131.7,120.3,107,1698,POISON_STING,AQUA_TAIL,MEGAHORN,71.7,57.8,67.1,38.9,rillaboom:714;florges:682;thievul:668;malamar_mega:621;stunfisk:598,cramorant:162;melmetal:239;sableye_mega:247;altaria:304;mimikyu:392
torterra,Torterra,73.9,119.9,117,133,1867,MUD_SLAP,FRENZY_PLANT,SAND_TOMB,66.2,40.9,65.8,60,stunfisk:842;sableye_mega:567;quagsire_shadow:537;melmetal:522;vigoroth:511,cramorant:115;altaria:166;ninetales_shadow:301;mimikyu:345;tinkaton:365
tyranitar,Tyranitar,73.9,129.7,111.4,120,1734,DRAGON_BREATH,BRUTAL_SWING,STONE_EDGE,66.8,51.2,58.8,42.1,sableye_mega:725;altaria:708;vigoroth:670;thievul:654;corsola_galarian:641,tinkaton:95;melmetal:113;mimikyu:130;sableye_shadow:204;ninetales_shadow:218
aggron_shadow,Aggron (Shadow),73.8,116.6,155.7,106,1925,METAL_SOUND,METEOR_BEAM,BRICK_BREAK,65.8,54.3,64.4,46.6,vigoroth:801;corsola_galarian:693;altaria:617;ninetales_shadow:533;sableye_mega:504,cramorant:214;sableye_shadow:232;tinkaton:322;melmetal:376;mimikyu:448
beedrill,Beedrill,73.8,127.1,106.5,130,1760,INFESTATION,X_SCISSOR,DRILL_RUN,65.5,46.3,62.8,45.4,rillaboom:753;malamar_mega:669;annihilape:611;clodsire:530;thievul:519,mimikyu:126;altaria:246;cramorant:301;tinkaton:322;melmetal:469
electabuzz,Electabuzz,73.8,130.8,113.2,115,1704,THUNDER_SHOCK,THUNDER_PUNCH,RETURN,62.8,45.4,69.6,51.3,fearow:839;cramorant:760;azumarill:760;corviknight:630;ninetales_shadow:539,mimikyu:191;altaria:282;tinkaton:319;sableye_mega:330;melmetal:383
escavalier,Escavalier,73.8,132.1,117.6,108,1679,BUG_BITE,DRILL_RUN,RAZOR_SHELL,72,48.3,67.3,59.3,malamar_mega:856;melmetal:662;stunfisk:625;vigoroth:587;tinkaton:560,ninetales_shadow:194;mimikyu:242;altaria:246;cramorant:273;sableye_mega:422
honchkrow_shadow,Honchkrow (Shadow),73.8,149.9,68.9,145,1500,PECK,BRAVE_BIRD,DARK_PULSE,62.9,48.6,68.5,33.9,clodsire:727;corsola_galarian:693;araquanid:610;altaria:582;sableye_mega:555,melmetal:167;ninetales_shadow:257;cramorant:305;mimikyu:345;tinkaton:475
medicham_mega,Medicham (Mega),73.8,131.5,121.5,106,1695,PSYCHO_CUT,DYNAMIC_PUNCH,ICE_PUNCH,71.2,58,70.6,35.9,vigoroth:712;thievul:665;melmetal:608;stunfisk:594;ninetales_shadow:509,cramorant:162;mimikyu:191;sableye_mega:192;tinkaton:322;altaria:449
scyther_shadow,Scyther (Shadow),73.8,134.8,109.4,113,1668,FURY_CUTTER,NIGHT_SLASH,X_SCISSOR,71.4,67.6,65,39.2,malamar_mega:747;vigoroth:743;sableye_shadow:676;quagsire_shadow:676;thievul:637,melmetal:167;mimikyu:233;altaria:304;cramorant:337;sableye_mega:495
wormadam_sandy,Wormadam (Sandy),73.8,110,144.8,128,2040,SUCKER_PUNCH,BULLDOZE,BUG_BUZZ,64.8,52.4,75.1,62.2,stunfisk:847;melmetal:582;corsola_galarian:574;jellicent:531;clodsire:511,cramorant:293;altaria:307;ninetales_shadow:333;sableye_mega:334;mimikyu:457
magmar_shadow,Magmar (Shadow),73.7,135.1,107.6,114,1659,EMBER,FIRE_PUNCH,SCORCHING_SANDS,72.1,63.2,65.3,31.5,tinkaton:877;corviknight:758;rillaboom:758;ninetales_shadow:679;melmetal:649,cramorant:123;mimikyu:247;altaria:250;sableye_mega:426;sableye_shadow:444
magmortar_shadow,Magmortar (Shadow),73.7,140.8,104.5,108,1589,KARATE_CHOP,FIRE_PUNCH,THUNDERBOLT,70.9,61,62.2,23.3,rillaboom:745;fearow:662;melmetal:625;thievul:620;ninetales_shadow:592,mimikyu:79;cramorant:281;sableye_mega:353;altaria:373;tinkaton:492
quilladin,Quilladin,73.7,114.9,130.2,130,1947,LOW_KICK,ENERGY_BALL,BODY_SLAM,67.2,54.3,69.8,59.5,quagsire_shadow:811;morpeko_full_belly:780;stunfisk:680;florges:561;vigoroth:542,mimikyu:70;altaria:213;cramorant:285;sableye_mega:344;melmetal:462
bruxish,Bruxish,73.6,136.4,102.5,117,1637,CONFUSION,AQUA_TAIL,PSYCHIC_FANGS,74.9,63.5,54.7,45.6,clodsire:867;vigoroth:739;fearow:696;quagsire_shadow:692;cramorant:662,sableye_mega:284;tinkaton:322;mimikyu:401;altaria:409;melmetal:421
graveler_alolan_shadow,Graveler (Alolan) (Shadow),73.6,122.6,129.8,115,1831,VOLT_SWITCH,STONE_EDGE,ROCK_BLAST,72.9,60.8,54,44.4,cramorant:904;fearow:878;altaria:682;vigoroth:643;sableye_mega:526,melmetal:222;ninetales_shadow:242;mimikyu:359;tinkaton:439;sableye_shadow:468
palossand,Palossand,73.6,116.5,123,134,1922,ASTONISH,SHADOW_BALL,EARTH_POWER,65.5,39.8,73.2,55.8,stunfisk:735;corviknight:626;altaria:563;florges:559;melmetal:541,sableye_mega:197;tinkaton:230;ninetales_shadow:242;cramorant:400;mimikyu:490
suicune_shadow,Suicune (Shadow),73.6,107.1,139.9,136,2039,ICE_FANG,BUBBLE_BEAM,SCALD,70.5,56.7,70.8,59.3,altaria:757;quagsire_shadow:599;corviknight:558;corsola_galarian:555;cramorant:540,melmetal:195;ninetales_shadow:242;sableye_mega:371;mimikyu:406;tinkaton:421
dipplin,Dipplin,73.5,114.6,128.8,132,1950,DRAGON_TAIL,SEED_BOMB,OUTRAGE,66.6,42.7,64.7,49.8,quagsire_shadow:852;stunfisk:844;electrode_hisuian:806;morpeko_full_belly:803;vigoroth:526,mimikyu:135;tinkaton:138;altaria:311;sableye_mega:325;melmetal:376
emboar_shadow,Emboar (Shadow),73.5,137.8,80.4,147,1631,EMBER,BLAST_BURN,HEAT_WAVE,62.6,61.1,73.8,23.8,tinkaton:806;thievul:758;corviknight:724;corsola_galarian:615;sableye_mega:544,mimikyu:242;melmetal:250;cramorant:321;altaria:347;ninetales_shadow:361
gabite,Gabite,73.5,128.7,102.4,132,1741,MUD_SHOT,TWISTER,DIG,66.5,50.1,70.6,42.6,morpeko_full_belly:791;stunfisk:746;melmetal:715;electrode_hisuian:655;ninetales_shadow:628,cramorant:47;mimikyu:177;sableye_mega:302;altaria:318;tinkaton:457
pinsir_shadow,Pinsir (Shadow),73.5,139.6,112.6,102,1604,FURY_CUTTER,CLOSE_COMBAT,X_SCISSOR,66,45.4,66,33.2,malamar_mega:789;sableye_mega:700;vigoroth:700;sableye_shadow:602;quagsire_shadow:558,cramorant:142;melmetal:167;tinkaton:187;mimikyu:233;altaria:304
regirock_shadow,Regirock (Shadow),73.5,105.7,178.4,111,2095,LOCK_ON,STONE_EDGE,FOCUS_BLAST,60.3,50,79.1,35.9,cradily:878;fearow:567;ninetales_shadow:558;cramorant:554;altaria:522,mimikyu:130;tinkaton:248;melmetal:280;sableye_shadow:416;sableye_mega:422
eelektrik,Eelektrik,73.4,122.3,110,136,1831,ACID,DISCHARGE,CRUNCH,65.4,60.1,69.5,53.3,cramorant:772;electrode_hisuian:606;azumarill:591;corviknight:558;florges:536,mimikyu:242;tinkaton:265;melmetal:270;sableye_mega:288;altaria:326
haxorus_shadow,Haxorus (Shadow),73.4,151.4,95.1,103,1485,DRAGON_TAIL,NIGHT_SLASH,SURF,70.6,56.4,65.3,24.3,clodsire:762;fearow:645;ninetales_shadow:592;stunfisk:533;thievul:509,melmetal:140;mimikyu:168;sableye_mega:389;altaria:449;cramorant:460
beedrill_mega,Beedrill (Mega),73.3,165.1,86.5,95,1358,INFESTATION,DRILL_RUN,SLUDGE_BOMB,67.5,38,62.8,27.7,quagsire_shadow:826;sableye_shadow:615;vigoroth:615;thievul:568;malamar_mega:552,melmetal:140;cramorant:142;mimikyu:168;altaria:278;sableye_mega:486
corvisquire,Corvisquire,73.3,118.1,104.7,153,1893,PECK,SKY_ATTACK,PAYBACK,66.9,48.6,70.8,45.9,sableye_mega:607;ninetales_shadow:598;corsola_galarian:562;vigoroth:545;malamar_mega:506,tinkaton:141;melmetal:181;mimikyu:252;altaria:402;cramorant:488
fraxure_shadow,Fraxure (Shadow),73.3,144.2,91.5,118,1558,DRAGON_TAIL,AQUA_TAIL,NIGHT_SLASH,74.5,69.1,63.3,26.7,talonflame:792;fearow:652;ninetales_shadow:635;morpeko_full_belly:588;stunfisk:542,mimikyu:168;melmetal:369;sableye_mega:399;altaria:423;cramorant:452
giratina_origin,Giratina (Origin),73.3,120,101.4,154,1875,DRAGON_TAIL,OMINOUS_WIND,SHADOW_BALL,68.3,40.9,67.1,48.8,ninetales_shadow:759;morpeko_full_belly:743;quagsire_shadow:737;cramorant:587;stunfisk:542,mimikyu:121;tinkaton:166;sableye_mega:169;melmetal:445;altaria:467
scolipede_shadow,Scolipede (Shadow),73.3,131.7,120.3,107,1698,POISON_STING,AQUA_TAIL,X_SCISSOR,71.5,64.8,64.7,33.4,rillaboom:742;thievul:658;florges:607;malamar_mega:574;stunfisk:528,melmetal:256;altaria:297;sableye_mega:311;cramorant:349;mimikyu:485
magmar,Magmar,73.2,135.1,107.6,114,1659,KARATE_CHOP,FIRE_PUNCH,SCORCHING_SANDS,68.2,62.6,65.3,48.6,empoleon:864;electrode_hisuian:837;melmetal:719;ninetales_shadow:692;rillaboom:561,mimikyu:65;altaria:188;cramorant:242;sableye_mega:311;tinkaton:429
pancham_shadow,Pancham (Shadow),73.2,123.3,99.3,149,1826,LOW_KICK,CRUNCH,BODY_SLAM,68.5,54.3,63.1,45.6,thievul:795;vigoroth:728;quagsire_shadow:627;melmetal:607;ninetales_shadow:523,mimikyu:121;cramorant:162;altaria:297;tinkaton:322;sableye_mega:357
regice,Regice,73.2,104.5,179.9,114,2144,LOCK_ON,BLIZZARD,THUNDER,67.2,54.9,80.7,34.7,stunfisk:771;fearow:627;altaria:618;florges:618;cramorant:605,mimikyu:163;tinkaton:265;melmetal:308;ninetales_shadow:341;sableye_mega:353
xatu,Xatu,73.2,132.2,107.9,119,1698,PECK,PSYSHOCK,AERIAL_ACE,67.7,65.2,64.1,43.1,fearow:743;rillaboom:605;ninetales_shadow:558;togekiss:554;annihilape:542,sableye_mega:188;tinkaton:248;mimikyu:299;melmetal:315;altaria:394
gengar,Gengar,73.1,154.3,95.4,98,1444,SHADOW_CLAW,SHADOW_PUNCH,DARK_PULSE,72.5,66.4,61.8,30.5,annihilape:903;jellicent:739;electrode_hisuian:739;cramorant:612;rillaboom:561,melmetal:195;altaria:380;mimikyu:387;tinkaton:425;sableye_mega:458
kabuto_shadow,Kabuto (Shadow),73.1,134.4,129.4,96,1672,SCRATCH,AQUA_JET,ROCK_TOMB,64.6,60.4,63.7,23.5,fearow:786;malamar_mega:682;altaria:635;thievul:630;vigoroth:583,melmetal:113;mimikyu:140;ninetales_shadow:218;sableye_mega:344;tinkaton:404
lugia,Lugia,73.1,102.4,167.1,127,2174,DRAGON_TAIL,EARTH_POWER,AEROBLAST,64.5,38.5,75.7,41.4,florges:606;quagsire_shadow:602;altaria:598;tinkaton:590;ninetales_shadow:547,mimikyu:79;melmetal:113;sableye_shadow:140;cramorant:281;sableye_mega:339
weezing,Weezing,73.1,117.5,140.2,116,1913,ROLLOUT,SLUDGE_BOMB,DARK_PULSE,67.4,56.3,70.8,44.4,ninetales_shadow:607;azumarill:568;florges:556;jellicent:525;altaria:521,mimikyu:163;melmetal:301;sableye_mega:362;tinkaton:365;sableye_shadow:432
zangoose,Zangoose,73.1,144.7,87.7,122,1550,SHADOW_CLAW,CLOSE_COMBAT,NIGHT_SLASH,72.9,63.5,58.3,34.4,corsola_galarian:811;malamar_mega:668;vigoroth:668;quagsire_shadow:577;sableye_mega:557,melmetal:188;cramorant:202;tinkaton:234;altaria:289;mimikyu:453
aerodactyl_mega,Aerodactyl (Mega),73,145.2,107.4,99,1546,DRAGON_BREATH,ROCK_SLIDE,BRUTAL_SWING,75.2,60.1,61.2,28,cramorant:717;altaria:691;malamar_mega:691;sableye_shadow:641;ninetales_shadow:520,melmetal:113;mimikyu:121;quagsire_shadow:201;tinkaton:226;sableye_mega:325
flapple,Flapple,73,138.1,100.1,117,1618,DRAGON_BREATH,SEED_BOMB,DRAGON_PULSE,65.2,54.3,60.7,42.6,quagsire_shadow:910;morpeko_full_belly:739;electrode_hisuian:739;stunfisk:726;altaria:585,mimikyu:140;tinkaton:187;sableye_mega:188;cramorant:242;melmetal:366
pawmo,Pawmo,73,136.1,81.5,142,1576,THUNDER_SHOCK,WILD_CHARGE,THUNDER_PUNCH,67.8,46.6,67.4,36.9,corviknight:785;melmetal:721;cramorant:697;sableye_shadow:679;malamar_mega:573,ninetales_shadow:146;sableye_mega:169;tinkaton:187;mimikyu:191;altaria:286
armaldo_shadow,Armaldo (Shadow),72.9,133.9,109.1,115,1680,FURY_CUTTER,ROCK_BLAST,LIQUIDATION,68.5,56.3,64.5,30,morpeko_full_belly:795;malamar_mega:752;vigoroth:634;thievul:604;stunfisk:521,cramorant:162;melmetal:167;mimikyu:233;sableye_mega:279;altaria:420
celesteela,Celesteela,72.9,119.5,120.7,130,1877,AIR_SLASH,BODY_SLAM,IRON_HEAD,68.2,43.2,68.2,58.5,florges:738;vigoroth:650;fearow:650;malamar_mega:561;sableye_mega:546,melmetal:140;mimikyu:261;altaria:322;tinkaton:390;cramorant:476
passimian,Passimian,72.9,128.6,99.1,136,1735,COUNTER,BRUTAL_SWING,SUPER_POWER,67.1,47.7,65.8,53.3,thievul:702;quagsire_shadow:606;melmetal:602;ninetales_shadow:555;corviknight:514,mimikyu:121;cramorant:218;tinkaton:280;altaria:289;sableye_mega:353
raticate_alolan_shadow,Raticate (Alolan) (Shadow),72.9,107,130.1,150,2091,BITE,CRUNCH,HYPER_FANG,66,45.7,65.5,50.8,corsola_galarian:716;clodsire:626;quagsire_shadow:610;sableye_mega:566;stunfisk:516,melmetal:126;tinkaton:205;mimikyu:261;altaria:347;cramorant:476
venomoth,Venomoth,72.9,127,107.5,129,1763,INFESTATION,POISON_FANG,SILVER_WIND,69.4,51,57.7,52.8,florges:651;malamar_mega:647;sableye_mega:577;thievul:554;vigoroth:515,tinkaton:273;altaria:286;melmetal:321;cramorant:329;mimikyu:383
cacturne_shadow,Cacturne (Shadow),72.8,147.2,85,121,1516,SUCKER_PUNCH,TRAILBLAZE,DARK_PULSE,68.8,49.6,56.1,49.3,mimikyu:747;corsola_galarian:698;stunfisk:657;clodsire:619;jellicent:590,altaria:351;melmetal:363;cramorant:376;sableye_mega:389;tinkaton:496
gabite_shadow,Gabite (Shadow),72.8,128.7,102.4,132,1741,MUD_SHOT,TWISTER,DIG,68.2,48.7,68.7,33.4,morpeko_full_belly:765;tinkaton:731;stunfisk:715;ninetales_shadow:693;melmetal:666,cramorant:91;mimikyu:186;sableye_mega:366;altaria:369;sableye_shadow:392
heracross_mega,Heracross (Mega),72.8,153.1,105.1,91,1465,FURY_CUTTER,ROCK_TOMB,UPPER_HAND,64.6,38.9,68.7,34.2,thievul:719;vigoroth:664;quagsire_shadow:593;malamar_mega:527;sableye_mega:505,cramorant:107;mimikyu:140;melmetal:198;tinkaton:304;altaria:463
houndour_shadow,Houndour (Shadow),72.8,140.3,82.3,120,1387,EMBER,DARK_PULSE,FLAMETHROWER,65.8,52.2,71.7,21.5,malamar_mega:829;tinkaton:704;sableye_shadow:704;ninetales_shadow:566;sableye_mega:550,quagsire_shadow:102;cramorant:123;mimikyu:242;melmetal:250;altaria:387
kleavor,Kleavor,72.8,143.6,104.5,104,1561,FURY_CUTTER,X_SCISSOR,ROCK_SLIDE,67.1,53.4,65.7,28.7,electrode_hisuian:802;malamar_mega:750;sableye_shadow:658;altaria:634;thievul:610,melmetal:113;mimikyu:130;tinkaton:226;cramorant:309;sableye_mega:486
monferno_shadow,Monferno (Shadow),72.8,129.6,96,139,1731,EMBER,FLAME_WHEEL,LOW_SWEEP,69.8,65.7,66.8,35.2,tinkaton:805;corviknight:780;rillaboom:708;melmetal:694;thievul:604,altaria:235;mimikyu:247;cramorant:325;ninetales_shadow:361;sableye_mega:426
regieleki,Regieleki,72.8,149.8,82.5,119,1472,VOLT_SWITCH,THUNDER_CAGE,HYPER_BEAM,76.3,50,52.6,37.4,cramorant:848;sableye_mega:701;tinkaton:701;sableye_shadow:617;melmetal:521,quagsire_shadow:139;ninetales_shadow:257;mimikyu:415;corsola_galarian:442;altaria:496
slowbro_galarian,Slowbro (Galarian),72.8,119.1,108.3,146,1885,CONFUSION,DRAIN_PUNCH,SLUDGE_BOMB,70.5,46.6,64.4,57.3,florges:763;altaria:602;quagsire_shadow:578;clodsire:571;ninetales_shadow:503,sableye_mega:96;cramorant:313;mimikyu:317;tinkaton:382;melmetal:414
swoobat,Swoobat,72.8,126.6,101.6,138,1777,CONFUSION,FLY,PSYCHIC_FANGS,71.8,44.5,57.4,55,clodsire:855;altaria:735;ninetales_shadow:565;vigoroth:547;florges:536,sableye_mega:96;tinkaton:248;melmetal:291;mimikyu:392;cramorant:444
electabuzz_shadow,Electabuzz (Shadow),72.7,132.1,112.5,114,1696,THUNDER_SHOCK,THUNDER_PUNCH,THUNDERBOLT,65.7,55.7,63.1,32.7,jellicent:842;fearow:798;cramorant:758;corviknight:758;melmetal:666,ninetales_shadow:182;sableye_mega:188;mimikyu:247;altaria:355;tinkaton:361
ferrothorn_shadow,Ferrothorn (Shadow),72.7,107.1,152.7,128,2094,BULLET_SEED,POWER_WHIP,THUNDER,62.9,33.8,74.6,54.5,jellicent:839;quagsire_shadow:753;stunfisk:734;florges:535;cramorant:507,altaria:155;mimikyu:182;tinkaton:343;melmetal:369;sableye_mega:440
gallade_mega,Gallade (Mega),72.7,152.7,112.9,85,1466,LOW_KICK,SACRED_SWORD,LEAF_BLADE,72,52.1,66.5,30.7,vigoroth:676;azumarill:676;thievul:623;quagsire_shadow:552;melmetal:505,mimikyu:88;cramorant:146;altaria:242;sableye_mega:325;tinkaton:439
kabuto,Kabuto,72.7,134.4,129.4,96,1672,SCRATCH,AQUA_JET,ROCK_TOMB,63.4,57.4,64.5,34.7,talonflame:880;fearow:838;togekiss:838;cramorant:536;altaria:515,mimikyu:121;melmetal:126;ninetales_shadow:218;sableye_mega:307;tinkaton:368
meganium_shadow,Meganium (Shadow),72.7,110.8,139,131,2018,VINE_WHIP,FRENZY_PLANT,EARTHQUAKE,59.6,37.1,69.3,46.1,quagsire_shadow:919;stunfisk:820;sableye_mega:549;vigoroth:538;sableye_shadow:503,ninetales_shadow:99;tinkaton:141;altaria:188;mimikyu:257;melmetal:380
mismagius_shadow,Mismagius (Shadow),72.7,131.6,123.6,104,1693,PSYWAVE,SHADOW_BALL,MYSTICAL_FIRE,64,63.1,57.4,35.4,clodsire:879;altaria:701;rillaboom:653;melmetal:562;vigoroth:504,sableye_mega:96;cramorant:250;ninetales_shadow:277;mimikyu:359;tinkaton:460
pancham,Pancham,72.7,123.3,99.3,149,1826,LOW_KICK,CRUNCH,BODY_SLAM,67.7,50.3,62.8,49.1,thievul:711;furret:667;melmetal:637;vigoroth:583;morpeko_full_belly:577,mimikyu:70;cramorant:123;altaria:260;tinkaton:304;sableye_mega:330
shiftry_shadow,Shiftry (Shadow),72.7,133.4,88,143,1680,SNARL,LEAF_BLADE,FOUL_PLAY,65.5,48.9,65,38.2,quagsire_shadow:912;jellicent:891;azumarill:821;stunfisk:727;corsola_galarian:580,mimikyu:205;altaria:344;sableye_mega:362;melmetal:393;cramorant:436
decidueye,Decidueye,72.6,127.8,115.2,119,1754,LEAFAGE,FRENZY_PLANT,SPIRIT_SHACKLE,68.2,60.4,66.6,53.1,quagsire_shadow:920;stunfisk:810;vigoroth:735;morpeko_full_belly:731;jellicent:588,sableye_mega:188;altaria:210;tinkaton:290;mimikyu:299;melmetal:332
escavalier_shadow,Escavalier (Shadow),72.6,132.1,117.6,108,1679,BUG_BITE,DRILL_RUN,RAZOR_SHELL,68.5,45,63.7,57.8,malamar_mega:893;morpeko_full_belly:851;thievul:662;vigoroth:606;stunfisk:527,melmetal:188;mimikyu:233;cramorant:250;altaria:340;sableye_mega:371
gigalith,Gigalith,72.6,127.2,118.4,117,1763,LOCK_ON,SUPER_POWER,METEOR_BEAM,61.7,50,69.8,45.9,araquanid:756;empoleon:696;forretress_shadow:696;altaria:688;cramorant:504,ninetales_shadow:75;mimikyu:121;tinkaton:280;melmetal:304;sableye_mega:449
golett_shadow,Golett (Shadow),72.6,119.3,89.9,141,1513,ASTONISH,SHADOW_PUNCH,BRICK_BREAK,68.3,61.7,50.2,44.1,morpeko_full_belly:702;deoxys_defense:680;jellicent:673;melmetal:602;mimikyu:535,sableye_mega:252;cramorant:289;ninetales_shadow:289;altaria:413;tinkaton:496
pignite,Pignite,72.6,127.3,87,158,1751,EMBER,ROCK_TOMB,FLAME_CHARGE,61.7,47.1,65.2,56.3,tinkaton:829;ninetales_shadow:693;araquanid:642;melmetal:598;altaria:556,cramorant:123;mimikyu:233;malamar_mega:362;sableye_shadow:416;sableye_mega:417
charmeleon,Charmeleon,72.5,126.6,109.4,128,1774,EMBER,FIRE_PUNCH,RETURN,63.2,44.5,67.7,52.1,rillaboom:785;melmetal:753;ninetales_shadow:710;tinkaton:542;sableye_mega:519,mimikyu:191;altaria:202;cramorant:242;malamar_mega:329;sableye_shadow:332
cinderace,Cinderace,72.5,139,99.4,117,1617,FIRE_SPIN,BLAST_BURN,PYRO_BALL,58,36.4,67.7,45.1,tinkaton:841;forretress_shadow:829;corsola_galarian:611;rillaboom:547;florges:504,cramorant:198;sableye_mega:224;altaria:271;mimikyu:345;melmetal:458
combusken_shadow,Combusken (Shadow),72.5,130.3,100.8,131,1723,EMBER,ROCK_SLIDE,FLAME_CHARGE,62.5,58.3,65.8,36.7,tinkaton:793;dragonite_mega:690;ninetales_shadow:675;thievul:633;melmetal:503,sableye_shadow:184;malamar_mega:208;mimikyu:266;sableye_mega:422;altaria:427
lucario_mega,Lucario (Mega),72.5,159.7,93.6,94,1405,FORCE_PALM,AURA_SPHERE,SHADOW_BALL,63.7,38.2,61.7,45.9,morpeko_full_belly:835;vigoroth:750;thievul:728;tinkaton:712;melmetal:585,mimikyu:121;sableye_mega:197;cramorant:253;ninetales_shadow:301;altaria:358
pumpkaboo_average,Pumpkaboo (Average),72.5,114.2,115.9,126,1670,ASTONISH,GRASS_KNOT,FOUL_PLAY,65.5,42.5,63.4,52.6,stunfisk:797;jellicent:611;rillaboom:599;quagsire_shadow:595;corsola_galarian:531,sableye_mega:197;cramorant:253;altaria:351;melmetal:462;mimikyu:495
quilladin_shadow,Quilladin (Shadow),72.5,114.9,130.2,130,1947,LOW_KICK,ENERGY_BALL,BODY_SLAM,66.9,54.5,66.5,47.6,stunfisk:796;quagsire_shadow:792;thievul:726;melmetal:684;vigoroth:542,mimikyu:70;altaria:275;tinkaton:312;cramorant:313;sableye_mega:440
staravia,Staravia,72.5,131.9,91.5,135,1631,WING_ATTACK,BRAVE_BIRD,FLY,55.9,43.3,72.4,34.2,corsola_galarian:700;jellicent:651;sableye_mega:633;sableye_shadow:566;ninetales_shadow:529,melmetal:154;cramorant:242;mimikyu:257;tinkaton:262;altaria:376
bewear_shadow,Bewear (Shadow),72.3,129.6,87.1,153,1729,LOW_KICK,SUPER_POWER,STOMP,70.3,56.4,68.2,44.1,vigoroth:732;tinkaton:709;quagsire_shadow:591;malamar_mega:539;sableye_shadow:526,mimikyu:130;sableye_mega:169;altaria:293;cramorant:384;melmetal:414
lairon_shadow,Lairon (Shadow),72.3,113.8,147.1,118,1977,METAL_SOUND,ROCK_TOMB,BODY_SLAM,63.1,48.1,63.6,53.5,altaria:724;florges:622;ninetales_shadow:584;araquanid:584;thievul:504,melmetal:126;sableye_shadow:224;tinkaton:301;cramorant:309;mimikyu:364
palpitoad,Palpitoad,72.3,116.2,102.9,161,1927,MUD_SHOT,EARTH_POWER,WATER_PULSE,62.3,37.7,70.3,49.8,morpeko_full_belly:760;melmetal:714;tinkaton:667;clodsire:621;stunfisk:586,mimikyu:135;ninetales_shadow:146;altaria:173;cramorant:194;sableye_mega:371
stoutland,Stoutland,72.3,123.8,116.2,125,1799,TAKE_DOWN,WILD_CHARGE,CRUNCH,61.9,45,70.9,49.3,azumarill:756;jellicent:700;corviknight:588;araquanid:580;corsola_galarian:564,melmetal:188;altaria:264;mimikyu:275;cramorant:384;sableye_mega:412
chatot,Chatot,72.2,139.6,78.4,147,1610,PECK,HEAT_WAVE,SKY_ATTACK,59.9,49.3,66.6,36.9,araquanid:806;jellicent:632;sableye_mega:595;sableye_shadow:530;rillaboom:513,melmetal:126;cramorant:289;mimikyu:317;altaria:326;tinkaton:407
heatran_shadow,Heatran (Shadow),72.2,130.7,115.4,110,1661,FIRE_SPIN,MAGMA_STORM,EARTH_POWER,63.4,38.2,60.4,46.4,tinkaton:886;rillaboom:713;vigoroth:609;corsola_galarian:586;florges:522,cramorant:198;sableye_mega:252;altaria:297;mimikyu:383;melmetal:434
rhyperior_shadow,Rhyperior (Shadow),72.2,126.7,104.5,134,1775,MUD_SLAP,DRILL_RUN,ROCK_WRECKER,64.2,40.6,59.4,40.1,tinkaton:817;vigoroth:664;corsola_galarian:626;thievul:593;sableye_mega:507,cramorant:142;altaria:199;melmetal:345;mimikyu:383;ninetales_shadow:456
venomoth_shadow,Venomoth (Shadow),72.2,127,107.5,129,1763,INFESTATION,POISON_FANG,SILVER_WIND,61.2,47.8,56.2,42.9,deoxys_defense:918;malamar_mega:705;malamar:705;rillaboom:670;florges:616,mimikyu:172;cramorant:198;sableye_mega:261;altaria:326;melmetal:404
falinks_mega,Falinks (Mega),72.1,140.2,124.1,92,1602,COUNTER,SUPER_POWER,MEGAHORN,64.6,43.3,56.9,49.6,tinkaton:668;thievul:652;stunfisk:603;quagsire_shadow:559;melmetal:554,mimikyu:214;sableye_mega:233;altaria:286;ninetales_shadow:313;cramorant:333
sandshrew,Sandshrew,72.1,118.4,113.4,127,1707,SCRATCH,SAND_TOMB,ROCK_TOMB,64.3,53.3,59.8,48.6,morpeko_full_belly:771;clodsire:551;stunfisk:507;altaria:503;ninetales_shadow:503,mimikyu:144;sableye_mega:275;sableye_shadow:296;tinkaton:386;melmetal:434
landorus_incarnate_shadow,Landorus (Incarnate) (Shadow),72,140.2,100.8,113,1599,MUD_SHOT,EARTH_POWER,ROCK_SLIDE,59.9,54.9,72,23.3,clodsire:849;tinkaton:783;stunfisk:716;cramorant:610;melmetal:513,sableye_mega:142;sableye_shadow:164;mimikyu:186;ninetales_shadow:194;altaria:405
mienshao,Mienshao,72,158.9,84.8,105,1415,FORCE_PALM,BRUTAL_SWING,BLAZE_KICK,64,52.5,53.7,42.1,morpeko_full_belly:780;empoleon:766;thievul:709;tinkaton:661;vigoroth:614,mimikyu:126;sableye_mega:197;cramorant:218;altaria:344;melmetal:431
monferno,Monferno,72,129.6,96,139,1731,EMBER,FLAME_WHEEL,LOW_SWEEP,67.4,48.3,66.9,51.1,tinkaton:841;corviknight:780;thievul:633;melmetal:600;ninetales_shadow:543,cramorant:123;mimikyu:186;altaria:213;sableye_mega:385;sableye_shadow:464
typhlosion_hisuian,Typhlosion (Hisuian),72,139.6,106.8,108,1611,EMBER,SHADOW_BALL,WILD_CHARGE,59.7,46.2,76.3,29.7,empoleon:847;corviknight:712;fearow:703;melmetal:675;deoxys_defense:587,cramorant:123;sableye_mega:142;mimikyu:214;altaria:326;tinkaton:464
axew_shadow,Axew (Shadow),71.9,138.6,96,121,1612,SCRATCH,AQUA_TAIL,DRAGON_CLAW,64,82.7,59.6,25.3,fearow:698;marowak:698;ninetales_shadow:652;stunfisk:566;altaria:541,sableye_mega:96;mimikyu:149;tinkaton:333;melmetal:349;cramorant:361
chansey,Chansey,71.9,63,120.1,421,3188,ZEN_HEADBUTT,DAZZLING_GLEAM,HYPER_BEAM,61.9,40.9,75.9,70.2,corsola_galarian:642;mimikyu:566;jellicent:561;quagsire_shadow:546;florges:509,melmetal:119;tinkaton:283;cramorant:349;altaria:416;sableye_mega:467
emboar,Emboar,71.9,137.8,80.4,147,1631,EMBER,BLAST_BURN,HEAT_WAVE,64.8,49.5,68.4,33.7,tinkaton:816;corviknight:792;melmetal:697;sableye_mega:561;malamar_mega:547,cramorant:123;sableye_shadow:184;mimikyu:233;altaria:268;ninetales_shadow:325
frigibax,Frigibax,71.9,125.2,84.8,149,1583,DRAGON_BREATH,AVALANCHE,DRAGON_CLAW,62.6,51.3,66.5,30.5,stunfisk:681;morpeko_full_belly:677;electrode_hisuian:647;altaria:610;cramorant:520,melmetal:113;mimikyu:135;tinkaton:230;sableye_mega:463;ninetales_shadow:472
sawk,Sawk,71.9,140.3,97.3,117,1599,LOW_KICK,BRICK_BREAK,BODY_SLAM,69.1,53.4,57.7,48.6,electrode_hisuian:824;thievul:782;vigoroth:739;quagsire_shadow:538;melmetal:529,mimikyu:186;altaria:278;cramorant:357;tinkaton:386;sableye_mega:394
slowpoke,Slowpoke,71.9,104.1,94.9,186,1840,CONFUSION,PSYSHOCK,WATER_PULSE,67.8,43.6,66.1,55.5,quagsire_shadow:610;ninetales_shadow:567;altaria:534;cramorant:524;corviknight:502,sableye_shadow:92;sableye_mega:96;mimikyu:289;tinkaton:361;melmetal:434
combusken,Combusken,71.8,130.3,100.8,131,1723,EMBER,ROCK_SLIDE,FLAME_CHARGE,63.5,53.1,65.8,51.1,tinkaton:793;ninetales_shadow:706;melmetal:671;thievul:599;morpeko_full_belly:522,cramorant:123;mimikyu:233;altaria:333;sableye_mega:334;sableye_shadow:400
dialga_shadow,Dialga (Shadow),71.8,139.4,107,106,1581,DRAGON_BREATH,IRON_HEAD,THUNDER,60.2,43.9,62.8,39.2,cradily:882;altaria:641;corsola_galarian:580;araquanid:537;electrode_hisuian:504,melmetal:188;mimikyu:242;ninetales_shadow:257;sableye_mega:279;tinkaton:372
glalie_shadow,Glalie (Shadow),71.8,115.2,120.7,140,1948,ROLLOUT,AVALANCHE,SHADOW_BALL,61.2,44.8,69,29,altaria:771;marowak:746;rillaboom:560;cramorant:535;electrode_hisuian:510,melmetal:85;ninetales_shadow:182;mimikyu:200;tinkaton:294;sableye_mega:422
manectric,Manectric,71.8,142.4,91.3,121,1574,THUNDER_FANG,PSYCHIC_FANGS,WILD_CHARGE,68.5,65.7,59.9,53.8,fearow:809;azumarill:735;araquanid:698;cramorant:685;corviknight:508,sableye_mega:288;tinkaton:343;altaria:405;mimikyu:420;melmetal:496
hitmontop,Hitmontop,71.7,121.2,149.8,102,1853,COUNTER,CLOSE_COMBAT,TRIPLE_AXEL,64.6,44.5,64.4,56.8,thievul:681;stunfisk:642;melmetal:612;corviknight:588;vigoroth:573,mimikyu:163;altaria:177;cramorant:178;tinkaton:297;sableye_mega:316
magmortar,Magmortar,71.7,140.8,104.5,108,1589,KARATE_CHOP,FIRE_PUNCH,THUNDERBOLT,65.4,61.1,60.1,36.2,electrode_hisuian:828;ninetales_shadow:675;melmetal:662;morpeko_full_belly:592;rillaboom:555,mimikyu:65;cramorant:253;altaria:289;sableye_mega:293;tinkaton:439
alomomola,Alomomola,71.6,97.4,99.4,238,2306,WATERFALL,HYDRO_PUMP,BLIZZARD,56.8,38.5,80,63.5,talonflame:684;marowak:632;diggersby:609;miltank:602;ninetales_shadow:575,altaria:192;cramorant:222;melmetal:304;sableye_mega:362;mimikyu:369
chimecho,Chimecho,71.6,119.5,120.8,130,1879,ASTONISH,PSYSHOCK,ENERGY_BALL,65.1,44.4,67.1,45.6,deoxys_defense:646;ninetales_shadow:619;annihilape:576;florges:526;clodsire:503,sableye_mega:169;tinkaton:304;altaria:362;melmetal:383;mimikyu:420
garchomp_mega,Garchomp (Mega),71.6,145.3,99.2,107,1544,DRAGON_TAIL,TWISTER,SAND_TOMB,62,43.5,60.6,32.2,melmetal:630;altaria:602;quagsire_shadow:556;thievul:546;ninetales_shadow:504,mimikyu:149;sableye_mega:197;sableye_shadow:228;cramorant:253;tinkaton:319
haunter_shadow,Haunter (Shadow),71.6,161.1,85.5,101,1392,SHADOW_CLAW,ICE_PUNCH,SHADOW_BALL,64.6,45,66.9,32.5,clodsire:876;tinkaton:816;electrode_hisuian:698;altaria:599;cramorant:519,sableye_mega:224;sableye_shadow:240;melmetal:250;ninetales_shadow:289;mimikyu:364
parasect,Parasect,71.6,124.1,118.2,123,1807,FURY_CUTTER,X_SCISSOR,CROSS_POISON,66.5,49.3,63.6,57.8,malamar_mega:776;morpeko_full_belly:760;thievul:739;stunfisk:686;rillaboom:678,mimikyu:121;altaria:275;cramorant:281;melmetal:297;sableye_mega:440
ponyta_shadow,Ponyta (Shadow),71.6,133.5,108.2,116,1676,EMBER,FLAME_WHEEL,STOMP,68.8,60.5,68.8,30,tinkaton:866;electrode_hisuian:780;corviknight:737;fearow:693;thievul:607,cramorant:123;mimikyu:247;melmetal:250;altaria:271;sableye_mega:467
tauros_aqua,Tauros (Aqua),71.6,127.8,120.6,114,1759,DOUBLE_KICK,AQUA_JET,TRAILBLAZE,61.4,46,60.1,49.3,thievul:785;quagsire_shadow:653;marowak:578;melmetal:539;vigoroth:517,mimikyu:84;altaria:224;cramorant:285;sableye_mega:330;tinkaton:351
tyranitar_mega,Tyranitar (Mega),71.6,133.9,122.9,101,1663,DRAGON_BREATH,BRUTAL_SWING,STONE_EDGE,64.3,48.6,55.1,36.7,altaria:767;sableye_mega:688;thievul:658;corsola_galarian:633;vigoroth:628,tinkaton:95;melmetal:113;mimikyu:130;ninetales_shadow:218;sableye_shadow:244
zebstrika,Zebstrika,71.6,137.7,95.4,124,1630,LOW_KICK,WILD_CHARGE,FLAME_CHARGE,54.8,44.4,70.9,29.5,tinkaton:782;azumarill:770;melmetal:685;morpeko_full_belly:673;corviknight:584,mimikyu:70;cramorant:130;sableye_mega:169;altaria:221;ninetales_shadow:222
bayleef,Bayleef,71.5,105.5,141.5,142,2122,MAGICAL_LEAF,ANCIENT_POWER,ENERGY_BALL,64.5,39.7,67.7,59.3,quagsire_shadow:926;stunfisk:834;malamar_mega:612;sableye_shadow:584;corsola_galarian:514,altaria:293;tinkaton:294;melmetal:311;mimikyu:373;sableye_mega:417
cacturne,Cacturne,71.5,147.2,85,121,1516,SUCKER_PUNCH,TRAILBLAZE,DARK_PULSE,62.9,48.3,56.7,49.1,corsola_galarian:764;stunfisk:690;clodsire:673;jellicent:661;electrode_hisuian:553,melmetal:280;altaria:307;cramorant:321;sableye_mega:334;mimikyu:485
corvisquire_shadow,Corvisquire (Shadow),71.5,118.1,104.7,153,1893,PECK,SKY_ATTACK,PAYBACK,60.8,46.6,67.9,39.9,araquanid:611;rillaboom:604;ninetales_shadow:558;sableye_mega:516;altaria:503,tinkaton:141;melmetal:181;sableye_shadow:264;cramorant:265;mimikyu:308
gengar_mega,Gengar (Mega),71.5,167.2,100.1,80,1339,SHADOW_CLAW,SHADOW_PUNCH,DARK_PULSE,68.2,55.7,60.7,27.2,annihilape:881;electrode_hisuian:768;jellicent:681;azumarill:656;cramorant:537,sableye_mega:188;melmetal:222;mimikyu:299;tinkaton:439;altaria:474
hydrapple,Hydrapple,71.5,122.2,110.7,136,1841,DRAGON_TAIL,SEED_BOMB,OUTRAGE,63.1,42.7,63.6,45.6,quagsire_shadow:845;morpeko_full_belly:801;electrode_hisuian:797;stunfisk:775;vigoroth:511,mimikyu:121;tinkaton:145;melmetal:277;altaria:344;sableye_mega:371
kricketune,Kricketune,71.5,127.7,89.5,153,1751,FURY_CUTTER,X_SCISSOR,AERIAL_ACE,66.3,46.9,64.4,51.6,deoxys_defense:898;electrode_hisuian:833;malamar_mega:748;thievul:702;rillaboom:666,mimikyu:130;cramorant:293;melmetal:301;altaria:311;sableye_mega:444
aron,Aron,71.3,114.2,131,127,1903,METAL_SOUND,ROCK_TOMB,IRON_HEAD,68.6,38.6,60.7,53.5,altaria:669;ninetales_shadow:657;cramorant:594;corsola_galarian:547;mimikyu:543,melmetal:95;tinkaton:379;malamar_mega:379;sableye_shadow:416;sableye_mega:422
axew,Axew,71.3,138.6,96,121,1612,SCRATCH,AQUA_TAIL,DRAGON_CLAW,62.8,74.1,62.2,33,ninetales_shadow:723;morpeko_full_belly:681;stunfisk:611;electrode_hisuian:611;rillaboom:528,mimikyu:121;sableye_mega:243;tinkaton:308;melmetal:332;cramorant:341
bibarel,Bibarel,71.3,122.9,99.2,149,1819,TAKE_DOWN,SURF,HYPER_FANG,65.1,46.9,66.9,51.1,clodsire:644;corsola_galarian:607;azumarill:583;florges:523;cramorant:516,melmetal:167;mimikyu:266;altaria:329;sableye_mega:389;tinkaton:443
gholdengo,Gholdengo,71.3,134.6,107.8,114,1655,HEX,SHADOW_BALL,POWER_GEM,59.6,30,70,39.4,melmetal:679;araquanid:587;quagsire_shadow:517;cramorant:513;corsola_galarian:504,sableye_mega:142;ninetales_shadow:142;mimikyu:345;tinkaton:414;altaria:434
obstagoon_shadow,Obstagoon (Shadow),71.3,113.2,127.9,137,1985,COUNTER,CROSS_CHOP,NIGHT_SLASH,65.5,45.7,59.9,54.3,thievul:693;corsola_galarian:675;ninetales_shadow:572;vigoroth:525;sableye_mega:507,mimikyu:130;cramorant:178;altaria:260;melmetal:342;tinkaton:382
pyroar,Pyroar,71.3,135,97.9,126,1667,INCINERATE,FLAME_CHARGE,DARK_PULSE,63.4,55.2,55,53.5,tinkaton:853;sableye_mega:634;mimikyu:575;sableye_shadow:567;corviknight:515,cramorant:178;malamar_mega:270;altaria:336;melmetal:342;ninetales_shadow:492
absol_shadow,Absol (Shadow),71.2,156.6,83.9,109,1434,PSYCHO_CUT,BRUTAL_SWING,MEGAHORN,75.2,71.6,55.6,14.3,malamar_mega:811;sableye_shadow:674;mimikyu:637;vigoroth:628;altaria:536,ninetales_shadow:162;tinkaton:258;sableye_mega:330;melmetal:349;cramorant:480
fraxure,Fraxure,71.2,144.2,91.5,118,1558,DRAGON_TAIL,AQUA_TAIL,NIGHT_SLASH,69.4,61.4,57.7,33.4,ninetales_shadow:707;morpeko_full_belly:707;stunfisk:588;electrode_hisuian:550;dragonite_mega:538,mimikyu:130;sableye_mega:344;melmetal:366;altaria:394;cramorant:408
mienfoo,Mienfoo,71.2,142.7,93.2,118,1571,LOW_KICK,BRICK_BREAK,HIGH_JUMP_KICK,68,49.2,59.4,39.2,vigoroth:741;thievul:741;tinkaton:690;quagsire_shadow:546;melmetal:521,mimikyu:196;altaria:217;ninetales_shadow:234;cramorant:273;sableye_mega:293
swadloon,Swadloon,71.2,106.7,146.2,135,2106,BUG_BITE,ENERGY_BALL,SILVER_WIND,67.2,37.9,66.6,63.7,malamar_mega:870;sableye_mega:644;vigoroth:629;quagsire_shadow:592;sableye_shadow:551,altaria:199;mimikyu:224;tinkaton:251;cramorant:305;melmetal:366
vibrava,Vibrava,71.2,125.2,95.7,127,1523,DRAGON_BREATH,SAND_TOMB,BULLDOZE,63.9,53.9,57.5,45.9,morpeko_full_belly:755;stunfisk:736;melmetal:681;quagsire_shadow:586;ninetales_shadow:570,mimikyu:182;sableye_mega:261;tinkaton:308;cramorant:345;altaria:402
vibrava_shadow,Vibrava (Shadow),71.2,125.2,95.7,127,1523,DRAGON_BREATH,SAND_TOMB,BULLDOZE,63.4,57,52.9,36.9,clodsire:854;stunfisk:696;melmetal:625;corsola_galarian:618;quagsire_shadow:539,mimikyu:182;cramorant:250;sableye_mega:279;tinkaton:354;altaria:471
wailord_shadow,Wailord (Shadow),71.2,118.3,67.4,237,1892,ROLLOUT,SURF,HYPER_BEAM,60.9,46.9,65.2,38.4,talonflame:812;araquanid:552;tinkaton:546;azumarill:544;togekiss:523,mimikyu:200;cramorant:253;altaria:333;sableye_mega:366;melmetal:369
gigalith_shadow,Gigalith (Shadow),71,127.2,118.4,117,1763,LOCK_ON,SUPER_POWER,METEOR_BEAM,54.2,50.4,68.4,25.5,vigoroth:824;araquanid:722;altaria:688;thievul:653;morpeko_full_belly:568,melmetal:58;sableye_mega:96;cramorant:115;mimikyu:121;tinkaton:319
growlithe_hisuian,Growlithe (Hisuian),71,131.9,89.9,142,1684,EMBER,ROCK_SLIDE,FLAMETHROWER,63.1,45.3,65.5,36.2,tinkaton:869;ninetales_shadow:834;fearow:820;cramorant:778;altaria:528,sableye_shadow:164;mimikyu:186;melmetal:219;sableye_mega:399;malamar_mega:416
moltres,Moltres,71,136.7,103.6,115,1631,WING_ATTACK,FLY,HEAT_WAVE,57.1,48,68.7,39.4,araquanid:891;tinkaton:682;ninetales_shadow:682;melmetal:582;rillaboom:504,sableye_mega:188;cramorant:218;sableye_shadow:224;mimikyu:233;altaria:384
drifloon_shadow,Drifloon (Shadow),70.9,110.9,79.8,186,1647,HEX,SHADOW_BALL,ICY_WIND,63.7,47.1,59,39.4,vigoroth:658;ninetales_shadow:596;melmetal:561;altaria:559;corsola_galarian:556,sableye_mega:142;sableye_shadow:164;cramorant:170;mimikyu:355;tinkaton:411
heatran,Heatran,70.9,132.9,112.2,113,1687,FIRE_SPIN,MAGMA_STORM,EARTH_POWER,61.5,39.1,61.4,50.1,tinkaton:889;forretress_shadow:800;cradily:592;florges:575;furret:526,altaria:268;sableye_mega:293;cramorant:305;mimikyu:345;melmetal:373
obstagoon,Obstagoon,70.9,113.2,127.9,137,1985,COUNTER,NIGHT_SLASH,CROSS_CHOP,66,44.4,62.8,61.5,thievul:686;sableye_mega:631;vigoroth:572;corsola_galarian:572;fearow:532,mimikyu:149;altaria:275;melmetal:280;tinkaton:319;cramorant:388
articuno_galarian,Articuno (Galarian),70.8,134.1,110.9,112,1667,PSYCHO_CUT,FLY,BRAVE_BIRD,60.8,54.3,67.1,29.2,marowak:794;araquanid:745;rillaboom:598;ninetales_shadow:540;annihilape:522,mimikyu:168;cramorant:178;melmetal:277;sableye_mega:284;altaria:336
crawdaunt,Crawdaunt,70.8,144.7,98.3,109,1552,WATERFALL,NIGHT_SLASH,SCALD,66,64.8,55.9,40.4,marowak:674;jellicent:573;thievul:559;corsola_galarian:559;corviknight:522,melmetal:250;altaria:315;cramorant:384;mimikyu:406;sableye_mega:458
karrablast_shadow,Karrablast (Shadow),70.8,127.7,85.7,127,1390,FURY_CUTTER,DRILL_RUN,X_SCISSOR,64,55.4,61.8,27.2,malamar_mega:728;sableye_mega:681;vigoroth:681;sableye_shadow:602;quagsire_shadow:570,mimikyu:140;cramorant:154;melmetal:167;altaria:293;tinkaton:375
magby,Magby,70.8,139.4,95.7,120,1603,KARATE_CHOP,FIRE_PUNCH,BRICK_BREAK,68.3,55.1,59.4,43.4,electrode_hisuian:808;vigoroth:770;fearow:733;thievul:695;melmetal:679,mimikyu:65;cramorant:214;sableye_mega:270;altaria:278;tinkaton:439
ceruledge,Ceruledge,70.7,136.3,114,106,1648,INCINERATE,SHADOW_BALL,HEAT_WAVE,62.6,54.6,55.1,47.3,tinkaton:858;melmetal:665;ninetales_shadow:655;corviknight:570;florges:528,cramorant:178;sableye_mega:243;sableye_shadow:308;mimikyu:359;altaria:398
metagross,Metagross,70.7,132.7,122,104,1686,SHADOW_CLAW,METEOR_MASH,EARTHQUAKE,56.2,43.9,66.6,38.9,clodsire:778;florges:701;azumarill:567;cramorant:528;malamar_mega:504,tinkaton:187;sableye_mega:188;melmetal:226;mimikyu:345;altaria:442
spritzee,Spritzee,70.7,105,107.5,168,1898,CHARM,DRAINING_KISS,THUNDERBOLT,67.2,41.2,65.2,67.9,altaria:750;sableye_shadow:660;thievul:657;sableye_mega:627;malamar_mega:577,tinkaton:145;melmetal:167;ninetales_shadow:218;cramorant:361;mimikyu:429
wyrdeer,Wyrdeer,70.7,126.6,95.5,146,1767,CONFUSION,STOMP,WILD_CHARGE,64,49.8,69.5,47.1,quagsire_shadow:640;corviknight:630;corsola_galarian:609;ninetales_shadow:575;vigoroth:506,sableye_mega:133;melmetal:321;cramorant:337;mimikyu:345;altaria:373
houndstone,Houndstone,70.6,120.3,130.3,119,1866,BITE,SHADOW_BALL,PSYCHIC_FANGS,69.5,47.7,67.9,47.1,corsola_galarian:642;clodsire:642;ninetales_shadow:617;vigoroth:571;altaria:512,sableye_mega:96;melmetal:232;mimikyu:233;cramorant:273;tinkaton:304
rhyperior,Rhyperior,70.6,126.7,104.5,134,1775,MUD_SLAP,DRILL_RUN,ROCK_WRECKER,61.2,37.4,61.8,41.4,clodsire:906;tinkaton:817;stunfisk:619;sableye_mega:537;melmetal:507,cramorant:115;altaria:155;sableye_shadow:252;mimikyu:308;ninetales_shadow:384
scyther,Scyther,70.6,134.8,109.4,113,1668,FURY_CUTTER,NIGHT_SLASH,X_SCISSOR,66.9,54.2,60.6,44.1,malamar_mega:769;rillaboom:756;electrode_hisuian:756;thievul:716;annihilape:592,mimikyu:149;cramorant:162;altaria:282;melmetal:297;sableye_mega:339
bewear,Bewear,70.5,129.6,87.1,153,1729,LOW_KICK,SUPER_POWER,STOMP,67.1,47.2,66.5,51.3,electrode_hisuian:833;vigoroth:735;thievul:692;quagsire_shadow:663;ninetales_shadow:607,mimikyu:130;cramorant:162;sableye_mega:211;altaria:268;melmetal:345
carkol,Carkol,70.5,97,141.5,168,2308,SMACK_DOWN,ROCK_SLIDE,FLAME_CHARGE,62.9,37.7,67.1,66.2,altaria:708;ninetales_shadow:604;sableye_mega:556;fearow:547;araquanid:538,melmetal:140;sableye_shadow:316;mimikyu:345;tinkaton:386;cramorant:440
pumpkaboo_small,Pumpkaboo (Small),70.5,115.1,116.8,119,1600,ASTONISH,GRASS_KNOT,FOUL_PLAY,63.4,40.9,60.4,49.3,stunfisk:785;jellicent:617;electrode_hisuian:613;quagsire_shadow:571;corsola_galarian:504,sableye_mega:197;cramorant:253;altaria:355;melmetal:465;mimikyu:495
purugly,Purugly,70.5,125.5,105.5,134,1775,SCRATCH,AERIAL_ACE,THUNDER,59.7,51.8,68.4,37.2,corviknight:623;feraligatr:623;corsola_galarian:593;azumarill:578;florges:503,melmetal:126;cramorant:277;altaria:297;sableye_mega:371;mimikyu:425
sneasler,Sneasler,70.5,145.4,94.7,112,1543,SHADOW_CLAW,CLOSE_COMBAT,X_SCISSOR,62.8,49.5,65.3,27.7,tinkaton:781;electrode_hisuian:772;thievul:750;rillaboom:531;melmetal:504,cramorant:202;ninetales_shadow:242;altaria:271;sableye_mega:380;mimikyu:411
tauros_combat,Tauros (Combat),70.5,127.8,120.6,114,1759,DOUBLE_KICK,CLOSE_COMBAT,TRAILBLAZE,58.6,38.9,66.8,42.1,quagsire_shadow:640;thievul:618;melmetal:592;marowak:578;ninetales_shadow:539,cramorant:142;altaria:271;sableye_mega:302;mimikyu:373;tinkaton:489
floatzel,Floatzel,70.4,143.8,81.7,133,1564,WATERFALL,AQUA_JET,SWIFT,62.8,63.1,60.6,34.7,clodsire:815;talonflame:770;marowak:680;wigglytuff:575;corviknight:560,sableye_mega:224;melmetal:250;altaria:300;mimikyu:355;cramorant:369
kangaskhan_mega,Kangaskhan (Mega),70.4,127.1,113.9,122,1768,LOW_KICK,BRICK_BREAK,CRUNCH,64.8,56.3,59.9,52.8,empoleon:790;vigoroth:750;furret:737;thievul:709;corsola_galarian:614,cramorant:230;altaria:275;melmetal:277;sableye_mega:307;mimikyu:443
misdreavus,Misdreavus,70.4,123,120.8,122,1814,PSYWAVE,DARK_PULSE,SHADOW_SNEAK,63.9,54.3,64.4,42.4,clodsire:643;vigoroth:606;araquanid:606;ninetales_shadow:594;annihilape:590,sableye_mega:96;cramorant:194;mimikyu:252;altaria:333;melmetal:376
misdreavus_shadow,Misdreavus (Shadow),70.4,123,120.8,122,1814,ASTONISH,DARK_PULSE,SHADOW_SNEAK,62.6,45.7,61.2,49.8,mimikyu:627;deoxys_defense:622;rillaboom:528;araquanid:520;seaking:520,sableye_mega:252;tinkaton:287;altaria:293;cramorant:337;melmetal:386
moltres_shadow,Moltres (Shadow),70.4,139.9,102,112,1599,WING_ATTACK,FLY,HEAT_WAVE,54.9,47.8,64.5,27.5,araquanid:852;tinkaton:812;marowak:620;ninetales_shadow:584;corviknight:526,melmetal:154;sableye_mega:188;cramorant:261;mimikyu:289;altaria:471
serperior_shadow,Serperior (Shadow),70.4,110.2,142.2,130,2038,VINE_WHIP,FRENZY_PLANT,LEAF_TORNADO,68.8,47.4,70.9,52.1,quagsire_shadow:800;sableye_mega:550;mimikyu:542;sableye_shadow:526;malamar_mega:507,ninetales_shadow:99;altaria:188;tinkaton:294;cramorant:353;melmetal:380
ponyta,Ponyta,70.3,133.5,108.2,116,1676,EMBER,FLAME_WHEEL,STOMP,64.8,48.3,65,45.6,tinkaton:896;electrode_hisuian:823;corviknight:737;melmetal:594;rillaboom:594,cramorant:123;mimikyu:186;altaria:213;ninetales_shadow:345;sableye_mega:417
shiftry,Shiftry,70.3,133.4,88,143,1680,SNARL,LEAF_BLADE,FOUL_PLAY,64.5,51,60.4,44.9,quagsire_shadow:912;stunfisk:730;jellicent:650;corsola_galarian:639;sableye_shadow:531,mimikyu:168;altaria:282;sableye_mega:325;melmetal:328;cramorant:365
celebi,Celebi,70.2,120.4,119.3,129,1855,CONFUSION,AURA_SPHERE,LEAF_STORM,65.8,48.3,66.8,50.1,stunfisk:806;quagsire_shadow:794;melmetal:693;vigoroth:546;florges:519,sableye_mega:96;cramorant:261;tinkaton:312;altaria:315;mimikyu:317
golett,Golett,70.2,119.3,89.9,141,1513,ASTONISH,SHADOW_PUNCH,BRICK_BREAK,65.7,59,51.5,46.6,morpeko_full_belly:748;jellicent:723;melmetal:656;mimikyu:528;corsola_galarian:514,sableye_mega:197;cramorant:242;ninetales_shadow:242;altaria:358;tinkaton:361
staraptor,Staraptor,70.2,140.3,90.8,125,1594,WING_ATTACK,FLY,CLOSE_COMBAT,52.5,41.8,66.6,28.7,araquanid:804;jumpluff:696;sableye_mega:576;rillaboom:548;sableye_shadow:540,melmetal:126;tinkaton:141;cramorant:222;mimikyu:257;altaria:387
pidgeot_mega,Pidgeot (Mega),70,146.9,97.2,107,1529,GUST,BRAVE_BIRD,TWISTER,64.9,50.6,60.9,40.4,azumarill:742;corsola_galarian:724;altaria:658;sableye_mega:565;jellicent:565,melmetal:154;tinkaton:237;ninetales_shadow:273;cramorant:321;mimikyu:373
durant,Durant,69.9,135.2,122.4,100,1656,BUG_BITE,X_SCISSOR,IRON_HEAD,63.4,39.8,66,54,malamar_mega:865;morpeko_full_belly:845;rillaboom:715;florges:660;tinkaton:515,altaria:199;mimikyu:247;melmetal:260;cramorant:273;sableye_mega:321
flareon,Flareon,69.9,142.2,109.9,100,1564,EMBER,HEAT_WAVE,SUPER_POWER,67.5,43.9,69.3,26.7,tinkaton:880;corviknight:695;vigoroth:695;melmetal:670;thievul:645,cramorant:123;ninetales_shadow:158;altaria:217;mimikyu:233;sableye_mega:376
huntail,Huntail,69.9,130.8,125.6,104,1709,BITE,AQUA_TAIL,CRUNCH,62.8,60.5,62.8,45.6,dusknoir_shadow:677;diggersby:639;empoleon:572;feraligatr:538;seaking:509,mimikyu:233;cramorant:301;melmetal:318;altaria:344;sableye_mega:376
torterra_shadow,Torterra (Shadow),69.9,119.9,117,133,1867,MUD_SLAP,FRENZY_PLANT,SAND_TOMB,61.9,38,59.9,52.1,stunfisk:823;morpeko_full_belly:793;melmetal:699;corsola_galarian:657;clodsire:650,cramorant:99;altaria:173;sableye_mega:298;mimikyu:341;tinkaton:450
arcanine,Arcanine,69.8,132,102.5,125,1693,BITE,WILD_CHARGE,PSYCHIC_FANGS,70.6,51.3,55.3,43.6,malamar_mega:756;ninetales_shadow:728;melmetal:688;corviknight:564;sableye_mega:532,tinkaton:148;sableye_shadow:208;mimikyu:261;cramorant:277;altaria:413
tirtouga,Tirtouga,69.8,114.3,132.4,130,1970,BITE,SURF,ANCIENT_POWER,59.6,47.8,64.4,44.9,cramorant:630;fearow:588;araquanid:565;altaria:557;corviknight:526,ninetales_shadow:146;melmetal:160;mimikyu:261;tinkaton:262;sableye_mega:330
bibarel_shadow,Bibarel (Shadow),69.7,122.9,99.2,149,1819,TAKE_DOWN,SURF,HYPER_FANG,65.5,47.5,61.7,53.8,azumarill:812;empoleon:577;jellicent:533;corsola_galarian:520;sableye_shadow:510,melmetal:208;mimikyu:242;altaria:322;cramorant:392;sableye_mega:431
cryogonal,Cryogonal,69.7,115.8,137.9,121,1935,ICE_SHARD,TRIPLE_AXEL,NIGHT_SLASH,62.9,47.1,57.7,55,altaria:797;stunfisk:677;rillaboom:619;fearow:570;florges:566,tinkaton:212;mimikyu:252;melmetal:260;cramorant:380;sableye_mega:422
grotle,Grotle,69.7,117.8,114.8,141,1908,BITE,BODY_SLAM,ENERGY_BALL,62.2,61.1,66,49.8,quagsire_shadow:812;stunfisk:712;azumarill:567;jellicent:549;florges:507,mimikyu:252;altaria:311;melmetal:318;sableye_mega:348;cramorant:384
growlithe_shadow,Growlithe (Shadow),69.7,126.8,90.7,135,1555,EMBER,FLAME_WHEEL,BODY_SLAM,66.3,56.1,63.3,27,tinkaton:874;corviknight:774;electrode_hisuian:774;annihilape:662;rillaboom:522,cramorant:123;altaria:246;mimikyu:247;melmetal:250;sableye_mega:408
sneasler_shadow,Sneasler (Shadow),69.7,145.4,94.7,112,1543,SHADOW_CLAW,CLOSE_COMBAT,X_SCISSOR,58.3,41.5,65.8,26.5,cradily:799;electrode_hisuian:772;tinkaton:750;thievul:727;forretress_shadow:625,melmetal:195;cramorant:218;sableye_mega:233;altaria:333;mimikyu:476
weezing_shadow,Weezing (Shadow),69.7,117.6,139.5,116,1905,ROLLOUT,SLUDGE_BOMB,DARK_PULSE,60.6,54,67.6,33.2,dragonite_mega:724;talonflame:702;florges:625;ninetales_shadow:599;jumpluff:573,mimikyu:200;cramorant:253;melmetal:339;sableye_mega:376;altaria:420
mudsdale,Mudsdale,69.6,123.5,107.1,136,1800,MUD_SLAP,BULLDOZE,BODY_SLAM,62.8,42.1,63.1,52.3,morpeko_full_belly:801;clodsire:757;stunfisk:713;melmetal:687;sableye_mega:514,altaria:217;cramorant:285;mimikyu:322;ninetales_shadow:384;tinkaton:457
pinsir,Pinsir,69.6,139.6,112.6,102,1604,FURY_CUTTER,CLOSE_COMBAT,X_SCISSOR,64.6,42.9,62,34.4,electrode_hisuian:799;malamar_mega:745;sableye_shadow:700;thievul:651;melmetal:558,tinkaton:95;mimikyu:140;altaria:286;cramorant:309;sableye_mega:385
armaldo,Armaldo,69.5,133.9,109.1,115,1680,FURY_CUTTER,ROCK_BLAST,LIQUIDATION,64.8,47.4,61.5,36.4,electrode_hisuian:821;malamar_mega:773;thievul:691;rillaboom:582;ninetales_shadow:534,melmetal:113;mimikyu:140;cramorant:162;sableye_mega:362;altaria:380
drifloon,Drifloon,69.5,110.9,79.8,186,1647,HEX,SHADOW_BALL,ICY_WIND,64.2,38.2,62.8,43.6,vigoroth:669;araquanid:661;jellicent:618;rillaboom:615;altaria:561,sableye_mega:114;mimikyu:280;cramorant:281;tinkaton:343;melmetal:424
golduck,Golduck,69.5,124.1,112.1,129,1797,CONFUSION,CROSS_CHOP,LIQUIDATION,66.3,60.8,62.3,50.1,tinkaton:550;quagsire_shadow:542;annihilape:531;marowak:531;clodsire:523,mimikyu:299;altaria:300;sableye_mega:325;cramorant:357;melmetal:400
heatmor,Heatmor,69.5,134.6,92.6,134,1671,FIRE_SPIN,THUNDER_PUNCH,FLAMETHROWER,60.6,37.6,62,50.3,tinkaton:861;forretress_shadow:802;melmetal:664;florges:537;corviknight:533,cramorant:170;altaria:326;mimikyu:345;ninetales_shadow:440;sableye_mega:444
luxray,Luxray,69.5,138,98.9,119,1626,SPARK,WILD_CHARGE,PSYCHIC_FANGS,64.2,61.4,64.5,40.9,fearow:827;melmetal:726;morpeko_full_belly:663;corviknight:571;cramorant:554,ninetales_shadow:190;sableye_mega:201;tinkaton:248;mimikyu:275;altaria:282
slowpoke_shadow,Slowpoke (Shadow),69.5,104.1,94.9,186,1840,CONFUSION,PSYSHOCK,WATER_PULSE,65.4,38.6,65,49.6,cramorant:583;quagsire_shadow:583;florges:534;vigoroth:532;stunfisk:513,sableye_mega:96;mimikyu:317;melmetal:349;altaria:405;tinkaton:425
pidgeotto,Pidgeotto,69.4,110.9,100.8,147,1644,WING_ATTACK,AIR_CUTTER,TWISTER,63.1,53.6,61.8,46.1,rillaboom:619;sableye_shadow:595;mimikyu:554;corsola_galarian:520;florges:506,tinkaton:173;melmetal:232;cramorant:329;altaria:351;sableye_mega:357
pignite_shadow,Pignite (Shadow),69.3,127.3,87,158,1751,EMBER,ROCK_TOMB,FLAME_CHARGE,56,46.6,58.3,46.6,tinkaton:791;ninetales_shadow:734;araquanid:569;thievul:556;melmetal:512,cramorant:123;sableye_shadow:200;mimikyu:261;altaria:398;sableye_mega:417
seviper,Seviper,69.3,137.5,90,131,1623,POISON_JAB,POISON_FANG,WRAP,62.5,57,51.6,50.3,jumpluff:904;azumarill:782;florges:671;rillaboom:603;ninetales_shadow:511,sableye_mega:275;melmetal:287;cramorant:329;mimikyu:373;altaria:416
staravia_shadow,Staravia (Shadow),69.3,131.9,91.5,135,1631,WING_ATTACK,BRAVE_BIRD,FLY,54,41.6,63.4,27.7,corsola_galarian:848;clodsire:803;araquanid:788;jellicent:603;sableye_mega:596,melmetal:113;cramorant:261;tinkaton:287;mimikyu:317;altaria:460
swellow,Swellow,69.3,135.9,99.9,121,1645,WING_ATTACK,BRAVE_BIRD,AERIAL_ACE,52,36.2,68.5,32,corsola_galarian:677;jellicent:636;araquanid:632;sableye_mega:611;sableye_shadow:545,melmetal:126;tinkaton:234;cramorant:242;mimikyu:257;altaria:329
weepinbell,Weepinbell,69.3,137.9,84.8,139,1627,ACID,POWER_WHIP,SEED_BOMB,62.5,55.1,60.2,38.9,florges:888;quagsire_shadow:712;stunfisk:658;jellicent:654;morpeko_full_belly:600,cramorant:242;mimikyu:299;sableye_mega:321;melmetal:325;altaria:329
darumaka_shadow,Darumaka (Shadow),69.2,131.9,82.3,157,1706,FIRE_FANG,FIRE_PUNCH,FLAME_CHARGE,64.2,48.6,55.9,56.3,tinkaton:843;electrode_hisuian:843;rillaboom:780;melmetal:659;corviknight:509,altaria:231;cramorant:261;sableye_mega:279;ninetales_shadow:313;mimikyu:467
elekid,Elekid,69.2,126,97.4,120,1474,THUNDER_SHOCK,THUNDER_PUNCH,BRICK_BREAK,63.4,58.9,57.7,53.1,fearow:845;empoleon:845;feraligatr:808;azumarill:770;cramorant:766,mimikyu:191;altaria:275;tinkaton:280;sableye_mega:321;melmetal:417
growlithe,Growlithe,69.2,126.8,90.7,135,1555,EMBER,FLAME_WHEEL,BODY_SLAM,64.6,48,62.6,42.9,tinkaton:885;rillaboom:774;melmetal:692;corviknight:544;florges:533,cramorant:123;mimikyu:186;ninetales_shadow:349;altaria:373;sableye_mega:394
smoochum,Smoochum,69.2,141.1,89,120,1509,POWDER_SNOW,PSYSHOCK,ICE_PUNCH,65.2,54.5,66.1,27.2,clodsire:779;altaria:745;fearow:704;stunfisk:641;quagsire_shadow:575,melmetal:113;mimikyu:238;cramorant:242;tinkaton:255;sableye_mega:422
arcanine_shadow,Arcanine (Shadow),69.1,132,102.5,125,1693,BITE,WILD_CHARGE,PSYCHIC_FANGS,76.1,73.4,50.3,31.7,sableye_mega:716;sableye_shadow:675;malamar_mega:675;ninetales_shadow:664;melmetal:520,tinkaton:163;mimikyu:261;quagsire_shadow:285;cramorant:305;altaria:315
darumaka,Darumaka,69.1,131.9,82.3,157,1706,FIRE_FANG,FIRE_PUNCH,FLAME_CHARGE,61.4,47.1,60.2,60.5,forretress_shadow:853;deoxys_defense:614;melmetal:595;rillaboom:589;corviknight:563,cramorant:218;sableye_mega:325;mimikyu:369;altaria:398;tinkaton:464
hitmontop_shadow,Hitmontop (Shadow),69.1,121.2,149.8,102,1853,COUNTER,CLOSE_COMBAT,TRIPLE_AXEL,62.9,40.6,53.7,56.5,morpeko_full_belly:843;thievul:686;stunfisk:617;melmetal:602;ninetales_shadow:504,mimikyu:149;altaria:192;cramorant:222;sableye_mega:243;tinkaton:347
sandaconda,Sandaconda,69.1,123,132,112,1820,MUD_SLAP,EARTH_POWER,WRAP,62.5,45.3,62.5,55.8,morpeko_full_belly:790;stunfisk:763;clodsire:736;deoxys_defense:580;sableye_mega:553,altaria:286;cramorant:297;mimikyu:303;tinkaton:365;melmetal:482
beartic,Beartic,69,135.4,94,130,1657,POWDER_SNOW,ICE_PUNCH,LIQUIDATION,64.9,47.2,62.5,33.7,electrode_hisuian:803;altaria:765;fearow:726;stunfisk:676;rillaboom:534,melmetal:113;cramorant:265;tinkaton:287;mimikyu:299;sableye_mega:385
corsola,Corsola,69,108.5,142,134,2066,BUBBLE,POWER_GEM,ROCK_BLAST,65.4,41,60.9,47.8,cramorant:645;florges:593;altaria:567;corsola_galarian:511;mimikyu:503,ninetales_shadow:202;melmetal:284;tinkaton:397;sableye_mega:412;sableye_shadow:460
pidgeotto_shadow,Pidgeotto (Shadow),69,110.9,100.8,147,1644,WING_ATTACK,AIR_CUTTER,TWISTER,58.8,59.5,62.6,38.9,jellicent:639;rillaboom:578;araquanid:544;sableye_shadow:523;jumpluff:506,melmetal:284;mimikyu:313;cramorant:408;altaria:409;sableye_mega:454
geodude_alolan_shadow,Geodude (Alolan) (Shadow),68.9,123.5,123.5,113,1724,VOLT_SWITCH,ROCK_TOMB,ROCK_SLIDE,66.6,46.6,54.8,35.7,cramorant:902;altaria:716;vigoroth:663;sableye_mega:526;melmetal:508,ninetales_shadow:242;malamar_mega:275;sableye_shadow:288;mimikyu:345;tinkaton:397
palossand_shadow,Palossand (Shadow),68.9,116.5,123,134,1922,ASTONISH,SHADOW_BALL,EARTH_POWER,62,40.7,61.2,52.1,clodsire:750;stunfisk:701;mimikyu:626;corviknight:597;annihilape:578,sableye_mega:224;altaria:264;cramorant:265;tinkaton:287;melmetal:359
sceptile_mega,Sceptile (Mega),68.9,159,98.1,90,1405,FURY_CUTTER,LEAF_BLADE,BREAKING_SWIPE,62.2,49.5,63.7,29.5,quagsire_shadow:777;stunfisk:700;malamar_mega:694;sableye_shadow:644;thievul:594,cramorant:138;mimikyu:149;altaria:163;melmetal:304;sableye_mega:422
tyrunt,Tyrunt,68.9,126.6,107.8,129,1763,DRAGON_TAIL,ROCK_TOMB,STOMP,64.2,46.3,54.7,37.2,morpeko_full_belly:724;ninetales_shadow:689;electrode_hisuian:639;altaria:624;cramorant:550,mimikyu:121;tinkaton:184;sableye_mega:275;sableye_shadow:316;melmetal:321
volcanion,Volcanion,68.9,135.5,117.4,103,1640,INCINERATE,SCALD,OVERHEAT,60.6,56.7,60.9,44.1,tinkaton:854;clodsire:820;florges:674;ninetales_shadow:592;corviknight:563,cramorant:178;sableye_mega:243;altaria:300;melmetal:342;mimikyu:359
hatterene,Hatterene,68.8,142.1,115,96,1570,PSYCHO_CUT,PSYSHOCK,POWER_WHIP,65.4,46.2,63.1,29.7,annihilape:880;quagsire_shadow:593;altaria:572;deoxys_defense:557;stunfisk:541,melmetal:85;sableye_mega:96;cramorant:178;mimikyu:196;tinkaton:212
haxorus,Haxorus,68.8,151.4,95.1,103,1485,DRAGON_TAIL,NIGHT_SLASH,SURF,67.1,59.2,59.9,25.3,talonflame:742;ninetales_shadow:655;marowak:655;kingdra:558;stunfisk:538,mimikyu:130;melmetal:308;sableye_mega:334;altaria:384;cramorant:416
sawsbuck,Sawsbuck,68.8,129.4,101.8,131,1727,TAKE_DOWN,WILD_CHARGE,TRAILBLAZE,62.9,44.8,57,51.6,stunfisk:767;morpeko_full_belly:702;corviknight:580;quagsire_shadow:561;corsola_galarian:561,melmetal:188;mimikyu:219;altaria:293;cramorant:337;sableye_mega:389
slowpoke_galarian,Slowpoke (Galarian),68.8,104.1,94.9,186,1840,CONFUSION,PSYSHOCK,SURF,64.9,41.5,63.6,50.3,clodsire:647;florges:618;fearow:586;altaria:534;stunfisk:518,sableye_mega:96;tinkaton:223;melmetal:284;mimikyu:289;cramorant:496
anorith_shadow,Anorith (Shadow),68.7,145.4,92,115,1540,SCRATCH,AQUA_JET,ANCIENT_POWER,61.9,66.4,61.2,18.3,marowak:656;malamar_mega:647;altaria:613;fearow:604;thievul:560,mimikyu:140;melmetal:167;cramorant:242;sableye_mega:321;tinkaton:382
bayleef_shadow,Bayleef (Shadow),68.7,105.5,141.5,142,2122,MAGICAL_LEAF,ANCIENT_POWER,ENERGY_BALL,60.5,35,63.3,51.1,quagsire_shadow:940;stunfisk:820;vigoroth:545;sableye_shadow:503;malamar_mega:503,melmetal:188;altaria:293;tinkaton:326;mimikyu:387;sableye_mega:472
staraptor_shadow,Staraptor (Shadow),68.7,140.3,90.8,125,1594,WING_ATTACK,FLY,CLOSE_COMBAT,52.5,39.7,63.1,26.5,araquanid:772;marowak:756;cradily:708;sableye_mega:564;jellicent:552,melmetal:113;tinkaton:141;cramorant:242;mimikyu:317;altaria:474
floette,Floette,68.6,114.2,134.5,128,1967,VINE_WHIP,DAZZLING_GLEAM,PSYCHIC,59.4,40,72.2,36.2,annihilape:644;sableye_shadow:609;thievul:609;sableye_mega:601;quagsire_shadow:589,tinkaton:95;melmetal:136;mimikyu:200;altaria:380;cramorant:492
landorus_incarnate,Landorus (Incarnate),68.6,140.2,100.8,113,1599,MUD_SHOT,EARTH_POWER,ROCK_SLIDE,62.2,47.2,70.4,26.5,stunfisk:787;tinkaton:783;morpeko_full_belly:690;fearow:685;melmetal:615,cramorant:83;mimikyu:177;ninetales_shadow:182;sableye_mega:288;altaria:307
golduck_shadow,Golduck (Shadow),68.5,124.1,112.1,129,1797,CONFUSION,CROSS_CHOP,LIQUIDATION,64,64.5,57.5,42.1,clodsire:810;vigoroth:763;annihilape:705;empoleon:589;azumarill:519,melmetal:140;sableye_mega:211;mimikyu:331;altaria:365;cramorant:373
hattrem,Hattrem,68.5,122.7,115.7,128,1818,CONFUSION,PSYSHOCK,DAZZLING_GLEAM,61.9,41.3,64.7,44.6,clodsire:855;quagsire_shadow:671;ninetales_shadow:605;annihilape:550;florges:507,sableye_mega:96;tinkaton:258;mimikyu:317;melmetal:345;altaria:405
masquerain,Masquerain,68.5,129.5,109.1,122,1725,INFESTATION,AIR_CUTTER,LUNGE,61.4,39.1,56.6,41.1,malamar_mega:774;rillaboom:688;thievul:668;vigoroth:549;sableye_mega:545,mimikyu:126;cramorant:170;tinkaton:184;altaria:293;melmetal:342
sandshrew_shadow,Sandshrew (Shadow),68.5,118.4,113.4,127,1707,SCRATCH,SAND_TOMB,ROCK_TOMB,57.7,46.8,54,34.7,morpeko_full_belly:728;talonflame:665;stunfisk:661;forretress_shadow:641;melmetal:633,mimikyu:121;cramorant:242;sableye_mega:316;tinkaton:429;altaria:481
absol,Absol,68.4,156.6,83.9,109,1434,PSYCHO_CUT,BRUTAL_SWING,MEGAHORN,69.2,66,50.5,19.1,malamar_mega:811;electrode_hisuian:766;corsola_galarian:738;thievul:720;quagsire_shadow:513,cramorant:162;melmetal:304;altaria:304;sableye_mega:366;mimikyu:476
ho_oh,Ho-Oh,68.4,122.9,128.4,114,1801,INCINERATE,BRAVE_BIRD,SACRED_FIRE,60.3,34.5,74.3,56,melmetal:657;tinkaton:622;ninetales_shadow:543;corviknight:521;altaria:504,cramorant:162;malamar_mega:254;sableye_shadow:276;sableye_mega:279;mimikyu:331
tyrantrum_shadow,Tyrantrum (Shadow),68.4,129,115.1,116,1724,DRAGON_TAIL,CRUNCH,ROCK_TOMB,60.2,36.2,55.3,31.5,morpeko_full_belly:663;ninetales_shadow:625;jellicent:581;electrode_hisuian:547;altaria:517,mimikyu:121;melmetal:123;tinkaton:173;sableye_shadow:252;sableye_mega:458
glalie_mega,Glalie (Mega),68.3,141.5,100.7,111,1584,POWDER_SNOW,AVALANCHE,SHADOW_BALL,53.1,43.6,63.6,29,clodsire:833;dragonite_mega:770;altaria:684;corsola_galarian:635;stunfisk:563,melmetal:113;sableye_mega:233;cramorant:265;mimikyu:289;tinkaton:290
tangrowth,Tangrowth,68.3,120.7,112.7,136,1852,VINE_WHIP,POWER_WHIP,ROCK_SLIDE,58.8,38.3,65.2,43.1,stunfisk:823;quagsire_shadow:797;morpeko_full_belly:727;florges:529;sableye_shadow:514,mimikyu:233;tinkaton:276;melmetal:301;altaria:322;sableye_mega:376
tyrantrum,Tyrantrum,68.3,129,115.1,116,1724,DRAGON_TAIL,ROCK_TOMB,CRUNCH,61.5,39.5,58.2,34.2,morpeko_full_belly:715;ninetales_shadow:668;electrode_hisuian:616;jellicent:534;cramorant:517,mimikyu:121;melmetal:126;tinkaton:156;sableye_mega:389;altaria:434
bouffalant,Bouffalant,68.2,118.8,115.8,137,1888,MUD_SHOT,STOMP,MEGAHORN,60,57,63.7,40.6,electrode_hisuian:835;feraligatr_shadow:605;thievul:591;lapras:540;charjabug:529,altaria:177;cramorant:214;melmetal:342;mimikyu:392;sableye_mega:399
metagross_shadow,Metagross (Shadow),68.1,132.7,122,104,1686,SHADOW_CLAW,METEOR_MASH,EARTHQUAKE,54.5,39.8,62.2,33.2,tinkaton:822;altaria:764;vigoroth:716;clodsire:687;florges:610,melmetal:188;sableye_mega:188;ninetales_shadow:218;sableye_shadow:224;mimikyu:364
stunky,Stunky,68.1,114.2,88.2,147,1482,SCRATCH,CRUNCH,TRAILBLAZE,57.2,57,59,48.3,deoxys_defense:612;dusknoir_shadow:608;feraligatr:547;blastoise:534;corsola_galarian:520,mimikyu:154;cramorant:178;sableye_mega:293;altaria:344;melmetal:366
tauros_blaze,Tauros (Blaze),68.1,127.8,120.6,114,1759,DOUBLE_KICK,FLAME_CHARGE,TRAILBLAZE,59.7,37.4,55.8,51.1,tinkaton:815;thievul:785;forretress_shadow:776;furret:622;melmetal:592,mimikyu:98;sableye_mega:302;altaria:304;cramorant:317;ninetales_shadow:460
metagross_mega,Metagross (Mega),68,135.5,134.7,90,1644,SHADOW_CLAW,METEOR_MASH,EARTHQUAKE,53.9,42.2,66.5,33.7,cradily:861;clodsire:761;florges:677;deoxys_defense:672;azumarill:516,tinkaton:187;sableye_mega:188;mimikyu:345;altaria:445;melmetal:465
quilava,Quilava,68,126.6,109.4,128,1774,EMBER,FLAME_CHARGE,DIG,59.7,45.9,59.9,57.3,forretress_shadow:738;melmetal:613;tinkaton:570;corviknight:546;ninetales_shadow:542,mimikyu:233;cramorant:253;sableye_shadow:360;altaria:362;sableye_mega:403
tyrunt_shadow,Tyrunt (Shadow),68,126.6,107.8,129,1763,DRAGON_TAIL,ROCK_TOMB,STOMP,62,48.3,51,31.2,morpeko_full_belly:682;ninetales_shadow:662;vigoroth:658;altaria:531;cramorant:511,mimikyu:121;melmetal:123;tinkaton:148;sableye_shadow:252;sableye_mega:321
geodude_alolan,Geodude (Alolan),67.9,123.5,123.5,113,1724,VOLT_SWITCH,ROCK_TOMB,ROCK_SLIDE,65.4,45.4,57.8,44.6,cramorant:915;altaria:588;thievul:553;ninetales_shadow:539;sableye_shadow:508,malamar_mega:233;mimikyu:289;tinkaton:333;melmetal:417;sableye_mega:495
mantyke,Mantyke,67.9,100.8,163,120,1973,BUBBLE,WATER_PULSE,AERIAL_ACE,61.5,42.9,62.8,44.1,marowak:662;ninetales_shadow:600;fearow:591;sableye_shadow:537;talonflame:512,melmetal:188;altaria:250;mimikyu:275;cramorant:333;sableye_mega:348
oddish_shadow,Oddish (Shadow),67.9,122.6,106.7,120,1571,ACID,SEED_BOMB,MOONBLAST,59.6,52.8,57.5,30.7,florges:870;rillaboom:745;altaria:695;quagsire_shadow:675;stunfisk:566,sableye_mega:142;melmetal:304;mimikyu:308;tinkaton:312;cramorant:452
grotle_shadow,Grotle (Shadow),67.8,117.8,114.8,141,1908,BITE,ENERGY_BALL,BODY_SLAM,60.2,60.4,62.3,39.9,quagsire_shadow:755;morpeko_full_belly:726;stunfisk:716;marowak:712;jellicent:677,mimikyu:233;altaria:336;melmetal:349;cramorant:369;sableye_mega:463
blastoise_mega,Blastoise (Mega),67.7,133.9,123.4,101,1671,ROLLOUT,HYDRO_CANNON,SKULL_BASH,51.4,53.9,60.2,28.7,talonflame:797;wigglytuff:594;azumarill:559;empoleon:539;feraligatr:539,melmetal:85;mimikyu:200;cramorant:253;altaria:333;sableye_mega:366
torracat,Torracat,67.6,135.5,89.8,135,1645,EMBER,FLAME_CHARGE,CRUNCH,61.2,52.8,59.9,44.1,tinkaton:862;forretress_shadow:685;melmetal:662;rillaboom:577;corviknight:533,cramorant:123;mimikyu:233;sableye_mega:344;ninetales_shadow:376;altaria:409
rotom,Rotom,67.4,132.4,120.4,106,1691,ASTONISH,THUNDERBOLT,OMINOUS_WIND,62,39.5,58.8,49.3,azumarill:759;corviknight:599;mimikyu:580;melmetal:551;cramorant:547,sableye_mega:224;tinkaton:258;altaria:264;sableye_shadow:276;ninetales_shadow:353
slowking,Slowking,67.4,113.4,120.9,144,1975,CONFUSION,SURF,BLIZZARD,62.5,39.1,65,53.1,clodsire:680;quagsire_shadow:611;florges:572;vigoroth:545;ninetales_shadow:531,sableye_mega:96;mimikyu:285;altaria:293;tinkaton:397;melmetal:438
appletun,Appletun,67.3,116.5,102.5,161,1924,ASTONISH,ENERGY_BALL,OUTRAGE,58.9,40.4,62.9,47.6,stunfisk:810;quagsire_shadow:652;jellicent:618;corsola_galarian:521;mimikyu:503,altaria:177;tinkaton:202;sableye_mega:224;melmetal:280;ninetales_shadow:289
espurr,Espurr,67.3,113.4,108.3,145,1783,CONFUSION,PSYSHOCK,ENERGY_BALL,63.9,40.1,63.6,44.9,quagsire_shadow:700;florges:651;ninetales_shadow:637;vigoroth:544;stunfisk:510,sableye_mega:96;mimikyu:289;melmetal:315;altaria:405;cramorant:496
karrablast,Karrablast,67.3,127.7,85.7,127,1390,FURY_CUTTER,DRILL_RUN,X_SCISSOR,61.5,51.9,58.6,30.5,electrode_hisuian:799;malamar_mega:696;deoxys_defense:681;thievul:641;rillaboom:515,mimikyu:140;altaria:275;cramorant:297;sableye_mega:371;melmetal:472
leafeon,Leafeon,67.3,128.1,133.9,102,1750,QUICK_ATTACK,LEAF_BLADE,LAST_RESORT,58.2,51.3,59.3,42.9,quagsire_shadow:906;azumarill:862;stunfisk:735;morpeko_full_belly:725;electrode_hisuian:637,mimikyu:121;cramorant:178;altaria:210;sableye_mega:261;melmetal:270
mr_mime,Mr. Mime,67.3,131.5,144.2,90,1709,PSYWAVE,SHADOW_BALL,PSYCHIC,54.8,35.9,62.6,37.2,dragonite_mega:650;altaria:600;deoxys_defense:555;ninetales_shadow:544;annihilape:522,sableye_mega:96;melmetal:113;cramorant:273;mimikyu:359;tinkaton:375
sharpedo_shadow,Sharpedo (Shadow),67.3,166.6,64,126,1345,BITE,CRUNCH,POISON_FANG,57.4,47.8,55.9,27.7,malamar_mega:757;corsola_galarian:690;florges:519;fearow:519;jellicent:507,melmetal:181;sableye_mega:220;tinkaton:262;mimikyu:364;altaria:434
quilava_shadow,Quilava (Shadow),67.2,126.6,109.4,128,1774,EMBER,FLAME_CHARGE,DIG,56.6,46.6,58,48.6,tinkaton:855;ninetales_shadow:675;forretress_shadow:667;melmetal:644;corviknight:511,cramorant:130;sableye_shadow:200;mimikyu:261;altaria:391;sableye_mega:408
zoroark,Zoroark,67.2,157.3,87.9,103,1425,SHADOW_CLAW,FOUL_PLAY,SLUDGE_BOMB,63.1,57.7,59,22,jellicent:849;corsola_galarian:791;empoleon:703;deoxys_defense:606;cramorant:577,melmetal:167;tinkaton:343;altaria:413;mimikyu:420;sableye_mega:431
buneary,Buneary,67.1,121.8,100.8,135,1659,QUICK_ATTACK,SWIFT,FIRE_PUNCH,60.3,54.8,60.6,40.1,forretress_shadow:751;feraligatr:607;jumpluff:607;corviknight:588;blastoise:529,melmetal:95;cramorant:178;altaria:304;mimikyu:355;sableye_mega:408
jolteon,Jolteon,67.1,137.4,114.7,103,1624,THUNDER_SHOCK,DISCHARGE,LAST_RESORT,59.7,45.6,60.7,39.9,fearow:820;cramorant:742;azumarill:733;morpeko_full_belly:689;corviknight:606,mimikyu:233;altaria:275;sableye_mega:321;tinkaton:322;melmetal:421
luxray_shadow,Luxray (Shadow),67.1,138,98.9,119,1626,SPARK,WILD_CHARGE,PSYCHIC_FANGS,68.8,63.7,52.7,33,tinkaton:722;altaria:693;melmetal:642;corsola_galarian:592;cramorant:588,sableye_mega:201;ninetales_shadow:202;sableye_shadow:268;malamar_mega:279;mimikyu:331
pinsir_mega,Pinsir (Mega),67.1,148.8,118.4,85,1499,FURY_CUTTER,CLOSE_COMBAT,X_SCISSOR,60,36.5,58.5,31.5,malamar_mega:694;quagsire_shadow:652;sableye_shadow:641;vigoroth:641;thievul:582,mimikyu:140;melmetal:167;altaria:293;cramorant:317;sableye_mega:490
tangrowth_shadow,Tangrowth (Shadow),67.1,120.7,112.7,136,1852,VINE_WHIP,POWER_WHIP,ROCK_SLIDE,54.6,36.2,62.6,34.9,quagsire_shadow:753;stunfisk:746;morpeko_full_belly:698;sableye_mega:529;vigoroth:511,cramorant:222;mimikyu:233;tinkaton:294;altaria:362;melmetal:376
thwackey,Thwackey,67.1,123.6,107.5,136,1809,SCRATCH,ENERGY_BALL,GRASS_KNOT,59.4,44.7,61.5,39.2,quagsire_shadow:790;morpeko_full_belly:724;stunfisk:694;florges:672;vigoroth:540,mimikyu:126;cramorant:186;altaria:264;melmetal:325;sableye_mega:357
delcatty,Delcatty,67,111.9,116.8,153,2000,CHARM,WILD_CHARGE,DISARMING_VOICE,54,37.4,72.2,49.6,azumarill:614;araquanid:611;corsola_galarian:598;jellicent:575;sableye_mega:571,melmetal:188;tinkaton:255;cramorant:321;altaria:402;mimikyu:439
grovyle,Grovyle,67,136.3,103.2,117,1647,QUICK_ATTACK,LEAF_BLADE,AERIAL_ACE,61.5,53.1,59.4,38.2,quagsire_shadow:918;azumarill:841;stunfisk:739;morpeko_full_belly:709;electrode_hisuian:564,mimikyu:121;cramorant:162;altaria:264;melmetal:280;sableye_mega:316
oddish,Oddish,67,122.6,106.7,120,1571,ACID,SEED_BOMB,MOONBLAST,59.4,49.6,59.6,37.2,quagsire_shadow:741;florges:741;stunfisk:666;morpeko_full_belly:600;sableye_mega:504,cramorant:222;tinkaton:255;melmetal:273;mimikyu:299;altaria:467
stufful,Stufful,67,124.8,92.1,156,1795,TAKE_DOWN,SUPER_POWER,STOMP,63.4,46,62.8,47.1,marowak:548;thievul:544;vigoroth:541;rillaboom:525;morpeko_full_belly:522,mimikyu:177;melmetal:188;altaria:264;sableye_mega:325;cramorant:337
dolliv,Dolliv,66.9,118.4,122.6,130,1890,MAGICAL_LEAF,EARTH_POWER,TRAILBLAZE,58.2,28.5,60.9,56.8,quagsire_shadow:803;sableye_mega:680;corsola_galarian:661;sableye_shadow:615;mimikyu:588,ninetales_shadow:123;tinkaton:145;melmetal:167;cramorant:226;altaria:228
exploud,Exploud,66.9,119.7,99.4,157,1870,ASTONISH,CRUNCH,DISARMING_VOICE,59.9,41.8,63.7,46.6,corsola_galarian:882;mimikyu:773;jellicent:719;sableye_mega:681;sableye_shadow:636,tinkaton:202;melmetal:219;ninetales_shadow:289;altaria:467;cramorant:468
grapploct,Grapploct,66.9,130.3,107.1,123,1718,WATERFALL,SUPER_POWER,ICE_PUNCH,59.9,37.9,67.7,36.4,quagsire_shadow:642;stunfisk:638;melmetal:593;thievul:577;ninetales_shadow:552,cramorant:142;mimikyu:271;sableye_mega:348;tinkaton:421;altaria:431
aron_shadow,Aron (Shadow),66.8,114.2,131,127,1903,METAL_SOUND,ROCK_TOMB,IRON_HEAD,60,31.8,56.9,48.6,altaria:688;florges:661;sableye_mega:618;thievul:551;cramorant:503,melmetal:126;ninetales_shadow:158;sableye_shadow:224;tinkaton:418;mimikyu:471
loudred,Loudred,66.8,125.2,80.6,178,1798,BITE,DISARMING_VOICE,STOMP,57.1,50.6,61.5,40.9,jellicent:685;corsola_galarian:648;sableye_shadow:595;mimikyu:556;altaria:508,melmetal:126;tinkaton:177;cramorant:178;ninetales_shadow:384;sableye_mega:399
sneasel_hisuian,Sneasel (Hisuian),66.8,133.9,111.7,111,1662,POISON_JAB,CLOSE_COMBAT,X_SCISSOR,56.8,34.7,62.3,38.9,cradily:666;thievul:626;melmetal:563;ninetales_shadow:518;azumarill:504,sableye_mega:169;tinkaton:187;cramorant:305;altaria:307;mimikyu:345
watchog,Watchog,66.8,125.1,114,125,1785,LOW_KICK,CRUNCH,HYPER_FANG,57.9,47.5,62.3,34.2,furret:688;corsola_galarian:624;ninetales_shadow:592;thievul:524;vigoroth:512,melmetal:250;sableye_mega:302;altaria:322;mimikyu:387;cramorant:404
chandelure,Chandelure,66.7,151.4,105.2,93,1482,INCINERATE,SHADOW_BALL,ENERGY_BALL,60.9,48,45.4,39.4,tinkaton:838;electrode_hisuian:801;rillaboom:698;melmetal:602;ninetales_shadow:591,cramorant:210;sableye_shadow:264;sableye_mega:279;mimikyu:322;altaria:438
darmanitan_standard_shadow,Darmanitan (Standard) (Shadow),66.7,149.7,72,138,1490,INCINERATE,ROCK_SLIDE,OVERHEAT,66.2,54.9,39.7,39.4,tinkaton:804;clodsire:778;altaria:543;ninetales_shadow:536;corsola_galarian:532,cramorant:242;sableye_mega:334;sableye_shadow:396;melmetal:445;mimikyu:476
espathra,Espathra,66.7,131.7,89.9,143,1696,CONFUSION,PSYSHOCK,DAZZLING_GLEAM,58.8,41.9,61.2,38.7,clodsire:828;togekiss:569;ninetales_shadow:552;rillaboom:513;quagsire_shadow:503,sableye_mega:96;cramorant:281;mimikyu:345;melmetal:356;altaria:416
gloom,Gloom,66.7,121.3,115.9,131,1844,ACID,MOONBLAST,SLUDGE_BOMB,57.2,42.7,63.7,38.9,florges:683;electrode_hisuian:660;annihilape:637;stunfisk:595;sableye_mega:580,ninetales_shadow:194;mimikyu:275;melmetal:284;tinkaton:326;altaria:463
houndour,Houndour,66.7,140.3,82.3,120,1387,EMBER,DARK_PULSE,FLAMETHROWER,59.4,50.6,60.4,23,electrode_hisuian:787;tinkaton:725;fearow:662;dragonite_mega:662;thievul:570,cramorant:123;melmetal:219;mimikyu:233;altaria:300;sableye_mega:403
chandelure_shadow,Chandelure (Shadow),66.5,151.4,105.2,93,1482,INCINERATE,SHADOW_BALL,ENERGY_BALL,63.1,46.3,42.7,43.9,rillaboom:854;tinkaton:801;clodsire:801;altaria:591;melmetal:564,cramorant:242;sableye_mega:252;ninetales_shadow:257;mimikyu:285;sableye_shadow:316
koffing,Koffing,66.5,112.6,131,113,1668,INFESTATION,SLUDGE,DARK_PULSE,58.6,47.4,61.2,36.2,rillaboom:809;florges:681;deoxys_defense:637;thievul:544;electrode_hisuian:535,cramorant:115;mimikyu:121;melmetal:332;sableye_mega:399;altaria:445
noivern,Noivern,66.5,125.4,113.5,126,1794,BITE,HEAT_WAVE,HURRICANE,54.9,36.5,64.4,34.4,marowak:801;rillaboom:599;araquanid:591;ninetales_shadow:567;jellicent:543,altaria:184;mimikyu:242;sableye_mega:284;cramorant:369;melmetal:489
purugly_shadow,Purugly (Shadow),66.5,125.5,105.5,134,1775,SCRATCH,AERIAL_ACE,THUNDER,54.5,45.6,60.4,32.2,azumarill:761;jellicent:641;feraligatr:544;sableye_shadow:541;corsola_galarian:518,mimikyu:154;melmetal:188;altaria:275;cramorant:277;sableye_mega:307
ambipom_shadow,Ambipom (Shadow),66.4,133.8,100.5,124,1670,SCRATCH,AERIAL_ACE,LOW_SWEEP,59.7,62.8,53.1,27.5,dusknoir_shadow:681;altaria_mega:641;thievul:633;talonflame:625;umbreon:520,melmetal:188;mimikyu:252;sableye_mega:321;cramorant:321;altaria:416
ivysaur,Ivysaur,66.4,118.7,121,131,1883,VINE_WHIP,POWER_WHIP,SLUDGE_BOMB,55.9,35.9,65.3,43.4,electrode_hisuian:896;quagsire_shadow:755;stunfisk:740;florges:736;jellicent:606,melmetal:136;altaria:275;mimikyu:299;sableye_mega:444;cramorant:484
sharpedo_mega,Sharpedo (Mega),66.4,160.6,85.7,101,1391,WATERFALL,CRUNCH,POISON_FANG,59.2,43.3,48.8,37.4,talonflame:787;corsola_galarian:683;thievul:638;snorlax:559;jellicent:524,cramorant:226;melmetal:291;altaria:333;sableye_mega:334;mimikyu:425
absol_mega,Absol (Mega),66.3,173.1,78.1,96,1298,PSYCHO_CUT,BRUTAL_SWING,MEGAHORN,69.1,61.7,49.1,13.3,malamar_mega:786;thievul:682;corsola_galarian:661;mimikyu:656;vigoroth:578,tinkaton:205;sableye_mega:298;altaria:300;melmetal:328;cramorant:408
eldegoss,Eldegoss,66.3,108.4,160.4,119,2070,BULLET_SEED,ENERGY_BALL,GRASS_KNOT,59.4,36.2,61.8,52.1,quagsire_shadow:815;morpeko_full_belly:777;stunfisk:693;jellicent:630;florges:571,altaria:134;melmetal:236;sableye_mega:357;cramorant:396;mimikyu:495
mankey_shadow,Mankey (Shadow),66.3,136.9,81.5,113,1262,KARATE_CHOP,CROSS_CHOP,BRICK_BREAK,66,48.6,53.4,25.8,melmetal:818;electrode_hisuian:756;thievul:747;empoleon:712;vigoroth:641,mimikyu:186;sableye_mega:261;cramorant:273;altaria:373;tinkaton:397
sneasel_hisuian_shadow,Sneasel (Hisuian) (Shadow),66.3,133.9,111.7,111,1662,POISON_JAB,CLOSE_COMBAT,X_SCISSOR,56.8,35.6,57.2,36.9,electrode_hisuian:770;tinkaton:761;azumarill:743;rillaboom:563;thievul:554,melmetal:154;sableye_mega:224;cramorant:321;altaria:365;mimikyu:401
bergmite,Bergmite,66.2,110.9,113.4,135,1699,BITE,ICY_WIND,CRUNCH,59.4,50.3,56.2,36.4,electrode_hisuian:633;clodsire:611;stunfisk:607;fearow:585;mimikyu:566,tinkaton:177;sableye_mega:288;melmetal:325;cramorant:357;altaria:442
bisharp,Bisharp,66.2,139.8,109.7,105,1611,SNARL,DARK_PULSE,IRON_HEAD,56,38.2,58.6,36.4,jellicent:861;dragonite_mega:804;altaria_mega:766;cradily:638;corsola_galarian:590,melmetal:126;mimikyu:186;altaria:344;sableye_mega:431;cramorant:468
mewtwo_shadow,Mewtwo (Shadow),66.2,147.3,94.4,106,1475,PSYCHO_CUT,PSYSTRIKE,THUNDERBOLT,56.5,33.9,69,14.1,clodsire:806;florges:759;vigoroth:617;fearow:617;cramorant:542,sableye_mega:87;melmetal:113;mimikyu:154;tinkaton:329;altaria:474
garbodor_shadow,Garbodor (Shadow),66.1,121,115.9,132,1853,INFESTATION,BODY_SLAM,SEED_BOMB,56.9,45.1,55.3,34.4,rillaboom:757;malamar_mega:617;malamar:617;cradily:594;thievul:507,mimikyu:126;cramorant:142;altaria:268;melmetal:294;sableye_mega:344
maschiff,Maschiff,66.1,125.8,101.8,139,1781,BITE,CRUNCH,PSYCHIC_FANGS,63.7,51.6,58.8,44.6,jellicent:910;dusknoir_shadow:802;lapras:640;corsola_galarian:586;feraligatr:571,melmetal:126;mimikyu:280;cramorant:289;altaria:344;sableye_mega:408
porygon,Porygon,66,120,115.4,135,1870,QUICK_ATTACK,DISCHARGE,HYPER_BEAM,57.4,52.1,66.5,40.1,cramorant:733;stunfisk:674;corviknight:611;mimikyu:566;florges:514,tinkaton:241;ninetales_shadow:261;melmetal:267;altaria:297;sableye_mega:399
floragato,Floragato,65.9,124.4,110.5,131,1803,LEAFAGE,ENERGY_BALL,PLAY_ROUGH,55.6,33.9,62.6,43.6,quagsire_shadow:919;stunfisk:797;morpeko_full_belly:713;jellicent:698;sableye_mega:522,altaria:90;cramorant:222;tinkaton:255;mimikyu:289;melmetal:328
poipole,Poipole,65.9,119.7,113.5,137,1863,PECK,SLUDGE_BOMB,FELL_STINGER,65.7,53.9,62.8,48.8,electrode_hisuian:835;florges:704;annihilape:678;ninetales_shadow:642;araquanid:551,cramorant:198;melmetal:232;altaria:373;sableye_mega:385;mimikyu:392
polteageist,Polteageist,65.9,142.8,115.6,95,1569,HEX,SHADOW_BALL,DARK_PULSE,54.5,54.5,61.4,22,deoxys_defense:684;jellicent:663;talonflame:636;rillaboom:568;melmetal:515,sableye_mega:142;mimikyu:303;altaria:420;tinkaton:429;cramorant:444
skrelp,Skrelp,65.9,104.1,104.1,127,1379,ACID,AQUA_TAIL,TWISTER,60.2,50,57.5,39.7,altaria_mega:700;florges:641;ninetales_shadow:570;wigglytuff:559;feraligatr:535,melmetal:232;sableye_mega:243;mimikyu:247;altaria:402;cramorant:460
sneasel_shadow,Sneasel (Shadow),65.9,133.9,111.7,111,1662,ICE_SHARD,AVALANCHE,FOUL_PLAY,55.9,31.4,55.8,33.9,altaria:725;fearow:680;corsola_galarian:545;stunfisk:545;jellicent:527,melmetal:123;cramorant:281;tinkaton:304;mimikyu:308;sableye_mega:490
watchog_shadow,Watchog (Shadow),65.9,125.1,114,125,1785,LOW_KICK,CRUNCH,HYPER_FANG,52.5,41.5,58.2,28.5,altaria_mega:612;corsola_galarian:588;feraligatr:580;guzzlord:536;blastoise:516,mimikyu:130;cramorant:194;melmetal:280;altaria:358;sableye_mega:403
darmanitan_standard,Darmanitan (Standard),65.8,149.7,72,138,1490,INCINERATE,ROCK_SLIDE,OVERHEAT,60.2,52.7,47.2,37.2,tinkaton:847;electrode_hisuian:800;araquanid:793;clodsire:778;ninetales_shadow:619,cramorant:210;sableye_mega:279;melmetal:373;mimikyu:406;altaria:463
grovyle_shadow,Grovyle (Shadow),65.8,136.3,103.2,117,1647,BULLET_SEED,LEAF_BLADE,AERIAL_ACE,59.1,46.2,59,24.3,quagsire_shadow:893;jellicent:816;marowak:816;azumarill:782;stunfisk:705,mimikyu:205;altaria:217;melmetal:284;sableye_mega:366;cramorant:440
regice_shadow,Regice (Shadow),65.8,105.7,178.4,111,2095,LOCK_ON,BLIZZARD,THUNDER,50.8,26.8,77.6,20.8,stunfisk:662;florges:648;sableye_mega:585;vigoroth:581;altaria:576,ninetales_shadow:67;melmetal:82;mimikyu:130;tinkaton:297;sableye_shadow:360
vanillish,Vanillish,65.8,123.6,120.5,122,1818,ASTONISH,ICY_WIND,SIGNAL_BEAM,60.2,42.9,51,39.7,jellicent:610;altaria:557;mimikyu:528;stunfisk:520;thievul:512,ninetales_shadow:182;tinkaton:202;melmetal:208;cramorant:257;sableye_mega:449
frosmoth,Frosmoth,65.6,141.5,101,111,1587,POWDER_SNOW,ICY_WIND,BUG_BUZZ,56.2,38.5,58.2,34.7,altaria:725;marowak:711;stunfisk:666;rillaboom:545;deoxys_defense:518,melmetal:113;tinkaton:237;cramorant:242;sableye_mega:279;mimikyu:289
mudbray,Mudbray,65.6,129.8,98.6,134,1717,MUD_SLAP,BULLDOZE,BODY_SLAM,58.8,37,55.5,44.6,morpeko_full_belly:768;clodsire:742;forretress_shadow:705;stunfisk:701;melmetal:664,cramorant:115;altaria:224;mimikyu:308;sableye_mega:325;tinkaton:460
poliwhirl,Poliwhirl,65.6,114.2,115.9,148,1961,BUBBLE,SCALD,MUD_BOMB,59.9,39.1,62.8,40.6,quagsire_shadow:601;stunfisk:570;florges:560;ninetales_shadow:530;sableye_shadow:520,melmetal:219;altaria:228;mimikyu:327;cramorant:337;sableye_mega:444
cherrim_sunny,Cherrim (Sunshine),65.5,121.8,116.2,130,1843,BULLET_SEED,WEATHER_BALL_FIRE,SOLAR_BEAM,56,34.8,59.1,39.4,stunfisk:803;electrode_hisuian:634;quagsire_shadow:607;sableye_mega:526;florges:515,cramorant:115;altaria:134;mimikyu:163;tinkaton:280;melmetal:335
cloyster,Cloyster,65.5,119,169.7,93,1880,ICE_SHARD,ICY_WIND,LIQUIDATION,58.6,36.2,55,40.1,stunfisk:607;clodsire:591;altaria:569;florges:564;fearow:559,melmetal:89;tinkaton:117;mimikyu:261;sableye_mega:463;cramorant:464
hitmonchan,Hitmonchan,65.5,128.9,137.4,98,1736,COUNTER,ICE_PUNCH,THUNDER_PUNCH,54.6,38.2,59.9,48.6,morpeko_full_belly:831;thievul:678;furret:607;melmetal:591;vigoroth:551,mimikyu:126;altaria:177;cramorant:218;sableye_mega:224;tinkaton:280
prinplup,Prinplup,65.5,118.6,117,136,1889,BUBBLE,ICY_WIND,BUBBLE_BEAM,62.6,50,53.9,40.4,marowak:595;ninetales_shadow:580;corviknight:569;fearow:544;clodsire:514,melmetal:250;cramorant:333;mimikyu:359;sableye_mega:366;altaria:460
stunky_shadow,Stunky (Shadow),65.5,114.2,88.2,147,1482,SCRATCH,CRUNCH,TRAILBLAZE,53.1,57.8,52.9,36.4,deoxys_defense:772;talonflame:642;umbreon:639;altaria_mega:605;furret:540,melmetal:147;mimikyu:200;cramorant:265;sableye_mega:275;altaria:358
tirtouga_shadow,Tirtouga (Shadow),65.5,114.3,132.4,130,1970,BITE,SURF,ANCIENT_POWER,53.3,41.3,59.6,33.4,talonflame:888;mantine:665;cramorant:584;dewgong:523;lapras:503,melmetal:126;mimikyu:242;tinkaton:294;altaria:423;sableye_mega:486
linoone_galarian_shadow,Linoone (Galarian) (Shadow),65.4,114.1,111.7,154,1965,SNARL,BODY_SLAM,DIG,57.1,39.7,54.3,33.4,snorlax:707;corsola_galarian:688;empoleon:529;morpeko_full_belly:525;sableye_mega:512,melmetal:106;cramorant:142;mimikyu:186;altaria:286;tinkaton:340
omanyte,Omanyte,65.4,128,135.2,101,1750,MUD_SHOT,ROCK_TOMB,ROCK_BLAST,57.1,49.2,55.8,37.2,talonflame:910;azumarill:574;araquanid:569;cramorant:529;altaria:519,melmetal:126;mimikyu:135;ninetales_shadow:146;tinkaton:251;sableye_mega:353
sharpedo,Sharpedo,65.4,166.6,64,126,1345,BITE,CRUNCH,POISON_FANG,54.9,50.9,52.9,31.5,corsola_galarian:718;fearow:599;electrode_hisuian:599;jellicent:587;azumarill:543,melmetal:181;cramorant:242;mimikyu:313;altaria:358;sableye_mega:472
buzzwole,Buzzwole,65.3,128.2,111.6,122,1747,COUNTER,SUPER_POWER,LUNGE,62,34.7,59.4,54,thievul:676;melmetal:614;vigoroth:528;sableye_shadow:516;quagsire_shadow:504,mimikyu:126;cramorant:162;altaria:177;sableye_mega:224;tinkaton:280
stufful_shadow,Stufful (Shadow),65.3,124.8,92.1,156,1795,TAKE_DOWN,SUPER_POWER,STOMP,62.8,50.4,52.9,47.8,blastoise:823;umbreon:772;thievul:679;stunfisk:605;feraligatr:557,sableye_mega:151;melmetal:208;mimikyu:219;altaria:322;cramorant:392
basculin,Basculin,65.2,133.9,97.1,129,1679,WATER_GUN,AQUA_TAIL,AQUA_JET,53.9,43.3,57.5,40.1,clodsire:810;talonflame:794;wigglytuff:624;diggersby:616;marowak:534,cramorant:182;melmetal:219;sableye_mega:224;altaria:297;mimikyu:345
hitmonchan_shadow,Hitmonchan (Shadow),65.2,128.9,137.4,98,1736,COUNTER,ICE_PUNCH,THUNDER_PUNCH,57.7,36.8,56.7,50.8,morpeko_full_belly:862;empoleon:790;thievul:765;melmetal:576;stunfisk:566,mimikyu:126;altaria:177;cramorant:218;sableye_mega:224;tinkaton:326
nidorino,Nidorino,65.2,123.3,104.3,141,1814,POISON_STING,SLUDGE_BOMB,ICE_BEAM,52.8,37.9,66.8,37.4,altaria:741;florges:698;azumarill:574;araquanid:542;electrode_hisuian:510,mimikyu:177;tinkaton:212;melmetal:239;sableye_mega:344;cramorant:448
donphan,Donphan,65.1,125.2,113.1,126,1786,MUD_SLAP,TRAILBLAZE,EARTHQUAKE,58.3,41.2,55.6,53.1,morpeko_full_belly:793;clodsire:746;stunfisk:710;marowak:543;deoxys_defense:503,altaria:148;cramorant:285;mimikyu:303;melmetal:482;sableye_mega:490
exploud_shadow,Exploud (Shadow),65.1,119.7,99.4,157,1870,ASTONISH,CRUNCH,DISARMING_VOICE,57.2,38.3,56.7,43.9,mimikyu:872;corsola_galarian:853;sableye_mega:652;sableye_shadow:550;altaria:525,melmetal:191;tinkaton:230;malamar_mega:266;cramorant:281;ninetales_shadow:321
ninjask,Ninjask,65.1,144.7,88.4,121,1549,FURY_CUTTER,SHADOW_BALL,AERIAL_ACE,52.6,38.2,56.4,32.2,deoxys_defense:904;marowak:855;malamar_mega:714;malamar:714;rillaboom:607,mimikyu:135;cramorant:162;melmetal:167;sableye_mega:279;altaria:340
mankey,Mankey,65,136.9,81.5,113,1262,KARATE_CHOP,CROSS_CHOP,BRICK_BREAK,63.7,52.1,46.7,33.9,melmetal:853;furret:818;thievul:783;empoleon:783;vigoroth:712,mimikyu:158;cramorant:234;altaria:322;tinkaton:333;sableye_mega:339
beautifly,Beautifly,64.9,144.7,83.9,127,1543,INFESTATION,AIR_CUTTER,SILVER_WIND,52.5,39.2,55.6,30.2,deoxys_defense:901;malamar_mega:728;malamar:728;thievul:641;rillaboom:582,melmetal:123;mimikyu:158;cramorant:170;sableye_mega:197;altaria:311
gumshoos,Gumshoos,64.9,134.2,84.9,147,1677,TAKE_DOWN,ROCK_TOMB,CRUNCH,60.3,45.6,56.4,45.9,feraligatr:625;corsola_galarian:520;seaking:517;araquanid:510;azumarill:506,melmetal:188;sableye_mega:188;mimikyu:322;altaria:365;cramorant:365
minun,Minun,64.8,116.3,127,130,1922,QUICK_ATTACK,THUNDERBOLT,GRASS_KNOT,55.6,43.9,67.4,28,morpeko_full_belly:734;quagsire_shadow:634;cramorant:623;florges:542;thievul:507,mimikyu:130;sableye_mega:302;tinkaton:329;altaria:405;melmetal:414
slowking_shadow,Slowking (Shadow),64.8,113.4,120.9,144,1975,CONFUSION,SURF,BLIZZARD,60.6,40.4,56.7,47.3,clodsire:645;cramorant:545;florges:524;quagsire_shadow:513;vigoroth:510,sableye_mega:119;melmetal:267;mimikyu:341;altaria:427;tinkaton:460
ho_oh_shadow,Ho-Oh (Shadow),64.7,123.4,126.4,113,1764,INCINERATE,BRAVE_BIRD,SACRED_FIRE,57.6,35.1,67.9,53.5,electrode_hisuian:756;tinkaton:734;corviknight:654;melmetal:575;rillaboom:575,cramorant:95;altaria:184;ninetales_shadow:261;sableye_mega:279;mimikyu:401
ribombee,Ribombee,64.7,136.2,105.9,114,1645,FAIRY_WIND,DRAINING_KISS,BUG_BUZZ,54.5,32.3,58.5,32,altaria:684;thievul:657;annihilape:618;rillaboom:587;sableye_mega:535,ninetales_shadow:99;melmetal:126;cramorant:162;mimikyu:191;tinkaton:230
alakazam_shadow,Alakazam (Shadow),64.6,155.8,101.4,91,1439,PSYCHO_CUT,FIRE_PUNCH,SHADOW_BALL,61.5,48.7,58,14.6,electrode_hisuian:747;fearow:598;jellicent:598;rillaboom:598;cramorant:532,sableye_mega:87;melmetal:113;mimikyu:191;tinkaton:425;altaria:442
linoone_galarian,Linoone (Galarian),64.6,114.1,111.7,154,1965,SNARL,BODY_SLAM,DIG,57.7,40.9,56.7,41.1,umbreon:574;stunfisk:571;jellicent:561;corsola_galarian:525;furret:509,melmetal:89;altaria:231;mimikyu:289;cramorant:337;sableye_mega:463
meowstic_female,Meowstic (Female),64.6,117.1,123.9,132,1917,CONFUSION,ENERGY_BALL,SHADOW_BALL,58.3,37.7,62.8,43.9,clodsire:625;florges:541;vigoroth:507;stunfisk:507;quagsire_shadow:503,sableye_mega:96;tinkaton:152;melmetal:188;mimikyu:313;altaria:496
omanyte_shadow,Omanyte (Shadow),64.6,128,135.2,101,1750,MUD_SHOT,ROCK_TOMB,ROCK_BLAST,59.1,54.2,53.9,28,ninetales_shadow:801;togekiss:797;cramorant:717;azumarill:534;jellicent:514,melmetal:157;mimikyu:177;altaria:278;tinkaton:315;sableye_mega:376
entei,Entei,64.5,129.3,96.1,140,1741,FIRE_FANG,FLAME_CHARGE,SCORCHING_SANDS,60,38.5,56.7,61.5,rillaboom:657;melmetal:589;ninetales_shadow:535;tinkaton:528;corviknight:517,cramorant:218;sableye_shadow:308;sableye_mega:348;altaria:373;mimikyu:406
garbodor,Garbodor,64.4,121,115.9,132,1853,INFESTATION,BODY_SLAM,GUNK_SHOT,55.2,36.4,59,38.9,florges:651;jumpluff:617;cradily:609;azumarill:564;thievul:522,mimikyu:121;melmetal:246;altaria:257;cramorant:333;sableye_mega:449
inteleon,Inteleon,64.4,153.4,89,107,1462,WATER_GUN,SNIPE_SHOT,HYDRO_CANNON,52.6,43.2,48.8,29,tinkaton:771;clodsire:771;talonflame:733;wigglytuff:509;corviknight:504,cramorant:182;melmetal:250;sableye_mega:279;altaria:297;mimikyu:345
shellos,Shellos,64.4,99.1,100.8,166,1660,MUD_SLAP,WATER_PULSE,BODY_SLAM,59.7,41.5,59.9,40.6,empoleon:668;tinkaton:611;ninetales_shadow:554;florges:551;azumarill:503,altaria:184;mimikyu:219;cramorant:250;melmetal:390;sableye_mega:408
raboot,Raboot,64.3,128.8,103.7,130,1738,FIRE_SPIN,FLAME_CHARGE,FLAMETHROWER,56.6,38.5,57,51.8,deoxys_defense:630;melmetal:561;florges:553;tinkaton:530;ninetales_shadow:503,cramorant:170;sableye_shadow:252;altaria:300;sableye_mega:321;mimikyu:322
anorith,Anorith,64.2,145.4,92,115,1540,SCRATCH,AQUA_JET,ANCIENT_POWER,58.9,58.7,56.2,18.8,fearow:691;talonflame:630;dragonite_mega:613;altaria_mega:613;ninetales:582,melmetal:113;mimikyu:121;cramorant:242;sableye_mega:284;altaria:438
diancie,Diancie,64.2,119.1,175.1,89,1858,ROCK_THROW,ROCK_SLIDE,MOONBLAST,58.5,35.6,63.6,59.8,dragonite_mega:887;fearow:825;altaria:606;cramorant:561;ninetales_shadow:511,melmetal:154;tinkaton:187;mimikyu:369;sableye_mega:417;sableye_shadow:428
totodile,Totodile,64.2,110.9,104.1,127,1468,SCRATCH,AQUA_JET,CRUNCH,56,52.8,58.5,33.9,miltank:594;diggersby:590;corviknight:566;quagsire:543;ninetales_alolan:515,mimikyu:121;sableye_mega:279;altaria:300;cramorant:329;melmetal:366
dugtrio_shadow,Dugtrio (Shadow),64.1,136.7,120,100,1643,SUCKER_PUNCH,MUD_BOMB,STONE_EDGE,57.4,43.2,42.9,33,clodsire:865;tinkaton:735;stunfisk:615;corsola_galarian:595;melmetal:545,ninetales_shadow:257;altaria:264;sableye_mega:279;cramorant:349;mimikyu:373
exeggutor_alolan,Exeggutor (Alolan),64.1,134.4,94.8,131,1670,DRAGON_TAIL,SEED_BOMB,DRACO_METEOR,57.9,42.2,55.6,36.2,electrode_hisuian:774;stunfisk:767;morpeko_full_belly:748;corsola_galarian:652;quagsire_shadow:530,mimikyu:126;melmetal:287;altaria:347;sableye_mega:389;cramorant:416
scraggy,Scraggy,64.1,120.2,122.7,126,1861,FEINT_ATTACK,UPPER_HAND,FOUL_PLAY,50.8,37.4,62.8,41.1,furret:710;corsola_galarian:706;jellicent:686;feraligatr:591;deoxys_defense:547,altaria:177;cramorant:222;sableye_mega:224;melmetal:250;mimikyu:266
donphan_shadow,Donphan (Shadow),64,125.2,113.1,126,1786,MUD_SLAP,TRAILBLAZE,EARTHQUAKE,61.1,42.4,45.2,48.3,morpeko_full_belly:761;clodsire:730;stunfisk:674;azumarill:638;melmetal:626,altaria:188;sableye_mega:261;cramorant:349;mimikyu:378;tinkaton:429
rotom_mow,Rotom (Mow),64,128.8,144.9,93,1737,THUNDER_SHOCK,OMINOUS_WIND,LEAF_STORM,58.5,44.4,63.6,35.4,stunfisk:741;morpeko_full_belly:736;cramorant:591;sableye_mega:543;vigoroth:526,ninetales_shadow:130;mimikyu:186;altaria:224;tinkaton:226;melmetal:455
totodile_shadow,Totodile (Shadow),64,110.9,104.1,127,1468,SCRATCH,AQUA_JET,CRUNCH,51.3,56.4,57.4,26.7,talonflame:775;altaria_mega:602;diggersby:547;corviknight:531;dewgong:523,sableye_mega:96;mimikyu:121;melmetal:126;altaria:322;cramorant:404
dustox,Dustox,63.9,94.9,148.7,142,2005,CONFUSION,SILVER_WIND,SLUDGE_BOMB,58.8,39.8,62.5,48.1,florges:623;rillaboom:619;electrode_hisuian:619;annihilape:616;azumarill:524,cramorant:182;sableye_mega:270;melmetal:284;mimikyu:322;altaria:376
koffing_shadow,Koffing (Shadow),63.9,112.6,131,113,1668,INFESTATION,SLUDGE,DARK_PULSE,54.2,45.4,55.6,28.2,deoxys_defense:836;rillaboom:716;cradily:557;jumpluff:535;azumarill:504,mimikyu:126;cramorant:142;altaria:297;sableye_mega:325;melmetal:397
entei_shadow,Entei (Shadow),63.8,128.8,95.1,139,1705,FIRE_FANG,FLAME_CHARGE,SCORCHING_SANDS,63.4,41.3,47,57.8,tinkaton:848;electrode_hisuian:816;rillaboom:751;melmetal:676;corviknight:517,cramorant:218;sableye_mega:288;altaria:304;ninetales_shadow:313;mimikyu:467
gothitelle,Gothitelle,63.8,115.3,140.9,119,1934,CONFUSION,ROCK_SLIDE,FUTURE_SIGHT,58.2,37.7,64.1,41.9,florges:579;altaria:554;clodsire:537;stunfisk:533;fearow:508,sableye_mega:96;tinkaton:152;melmetal:188;cramorant:289;mimikyu:313
honedge,Honedge,63.8,122.1,127,118,1832,PSYCHO_CUT,IRON_HEAD,GYRO_BALL,53.3,37.6,60.7,43.9,cradily:792;dragonite_mega:618;vigoroth:525;florges:525;tinkaton:512,sableye_mega:50;mimikyu:177;cramorant:194;altaria:340;melmetal:455
darumaka_galarian,Darumaka (Galarian),63.7,131.9,82.3,157,1706,ICE_FANG,ICE_PUNCH,ICE_BEAM,58.3,37.3,55.9,49.1,dragonite_mega:869;electrode_hisuian:837;altaria:815;fearow:767;stunfisk:630,melmetal:154;tinkaton:187;sableye_mega:279;cramorant:333;mimikyu:369
rotom_heat,Rotom (Heat),63.7,128.8,144.9,93,1737,THUNDER_SHOCK,OVERHEAT,THUNDERBOLT,51.4,29.6,69.6,29.7,tinkaton:854;ninetales_shadow:715;electrode_hisuian:639;melmetal:602;sableye_mega:521,quagsire_shadow:77;sableye_shadow:164;malamar_mega:187;mimikyu:191;altaria:394
klawf,Klawf,63.6,121,128.1,119,1846,MUD_SLAP,BULLDOZE,ROCK_TOMB,55.4,34.5,56.2,36.4,talonflame:563;togekiss:546;thievul:542;fearow:533;forretress_shadow:512,cramorant:154;melmetal:291;mimikyu:336;altaria:405;sableye_mega:477
krookodile,Krookodile,63.5,133.1,98,129,1685,MUD_SLAP,SAND_TOMB,CRUNCH,58,35.8,47.5,45.6,clodsire:895;corsola_galarian:786;stunfisk:689;mimikyu:554;sableye_shadow:507,altaria:90;cramorant:115;sableye_mega:261;melmetal:373;tinkaton:400
kubfu,Kubfu,63.5,136.5,95.5,125,1632,COUNTER,CLOSE_COMBAT,BRICK_BREAK,58.9,42.7,51.1,49.3,morpeko_full_belly:848;empoleon:756;thievul:671;stunfisk:588;melmetal:556,mimikyu:154;cramorant:218;sableye_mega:247;altaria:271;tinkaton:343
luxio,Luxio,63.5,133.2,91,139,1687,BITE,WILD_CHARGE,CRUNCH,50.2,29.3,62,30.7,melmetal:712;corviknight:633;jellicent:571;ninetales_shadow:543;sableye_mega:532,tinkaton:95;sableye_shadow:164;cramorant:166;altaria:184;mimikyu:242
mabosstiff,Mabosstiff,63.5,134.4,105.1,117,1654,BITE,CRUNCH,PSYCHIC_FANGS,63.1,50,54.5,39.2,jellicent:893;corsola_galarian:841;fearow:739;deoxys_defense:739;lapras:581,melmetal:126;mimikyu:280;cramorant:293;altaria:355;sableye_mega:422
meowstic,Meowstic (Male),63.4,117.1,123.9,132,1917,CONFUSION,ENERGY_BALL,THUNDERBOLT,57.1,36.8,63.1,43.1,clodsire:625;florges:541;vigoroth:507;stunfisk:507;quagsire_shadow:503,sableye_mega:96;melmetal:188;mimikyu:313;cramorant:365;altaria:496
rhyhorn_shadow,Rhyhorn (Shadow),63.4,112.5,111,159,1987,MUD_SLAP,BULLDOZE,STOMP,59.6,36.8,51.1,46.1,morpeko_full_belly:808;stunfisk:635;forretress_shadow:619;melmetal:566;sableye_mega:509,altaria:228;cramorant:253;mimikyu:359;ninetales_shadow:408;tinkaton:478
klinklang,Klinklang,63.3,124.2,139.5,104,1804,METAL_SOUND,MIRROR_SHOT,FLASH_CANNON,56.5,32.6,59,48.1,cradily:870;florges:697;tinkaton:519;azumarill:514;sableye_mega:509,melmetal:95;ninetales_shadow:111;cramorant:194;mimikyu:359;altaria:449
tentacool,Tentacool,63.3,94.1,137.8,113,1466,POISON_STING,WRAP,WATER_PULSE,55.7,46.8,55.6,51.1,florges:765;azumarill:690;wigglytuff:615;weezing_galarian_shadow:544;ninetales_shadow:517,mimikyu:182;melmetal:284;sableye_mega:307;cramorant:365;altaria:427
drakloak,Drakloak,63.2,130.3,93.1,142,1724,DRAGON_TAIL,SHADOW_BALL,OUTRAGE,50.8,32.7,60.1,31.7,electrode_hisuian:630;vigoroth:570;ninetales_shadow:559;araquanid:559;rillaboom:517,mimikyu:116;melmetal:167;sableye_mega:169;cramorant:226;altaria:293
espeon,Espeon,63.2,148,105.6,97,1517,CONFUSION,PSYCHIC_FANGS,SHADOW_BALL,66.6,38.2,44.8,29.5,clodsire:840;vigoroth:685;cramorant:608;quagsire_shadow:572;stunfisk:541,sableye_mega:119;melmetal:250;tinkaton:301;mimikyu:331;altaria:460
granbull_shadow,Granbull (Shadow),63.2,135.3,88.3,139,1662,CHARM,CLOSE_COMBAT,CRUNCH,64.8,40.7,44,55.8,thievul:744;sableye_shadow:708;malamar_mega:708;sableye_mega:535;altaria:517,melmetal:171;tinkaton:202;ninetales_shadow:218;cramorant:365;mimikyu:467
omastar_shadow,Omastar (Shadow),63.2,126.6,128.4,109,1773,MUD_SHOT,ROCK_SLIDE,HYDRO_PUMP,49.1,35.1,58.3,27.2,talonflame:899;togekiss:811;cramorant:733;clodsire:610;mantine:582,melmetal:157;mimikyu:177;tinkaton:187;sableye_mega:353;altaria:387
rotom_fan,Rotom (Fan),63.2,128.8,144.9,93,1737,ASTONISH,THUNDERBOLT,OMINOUS_WIND,52.6,35,61.2,41.9,mimikyu:715;corviknight:672;fearow:602;araquanid:575;cramorant:516,altaria:206;tinkaton:230;sableye_mega:261;melmetal:277;ninetales_shadow:289
snover,Snover,63.2,109.2,100.8,142,1564,POWDER_SNOW,ENERGY_BALL,ICE_BEAM,53.9,33,58.6,33.9,stunfisk:806;morpeko_full_belly:718;rillaboom:595;altaria:521;florges:503,cramorant:222;mimikyu:233;tinkaton:241;melmetal:308;sableye_mega:435
brionne,Brionne,63.1,125.8,117,121,1783,CHARM,AQUA_JET,DISARMING_VOICE,52.5,34.1,61.8,41.4,guzzlord:822;feraligatr:533;quagsire_shadow:512;kingdra:512;seaking:508,melmetal:167;mimikyu:266;altaria:322;sableye_mega:371;tinkaton:390
exeggutor_alolan_shadow,Exeggutor (Alolan) (Shadow),63.1,134.4,94.8,131,1670,DRAGON_TAIL,SEED_BOMB,DRACO_METEOR,56.5,42.4,52.7,34.2,stunfisk:740;electrode_hisuian:713;morpeko_full_belly:702;jellicent:633;corsola_galarian:583,mimikyu:158;sableye_mega:197;cramorant:281;melmetal:339;altaria:416
gloom_shadow,Gloom (Shadow),63.1,121.3,115.9,131,1844,ACID,MOONBLAST,SLUDGE_BOMB,49.6,37,58.2,33.2,azumarill:874;florges:648;electrode_hisuian:641;altaria:557;kingdra:534,sableye_mega:183;cramorant:261;melmetal:311;mimikyu:313;tinkaton:333
mesprit,Mesprit,63.1,123.5,128,114,1804,CONFUSION,SWIFT,FUTURE_SIGHT,60,42.7,57.5,44.1,togekiss:614;annihilape:548;florges:521;altaria:513;fearow:504,sableye_mega:96;tinkaton:223;melmetal:301;mimikyu:331;cramorant:408
sandygast,Sandygast,63.1,113.4,111.7,135,1712,MUD_SHOT,SHADOW_BALL,EARTH_POWER,50,29.1,62.6,34.9,morpeko_full_belly:785;melmetal:692;annihilape:588;clodsire:574;stunfisk:529,cramorant:47;sableye_mega:96;mimikyu:121;altaria:242;tinkaton:496
revavroom,Revavroom,63,135.6,102.4,119,1655,METAL_SOUND,OVERHEAT,GYRO_BALL,46.5,28.8,65.8,36.7,cradily:941;florges:701;furret:563;azumarill:550;empoleon:508,melmetal:181;sableye_mega:224;cramorant:293;mimikyu:373;altaria:394
heliolisk,Heliolisk,62.9,138.1,112.1,105,1626,VOLT_SWITCH,BREAKING_SWIPE,PARABOLIC_CHARGE,58.9,39.4,49.4,44.9,cramorant:861;mimikyu:747;sableye_mega:676;corviknight:628;sableye_shadow:590,altaria:221;tinkaton:237;malamar_mega:254;melmetal:311;ninetales_shadow:337
herdier,Herdier,62.9,118.8,111.6,142,1885,TAKE_DOWN,THUNDERBOLT,DIG,56.3,40,62.6,51.3,mandibuzz:658;dewgong:577;feraligatr_shadow:573;azumarill:556;araquanid:531,sableye_mega:206;melmetal:222;mimikyu:280;altaria:329;cramorant:396
poliwhirl_shadow,Poliwhirl (Shadow),62.9,114.2,115.9,148,1961,BUBBLE,SCALD,MUD_BOMB,52.6,37,60.2,32.7,clodsire:604;tinkaton:543;sableye_mega:523;vigoroth:520;quagsire_shadow:516,altaria:188;cramorant:202;melmetal:250;mimikyu:266;ninetales_shadow:313
exeggutor_shadow,Exeggutor (Shadow),62.8,136.1,92.5,131,1650,CONFUSION,SEED_BOMB,PSYCHIC,56.9,41.2,53.5,37.4,annihilape:809;stunfisk:709;clodsire:675;snorlax:553;electrode_hisuian:530,sableye_mega:119;cramorant:341;mimikyu:355;altaria:376;melmetal:414
onix,Onix,62.8,84,207.5,105,1831,ROCK_THROW,ROCK_SLIDE,SAND_TOMB,58.3,43.6,55.5,57.8,talonflame:880;forretress_shadow:695;fearow:657;togekiss:623;altaria:519,tinkaton:283;melmetal:366;mimikyu:369;sableye_mega:431;cramorant:448
sudowoodo,Sudowoodo,62.8,117.1,130.1,126,1921,COUNTER,METEOR_BEAM,TRAILBLAZE,53.7,35.3,60.6,42.4,fearow:535;altaria:531;cradily:523;thievul:519;umbreon:515,mimikyu:135;tinkaton:244;sableye_mega:385;cramorant:448;melmetal:469
noivern_shadow,Noivern (Shadow),62.7,125.4,113.5,126,1794,BITE,HEAT_WAVE,HURRICANE,49.3,35,59.8,24,deoxys_defense:690;corviknight:666;araquanid:603;rillaboom:595;melmetal:543,cramorant:186;sableye_mega:215;mimikyu:242;altaria:289;tinkaton:390
tauros,Tauros,62.7,125.1,119.5,120,1795,TACKLE,TRAILBLAZE,HORN_ATTACK,55.1,47.7,52.9,44.1,feraligatr:616;seaking:583;corsola_galarian:554;blastoise:533;mimikyu:525,melmetal:126;tinkaton:269;altaria:271;cramorant:273;sableye_mega:293
dugtrio,Dugtrio,62.6,136.7,120,100,1643,SUCKER_PUNCH,MUD_BOMB,STONE_EDGE,51.6,38.9,53.9,31.7,forretress_shadow:660;stunfisk:640;miltank:635;melmetal:600;weezing_galarian_shadow:540,altaria:221;cramorant:261;sableye_mega:279;mimikyu:313;tinkaton:468
ivysaur_shadow,Ivysaur (Shadow),62.6,119.8,121.3,129,1877,VINE_WHIP,POWER_WHIP,SLUDGE_BOMB,47.7,30.8,60.4,34.9,azumarill:872;electrode_hisuian:844;quagsire_shadow:717;stunfisk:705;florges:651,melmetal:181;cramorant:222;sableye_mega:243;mimikyu:247;altaria:315
bonsly,Bonsly,62.5,116.8,124.3,127,1845,ROCK_THROW,ROCK_TOMB,ROCK_SLIDE,59.1,36.2,56.6,55.8,dragonite_mega:771;cramorant:625;fearow:598;ninetales_shadow:582;altaria:566,tinkaton:187;melmetal:226;sableye_shadow:356;sableye_mega:371;mimikyu:481
omastar,Omastar,62.5,126.6,128.4,109,1773,MUD_SHOT,ROCK_SLIDE,HYDRO_PUMP,48.2,37.1,62.6,33,talonflame:912;clodsire:651;cramorant:536;florges:513;fearow:513,sableye_mega:114;melmetal:126;mimikyu:130;tinkaton:141;altaria:344
rhyhorn,Rhyhorn,62.5,112.5,111,159,1987,MUD_SLAP,BULLDOZE,STOMP,56.9,36.4,53.7,49.3,morpeko_full_belly:836;stunfisk:672;vigoroth:537;clodsire:503;deoxys_defense:503,altaria:221;cramorant:230;mimikyu:271;sableye_mega:371;melmetal:496
urshifu_rapid_strike,Urshifu (Rapid Strike),62.5,136.5,97.7,121,1616,COUNTER,AQUA_JET,DYNAMIC_PUNCH,53.9,34.8,56.6,47.6,empoleon:830;thievul:789;morpeko_full_belly:756;furret:603;feraligatr:520,mimikyu:126;altaria:177;cramorant:222;sableye_mega:224;melmetal:445
zygarde_10,Zygarde (10% Forme),62.5,138.1,119.1,98,1613,DRAGON_TAIL,CRUNCH,EARTHQUAKE,51.4,29.7,57.5,25.5,morpeko_full_belly:744;stunfisk:698;forretress_shadow:698;ninetales_shadow:653;electrode_hisuian:596,mimikyu:121;sableye_mega:169;cramorant:226;altaria:322;melmetal:373
skorupi_shadow,Skorupi (Shadow),62.4,90.7,139.4,113,1430,INFESTATION,CROSS_POISON,AQUA_TAIL,56.3,43.8,52.3,37.2,electrode_hisuian:836;rillaboom:756;malamar_mega:676;malamar:676;wigglytuff:566,mimikyu:121;altaria:221;cramorant:265;melmetal:277;sableye_mega:334
snover_shadow,Snover (Shadow),62.4,109.2,100.8,142,1564,POWDER_SNOW,ENERGY_BALL,ICE_BEAM,50.2,30.5,55.5,32.5,electrode_hisuian:869;altaria:742;stunfisk:742;clodsire:721;morpeko_full_belly:661,melmetal:113;sableye_mega:224;cramorant:242;tinkaton:287;mimikyu:289
banette,Banette,62.3,145.2,92.2,115,1542,SHADOW_CLAW,SHADOW_BALL,DAZZLING_GLEAM,46,35.3,52.4,28.2,annihilape_shadow:843;deoxys_defense:678;medicham:586;ninetales:530;gastrodon:521,altaria:221;sableye_mega:233;cramorant:261;melmetal:291;mimikyu:415
loudred_shadow,Loudred (Shadow),62.3,125.2,80.6,178,1798,BITE,STOMP,DISARMING_VOICE,52.2,49.5,57,27.7,sableye_mega:646;corsola_galarian:581;sableye_shadow:578;umbreon:575;feraligatr:547,melmetal:126;cramorant:178;tinkaton:195;mimikyu:252;altaria:442
sandygast_shadow,Sandygast (Shadow),62.3,113.4,111.7,135,1712,ASTONISH,SHADOW_BALL,EARTH_POWER,56.3,36.5,54.3,44.6,clodsire:737;stunfisk:685;forretress_shadow:674;deoxys_defense:633;mimikyu:588,sableye_mega:224;altaria:264;cramorant:265;tinkaton:287;melmetal:359
sneasel,Sneasel,62.3,133.9,111.7,111,1662,ICE_SHARD,AVALANCHE,FOUL_PLAY,52.3,30.5,55.1,31.7,dragonite_mega:819;altaria:671;stunfisk:608;thievul:581;marowak:518,melmetal:106;cramorant:226;tinkaton:255;mimikyu:271;sableye_mega:417
tentacool_shadow,Tentacool (Shadow),62.2,94.1,137.8,113,1466,POISON_STING,WRAP,WATER_PULSE,54.9,45.3,54.3,45.1,talonflame:800;azumarill:668;altaria_mega:663;florges:592;ninetales_shadow:584,mimikyu:182;melmetal:315;sableye_mega:321;cramorant:392;altaria:431
accelgor_shadow,Accelgor (Shadow),62.1,143.2,84.9,129,1569,INFESTATION,ENERGY_BALL,BUG_BUZZ,48.8,27.7,53.9,28.5,malamar_mega:810;deoxys_defense:810;malamar:779;electrode_hisuian:763;stunfisk:542,melmetal:140;mimikyu:158;cramorant:170;altaria:177;sableye_mega:252
flaaffy,Flaaffy,62.1,121.5,100.4,151,1844,CHARGE_BEAM,DISCHARGE,TRAILBLAZE,53.7,39.8,55.3,40.1,cramorant:589;jellicent:589;azumarill:559;fearow:533;araquanid:503,mimikyu:158;altaria:275;tinkaton:276;sableye_mega:316;melmetal:359
duraludon,Duraludon,62,137.7,112.2,105,1623,DRAGON_TAIL,DRAGON_CLAW,FLASH_CANNON,49,29.9,59.1,32.5,cradily:695;electrode_hisuian:566;blastoise:561;cramorant:542;jumpluff:542,tinkaton:60;mimikyu:116;melmetal:126;sableye_mega:197;altaria:322
gothorita,Gothorita,61.8,112.2,132.7,134,1997,CONFUSION,FUTURE_SIGHT,PSYCHIC,54.3,31.2,65.5,42.1,clodsire:652;florges:589;azumarill:578;altaria:563;stunfisk:526,sableye_mega:96;melmetal:188;mimikyu:285;tinkaton:308;cramorant:384
graveler,Graveler,61.8,121.4,130.9,116,1845,MUD_SLAP,ROCK_SLIDE,DIG,54.9,32.6,52.9,40.9,morpeko_full_belly:797;stunfisk:663;forretress_shadow:637;sableye_mega:564;fearow:508,cramorant:115;mimikyu:303;tinkaton:343;altaria:394;melmetal:441
snubbull_shadow,Snubbull (Shadow),61.8,127.7,84,142,1524,BITE,BRICK_BREAK,CRUNCH,56.8,53.3,48.6,38.9,deoxys_defense:841;sandslash_alolan:714;feraligatr_shadow:679;dragonite_mega:577;empoleon:573,cramorant:166;mimikyu:242;altaria:358;melmetal:390;sableye_mega:412
cloyster_shadow,Cloyster (Shadow),61.7,119,169.7,93,1880,ICE_SHARD,ICY_WIND,LIQUIDATION,54.9,35,45.6,35.4,sableye_mega:569;altaria:537;vigoroth:532;stunfisk:526;clodsire:510,melmetal:106;tinkaton:145;ninetales_shadow:146;cramorant:253;mimikyu:303
falinks,Falinks,61.7,127.5,119.1,115,1748,COUNTER,SUPER_POWER,MEGAHORN,53.9,30.3,59.9,50.6,morpeko_full_belly:839;thievul:713;umbreon:656;melmetal:621;furret:613,mimikyu:126;altaria:192;cramorant:202;sableye_mega:224;tinkaton:280
nuzleaf_shadow,Nuzleaf (Shadow),61.6,125.2,78.1,157,1536,FEINT_ATTACK,LEAF_BLADE,FOUL_PLAY,53.3,37,53.4,32.5,corsola_galarian:767;stunfisk:697;jellicent:671;sableye_mega:611;electrode_hisuian:547,melmetal:219;altaria:221;cramorant:242;tinkaton:304;mimikyu:322
weavile_shadow,Weavile (Shadow),61.6,141.9,105.1,106,1582,SNARL,AVALANCHE,FOUL_PLAY,48.2,32,54.5,15.8,malamar_mega:806;altaria:698;corsola_galarian:698;sableye_mega:613;stunfisk:528,melmetal:123;ninetales_shadow:123;cramorant:170;mimikyu:200;tinkaton:280
alakazam,Alakazam,61.5,155.8,101.4,91,1439,PSYCHO_CUT,FIRE_PUNCH,SHADOW_BALL,60.8,50.6,55,14.1,annihilape:747;forretress_shadow:730;jellicent:664;cramorant:587;dragonite_mega:554,melmetal:85;mimikyu:177;sableye_mega:256;tinkaton:379;altaria:398
luxio_shadow,Luxio (Shadow),61.5,133.7,90.2,139,1677,BITE,WILD_CHARGE,CRUNCH,42,32.1,57.7,17.1,deoxys_defense:758;araquanid:719;melmetal:679;corsola_galarian:669;corviknight:607,tinkaton:95;cramorant:166;altaria:184;sableye_mega:188;mimikyu:242
silicobra,Silicobra,61.5,99.1,115.9,131,1506,MUD_SLAP,EARTH_POWER,WRAP,52.3,37.9,54,44.9,morpeko_full_belly:786;clodsire:759;stunfisk:717;sableye_mega:511;florges:503,altaria:195;cramorant:222;mimikyu:257;tinkaton:287;melmetal:373
cursola,Cursola,61.4,145.6,111,95,1537,ASTONISH,NIGHT_SHADE,POWER_GEM,55.7,40.3,46,39.2,annihilape:836;deoxys_defense:668;mimikyu:568;rillaboom:563;chesnaught_mega:505,sableye_mega:252;altaria:264;tinkaton:287;cramorant:337;melmetal:359
swellow_shadow,Swellow (Shadow),61.4,135.9,99.9,121,1645,WING_ATTACK,BRAVE_BIRD,SKY_ATTACK,46.8,30.3,56.6,26.7,azumarill:735;corsola_galarian:702;mimikyu:619;jellicent:574;sableye_mega:566,melmetal:113;ninetales_shadow:194;altaria:221;cramorant:261;tinkaton:294
cubone_shadow,Cubone (Shadow),61.3,88.2,133.6,127,1497,MUD_SLAP,BONE_CLUB,BULLDOZE,56,35,49.7,39.2,tinkaton:834;morpeko_full_belly:787;clodsire:748;stunfisk:708;melmetal:665,altaria:134;cramorant:158;ninetales_shadow:261;mimikyu:275;sableye_mega:440
krokorok,Krokorok,61.3,134,87.9,142,1674,MUD_SLAP,CRUNCH,BULLDOZE,55.7,34.1,48.1,44.1,corsola_galarian:774;morpeko_full_belly:767;stunfisk:697;sableye_shadow:528;deoxys_defense:524,altaria:90;cramorant:115;sableye_mega:261;melmetal:373;mimikyu:490
nidorino_shadow,Nidorino (Shadow),61.3,123.3,104.3,141,1814,POISON_STING,SLUDGE_BOMB,ICE_BEAM,45.6,35.6,63.1,25.3,azumarill:773;altaria:741;florges:687;cradily:563;ninetales_shadow:539,sableye_mega:114;cramorant:178;mimikyu:233;melmetal:263;tinkaton:276
exeggutor,Exeggutor,61.2,136.1,92.5,131,1650,CONFUSION,SEED_BOMB,PSYCHIC,55.1,43,53.1,37.9,stunfisk:721;deoxys_defense:637;electrode_hisuian:599;rillaboom:526;quagsire_shadow:511,sableye_mega:119;cramorant:301;altaria:322;mimikyu:345;melmetal:349
goldeen,Goldeen,61.2,115.9,105,120,1462,PECK,AQUA_TAIL,HORN_ATTACK,56.3,50,51.8,37.4,charizard_shadow:883;ninetales_alolan:629;diggersby:558;quagsire:533;sandslash_alolan_shadow:508,altaria:210;mimikyu:233;cramorant:265;melmetal:280;sableye_mega:298
lycanroc_midday,Lycanroc (Midday),61.2,142.7,93.1,118,1569,SUCKER_PUNCH,DRILL_RUN,STONE_EDGE,51.7,40.7,49.1,28,corsola_galarian:656;forretress_shadow:631;dusknoir_shadow:614;dusclops:584;weezing_galarian_shadow:529,melmetal:222;sableye_mega:233;altaria:282;cramorant:305;mimikyu:345
porygon2,Porygon2,61.1,122.1,117.9,127,1830,LOCK_ON,TRI_ATTACK,ZAP_CANNON,51.1,45.9,69.3,24,jellicent:724;corviknight:629;mimikyu:625;araquanid:570;florges:523,altaria:94;tinkaton:95;sableye_mega:146;melmetal:198;cramorant:309
arboliva,Arboliva,61,129.2,116.6,115,1734,MAGICAL_LEAF,EARTH_POWER,TRAILBLAZE,52.5,28.2,52.6,45.4,quagsire_shadow:926;sableye_mega:669;corsola_galarian:578;sableye_shadow:552;mimikyu:521,ninetales_shadow:123;melmetal:126;tinkaton:152;altaria:159;cramorant:253
snubbull,Snubbull,61,127.7,84,142,1524,BITE,BRICK_BREAK,CRUNCH,57.1,49.2,48.8,43.9,sandslash_alolan:750;dragonite_mega:595;diggersby:584;deoxys_defense:566;altaria:503,mimikyu:233;cramorant:269;melmetal:328;tinkaton:340;sableye_mega:380
vileplume_shadow,Vileplume (Shadow),61,128.8,112.7,120,1743,ACID,MOONBLAST,SLUDGE_BOMB,47.9,30.6,54.2,29.5,azumarill:862;florges:725;electrode_hisuian:604;rillaboom:600;altaria:512,sableye_mega:142;cramorant:265;melmetal:321;tinkaton:340;mimikyu:373
prinplup_shadow,Prinplup (Shadow),60.9,118.6,117,136,1889,BUBBLE,ICY_WIND,BUBBLE_BEAM,57.1,42.1,49.2,34.2,clodsire:636;marowak:588;altaria:518;stunfisk:514;ninetales_shadow:507,melmetal:250;cramorant:297;mimikyu:303;sableye_mega:408;tinkaton:418
seel,Seel,60.9,84,114.2,149,1431,WATER_GUN,AQUA_TAIL,ICY_WIND,56.3,45.6,51.8,39.4,clodsire:620;ninetales:620;marowak:583;ninetales_shadow:540;diggersby:526,mimikyu:280;melmetal:301;altaria:333;sableye_mega:380;cramorant:384
blissey,Blissey,60.8,81,111.2,307,2769,ZEN_HEADBUTT,WILD_CHARGE,DAZZLING_GLEAM,46.6,29.3,68.5,45.1,dusclops:635;corsola_galarian:602;feraligatr:583;mantine:578;blastoise:534,melmetal:126;tinkaton:258;altaria:315;sableye_mega:316;mimikyu:350
carnivine,Carnivine,60.8,130.1,101.8,130,1724,VINE_WHIP,ENERGY_BALL,CRUNCH,50.9,34.1,57.7,33.9,azumarill:857;stunfisk:788;quagsire_shadow:780;morpeko_full_belly:696;jellicent:684,cramorant:222;altaria:231;mimikyu:233;melmetal:363;sableye_mega:454
musharna,Musharna,60.8,113.1,108.8,161,1982,CHARGE_BEAM,PSYSHOCK,DAZZLING_GLEAM,50.6,31.2,59,31.7,kingdra:627;annihilape:574;florges:555;fearow:549;malamar_mega:534,sableye_mega:87;mimikyu:158;tinkaton:216;melmetal:267;altaria:376
breloom,Breloom,60.7,149.9,96.7,103,1494,FORCE_PALM,DYNAMIC_PUNCH,GRASS_KNOT,55.4,30.3,47.2,48.3,morpeko_full_belly:878;thievul:752;vigoroth:703;stunfisk:640;melmetal:504,mimikyu:116;cramorant:126;sableye_mega:197;altaria:206;tinkaton:315
yanma,Yanma,60.7,130.8,89.6,146,1713,WING_ATTACK,SILVER_WIND,AERIAL_ACE,49.7,38.2,55.6,30.5,rillaboom:667;annihilape:657;deoxys_defense:657;guzzlord:592;araquanid:558,cramorant:202;mimikyu:233;melmetal:325;altaria:326;sableye_mega:440
fuecoco,Fuecoco,60.5,106.7,93.2,152,1513,INCINERATE,CRUNCH,FLAMETHROWER,55.4,35.4,55.8,41.9,malamar:750;melmetal:588;corviknight:582;tinkaton:569;malamar_mega:503,cramorant:146;mimikyu:289;ninetales_shadow:412;altaria:413;sableye_mega:467
weavile,Weavile,60.4,141.9,105.1,106,1582,SNARL,AVALANCHE,FOUL_PLAY,48.6,33.8,54,17.6,altaria:698;marowak:698;jellicent:561;stunfisk:518;thievul:509,melmetal:106;cramorant:142;mimikyu:186;tinkaton:248;sableye_mega:412
graveler_shadow,Graveler (Shadow),60.3,122.6,129.8,115,1831,MUD_SLAP,ROCK_SLIDE,DIG,54.3,35.4,44,38.7,morpeko_full_belly:778;snorlax:630;talonflame:565;stunfisk:547;guzzlord:521,altaria:119;cramorant:142;sableye_mega:298;mimikyu:341;melmetal:345
banette_shadow,Banette (Shadow),60.2,145.9,91.6,115,1538,SHADOW_CLAW,SHADOW_BALL,DAZZLING_GLEAM,49.6,36.1,43.2,30.7,annihilape:843;annihilape_shadow:821;cradily:769;tinkaton:713;azumarill:682,melmetal:222;sableye_mega:233;altaria:264;cramorant:305;mimikyu:425
skorupi,Skorupi,60.2,90.7,139.4,113,1430,INFESTATION,AQUA_TAIL,CROSS_POISON,54.6,38.8,50.5,42.1,rillaboom:553;electrode_hisuian:544;cradily:522;florges:517;feraligatr:517,mimikyu:93;altaria:177;cramorant:218;melmetal:229;sableye_mega:394
pineco,Pineco,60.1,103.3,115.1,127,1511,BUG_BITE,ROCK_TOMB,SAND_TOMB,53.9,36.4,49.2,53.1,malamar_mega:807;malamar:795;deoxys_defense:598;rillaboom:590;thievul:531,mimikyu:172;cramorant:178;altaria:199;sableye_mega:330;melmetal:397
flaaffy_shadow,Flaaffy (Shadow),60,121.5,100.4,151,1844,CHARGE_BEAM,DISCHARGE,TRAILBLAZE,48.3,32.3,54.2,34.7,dragonite_mega:678;corviknight:642;cramorant:609;jellicent:586;empoleon:539,mimikyu:205;altaria:300;tinkaton:304;sableye_mega:371;melmetal:400
vileplume,Vileplume,60,128.8,112.7,120,1743,ACID,SLUDGE_BOMB,PETAL_BLIZZARD,46.8,30.8,59.9,31.5,azumarill:862;stunfisk:687;florges:650;electrode_hisuian:620;kingdra:520,melmetal:136;cramorant:238;mimikyu:313;sableye_mega:339;altaria:384
darmanitan_galarian_standard,Darmanitan (Galarian),59.9,149.7,72,138,1490,ICE_FANG,AVALANCHE,ICE_PUNCH,59.2,38.9,42.7,43.4,dragonite_mega:818;electrode_hisuian:800;altaria:750;rillaboom:750;fearow:735,melmetal:167;tinkaton:234;sableye_mega:279;cramorant:349;mimikyu:429
dugtrio_alolan_shadow,Dugtrio (Alolan) (Shadow),59.9,148.1,112.9,90,1506,MUD_SLAP,IRON_HEAD,MUD_BOMB,58.2,34.1,38.4,40.6,empoleon:816;tinkaton:811;clodsire:777;morpeko_full_belly:766;wigglytuff:594,altaria:119;cramorant:142;sableye_mega:279;mimikyu:415;melmetal:496
infernape,Infernape,59.9,136.6,100.4,119,1633,FIRE_SPIN,CLOSE_COMBAT,BLAST_BURN,50,30.3,55.1,40.1,forretress_shadow:794;umbreon:743;thievul:567;furret:558;ninetales:529,cramorant:111;altaria:148;sableye_mega:298;mimikyu:341;melmetal:496
onix_shadow,Onix (Shadow),59.9,84,207.5,105,1831,ROCK_THROW,ROCK_SLIDE,SAND_TOMB,55.1,40.3,50.8,52.3,talonflame:895;forretress_shadow:638;miltank:585;fearow:571;togekiss:523,melmetal:195;sableye_mega:298;tinkaton:329;mimikyu:331;cramorant:476
glimmora,Glimmora,59.8,137.6,102.9,115,1631,ROCK_THROW,METEOR_BEAM,POWER_GEM,60.3,35.4,43.8,54.8,fearow:856;cramorant:821;togekiss:821;ninetales_shadow:721;dragonite_mega:700,melmetal:184;tinkaton:187;sableye_mega:279;mimikyu:434;altaria:481
granbull,Granbull,59.8,135.3,88.3,139,1662,CHARM,CLOSE_COMBAT,CRUNCH,58.2,35,54.8,55,sableye_shadow:708;morpeko_full_belly:658;thievul:615;altaria:546;malamar_mega:510,melmetal:136;tinkaton:173;cramorant:309;mimikyu:383;sableye_mega:481
kyogre_shadow,Kyogre (Shadow),59.8,133.9,116.5,104,1623,WATERFALL,AVALANCHE,SURF,52.9,39.5,43.5,35.7,talonflame:807;dusclops:639;ninetales_alolan:576;corsola_galarian:562;diggersby:524,altaria:177;cramorant:226;sableye_mega:252;melmetal:291;mimikyu:378
mr_mime_galarian,Mr. Mime (Galarian),59.8,130.4,127,104,1724,CONFUSION,ICE_PUNCH,TRIPLE_AXEL,52.9,43.9,52.3,32,clodsire:822;altaria:764;jumpluff:658;stunfisk:610;talonflame:533,sableye_mega:96;melmetal:140;tinkaton:283;cramorant:337;mimikyu:345
simisage,Simisage,59.8,135.9,95.8,126,1642,VINE_WHIP,GRASS_KNOT,CRUNCH,46.5,36.4,55.8,31.2,azumarill:869;quagsire_shadow:738;stunfisk:730;morpeko_full_belly:678;jellicent:638,cramorant:218;sableye_mega:224;mimikyu:233;altaria:239;melmetal:369
toedscool,Toedscool,59.8,94.1,137.8,113,1466,MUD_SLAP,EARTH_POWER,WRAP,52.8,36.8,50.7,45.9,stunfisk:827;morpeko_full_belly:823;clodsire:681;florges:659;vigoroth:548,altaria:202;cramorant:214;mimikyu:228;sableye_mega:422;melmetal:434
trapinch,Trapinch,59.8,148.7,78.1,120,1395,SAND_ATTACK,SAND_TOMB,CRUNCH,52.5,41.8,44.1,32,tinkaton:766;deoxys_defense:720;morpeko_full_belly:654;stunfisk:612;melmetal:550,cramorant:83;altaria:253;ninetales_shadow:273;mimikyu:299;sableye_mega:362
alakazam_mega,Alakazam (Mega),59.7,172.1,102.2,74,1303,PSYCHO_CUT,FIRE_PUNCH,SHADOW_BALL,55.1,40.1,52.6,13.1,electrode_hisuian:750;annihilape:722;rillaboom:628;jellicent:587;cramorant:506,sableye_mega:77;melmetal:113;mimikyu:154;altaria:264;tinkaton:404
archen_shadow,Archen (Shadow),59.7,159.5,76,116,1408,WING_ATTACK,ANCIENT_POWER,CRUNCH,46.8,35,47.5,22.8,chesnaught_mega:728;araquanid:719;talonflame:668;altaria:581;seaking:521,melmetal:140;sableye_mega:233;cramorant:305;tinkaton:315;mimikyu:345
geodude_shadow,Geodude (Shadow),59.7,123.5,123.5,113,1724,ROCK_THROW,ROCK_TOMB,ROCK_SLIDE,61.9,38.3,39.8,47.3,ninetales_shadow:889;fearow:853;cramorant:836;dragonite_mega:738;morpeko_full_belly:716,melmetal:188;tinkaton:234;sableye_mega:279;mimikyu:429;altaria:438
gothitelle_shadow,Gothitelle (Shadow),59.7,115.3,140.9,119,1934,CONFUSION,ROCK_SLIDE,FUTURE_SIGHT,53.1,34.7,56.1,42.6,jumpluff:613;mantine:605;azumarill:588;togekiss:575;blastoise:516,sableye_mega:119;melmetal:229;altaria:264;cramorant:301;mimikyu:369
nuzleaf,Nuzleaf,59.7,125.2,78.1,157,1536,FEINT_ATTACK,LEAF_BLADE,FOUL_PLAY,52.6,34.7,51.3,36.2,corsola_galarian:792;quagsire_shadow:745;jellicent:726;stunfisk:598;electrode_hisuian:598,altaria:177;melmetal:188;cramorant:202;mimikyu:317;sableye_mega:417
ponyta_galarian,Ponyta (Galarian),59.7,133.5,108.2,116,1676,PSYCHO_CUT,SWIFT,PLAY_ROUGH,50.6,40.9,49.1,29.7,altaria_mega:711;talonflame:685;ninetales_shadow:530;togekiss:521;deoxys_defense:508,sableye_mega:50;mimikyu:163;cramorant:178;melmetal:226;altaria:250
cubone,Cubone,59.5,88.2,133.6,127,1497,MUD_SLAP,BONE_CLUB,RETURN,54.2,30.8,54.5,49.8,morpeko_full_belly:807;melmetal:755;stunfisk:625;clodsire:606;forretress_shadow:574,cramorant:111;altaria:126;mimikyu:271;sableye_mega:339;tinkaton:411
eelektross,Eelektross,59.5,133.8,99.7,126,1682,VOLT_SWITCH,DRAGON_CLAW,THUNDERBOLT,50,34.7,60.6,42.1,cramorant:853;azumarill:781;melmetal:611;deoxys_defense:599;togekiss:579,altaria:221;tinkaton:237;sableye_mega:252;mimikyu:313;ninetales_shadow:313
heliolisk_shadow,Heliolisk (Shadow),59.4,138.1,112.1,105,1626,VOLT_SWITCH,BREAKING_SWIPE,PARABOLIC_CHARGE,59.2,38,38.5,43.6,cramorant:861;corsola_galarian:823;mimikyu:690;sableye_mega:604;sableye_shadow:509,melmetal:250;altaria:264;ninetales_shadow:273;tinkaton:280;malamar_mega:295
oricorio_pom_pom,Oricorio (Pom-Pom),59.4,130.8,102,128,1710,AIR_SLASH,AIR_CUTTER,HURRICANE,48.3,35.4,59,35.7,jumpluff:656;fearow:621;araquanid:605;rillaboom:542;cramorant:515,melmetal:167;altaria:206;sableye_mega:224;mimikyu:266;tinkaton:280
rotom_wash,Rotom (Wash),59.3,128.8,144.9,93,1737,THUNDER_SHOCK,THUNDERBOLT,HYDRO_PUMP,41.7,23.7,65.5,28.5,cramorant:612;corviknight:607;azumarill:569;araquanid:559;melmetal:505,altaria:134;tinkaton:141;ninetales_shadow:146;sableye_mega:169;mimikyu:191
simisear,Simisear,59.3,135.9,95.8,126,1642,FIRE_SPIN,CRUNCH,FLAMETHROWER,51.3,33,51,43.9,sandslash_alolan:869;forretress_shadow:789;jumpluff:539;florges:515;wigglytuff:503,cramorant:198;sableye_mega:261;altaria:315;mimikyu:341;melmetal:496
infernape_shadow,Infernape (Shadow),59.2,136.6,100.4,119,1633,FIRE_SPIN,CLOSE_COMBAT,BLAST_BURN,54.5,33.3,46.7,41.1,forretress_shadow:806;electrode_hisuian:785;tinkaton:752;rillaboom:710;thievul:630,cramorant:126;altaria:177;sableye_mega:293;mimikyu:378;melmetal:455
simipour,Simipour,59.2,135.9,95.8,126,1642,BITE,SURF,CRUNCH,43.9,35.8,57.4,22.8,talonflame:789;aurorus:682;giratina_altered_shadow:630;dewgong:583;marowak:519,melmetal:126;cramorant:186;sableye_mega:215;mimikyu:242;altaria:326
weepinbell_shadow,Weepinbell (Shadow),59.2,139.3,82.6,140,1613,ACID,POWER_WHIP,SLUDGE_BOMB,45.1,29.6,51.5,28,azumarill:825;florges:685;stunfisk:600;rillaboom:596;electrode_hisuian:539,sableye_mega:142;cramorant:253;altaria:264;mimikyu:373;melmetal:376
archeops_shadow,Archeops (Shadow),59.1,160.6,81.9,106,1395,WING_ATTACK,ANCIENT_POWER,CRUNCH,46.2,35.1,47,22.5,araquanid:731;chesnaught_mega:707;primeape_shadow:665;talonflame:655;altaria:542,melmetal:140;sableye_mega:233;cramorant:305;mimikyu:313;tinkaton:319
diancie_mega,Diancie (Mega),59.1,163.8,114.7,70,1316,ROCK_THROW,ROCK_SLIDE,MOONBLAST,64.2,38.8,32.6,44.9,ninetales_shadow:821;altaria:814;fearow:792;cramorant:764;mimikyu:528,melmetal:215;tinkaton:234;sableye_mega:353;malamar_mega:370;sableye_shadow:392
groudon_shadow,Groudon (Shadow),59.1,133.9,116.5,104,1623,MUD_SHOT,PRECIPICE_BLADES,FIRE_PUNCH,55.4,47.8,55.3,18.8,clodsire:879;tinkaton:764;stunfisk:634;corsola_galarian:610;melmetal:591,altaria:141;sableye_mega:142;mimikyu:191;ninetales_shadow:194;cramorant:210
pupitar,Pupitar,59.1,120.1,111.8,139,1868,BITE,ANCIENT_POWER,DIG,49.3,35.3,51.5,33.2,talonflame:838;morpeko_full_belly:791;forretress_shadow:582;melmetal:575;fearow:528,cramorant:162;mimikyu:242;sableye_mega:325;tinkaton:358;altaria:423
gardevoir,Gardevoir,59,136.5,115.6,104,1642,CONFUSION,TRIPLE_AXEL,SHADOW_BALL,55.1,40.7,49.1,39.7,deoxys_defense:692;altaria:615;stunfisk:591;annihilape:519;dragonite_mega:509,melmetal:154;tinkaton:173;sableye_mega:270;mimikyu:341;cramorant:361
glimmet,Glimmet,58.9,147.1,90.8,114,1525,ROCK_THROW,POWER_GEM,DAZZLING_GLEAM,61.2,36.4,37.4,50.8,ninetales_shadow:890;cramorant:837;togekiss:837;fearow:820;dragonite_mega:732,melmetal:184;tinkaton:234;sableye_mega:307;mimikyu:457;altaria:474
tranquill,Tranquill,58.9,123.9,102.2,143,1812,AIR_SLASH,HEAT_WAVE,AERIAL_ACE,48.5,29.1,56.9,37.2,chesnaught_mega:786;araquanid:629;sableye_shadow:597;mimikyu:580;jumpluff:562,tinkaton:117;melmetal:167;altaria:199;cramorant:257;sableye_mega:449
drowzee,Drowzee,58.8,87.3,126.8,142,1575,CONFUSION,PSYSHOCK,RETURN,54,32.9,56.1,39.7,clodsire:633;annihilape:623;florges:602;fearow:549;togekiss:507,sableye_mega:73;mimikyu:233;melmetal:246;cramorant:412;altaria:496
manectric_shadow,Manectric (Shadow),58.8,142.4,91.3,121,1574,SNARL,WILD_CHARGE,PSYCHIC_FANGS,46.5,51.3,61,15.6,jellicent:764;azumarill:764;araquanid:706;altaria:648;corviknight:574,melmetal:126;sableye_mega:133;tinkaton:163;mimikyu:172;cramorant:285
seel_shadow,Seel (Shadow),58.8,84,114.2,149,1431,WATER_GUN,AQUA_TAIL,ICY_WIND,52.9,41.3,51.1,34.9,talonflame:822;marowak:560;ninetales:540;ninetales_alolan:526;fearow:506,mimikyu:233;altaria:347;cramorant:380;sableye_mega:385;melmetal:393
stonjourner,Stonjourner,58.8,125.5,107.9,132,1790,ROCK_THROW,ROCK_SLIDE,STOMP,55.4,34.7,52.9,52.1,talonflame:871;fearow:844;dragonite_mega:803;cramorant:575;seaking:511,melmetal:157;tinkaton:187;sableye_mega:348;mimikyu:369;altaria:427
liepard_shadow,Liepard (Shadow),58.7,139.7,88.5,129,1596,SNARL,DARK_PULSE,PLAY_ROUGH,44.7,37,51.1,16.1,jellicent:860;corsola_galarian:779;deoxys_defense:647;dragonite_mega:608;talonflame:593,melmetal:123;cramorant:170;mimikyu:228;altaria:398;sableye_mega:444
trapinch_shadow,Trapinch (Shadow),58.7,148.7,78.1,120,1395,SAND_ATTACK,SAND_TOMB,CRUNCH,46.2,38.9,43.7,25.8,clodsire:858;tinkaton:720;morpeko_full_belly:608;stunfisk:570;corsola_galarian:558,cramorant:83;sableye_mega:224;altaria:286;mimikyu:308;melmetal:332
carracosta,Carracosta,58.6,121.4,126.9,120,1850,WATER_GUN,LIQUIDATION,ANCIENT_POWER,50.6,33.2,56.2,41.4,ninetales_alolan:670;florges:666;talonflame:616;cramorant:570;diggersby:504,melmetal:188;mimikyu:247;sableye_mega:270;tinkaton:280;altaria:481
shaymin_land,Shaymin (Land),58.6,117.8,122.2,132,1902,MAGICAL_LEAF,GRASS_KNOT,SEED_FLARE,48.2,24.4,59.1,41.9,quagsire_shadow:920;stunfisk:700;jellicent:590;sableye_mega:553;florges:522,altaria:101;tinkaton:145;melmetal:167;cramorant:289;mimikyu:299
jynx,Jynx,58.5,141.2,102.2,110,1588,CONFUSION,AVALANCHE,PSYSHOCK,51.3,32.7,51.1,26.7,clodsire:831;altaria_mega:668;wigglytuff:595;diggersby:550;stunfisk:527,sableye_mega:119;melmetal:154;cramorant:361;mimikyu:373;altaria:449
boldore,Boldore,58.4,124.4,109.5,132,1799,MUD_SLAP,ROCK_SLIDE,BULLDOZE,48.3,30.2,52.4,32.2,talonflame:621;guzzlord:553;stunfisk:549;seaking:537;sableye_mega:503,altaria:90;mimikyu:266;melmetal:291;ninetales_shadow:313;tinkaton:315
lilligant_hisuian,Lilligant (Hisuian),58.4,133.4,107.7,117,1683,BULLET_SEED,UPPER_HAND,PETAL_BLIZZARD,46.5,27.1,53.1,29.2,azumarill:841;stunfisk:773;quagsire_shadow:764;morpeko_full_belly:606;electrode_hisuian:564,cramorant:103;mimikyu:163;altaria:170;sableye_mega:279;melmetal:493
lycanroc_dusk,Lycanroc (Dusk),58.4,144.5,91.9,117,1556,SUCKER_PUNCH,STONE_EDGE,TRAILBLAZE,49.4,39.1,37.4,29,corsola_galarian:619;dusknoir_shadow:611;mandibuzz:572;dusclops:568;snorlax:512,melmetal:222;sableye_mega:247;altaria:250;cramorant:305;mimikyu:397
ambipom,Ambipom,58.3,133.8,100.5,124,1670,SCRATCH,AERIAL_ACE,RETURN,47,34.8,51.9,29.2,altaria_mega:717;miltank:596;feraligatr:580;stunfisk:560;azumarill:532,melmetal:126;mimikyu:154;altaria:275;cramorant:277;sableye_mega:293
dugtrio_alolan,Dugtrio (Alolan),58.3,148.1,112.9,90,1506,MUD_SLAP,MUD_BOMB,IRON_HEAD,53.3,34.5,43.5,37.7,empoleon:827;clodsire:800;morpeko_full_belly:788;cradily:555;snorlax:533,altaria:134;cramorant:142;sableye_mega:224;mimikyu:341;melmetal:414
whirlipede,Whirlipede,58.2,96.6,157.9,113,1725,POISON_STING,SLUDGE_BOMB,GYRO_BALL,46.8,34.5,55.1,33.7,electrode_hisuian:836;azumarill:646;florges:588;rillaboom:570;jumpluff:544,cramorant:134;melmetal:208;altaria:242;mimikyu:247;sableye_mega:284
dwebble,Dwebble,58.1,111.7,120.1,127,1706,SMACK_DOWN,ROCK_TOMB,X_SCISSOR,49.9,32.1,55.8,41.4,talonflame:807;togekiss:547;vigoroth:535;dragonite_mega:535;fearow:511,melmetal:167;mimikyu:299;altaria:322;cramorant:416;sableye_mega:440
exeggcute,Exeggcute,58.1,102.5,117.6,142,1713,CONFUSION,SEED_BOMB,ANCIENT_POWER,53.6,34.5,50.7,44.6,quagsire_shadow:802;stunfisk:707;annihilape:588;azumarill:563;florges:517,sableye_mega:96;altaria:199;tinkaton:244;mimikyu:261;melmetal:287
cinccino,Cinccino,58,134.9,96.1,128,1661,CHARM,AQUA_TAIL,THUNDERBOLT,52.2,34.7,48.3,40.1,sableye_mega:613;jellicent:613;corsola_galarian:566;sableye_shadow:558;mimikyu:546,tinkaton:145;melmetal:147;ninetales_shadow:170;cramorant:253;altaria:351
exeggcute_shadow,Exeggcute (Shadow),58,102.5,117.6,142,1713,CONFUSION,SEED_BOMB,ANCIENT_POWER,54.9,34.2,48.6,38.2,quagsire_shadow:781;electrode_hisuian:630;marowak:612;stunfisk:605;azumarill:510,sableye_mega:96;cramorant:261;altaria:293;mimikyu:317;melmetal:318
gothorita_shadow,Gothorita (Shadow),57.8,112.2,132.7,134,1997,CONFUSION,FUTURE_SIGHT,PSYCHIC,51.3,30,60.4,44.1,mantine:608;annihilape:541;clodsire:526;azumarill:526;stunfisk:514,sableye_mega:96;melmetal:208;altaria:264;cramorant:281;mimikyu:341
tsareena,Tsareena,57.8,130.4,120.6,109,1715,MAGICAL_LEAF,TRIPLE_AXEL,HIGH_JUMP_KICK,49.3,30.5,46,39.9,quagsire_shadow:922;azumarill:811;stunfisk:770;electrode_hisuian:646;jellicent:522,melmetal:198;cramorant:253;sableye_mega:270;mimikyu:317;altaria:409
pineco_shadow,Pineco (Shadow),57.7,103.3,115.1,127,1511,BUG_BITE,ROCK_TOMB,SAND_TOMB,53.4,36.2,44,45.1,malamar_mega:830;malamar:807;deoxys_defense:692;morpeko_full_belly:637;rillaboom:598,cramorant:162;altaria:184;mimikyu:247;melmetal:260;sableye_mega:334
pupitar_shadow,Pupitar (Shadow),57.7,120.1,111.8,139,1868,BITE,ANCIENT_POWER,DIG,45.7,32.9,47.8,28,talonflame:809;morpeko_full_belly:748;charjabug:661;weezing_galarian_shadow:600;forretress_shadow:514,melmetal:126;cramorant:162;mimikyu:242;altaria:438;sableye_mega:444
gardevoir_shadow,Gardevoir (Shadow),57.6,136.5,115.6,104,1642,CONFUSION,TRIPLE_AXEL,SHADOW_BALL,56.9,38.6,38.1,38.4,annihilape:850;azumarill:692;deoxys_defense:658;altaria:567;dragonite_mega:533,sableye_mega:128;melmetal:181;tinkaton:230;cramorant:341;mimikyu:369
phanpy,Phanpy,57.6,102.5,94.9,186,1811,TACKLE,BULLDOZE,ROCK_SLIDE,45,33.5,57.2,36.9,togedemaru:690;emolga:610;togekiss:548;charjabug:534;fearow:529,mimikyu:158;cramorant:242;sableye_mega:284;melmetal:332;altaria:471
porygon2_shadow,Porygon2 (Shadow),57.6,122.1,117.9,127,1830,LOCK_ON,TRI_ATTACK,ZAP_CANNON,46.5,35.9,59.4,18.6,sableye_mega:625;sableye_shadow:559;corsola_galarian:555;mimikyu:539;corviknight:511,melmetal:65;cramorant:91;altaria:94;tinkaton:95;ninetales_shadow:432
archen,Archen,57.5,159.5,76,116,1408,WING_ATTACK,ANCIENT_POWER,CRUNCH,44.3,35,48.9,20,araquanid:754;talonflame:719;altaria:581;altaria_mega:581;mantine:530,melmetal:113;sableye_mega:188;tinkaton:248;cramorant:261;mimikyu:289
liepard,Liepard,57.3,139.7,88.5,129,1596,SNARL,DARK_PULSE,PLAY_ROUGH,45.3,40.7,51.3,21.5,jellicent:860;dusknoir_shadow:724;dragonite_mega:686;corsola_galarian:600;lapras:581,melmetal:126;mimikyu:186;altaria:329;sableye_mega:394;cramorant:428
drowzee_shadow,Drowzee (Shadow),57.2,87.3,126.8,142,1575,CONFUSION,PSYSHOCK,PSYCHIC,51.9,33.3,51.6,35.4,altaria_mega:742;togekiss:584;clodsire:549;annihilape:535;fearow:524,sableye_mega:96;cramorant:265;melmetal:287;mimikyu:289;altaria:336
kingler_shadow,Kingler (Shadow),57.2,144.5,115.6,93,1554,BUBBLE,CRABHAMMER,VICE_GRIP,42.5,29.3,45.4,22.5,charizard_shadow:822;typhlosion_shadow:720;aurorus:720;talonflame:715;ninetales_alolan:526,cramorant:170;sableye_mega:197;melmetal:229;mimikyu:308;altaria:336
archeops,Archeops,57,160.6,81.9,106,1395,WING_ATTACK,ANCIENT_POWER,CRUNCH,43.7,34.7,47.3,20,araquanid:768;talonflame:712;altaria:655;altaria_mega:542;mantine:509,melmetal:113;sableye_mega:188;tinkaton:248;cramorant:261;mimikyu:289
braviary,Braviary,57,133.7,92.9,135,1678,AIR_SLASH,FLY,CLOSE_COMBAT,45.1,26.2,57.8,32.2,jellicent:622;sableye_mega:614;araquanid:551;sableye_shadow:548;marowak:518,melmetal:147;tinkaton:163;altaria:206;cramorant:226;mimikyu:299
oricorio_baile,Oricorio (Baile),56.9,130.8,102,128,1710,AIR_SLASH,AIR_CUTTER,HURRICANE,47.1,31.5,54,36.7,araquanid:718;jumpluff:574;annihilape:558;ninetales_shadow:542;rillaboom:503,melmetal:167;sableye_mega:224;cramorant:226;mimikyu:266;altaria:405
dwebble_shadow,Dwebble (Shadow),56.7,111.7,120.1,127,1706,SMACK_DOWN,ROCK_TOMB,X_SCISSOR,49.7,32.4,50.3,41.6,talonflame:775;dragonite_mega:681;deoxys_defense:618;charjabug:519;jumpluff:503,melmetal:123;sableye_mega:261;mimikyu:341;altaria:380;cramorant:384
swirlix,Swirlix,56.6,104.1,112.6,145,1701,TACKLE,DRAINING_KISS,ENERGY_BALL,45,30.6,59.1,30.7,altaria:696;umbreon:600;guzzlord:593;thievul:575;feraligatr:517,tinkaton:95;mimikyu:135;melmetal:174;cramorant:250;sableye_mega:302
dragapult,Dragapult,56.5,142.5,96.2,115,1578,DRAGON_TAIL,SHADOW_BALL,OUTRAGE,43.3,28.7,51.1,26.3,ninetales:656;stunfisk:578;deoxys_defense:578;electrode_hisuian:552;araquanid:539,mimikyu:102;melmetal:167;sableye_mega:197;cramorant:253;altaria:282
vivillon,Vivillon,56.5,131.7,86.3,149,1694,GUST,ENERGY_BALL,HURRICANE,52.6,41,46.2,40.9,rillaboom:677;annihilape:671;deoxys_defense:647;araquanid:577;snorlax:510,melmetal:208;altaria:242;sableye_mega:279;cramorant:281;mimikyu:341
clamperl,Clamperl,56.4,124.3,126,105,1646,WATER_GUN,WATER_PULSE,BODY_SLAM,48.3,37,52.9,36.4,diggersby:633;sandslash_alolan:595;corviknight:528;ninetales:509;ninetales_alolan:509,sableye_mega:224;melmetal:260;altaria:333;mimikyu:369;cramorant:416
crabominable,Crabominable,56.4,136.8,88.5,135,1635,BUBBLE,ICE_PUNCH,BRICK_BREAK,44.8,27.9,46.4,25.8,furret:755;umbreon:651;altaria_mega:640;thievul:514;marowak:511,cramorant:115;melmetal:130;mimikyu:233;sableye_mega:366;altaria:481
deerling,Deerling,56.3,109.2,96.6,142,1499,TAKE_DOWN,WILD_CHARGE,ENERGY_BALL,50.5,32.4,49.9,36.4,stunfisk:728;electrode_hisuian:616;marowak:577;jellicent:559;quagsire_shadow:531,melmetal:140;mimikyu:214;altaria:235;cramorant:281;sableye_mega:344
yanmega,Yanmega,56.3,136.8,96,125,1643,WING_ATTACK,AERIAL_ACE,ANCIENT_POWER,43.4,35.1,51,28,chesnaught_mega:876;annihilape:640;rillaboom:616;altaria_mega:612;araquanid:540,melmetal:154;cramorant:202;sableye_mega:224;mimikyu:233;altaria:384
raticate,Raticate,56.2,125.9,116,122,1783,QUICK_ATTACK,HYPER_FANG,DIG,44.8,33.8,57.2,22.5,quagsire_shadow:643;feraligatr:622;weezing_galarian_shadow:618;ninetales_shadow:569;seaking:553,melmetal:95;altaria:177;cramorant:238;sableye_mega:302;mimikyu:443
eevee,Eevee,56.1,99.9,108.3,135,1463,QUICK_ATTACK,SWIFT,DIG,49,42.9,50.5,31.7,gengar:874;typhlosion_shadow:655;feraligatr:625;qwilfish_shadow:577;feraligatr_shadow:522,melmetal:116;sableye_mega:201;altaria:239;cramorant:289;mimikyu:364
mr_rime,Mr. Rime,56.1,127.4,114.4,120,1750,CONFUSION,ICY_WIND,PSYCHIC,52.3,35.3,41.3,33.7,stunfisk:541;clodsire:541;vigoroth:537;florges:533;electrode_hisuian:520,sableye_mega:96;melmetal:208;altaria:242;cramorant:337;mimikyu:341
rampardos_shadow,Rampardos (Shadow),56,162.2,67.2,126,1376,SMACK_DOWN,ROCK_SLIDE,FLAMETHROWER,61.5,36.2,28.8,40.4,fearow:829;cramorant:773;altaria:559;ninetales_shadow:551;araquanid:551,melmetal:171;tinkaton:230;sableye_mega:357;sableye_shadow:432;mimikyu:448
corphish_shadow,Corphish (Shadow),55.9,131,95.7,117,1469,BUBBLE,AQUA_JET,VICE_GRIP,41.7,26.5,45.2,19.6,clodsire:790;talonflame:739;typhlosion_shadow:739;diggersby:726;ninetales_alolan:581,sableye_mega:169;cramorant:170;melmetal:208;mimikyu:271;altaria:322
vanilluxe,Vanilluxe,55.8,131.5,117.3,110,1699,ASTONISH,AVALANCHE,FLASH_CANNON,44,29.6,48.4,28.7,mimikyu:700;corsola_galarian:668;stunfisk:618;jellicent:522;jumpluff:509,melmetal:174;altaria:206;tinkaton:230;cramorant:253;sableye_mega:261
arcanine_hisuian,Arcanine (Hisuian),55.7,132.4,99.4,129,1699,SNARL,WILD_CHARGE,ROCK_SLIDE,45.9,31.4,47.5,23,talonflame:872;mantine:689;ninetales:662;ninetales_shadow:639;wigglytuff:573,cramorant:63;melmetal:106;mimikyu:158;sableye_mega:321;altaria:409
azelf,Azelf,55.6,152.5,90.3,106,1461,CONFUSION,SWIFT,FUTURE_SIGHT,55.6,39.1,42.1,29.2,chesnaught_mega:825;annihilape:806;altaria_mega:617;talonflame:599;wigglytuff:542,sableye_mega:119;melmetal:167;cramorant:321;mimikyu:327;altaria:416
chinchou,Chinchou,55.5,101.6,94.1,164,1569,BUBBLE,WATER_PULSE,THUNDERBOLT,44.8,25.3,59.9,29,empoleon:710;togekiss:615;azumarill:600;feraligatr:582;stunfisk:557,mimikyu:191;altaria:293;cramorant:293;sableye_mega:389;melmetal:476
kingler,Kingler,55.5,144.5,115.6,93,1554,BUBBLE,CRABHAMMER,VICE_GRIP,40.5,27.4,50.2,22,talonflame:758;aurorus_shadow:720;diggersby:586;sandslash_alolan:537;wigglytuff:510,cramorant:142;sableye_mega:169;melmetal:188;mimikyu:271;altaria:278
mothim,Mothim,55.5,140,82.9,138,1603,BUG_BITE,AERIAL_ACE,BUG_BUZZ,52.3,33,44.6,42.9,deoxys_defense:909;malamar_mega:807;morpeko_full_belly:753;rillaboom:735;electrode_hisuian:735,altaria:184;melmetal:188;mimikyu:247;cramorant:250;sableye_mega:279
plusle,Plusle,55.5,128.2,107.2,127,1746,QUICK_ATTACK,THUNDERBOLT,GRASS_KNOT,37.9,30.8,62.8,17.8,mantine:665;empoleon:555;togekiss:551;blastoise:539;cramorant:535,tinkaton:95;mimikyu:130;altaria:134;sableye_mega:275;melmetal:441
sudowoodo_shadow,Sudowoodo (Shadow),55.5,117.1,130.1,126,1921,COUNTER,METEOR_BEAM,TRAILBLAZE,48,31.4,49.4,38.9,morpeko_full_belly:654;umbreon:630;wigglytuff:599;guzzlord:531;stunfisk:527,mimikyu:126;altaria:177;sableye_mega:215;cramorant:246;melmetal:373
carracosta_shadow,Carracosta (Shadow),55.4,121.4,126.9,120,1850,WATER_GUN,ANCIENT_POWER,LIQUIDATION,47.3,32.1,50,37.4,charizard_shadow:929;typhlosion_shadow:870;mantine:629;talonflame:545;murkrow:508,altaria:184;melmetal:250;tinkaton:280;sableye_mega:334;mimikyu:369
krabby_shadow,Krabby (Shadow),55.4,148,111.2,92,1515,BUBBLE,VICE_GRIP,RAZOR_SHELL,48.5,47.4,42.9,22,talonflame:711;malamar_mega:668;malamar:668;marowak:576;ninetales_alolan:554,cramorant:170;melmetal:191;sableye_mega:197;mimikyu:327;altaria:344
manectric_mega,Manectric (Mega),55.4,152.5,101.5,95,1471,SNARL,WILD_CHARGE,PSYCHIC_FANGS,44.5,43.5,56.2,14.8,deoxys_defense:784;jellicent:773;araquanid:700;azumarill:678;melmetal:521,mimikyu:140;tinkaton:152;sableye_mega:169;cramorant:269;altaria:478
tranquill_shadow,Tranquill (Shadow),55.4,123.9,102.2,143,1812,AIR_SLASH,HEAT_WAVE,AERIAL_ACE,47.1,28,52.7,36.4,chesnaught_mega:804;jellicent:622;sableye_mega:615;araquanid:555;jumpluff:506,tinkaton:145;melmetal:147;altaria:206;cramorant:253;mimikyu:341
boldore_shadow,Boldore (Shadow),55.3,125.3,109.2,131,1795,MUD_SLAP,ROCK_SLIDE,BULLDOZE,45.7,30,42.5,29.5,wigglytuff:583;weezing_galarian_shadow:572;snorlax:553;talonflame:549;guzzlord:515,altaria:90;cramorant:130;sableye_mega:261;melmetal:294;mimikyu:303
tangela,Tangela,55.3,125.5,122.8,116,1790,INFESTATION,GRASS_KNOT,SLUDGE_BOMB,43.3,24.3,52.7,31.5,stunfisk:784;electrode_hisuian:672;quagsire_shadow:577;jellicent:560;rillaboom:521,mimikyu:116;melmetal:140;cramorant:142;sableye_mega:188;altaria:289
boltund,Boltund,55.1,136.9,95.3,126,1645,BITE,CRUNCH,THUNDER,39.1,30.6,60.9,19.1,mantine:638;dusclops:638;melmetal:543;togekiss:519;cramorant:515,tinkaton:95;ninetales_shadow:170;altaria:184;sableye_mega:215;mimikyu:242
geodude,Geodude,55.1,123.5,123.5,113,1724,ROCK_THROW,ROCK_TOMB,ROCK_SLIDE,54.5,33.9,41.6,45.1,talonflame:862;dragonite_mega:769;morpeko_full_belly:743;forretress_shadow:548;altaria:544,tinkaton:187;melmetal:226;sableye_mega:279;mimikyu:397;cramorant:480
lombre,Lombre,55.1,106.7,112.6,142,1706,BUBBLE,SCALD,GRASS_KNOT,42.8,25.5,58,27.2,azumarill:676;marowak:637;quagsire_shadow:623;stunfisk:573;feraligatr:521,altaria:112;cramorant:146;mimikyu:191;melmetal:219;sableye_mega:444
popplio,Popplio,55.1,113.4,99.1,127,1429,WATER_GUN,AQUA_TAIL,AQUA_JET,44.2,35.1,48.4,32.2,talonflame:807;diggersby:614;ninetales_alolan_shadow:598;marowak:531;sandslash_alolan_shadow:507,altaria:184;melmetal:188;sableye_mega:224;mimikyu:233;cramorant:305
rowlet,Rowlet,55,98.3,95.7,154,1450,LEAFAGE,ENERGY_BALL,SEED_BOMB,48.6,32.9,47.8,34.4,marowak:879;jellicent:558;stunfisk:516;florges:516;vigoroth:503,altaria:155;melmetal:253;mimikyu:266;cramorant:297;sableye_mega:371
clauncher,Clauncher,54.9,103.3,110.9,127,1456,WATER_GUN,AQUA_JET,CRABHAMMER,44.8,34.5,51.6,31,diggersby:594;quagsire_shadow:519;marowak:519;drapion_shadow:515;ninetales:503,altaria:94;mimikyu:247;melmetal:260;cramorant:333;sableye_mega:412
reuniclus_shadow,Reuniclus (Shadow),54.9,126.9,94.9,147,1771,CHARM,PSYSHOCK,SHADOW_BALL,48.6,32.3,45.2,33.9,primeape_shadow:853;guzzlord:809;annihilape_shadow:782;morpeko_full_belly:704;altaria_mega:683,melmetal:222;cramorant:281;mimikyu:341;altaria:380;sableye_mega:389
raticate_shadow,Raticate (Shadow),54.7,125.9,116,122,1783,QUICK_ATTACK,HYPER_FANG,DIG,37.9,29.7,51.6,19.6,quagsire:643;wigglytuff:602;feraligatr:569;ninetales:569;seaking:512,melmetal:126;mimikyu:130;altaria:177;cramorant:238;sableye_mega:334
sunflora,Sunflora,54.6,128.7,102.1,132,1736,BULLET_SEED,LEAF_STORM,SLUDGE_BOMB,42,21.4,56.2,24.3,azumarill:859;stunfisk:776;morpeko_full_belly:704;electrode_hisuian:613;quagsire_shadow:575,cramorant:142;mimikyu:158;melmetal:171;altaria:224;sableye_mega:270
tatsugiri_curly,Tatsugiri (Curly),54.6,137.4,108.1,109,1619,TAKE_DOWN,SURF,OUTRAGE,45.4,29,50.2,32,charizard_shadow:568;umbreon:550;diggersby:545;mandibuzz:545;ninetales:518,sableye_mega:100;mimikyu:154;melmetal:222;altaria:264;cramorant:440
tatsugiri_droopy,Tatsugiri (Droopy),54.6,137.4,108.1,109,1619,TAKE_DOWN,SURF,OUTRAGE,45.4,29,50.2,32,charizard_shadow:568;umbreon:550;diggersby:545;mandibuzz:545;ninetales:518,sableye_mega:100;mimikyu:154;melmetal:222;altaria:264;cramorant:440
tatsugiri_stretchy,Tatsugiri (Stretchy),54.6,137.4,108.1,109,1619,TAKE_DOWN,SURF,OUTRAGE,45.4,29,50.2,32,charizard_shadow:568;umbreon:550;diggersby:545;mandibuzz:545;ninetales:518,sableye_mega:100;mimikyu:154;melmetal:222;altaria:264;cramorant:440
banette_mega,Banette (Mega),54.3,165.5,90,91,1356,SHADOW_CLAW,SHADOW_BALL,DAZZLING_GLEAM,44,30.3,37.6,26.5,aegislash_shield:923;annihilape_shadow:796;gallade_shadow:763;tinkaton:708;machoke_shadow:637,sableye_mega:211;melmetal:222;altaria:264;cramorant:305;mimikyu:341
indeedee_female,Indeedee (Female),54.3,121.7,128.2,118,1842,EXTRASENSORY,ENERGY_BALL,PSYCHIC,42.8,27.6,53.5,27,jellicent:648;annihilape:584;feraligatr:572;seaking:572;corsola_galarian:516,melmetal:140;cramorant:226;sableye_mega:275;mimikyu:327;altaria:413
whirlipede_shadow,Whirlipede (Shadow),54.3,96.6,157.9,113,1725,POISON_STING,SLUDGE_BOMB,GYRO_BALL,41.6,27.1,51.5,27,electrode_hisuian:836;florges:716;azumarill:566;araquanid:544;rillaboom:530,cramorant:134;mimikyu:177;melmetal:208;sableye_mega:311;altaria:318
corphish,Corphish,53.9,131,95.7,117,1469,BUBBLE,AQUA_JET,VICE_GRIP,39.4,25.3,48,20.5,talonflame:773;aurorus:658;stunfisk_galarian:632;ninetales_alolan_shadow:581;diggersby:547,sableye_mega:142;cramorant:142;melmetal:167;mimikyu:233;altaria:264
porygon_shadow,Porygon (Shadow),53.9,120,115.4,135,1870,TACKLE,DISCHARGE,SIGNAL_BEAM,45.1,37,50,32.2,ludicolo:637;feraligatr:600;seaking:540;blastoise:533;dewgong:518,mimikyu:163;melmetal:188;cramorant:265;altaria:275;sableye_mega:288
elgyem,Elgyem,53.7,133.6,95.4,132,1685,CONFUSION,DARK_PULSE,PSYCHIC,47.9,32,46.8,33.7,annihilape_shadow:810;clodsire:553;chesnaught_mega:553;seaking:526;weezing_galarian_shadow:522,sableye_mega:96;melmetal:208;altaria:242;cramorant:337;mimikyu:341
rotom_frost,Rotom (Frost),53.6,128.8,144.9,93,1737,THUNDER_SHOCK,THUNDERBOLT,BLIZZARD,33.6,20.9,57.4,21.3,jumpluff:618;electrode_hisuian:553;cramorant:548;stunfisk:537;araquanid:510,melmetal:126;altaria:134;sableye_mega:169;mimikyu:191;tinkaton:372
nosepass,Nosepass,53.5,81.5,193.2,98,1544,ROCK_THROW,ROCK_SLIDE,ROCK_BLAST,46.3,27.6,52.4,39.2,talonflame:852;fearow:596;charjabug:586;dewgong:571;mantine:551,melmetal:181;sableye_mega:298;mimikyu:355;cramorant:448;altaria:474
bulbasaur,Bulbasaur,53.2,111.7,105.8,120,1420,VINE_WHIP,POWER_WHIP,SEED_BOMB,45.7,33.2,46.8,31.2,quagsire_shadow:741;stunfisk:700;jellicent:666;florges:612;morpeko_full_belly:595,altaria:173;mimikyu:233;melmetal:287;sableye_mega:321;cramorant:321
oricorio_sensu,Oricorio (Sensu),53.1,130.8,102,128,1710,AIR_SLASH,AIR_CUTTER,HURRICANE,44,28.3,46.2,35.9,rillaboom:746;vigoroth:667;araquanid:667;annihilape:562;jumpluff:523,melmetal:167;sableye_mega:197;altaria:206;cramorant:226;mimikyu:266
octillery,Octillery,52.8,131.5,100.7,128,1697,LOCK_ON,OCTAZOOKA,GUNK_SHOT,40,30,52.7,21,altaria_mega:703;wigglytuff:652;azumarill:535;feraligatr:535;marowak:527,altaria:94;mimikyu:130;melmetal:253;sableye_mega:288;cramorant:488
beheeyem,Beheeyem,52.6,134.4,105.7,117,1663,CONFUSION,ROCK_SLIDE,DARK_PULSE,46.5,30.9,45.2,33.9,primeape_shadow:867;annihilape_shadow:786;clodsire:576;chesnaught_mega:525;mantine:504,sableye_mega:96;melmetal:208;altaria:264;cramorant:337;mimikyu:341
drizzile,Drizzile,52.5,137.8,92.1,128,1626,WATER_GUN,SURF,WATER_PULSE,43.7,30,49.1,36.2,typhlosion_shadow:796;diggersby:578;corviknight:554;sandslash_alolan:550;quagsire:523,cramorant:182;altaria:184;sableye_mega:215;melmetal:250;mimikyu:369
krabby,Krabby,52.5,148,111.2,92,1515,BUBBLE,VICE_GRIP,RAZOR_SHELL,45.6,45.1,43.3,22,aurorus_shadow:771;talonflame:755;malamar_shadow:668;aurorus:652;marowak_shadow:576,sableye_mega:169;melmetal:188;cramorant:226;altaria:282;mimikyu:285
komala,Komala,52.3,136.8,110.2,109,1645,ROLLOUT,BULLDOZE,PAYBACK,39,23.1,49.6,25.8,corsola_galarian:830;sableye_mega:637;jellicent:623;feraligatr:550;sableye_shadow:509,melmetal:85;altaria:228;cramorant:305;mimikyu:350;tinkaton:379
chespin_shadow,Chespin (Shadow),52,105,101.6,136,1452,VINE_WHIP,SEED_BOMB,BODY_SLAM,41.6,36.7,44.6,28,feraligatr:775;marowak:687;morpeko_full_belly:683;stunfisk:580;quagsire_shadow:507,sableye_mega:142;cramorant:202;altaria:221;melmetal:239;mimikyu:242
nosepass_shadow,Nosepass (Shadow),51.9,81.5,193.2,98,1544,ROCK_THROW,ROCK_SLIDE,ROCK_BLAST,45.9,28,49.1,42.4,talonflame:872;cramorant:571;fearow:520;ninetales_shadow:510;mantine:505,tinkaton:141;melmetal:181;sableye_mega:279;mimikyu:331;altaria:384
tangela_shadow,Tangela (Shadow),51.8,125.5,122.8,116,1790,INFESTATION,GRASS_KNOT,SLUDGE_BOMB,39.9,23.4,47,28.5,stunfisk:745;malamar_mega:737;malamar:737;morpeko_full_belly:702;quagsire_shadow:517,mimikyu:116;altaria:148;melmetal:167;sableye_mega:169;cramorant:170
gardevoir_mega,Gardevoir (Mega),51.5,153.1,112.4,85,1464,CONFUSION,TRIPLE_AXEL,SYNCHRONOISE,53.6,39.2,30.3,32.2,chesnaught_mega:876;annihilape:817;azumarill:676;diggersby:641;altaria:523,melmetal:167;mimikyu:266;sableye_mega:288;tinkaton:301;cramorant:321
piplup,Piplup,51.4,106.7,98.3,131,1374,BUBBLE,DRILL_PECK,ICY_WIND,41.6,28.8,41.6,23.3,charizard:675;charizard_shadow:606;blaziken:587;gligar:580;machamp:572,melmetal:147;mimikyu:196;cramorant:273;sableye_mega:348;altaria:380
rhydon_shadow,Rhydon (Shadow),51.4,126.2,103.3,136,1776,MUD_SLAP,STONE_EDGE,EARTHQUAKE,52.6,29,37,39.2,morpeko_full_belly:764;empoleon:628;charjabug:591;weezing_galarian_shadow:580;umbreon:569,altaria:119;cramorant:123;sableye_mega:261;melmetal:342;mimikyu:425
seadra,Seadra,51.4,131.3,117.5,110,1699,DRAGON_BREATH,HYDRO_PUMP,DRAGON_PULSE,37.1,25.2,56.6,25.3,diggersby:618;charizard:577;feraligatr:509;quagsire:509;cramorant:504,tinkaton:95;mimikyu:126;melmetal:140;sableye_mega:224;altaria:275
golem,Golem,51.3,125.1,122.2,117,1791,MUD_SLAP,STONE_EDGE,EARTHQUAKE,48.6,27.1,43.2,38.4,morpeko_full_belly:790;forretress:649;charjabug:641;weezing_galarian_shadow:628;forretress_shadow:594,cramorant:99;sableye_mega:261;mimikyu:303;melmetal:469;altaria:496
golem_shadow,Golem (Shadow),51.3,125.1,122.2,117,1791,MUD_SLAP,STONE_EDGE,EARTHQUAKE,52.5,28.7,37.4,39.2,morpeko_full_belly:756;empoleon:653;charjabug:598;weezing_galarian_shadow:589;umbreon:585,altaria:119;cramorant:123;sableye_mega:261;melmetal:342;mimikyu:425
stantler,Stantler,51.2,132.1,99.4,129,1695,TACKLE,WILD_CHARGE,STOMP,41.9,28.7,49.9,28.5,azumarill:786;feraligatr:593;corviknight:581;seaking:507;blastoise:503,melmetal:126;mimikyu:135;sableye_mega:146;cramorant:273;altaria:275
accelgor,Accelgor,51.1,143.2,84.9,129,1569,INFESTATION,BUG_BUZZ,ACID_SPRAY,44,25,43.7,29,malamar_mega:717;malamar:717;deoxys_defense:670;stunfisk:593;umbreon:581,altaria:148;cramorant:170;mimikyu:177;sableye_mega:197;melmetal:243
varoom,Varoom,50.9,115.9,102.5,120,1427,METAL_SOUND,GYRO_BALL,GUNK_SHOT,40.5,24.1,51,30.7,cradily:779;jumpluff:720;florges:704;azumarill:604;togekiss:529,melmetal:136;sableye_mega:169;cramorant:309;altaria:318;mimikyu:369
chespin,Chespin,50.6,105,101.6,136,1452,VINE_WHIP,SEED_BOMB,BODY_SLAM,44,34.1,43,31.5,quagsire_shadow:922;stunfisk:768;marowak:580;azumarill:518;jellicent:503,mimikyu:186;altaria:199;melmetal:219;sableye_mega:284;cramorant:313
maractus,Maractus,50.6,135.5,95.2,128,1652,BULLET_SEED,AERIAL_ACE,PETAL_BLIZZARD,36.8,29.7,50,19.8,azumarill:855;stunfisk:710;marowak:554;quagsire_shadow:519;kingdra:511,melmetal:113;cramorant:142;mimikyu:163;altaria:188;sableye_mega:302
roggenrola_shadow,Roggenrola (Shadow),50.4,114.2,105,135,1621,SMACK_DOWN,STONE_EDGE,ROCK_BLAST,47.9,29.1,36.5,37.7,charizard_shadow:922;talonflame:844;gyarados_shadow:744;dragonite_mega:700;mandibuzz:585,melmetal:123;sableye_mega:298;mimikyu:341;altaria:380;cramorant:384
glaceon,Glaceon,50.3,135.7,122.3,99,1645,ICE_SHARD,AVALANCHE,WATER_PULSE,39.4,25.3,42.7,25.8,dragonite_mega:797;mandibuzz:636;diggersby:616;wigglytuff:585;stunfisk:580,melmetal:106;sableye_mega:197;cramorant:226;mimikyu:266;altaria:496
rhydon,Rhydon,50,126.2,103.3,136,1776,MUD_SLAP,STONE_EDGE,EARTHQUAKE,47.6,25.9,43.2,38.4,morpeko_full_belly:779;charjabug:658;weezing_galarian_shadow:613;forretress_shadow:584;seaking:503,altaria:90;cramorant:99;sableye_mega:261;mimikyu:303;melmetal:469
unfezant_shadow,Unfezant (Shadow),50,138.5,95.5,122,1616,AIR_SLASH,HEAT_WAVE,SKY_ATTACK,46.3,29.3,35,31,chesnaught_mega:766;primeape_shadow:700;annihilape_shadow:627;corviknight:618;jellicent:549,melmetal:123;altaria:235;cramorant:281;sableye_mega:298;mimikyu:383
phanpy_shadow,Phanpy (Shadow),49.9,102.5,94.9,186,1811,TACKLE,BULLDOZE,ROCK_SLIDE,38.2,25.9,51.6,26.3,forretress_shadow:674;charjabug:666;togedemaru:607;clodsire:556;stunfisk:545,mimikyu:126;melmetal:174;altaria:199;cramorant:202;sableye_mega:311
braviary_hisuian,Braviary (Hisuian),49.7,128.5,89.6,151,1741,AIR_SLASH,BRAVE_BIRD,FLY,39.4,23.7,49.7,31,jumpluff:549;togekiss:539;deoxys_defense:533;marowak:529;araquanid:503,melmetal:167;sableye_mega:197;altaria:199;cramorant:226;mimikyu:266
oricorio_pau,Oricorio (Pa'u),49.7,130.8,102,128,1710,AIR_SLASH,AIR_CUTTER,HURRICANE,40.8,27.4,43.7,30.2,togekiss:554;rillaboom:542;jumpluff:523;araquanid:511;annihilape:511,melmetal:167;sableye_mega:197;altaria:206;cramorant:226;mimikyu:266
roselia,Roselia,49.7,138.5,105.9,110,1615,POISON_JAB,SLUDGE_BOMB,DAZZLING_GLEAM,42.2,27.9,41.9,32,electrode_hisuian:859;azumarill:813;florges:718;altaria_mega:709;rillaboom:590,melmetal:136;sableye_mega:169;altaria:221;cramorant:305;mimikyu:369
roggenrola,Roggenrola,49.6,114.2,105,135,1621,SMACK_DOWN,STONE_EDGE,ROCK_BLAST,43.6,26.1,45.4,37.7,charizard_shadow:929;talonflame:862;mandibuzz:629;charjabug:522;cramorant:518,melmetal:126;tinkaton:145;mimikyu:266;altaria:322;sableye_mega:408
stantler_shadow,Stantler (Shadow),49.5,133.5,98.4,128,1684,TACKLE,WILD_CHARGE,STOMP,43.3,31.4,40.5,25.5,azumarill:714;jellicent:589;sableye:542;umbreon:531;wigglytuff:503,sableye_mega:146;melmetal:188;mimikyu:261;altaria:275;cramorant:333
frogadier,Frogadier,49.4,134.4,100.8,123,1668,BUBBLE,SURF,AERIAL_ACE,36,24.6,48,24,ninetales_alolan_shadow:621;diggersby:605;clodsire:585;sandslash_alolan:552;corviknight_shadow:508,altaria:119;cramorant:142;melmetal:195;sableye_mega:197;mimikyu:228
sigilyph,Sigilyph,49.3,130,112.1,118,1721,AIR_SLASH,AIR_CUTTER,ANCIENT_POWER,39.6,26.7,42.4,29.2,chesnaught_mega:911;togekiss:529;araquanid:525;jumpluff:525;rillaboom:516,melmetal:167;sableye_mega:169;altaria:206;cramorant:226;mimikyu:266
crabrawler,Crabrawler,49.1,135.7,98.8,123,1650,BUBBLE,CRABHAMMER,POWER_UP_PUNCH,43.9,27.3,37.9,23.5,clodsire:849;stunfisk:601;quagsire_shadow:581;melmetal:544;marowak:516,altaria:123;tinkaton:230;mimikyu:238;sableye_mega:238;cramorant:265
rampardos,Rampardos,49,162.2,67.2,126,1376,SMACK_DOWN,ROCK_SLIDE,FLAMETHROWER,54.5,31.2,24.2,32.7,fearow:805;talonflame:785;cramorant:757;togekiss:757;dragonite_mega:678,melmetal:154;tinkaton:202;sableye_mega:252;mimikyu:425;altaria:438
gorebyss,Gorebyss,48.9,136.2,121,100,1649,CONFUSION,WATER_PULSE,DRAINING_KISS,42.2,26.5,47.6,28.5,diggersby:645;weezing_galarian_shadow:625;feraligatr:535;clodsire:510;seaking:510,sableye_mega:114;melmetal:188;cramorant:242;altaria:257;mimikyu:285
unfezant,Unfezant,48.9,138.5,95.5,122,1616,AIR_SLASH,HEAT_WAVE,SKY_ATTACK,41.6,25.2,44.9,29.5,chesnaught_mega:803;toedscruel:721;gastrodon:622;araquanid:528;sableye_shadow:508,melmetal:126;altaria:206;cramorant:253;mimikyu:299;sableye_mega:472
kadabra_shadow,Kadabra (Shadow),48.6,163.8,90.9,92,1370,CONFUSION,SHADOW_BALL,DAZZLING_GLEAM,52.9,29.6,25.1,33.2,chesnaught_mega:804;annihilape:793;weezing_galarian_shadow:766;annihilape_shadow:744;clodsire:711,sableye_mega:110;melmetal:208;altaria:311;mimikyu:336;cramorant:420
shaymin_sky,Shaymin (Sky),48.6,139.3,94.1,123,1614,MAGICAL_LEAF,ENERGY_BALL,GRASS_KNOT,40.7,25.5,40.8,29.5,azumarill:849;marowak:845;quagsire_shadow:804;stunfisk:593;blastoise:593,altaria:90;melmetal:195;sableye_mega:229;cramorant:253;mimikyu:303
stakataka,Stakataka,48.5,119.5,169,93,1880,TAKE_DOWN,STONE_EDGE,BULLDOZE,45.6,27.4,42.7,37.7,cradily:655;wigglytuff:645;altaria:596;jumpluff:510;guzzlord:505,mimikyu:116;melmetal:143;tinkaton:145;sableye_mega:146;cramorant:373
naganadel,Naganadel,48.4,149.7,95.5,105,1503,POISON_JAB,DRAGON_CLAW,SLUDGE_BOMB,43.7,27.1,35.5,31.2,electrode_hisuian:852;azumarill:804;togekiss:661;rillaboom:585;altaria_mega:566,melmetal:181;sableye_mega:188;altaria:221;cramorant:333;mimikyu:369
cherrim_overcast,Cherrim (Overcast),48.3,121.8,116.2,130,1843,BULLET_SEED,DAZZLING_GLEAM,SOLAR_BEAM,33.4,18.1,51.3,21.5,stunfisk:696;quagsire_shadow:607;marowak:588;azumarill:550;jellicent:515,altaria:61;melmetal:85;cramorant:115;mimikyu:177;sableye_mega:463
lycanroc_midnight,Lycanroc (Midnight),48.3,132.6,99.7,127,1680,COUNTER,STONE_EDGE,TRAILBLAZE,43.3,27.6,37.7,31,sandslash_alolan:807;sandslash_alolan_shadow:803;hydreigon_shadow:728;umbreon:614;mandibuzz:594,mimikyu:126;altaria:141;sableye_mega:188;cramorant:230;melmetal:304
piplup_shadow,Piplup (Shadow),48.1,106.7,98.3,131,1374,BUBBLE,DRILL_PECK,ICY_WIND,35.3,24,35.7,18.8,torkoal:625;greninja_mega:622;ninetales_alolan_shadow:614;charizard:606;greninja_shadow:576,sableye_mega:142;cramorant:142;melmetal:167;mimikyu:233;altaria:260
wugtrio,Wugtrio,48,151,108.6,90,1477,MUD_SLAP,LIQUIDATION,SURF,41.4,27.3,32.3,26.5,blaziken:861;togedemaru:761;toxtricity:761;typhlosion_shadow:744;ninetales_alolan:533,altaria:90;cramorant:115;sableye_mega:197;mimikyu:303;melmetal:352
clawitzer,Clawitzer,47.8,134.4,110.5,112,1664,WATER_GUN,CRABHAMMER,ICE_BEAM,41.9,28.2,48.1,36.2,blaziken_mega:888;charizard_mega_y:875;blaziken_shadow:852;typhlosion_shadow:794;charizard_shadow:571,cramorant:182;altaria:184;melmetal:219;sableye_mega:224;mimikyu:369
seadra_shadow,Seadra (Shadow),47.5,131.3,117.5,110,1699,DRAGON_BREATH,HYDRO_PUMP,DRAGON_PULSE,37.4,25.9,46,23.8,dragonite_mega:650;dewgong:572;umbreon:550;blastoise:545;mandibuzz:545,mimikyu:126;melmetal:133;sableye_mega:188;cramorant:265;altaria:365
frogadier_shadow,Frogadier (Shadow),47.3,134.4,100.8,123,1668,BUBBLE,SURF,AERIAL_ACE,38,26.7,35.7,23.5,typhlosion_shadow:764;ninetales_alolan:621;diggersby:556;wigglytuff:520;corviknight:508,altaria:148;cramorant:170;sableye_mega:197;melmetal:208;mimikyu:303
ferroseed,Ferroseed,47.2,81.5,142.8,119,1386,METAL_CLAW,IRON_HEAD,RETURN,38.8,26.1,47.5,29,clefable:735;florges:651;cradily:592;wigglytuff:588;weezing_galarian_shadow:584,melmetal:106;altaria:144;cramorant:250;sableye_mega:293;mimikyu:336
cranidos_shadow,Cranidos (Shadow),46.9,163.9,62.9,133,1372,TAKE_DOWN,ROCK_TOMB,ANCIENT_POWER,50.5,30.6,24.8,29.5,charizard_shadow:815;murkrow:755;typhlosion_shadow:657;gyarados_shadow:612;talonflame:593,sableye_mega:142;mimikyu:191;melmetal:191;altaria:351;cramorant:420
deoxys_speed,Deoxys (Speed),46.9,140.7,131.5,86,1593,CHARGE_BEAM,PSYCHO_BOOST,SWIFT,37.3,32.4,47,14.3,pelipper:715;hakamo_o:697;talonflame:645;mantine:546;togekiss:523,sableye_mega:114;mimikyu:140;melmetal:273;cramorant:337;altaria:344
tornadus_incarnate,Tornadus (Incarnate),46.8,148.1,95.5,107,1514,BITE,DARK_PULSE,HURRICANE,32.1,21.2,43.8,16.1,deoxys_defense:841;toedscruel:700;gastrodon:607;giratina_altered_shadow:565;diggersby:546,melmetal:113;cramorant:166;altaria:184;sableye_mega:188;mimikyu:242
flabebe,Flabebe,46.7,103.3,113.4,119,1395,VINE_WHIP,DAZZLING_GLEAM,PSYCHIC,31.3,19.7,52.4,18.6,kingdra:617;thievul:613;annihilape:567;dragonite_mega:567;malamar:516,melmetal:58;sableye_mega:169;mimikyu:186;cramorant:285;altaria:351
tornadus_incarnate_shadow,Tornadus (Incarnate) (Shadow),46.5,148.1,95.5,107,1514,BITE,DARK_PULSE,HURRICANE,33.3,24.3,37.7,15.3,deoxys_defense:789;corsola_galarian:602;giratina_altered_shadow:565;talonflame:546;gastrodon:523,cramorant:166;melmetal:167;altaria:184;sableye_mega:188;mimikyu:252
bulbasaur_shadow,Bulbasaur (Shadow),46,111.7,105.8,120,1420,VINE_WHIP,POWER_WHIP,SLUDGE_BOMB,35.4,21.6,43.2,20,electrode_hisuian:833;azumarill:829;quagsire_shadow:675;stunfisk:600;florges:595,melmetal:181;sableye_mega:188;cramorant:202;mimikyu:247;altaria:300
turtwig,Turtwig,46,112.6,105,135,1597,TACKLE,ENERGY_BALL,BODY_SLAM,35.9,25.6,43.5,22.5,quagsire:637;blastoise:633;stunfisk:618;marowak:607;quagsire_shadow:585,mimikyu:126;melmetal:174;cramorant:178;sableye_mega:192;altaria:199
hoopa,Hoopa,45.6,144.8,106.3,99,1524,CONFUSION,SHADOW_BALL,PSYCHIC,44,24.7,37.3,31.7,primeape_shadow:924;annihilape:904;annihilape_shadow:904;deoxys_defense:636;chesnaught_mega:540,sableye_mega:91;mimikyu:182;melmetal:229;altaria:264;cramorant:301
dottler,Dottler,45.4,85.7,144.5,127,1573,CONFUSION,BUG_BUZZ,PSYCHIC,37.4,22.6,48.4,28.7,primeape_shadow:649;chesnaught_mega:618;annihilape_shadow:594;electrode_hisuian:555;rillaboom:515,sableye_mega:73;melmetal:147;cramorant:182;altaria:206;mimikyu:228
munna,Munna,44.7,105.8,89.9,166,1580,CHARGE_BEAM,PSYSHOCK,DAZZLING_GLEAM,34.5,23.4,41.9,17.6,machamp:641;machoke_shadow:605;gyarados:599;machamp_shadow:563;guzzlord:518,sableye_mega:87;mimikyu:121;melmetal:232;cramorant:289;altaria:362
lilligant,Lilligant,44.4,136.5,105.8,114,1649,CHARM,PETAL_BLIZZARD,HYPER_BEAM,46,27.4,26.6,36.7,guzzlord:785;morpeko_full_belly:701;altaria_mega:692;annihilape_shadow:688;dragonite_mega:644,melmetal:191;cramorant:250;mimikyu:341;altaria:347;sableye_mega:403
porygon_z_shadow,Porygon-Z (Shadow),44.4,147.6,88.1,117,1522,LOCK_ON,TRI_ATTACK,ZAP_CANNON,34.5,20.2,33.6,9.9,azumarill:722;tinkaton:717;fearow:611;dragonite_mega:568;altaria_mega:568,melmetal:58;altaria:94;sableye_mega:114;mimikyu:130;cramorant:162
turtwig_shadow,Turtwig (Shadow),44,112.6,105,135,1597,TACKLE,ENERGY_BALL,BODY_SLAM,32.8,24.7,40,21.8,stunfisk:722;blastoise:603;electrode_hisuian:596;quagsire:585;marowak:533,sableye_mega:114;mimikyu:126;melmetal:174;altaria:184;cramorant:242
reuniclus,Reuniclus,43.8,126.9,94.9,147,1771,HIDDEN_POWER_FIGHTING,PSYSHOCK,SHADOW_BALL,31,19.3,45.9,22.3,sandslash_alolan_shadow:758;aurorus_shadow:727;sandslash_alolan:554;chesnaught_mega:540;lapras:506,mimikyu:79;sableye_mega:100;cramorant:115;altaria:134;melmetal:332
porygon_z,Porygon-Z,43.6,147.6,88.1,117,1522,LOCK_ON,TRI_ATTACK,ZAP_CANNON,32.5,18.5,36.6,9.9,azumarill:756;jellicent:589;mandibuzz:542;sableye_mega:521;sableye:517,melmetal:65;cramorant:83;altaria:94;tinkaton:95;mimikyu:130
kadabra,Kadabra,43.3,163.8,90.9,92,1370,CONFUSION,SHADOW_BALL,DAZZLING_GLEAM,47,27.3,23.2,27.5,primeape_shadow:858;weezing_galarian_shadow:804;chesnaught_mega:798;annihilape_shadow:793;annihilape:777,sableye_mega:96;melmetal:181;altaria:307;cramorant:341;mimikyu:350
ferroseed_shadow,Ferroseed (Shadow),42.1,81.5,142.8,119,1386,METAL_CLAW,IRON_HEAD,GYRO_BALL,33.1,22.5,42.1,25.8,clefable:697;florges:689;mawile_shadow:596;wigglytuff:584;serperior:508,melmetal:126;altaria:144;sableye_mega:211;cramorant:246;mimikyu:308
cranidos,Cranidos,41.5,163.9,62.9,133,1372,TAKE_DOWN,ROCK_TOMB,ANCIENT_POWER,43.9,27.3,24,24,murkrow_shadow:755;typhlosion_shadow:714;greninja_mega:639;charizard_shadow:605;mandibuzz:511,sableye_mega:114;melmetal:157;mimikyu:191;altaria:293;cramorant:365
butterfree_shadow,Butterfree (Shadow),41.2,126.6,112.5,124,1769,CONFUSION,BUG_BUZZ,SIGNAL_BEAM,39.4,23.8,37.1,29.5,primeape_shadow:911;annihilape_shadow:887;toedscruel:794;gastrodon:669;chesnaught_mega:548,sableye_mega:96;melmetal:174;altaria:242;cramorant:281;mimikyu:341
indeedee_male,Indeedee (Male),41.2,134.9,114.6,107,1656,EXTRASENSORY,SHADOW_BALL,PSYCHIC,28.2,17.9,44.6,19.8,dusclops:663;dusclops_shadow:630;corsola_galarian:602;jellicent:570;medicham:556,sableye_mega:59;melmetal:167;altaria:177;cramorant:198;mimikyu:257
meltan,Meltan,41,111.7,95.7,121,1295,THUNDER_SHOCK,THUNDERBOLT,FLASH_CANNON,30.1,17,42.2,16.6,mantine:714;ninetales_alolan:636;abomasnow:632;wigglytuff:561;cramorant:512,melmetal:95;sableye_mega:96;mimikyu:186;altaria:257;tinkaton:308
butterfree,Butterfree,40.7,126.6,112.5,124,1769,CONFUSION,BUG_BUZZ,SIGNAL_BEAM,35.7,21.7,41.4,27.7,gastrodon:701;annihilape:657;chesnaught_mega:620;weezing_galarian_shadow:620;pangoro:504,sableye_mega:114;melmetal:167;altaria:199;cramorant:222;mimikyu:285
duosion_shadow,Duosion (Shadow),39.4,149.2,81.9,123,1504,HIDDEN_POWER_PSYCHIC,PSYSHOCK,NIGHT_SHADE,37,22,25,22.5,primeape_shadow:849;machamp_shadow:849;blaziken_shadow:768;annihilape:739;annihilape_shadow:699,sableye_mega:87;melmetal:140;mimikyu:252;altaria:264;cramorant:309
skiddo,Skiddo,39.3,115.9,98.3,151,1722,ROCK_SMASH,BRICK_BREAK,SEED_BOMB,33.9,20.2,34.6,27.5,greninja_mega:675;greninja_shadow:619;gastrodon:579;quagsire:536;morpeko_full_belly:533,mimikyu:79;sableye_mega:128;altaria:166;cramorant:277;melmetal:311
solosis_shadow,Solosis (Shadow),39,152,81.8,118,1468,HIDDEN_POWER_PSYCHIC,PSYSHOCK,NIGHT_SHADE,37.3,22.3,24.4,22.8,primeape_shadow:843;machamp_shadow:843;blaziken_shadow:758;annihilape_shadow:754;annihilape:728,sableye_mega:114;melmetal:140;altaria:264;mimikyu:280;cramorant:309
duosion,Duosion,37,149.2,81.9,123,1504,HIDDEN_POWER_PSYCHIC,PSYSHOCK,NIGHT_SHADE,30.8,20,29.1,20,primeape_shadow:825;blaziken_mega:796;pawmot:776;annihilape_shadow:739;machamp_shadow:613,sableye_mega:87;melmetal:171;altaria:206;mimikyu:228;cramorant:253
solosis,Solosis,36.3,152,81.8,118,1468,HIDDEN_POWER_PSYCHIC,PSYSHOCK,NIGHT_SHADE,30.8,20,27.9,19.8,machop_shadow:822;primeape_shadow:817;blaziken_mega:788;pawmot:766;annihilape_shadow:728,sableye_mega:87;melmetal:147;mimikyu:228;altaria:235;cramorant:253
regigigas_shadow,Regigigas (Shadow),34.9,140.2,102,110,1574,HIDDEN_POWER_ICE,CRUSH_GRIP,THUNDER,36.7,21.6,19.1,23.8,salamence_shadow:790;dragonite_mega:759;zapdos_shadow:740;toedscruel:645;murkrow:631,melmetal:102;sableye_mega:224;cramorant:253;mimikyu:299;altaria:496
clobbopus,Clobbopus,32.6,114.2,99.1,127,1439,ROCK_SMASH,SUPER_POWER,ICE_PUNCH,28.7,17.2,30.4,23.8,pawniard:795;sandshrew_alolan_shadow:775;tyranitar_shadow:728;umbreon:724;sandslash_alolan:543,mimikyu:79;altaria:119;sableye_mega:151;cramorant:277;melmetal:359
regigigas,Regigigas,31.7,139.8,104.3,110,1605,HIDDEN_POWER_ROCK,CRUSH_GRIP,THUNDER,31.1,19.9,24,22.8,charizard_shadow:859;charizard:850;talonflame:650;typhlosion_shadow:559;corsola_galarian:518,melmetal:102;sableye_mega:233;mimikyu:257;altaria:264;cramorant:309
spoink_shadow,Spoink (Shadow),30.1,117.6,115.1,141,1910,ZEN_HEADBUTT,MIRROR_COAT,SHADOW_BALL,29.1,19.4,22.6,24.5,toxicroak:854;machop_shadow:705;machop:691;machoke_shadow:606;machamp:581,sableye_mega:96;melmetal:167;altaria:177;cramorant:222;mimikyu:266
spoink,Spoink,29.4,117.6,115.1,141,1910,ZEN_HEADBUTT,MIRROR_COAT,SHADOW_BALL,26.5,18.2,27.5,23,toxicroak:854;machop_shadow:691;blaziken_mega:602;machamp_shadow:581;blaziken_shadow:549,sableye_mega:64;melmetal:140;altaria:184;mimikyu:228;cramorant:281
clefairy,Clefairy,24.7,102.5,103.3,157,1664,ZEN_HEADBUTT,MOONBLAST,DISARMING_VOICE,18.5,14,26.6,17.3,sneasler_shadow:773;mankey_shadow:700;sneasler:684;kommo_o:560;dipplin:525,sableye_mega:96;melmetal:113;mimikyu:172;cramorant:182;altaria:192
unown,Unown,23.8,126.8,89,125,1413,HIDDEN_POWER_PSYCHIC,STRUGGLE,none,26.2,17.9,12.5,18.3,toxicroak_shadow:852;toxicroak:836;sawk_shadow:756;conkeldurr_shadow:708;machop_shadow:588,sableye_mega:96;melmetal:164;altaria:173;cramorant:222;mimikyu:261
slaking,Slaking,10.7,138.8,83.1,140,1616,YAWN,BODY_SLAM,EARTHQUAKE,6.6,7.2,12.5,4.9,bastiodon_shadow:567;regigigas:567;unown:528;gholdengo:517,melmetal:20;altaria:25;cramorant:27;mimikyu:37;sableye_mega:41
slaking_shadow,Slaking (Shadow),7.9,138.8,83.1,140,1616,YAWN,BODY_SLAM,EARTHQUAKE,5.8,5.7,7.6,4.7,clefairy:596;bastiodon:567,melmetal:20;cramorant:23;altaria:25;mimikyu:37;sableye_mega:41