speciesId,speciesName,score,attack,defense,hp,statProduct,fastMove,chargedMove1,chargedMove2,leadScore,switchScore,closerScore,attackerScore,topMatchups,topCounters
mantine,Mantine,96.1,105.5,166.5,121,2127,WING_ATTACK,TWISTER,WATER_PULSE,98,94.3,93.8,95.3,charizard:727;pidgeot:706;charizard_shadow:690;drampa:681;pelipper:545,dragonite:181;typhlosion_shadow:217;dragonite_shadow:225;articuno:345;pidgeot_shadow:373
mandibuzz,Mandibuzz,95.9,92.1,151.2,175,2440,SNARL,FOUL_PLAY,SHADOW_BALL,94,90.3,92.7,100,pelipper:625;salamence:625;mantine:608;salamence_shadow:608;charizard:562,murkrow:248;abomasnow:318;articuno:321;toucannon:365;pidgeot:447
toucannon,Toucannon,95.3,137.2,96.7,123,1634,PECK,BEAK_BLAST,DRILL_PECK,99,99.8,96.8,62.2,togekiss:711;charizard:613;pidgeot:597;pidgeot_shadow:569;pelipper:528,gyarados:252;drampa:278;murkrow:300;gyarados_shadow:301;dodrio:322
pelipper,Pelipper,94.7,123.2,128.7,115,1825,WING_ATTACK,WEATHER_BALL_WATER,HURRICANE,100,99.1,88.5,77.3,charizard:878;toucannon_shadow:760;charizard_shadow:700;pidgeot:665;pidgeot_shadow:586,steelix_shadow:75;abomasnow_shadow:318;dragonite:376;drampa:395;gyarados_shadow:417
toucannon_shadow,Toucannon (Shadow),94.2,137.2,96.7,123,1634,PECK,BEAK_BLAST,DRILL_PECK,95.5,100,97.4,57.2,gliscor:739;togekiss:670;fearow:670;trumbeak:670;pidgeot:569,ninetales_shadow:226;torkoal:238;pelipper:239;pidgeot_shadow:288;charizard_shadow:311
murkrow_shadow,Murkrow (Shadow),93.7,143.1,81.1,135,1568,PECK,DRILL_PECK,FOUL_PLAY,94.3,94.8,100,50.2,togekiss:662;toucannon:625;fearow:625;trumbeak:625;pidgeot:537,ninetales_shadow:257;pelipper:278;pidgeot_shadow:288;charizard_shadow:311;drampa:317
pidgeot,Pidgeot,93.5,116.9,115.5,142,1918,WING_ATTACK,AIR_CUTTER,BRAVE_BIRD,98.1,93.9,95.1,87.2,gliscor:771;togekiss:549;gyarados_shadow:528;trumbeak:521;murkrow:507,abomasnow:223;abomasnow_shadow:255;mantine:293;pelipper:334;toucannon:402
fearow,Fearow,92.9,131.4,104.6,124,1706,PECK,DRILL_PECK,DRILL_RUN,93.6,97.5,90.8,66.5,gliscor_shadow:741;turtonator:721;pidgeot_shadow:584;salamence:552;golbat_shadow:544,drampa:239;charizard:260;toucannon:288;gyarados_shadow:293;charizard_shadow:303
dodrio,Dodrio,92.5,143.7,98.4,110,1557,PECK,DRILL_PECK,BRAVE_BIRD,96.9,98.7,96.8,53.3,togekiss:722;toucannon:677;murkrow:677;toucannon_shadow:631;pidgeot:554,torkoal:199;ninetales_shadow:242;drampa:278;gyarados_shadow:301;charizard_shadow:346
moltres_galarian,Moltres (Galarian),92.5,115.1,134.6,124,1922,SUCKER_PUNCH,FLY,BRAVE_BIRD,89.4,82.5,95.7,78.8,mantine:625;gyarados:616;ninetales_shadow:608;fearow:520;trumbeak:516,pidgeot:299;charizard:303;pelipper:317;pidgeot_shadow:341;charizard_shadow:346
murkrow,Murkrow,92.5,143.1,81.1,135,1568,PECK,DRILL_PECK,FOUL_PLAY,96.9,95.8,93.7,54.2,toucannon:700;togekiss:700;fearow:700;toucannon_shadow:625;pelipper:529,ninetales_shadow:242;gyarados:264;drampa:278;gyarados_shadow:301;pidgeot:492
togekiss,Togekiss,92.4,124.2,125.8,115,1799,PECK,PSYSHOCK,AURA_SPHERE,94,94.1,89.3,74.5,salamence:873;salamence_shadow:756;drampa:704;gyarados_shadow:673;pidgeot_shadow:582,charizard:260;dodrio:277;toucannon:288;charizard_shadow:303;pidgeot:450
trumbeak_shadow,Trumbeak (Shadow),92,133.7,94.3,132,1665,PECK,DRILL_PECK,ROCK_BLAST,94.5,97.5,91.1,54.4,gliscor:746;togekiss:693;fearow:693;pidgeot:590;charizard:564,pelipper:239;gyarados:264;drampa:317;toucannon:329;charizard_shadow:388
trumbeak,Trumbeak,91.8,134,93.2,134,1676,PECK,DRILL_PECK,ROCK_BLAST,94.3,94.5,89.7,61.8,fearow:735;trumbeak_shadow:660;charizard:641;pidgeot_shadow:597;charizard_shadow:570,gyarados_shadow:264;drampa:278;toucannon:288;murkrow:300;pidgeot:478
corviknight,Corviknight,91.7,106.9,130.6,150,2097,SAND_ATTACK,AIR_CUTTER,PAYBACK,94,90.2,88.6,90,drampa:740;salamence_shadow:676;pidgeot:590;toucannon:580;pelipper:536,growlithe_shadow:203;charizard:239;charizard_shadow:269;torkoal:289;ninetales_shadow:321
drampa,Drampa,91.7,136.8,104.2,115,1640,DRAGON_BREATH,SWIFT,DRAGON_PULSE,96.8,92.5,86.1,62.2,toucannon:721;charizard:669;charizard_shadow:643;pelipper:604;pidgeot:582,abomasnow:202;corviknight:260;gligar_shadow:267;togekiss:295;mantine:318
rufflet,Rufflet,91.5,126.7,92.1,152,1775,PECK,BRAVE_BIRD,FLY,88.5,81.8,95.2,63.7,gliscor:723;pidgeot:667;mantine:625;pidgeot_shadow:601;pelipper:572,torkoal:191;charizard:260;toucannon:288;gyarados_shadow:293;charizard_shadow:303
turtonator,Turtonator,90.9,113.5,153.6,113,1971,INCINERATE,BRUTAL_SWING,DRAGON_CLAW,90.2,90.5,87.5,84.1,torkoal:765;ninetales_shadow:712;gliscor:646;charizard:615;charizard_shadow:561,gyarados_shadow:165;drampa:195;salamence_shadow:256;pidgeot:285;pelipper:300
fletchinder_shadow,Fletchinder (Shadow),90.8,123.3,102.6,143,1811,PECK,FLY,HEAT_WAVE,87.6,80,90.2,61.2,ninetales_shadow:678;corviknight:674;charizard:650;gliscor:636;pidgeot:597,pelipper:239;fearow:286;gyarados_shadow:301;drampa:308;toucannon:329
swanna_shadow,Swanna (Shadow),90.8,128.5,101,134,1742,GUST,AQUA_JET,FLY,93.3,90,89.1,63.9,torkoal:686;gliscor:660;pelipper:589;pidgeot:567;mantine:541,golbat:309;drampa:334;togekiss:352;salamence:363;toucannon:410
gyarados_shadow,Gyarados (Shadow),90.7,130.7,108.5,121,1717,DRAGON_BREATH,AQUA_TAIL,TWISTER,96.4,94.2,88.8,50.4,pidgeot_shadow:735;toucannon:698;charizard:669;charizard_shadow:590;pelipper:582,abomasnow:202;abomasnow_shadow:269;togekiss:326;drampa:395;pidgeot:471
clodsire,Clodsire,90.6,95,119.7,208,2367,POISON_STING,EARTHQUAKE,STONE_EDGE,89.9,81.4,94.8,76.4,pidgeot_shadow:752;toucannon:673;pelipper:665;charizard:651;charizard_shadow:576,swoobat:144;articuno_shadow:150;girafarig_shadow:157;swanna_shadow:182;gliscor:336
swanna,Swanna,90.6,128.5,101,134,1742,GUST,AQUA_JET,FLY,92.9,87.9,91,69,gliscor:712;charizard:697;pidgeot:638;pidgeot_shadow:567;charizard_shadow:514,fearow:326;trumbeak:339;toucannon:349;drampa:352;gyarados_shadow:376
fletchinder,Fletchinder,90.3,123.3,102.6,143,1811,PECK,FLY,HEAT_WAVE,87.6,79.8,89.3,69,ninetales_shadow:741;charizard_shadow:650;charizard:636;pidgeot_shadow:597;togekiss:569,gyarados:227;toucannon:247;gyarados_shadow:264;pelipper:265;pidgeot:447
noctowl,Noctowl,90.1,105.3,120.1,168,2126,WING_ATTACK,SKY_ATTACK,SHADOW_BALL,88.7,84.4,91.1,78.1,salamence:654;togekiss:613;drampa:610;gyarados_shadow:595;murkrow:586,articuno:146;gliscor_shadow:211;pidgeot_shadow:214;toucannon:247;charizard_shadow:260
salamence_shadow,Salamence (Shadow),90,143.4,93,117,1562,DRAGON_TAIL,FLY,BRUTAL_SWING,95.8,77.2,95.5,45.1,pidgeot_shadow:688;fearow:688;toucannon:649;murkrow:649;toucannon_shadow:611,togetic:101;abomasnow:157;abomasnow_shadow:181;togekiss:243;charizard_shadow:363
dragonite_shadow,Dragonite (Shadow),89.8,135.8,107.3,113,1647,DRAGON_BREATH,THUNDER_PUNCH,SUPER_POWER,94.2,79.7,91.3,57.8,mantine:774;togekiss:685;charizard:628;pelipper:548;charizard_shadow:539,togetic:81;articuno:170;abomasnow:192;pidgeot_shadow:271;toucannon:329
torkoal,Torkoal,89.8,107.5,151.3,128,2084,EMBER,FLAME_WHEEL,OVERHEAT,90.7,77.2,91.3,83.4,dodrio:800;toucannon_shadow:761;togekiss:656;charizard_shadow:609;murkrow:578,gyarados_shadow:128;turtonator:234;pelipper:269;drampa:326;pidgeot:327
gyarados,Gyarados,89.7,130.7,108.5,121,1717,DRAGON_BREATH,AQUA_TAIL,TWISTER,93.4,90.9,84.5,61.2,toucannon:747;murkrow:735;dodrio:735;charizard:706;charizard_shadow:669,abomasnow_shadow:202;togekiss:304;pelipper:417;pidgeot:429;pidgeot_shadow:471
salamence,Salamence,89.5,143.4,93,117,1562,DRAGON_TAIL,FLY,BRUTAL_SWING,95.2,76.8,91.5,50.6,charizard:649;toucannon_shadow:649;pidgeot:589;pelipper:572;charizard_shadow:564,togekiss:126;abomasnow:129;articuno:130;togetic:178;mantine:305
furret,Furret,88.9,115.3,105.4,160,1946,SUCKER_PUNCH,SWIFT,TRAILBLAZE,90.4,89.6,80.3,70.3,toucannon:778;dodrio:778;salamence:656;mantine:612;gyarados_shadow:609,togekiss:134;blaziken:193;murkrow_shadow:225;pelipper:286;charizard_shadow:303
gligar,Gligar,88.9,108.4,145.3,131,2065,WING_ATTACK,NIGHT_SLASH,DIG,91,85.8,85,83,ninetales_shadow:690;dragonite:652;fearow:538;charizard:534;murkrow:522,abomasnow:223;pidgeot:267;pidgeot_shadow:327;charizard_shadow:363;pelipper:369
articuno,Articuno,88.8,112.6,139.6,126,1981,POWDER_SNOW,ICY_WIND,HURRICANE,86.1,58.1,84.7,87,mantine:654;togekiss:650;gyarados_shadow:603;pelipper:575;pidgeot:559,torkoal:144;ninetales:158;blaziken:172;charizard:217;charizard_shadow:260
togetic,Togetic,88.8,110.1,150.2,123,2035,FAIRY_WIND,PSYSHOCK,HEAT_WAVE,88.2,83.1,86,83,salamence_shadow:898;salamence:821;drampa:743;togekiss:613;murkrow:577,abomasnow_shadow:129;pidgeot:274;pelipper:343;pidgeot_shadow:345;charizard_shadow:358
dragonite,Dragonite,88.7,135.8,107.3,113,1647,DRAGON_BREATH,THUNDER_PUNCH,SUPER_POWER,93.3,77.8,88.3,62.9,mantine:818;pidgeot:752;charizard:668;charizard_shadow:628;pelipper:623,abomasnow:171;abomasnow_shadow:192;articuno:194;murkrow:300;toucannon:329
ninetales,Ninetales,88.7,114.3,135.5,126,1954,EMBER,WEATHER_BALL_FIRE,ENERGY_BALL,87.8,86,84.5,81.9,abomasnow:900;abomasnow_shadow:869;murkrow_shadow:757;gliscor:587;togekiss:567,turtonator:194;mantine:243;gyarados_shadow:268;pelipper:304;pidgeot:323
ninetales_shadow,Ninetales (Shadow),88.7,114.3,135.5,126,1954,EMBER,WEATHER_BALL_FIRE,ENERGY_BALL,89.1,87.6,83.3,72.4,toucannon_shadow:773;murkrow:757;dodrio:757;murkrow_shadow:742;trumbeak_shadow:718,pelipper:247;mantine:272;gyarados_shadow:301;charizard_shadow:350;pidgeot:355
castform_sunny,Castform (Sunny),88.6,112.6,121.2,146,1994,EMBER,WEATHER_BALL_FIRE,SOLAR_BEAM,85.6,77.2,85,81.3,abomasnow:914;gliscor:636;togekiss:606;corviknight:606;pelipper:541,gyarados_shadow:128;gligar_shadow:129;gyarados:152;drampa:286;pidgeot:320
pidgeot_shadow,Pidgeot (Shadow),88.6,116.9,115.5,142,1918,WING_ATTACK,BRAVE_BIRD,AIR_CUTTER,97.8,93.2,93.2,71.3,charizard_shadow:806;gliscor:721;toucannon_shadow:711;mantine:626;gyarados:528,abomasnow:255;gyarados_shadow:264;salamence_shadow:311;pelipper:413;toucannon:430
talonflame,Talonflame,88.4,121.4,112.6,135,1847,INCINERATE,FLY,BRAVE_BIRD,85.6,79.4,85,75.4,corviknight:777;torkoal:744;ninetales_shadow:600;charizard:551;togekiss:540,gyarados:140;mantine:169;gyarados_shadow:177;pelipper:178;drampa:213
gligar_shadow,Gligar (Shadow),88.2,108.4,145.3,131,2065,WING_ATTACK,NIGHT_SLASH,DIG,91.3,85,82.8,75.4,drampa:732;ninetales:690;ninetales_shadow:637;turtonator:637;salamence_shadow:572,gyarados_shadow:227;abomasnow:255;mantine:293;pidgeot:327;pelipper:339
bombirdier,Bombirdier,87.9,127.8,117.1,117,1752,SUCKER_PUNCH,FLY,ROCK_TOMB,84.7,79.8,83.6,66.7,salamence_shadow:675;corviknight:653;mantine:645;gligar_shadow:641;togekiss:534,abomasnow:255;pidgeot:299;murkrow:314;pelipper:369;charizard_shadow:388
diggersby,Diggersby,87.9,95.7,140.3,174,2337,QUICK_ATTACK,FIRE_PUNCH,SCORCHING_SANDS,88.5,87.4,86.4,80.7,corviknight:718;drampa:643;ninetales_shadow:635;murkrow_shadow:580;charizard_shadow:543,abomasnow_shadow:143;pelipper:269;gyarados:326;togekiss:330;mantine:351
lugia,Lugia,87.9,102.4,167.1,127,2174,DRAGON_TAIL,FLY,AEROBLAST,84.3,79.4,92.9,62,drampa:665;mantine:661;gyarados_shadow:645;pidgeot:622;pelipper:566,abomasnow_shadow:150;articuno:166;gliscor_shadow:176;pidgeot_shadow:200;murkrow:240
golbat,Golbat,87.8,117.6,116.2,139,1901,WING_ATTACK,POISON_FANG,SHADOW_BALL,88.5,87.1,82.7,74.7,gliscor_shadow:676;ninetales_shadow:636;mantine:629;salamence_shadow:568;gyarados_shadow:557,gliscor:211;charizard:239;charizard_shadow:282;pidgeot:309;pelipper:369
golbat_shadow,Golbat (Shadow),87.7,117.6,116.2,139,1901,WING_ATTACK,POISON_FANG,SHADOW_BALL,89.1,91.7,80.5,64.1,gliscor:676;turtonator:654;gliscor_shadow:618;gligar_shadow:600;salamence:568,togekiss:243;gyarados_shadow:280;charizard:282;toucannon:288;charizard_shadow:324
oranguru,Oranguru,87.5,110.1,130,142,2035,CONFUSION,BRUTAL_SWING,TRAILBLAZE,90.7,78.5,79.5,73.7,toucannon_shadow:785;pelipper:654;gyarados_shadow:602;mantine:591;togekiss:591,murkrow_shadow:151;mandibuzz:214;corviknight:246;murkrow:270;charizard_shadow:346
rayquaza,Rayquaza,87.5,147.5,89.5,115,1519,DRAGON_TAIL,BREAKING_SWIPE,DRAGON_ASCENT,85.5,63.3,93,41.9,charizard:656;ninetales_shadow:643;gliscor:630;pelipper:578;pidgeot:556,togetic:77;togekiss:126;mandibuzz:142;mantine:206;pidgeot_shadow:235
xatu_shadow,Xatu (Shadow),87.5,132.2,107.9,119,1698,PECK,PSYSHOCK,SHADOW_BALL,89.1,90.2,86.3,44.9,gliscor:731;togekiss:701;fearow:701;gliscor_shadow:689;pidgeot:575,mandibuzz:211;pelipper:239;pidgeot_shadow:257;charizard:303;toucannon:329
vullaby,Vullaby,87.4,100.8,129.4,157,2049,AIR_SLASH,BRAVE_BIRD,FOUL_PLAY,86.9,73.2,87.4,73,trumbeak:576;gyarados_shadow:570;salamence:570;gyarados:509;pelipper:506,articuno:182;gliscor_shadow:211;pidgeot_shadow:228;toucannon:264;charizard_shadow:277
ledian,Ledian,87.1,101.3,162.5,134,2208,ROLLOUT,DYNAMIC_PUNCH,ACROBATICS,85.8,67.4,83.4,71.1,drampa:701;gyarados:679;gyarados_shadow:660;dragonite:619;togekiss:597,gliscor:142;gliscor_shadow:142;trumbeak:212;toucannon:231;pelipper:339
xatu,Xatu,87.1,132.2,107.9,119,1698,PECK,PSYSHOCK,SHADOW_BALL,89.8,90,83.3,48.7,fearow:743;gliscor:676;togekiss:579;pidgeot_shadow:575;pelipper:537,mandibuzz:160;charizard:260;toucannon:288;gyarados_shadow:293;charizard_shadow:303
gliscor,Gliscor,87,115.6,144.4,116,1939,WING_ATTACK,SAND_TOMB,ACROBATICS,92.3,87.3,91,73.3,gligar_shadow:676;dragonite:672;dragonite_shadow:672;ninetales_shadow:659;togekiss:586,gyarados_shadow:206;pidgeot:228;charizard_shadow:243;pelipper:273;pidgeot_shadow:278
marowak_alolan_shadow,Marowak (Alolan) (Shadow),87,109.6,148.8,125,2041,FIRE_SPIN,SHADOW_BONE,BONE_CLUB,86.6,75.3,78.1,72.8,ninetales_shadow:720;corviknight:679;charizard_shadow:668;charizard:620;togekiss:572,gyarados:177;gyarados_shadow:202;mantine:219;salamence:243;pelipper:278
flamigo,Flamigo,86.8,137.9,95.5,123,1622,WING_ATTACK,UPPER_HAND,BRAVE_BIRD,85.9,78.2,87.4,49.7,dragonite_shadow:670;turtonator:609;toucannon:548;fearow:548;trumbeak:548,pidgeot:161;pidgeot_shadow:193;pelipper:200;charizard_shadow:209;charizard:217
marowak_alolan,Marowak (Alolan),86.6,109.6,148.8,125,2041,FIRE_SPIN,BONE_CLUB,SHADOW_BONE,86.9,76.4,82,80.9,charizard:700;corviknight:700;togekiss:652;ninetales_shadow:652;charizard_shadow:620,gyarados_shadow:177;pelipper:230;salamence_shadow:243;pidgeot:306;pidgeot_shadow:341
rapidash_shadow,Rapidash (Shadow),86.3,133.6,111.5,112,1670,INCINERATE,DRILL_RUN,WILD_CHARGE,87.8,89.7,80.1,51.2,abomasnow_shadow:861;corviknight:754;abomasnow:669;ninetales_shadow:616;charizard_shadow:544,pelipper:173;gyarados:190;drampa:213;gyarados_shadow:227;mantine:243
diggersby_shadow,Diggersby (Shadow),86.1,95.7,140.3,174,2337,QUICK_ATTACK,SCORCHING_SANDS,FIRE_PUNCH,87,87,84.5,66.5,drampa:643;corviknight:629;murkrow:580;gliscor:580;charizard:543,abomasnow:143;abomasnow_shadow:160;ursaring_shadow:242;pelipper:343;pidgeot_shadow:362
ledian_shadow,Ledian (Shadow),86,101.3,162.5,134,2208,ROLLOUT,DYNAMIC_PUNCH,ACROBATICS,83.8,68.4,78.9,60.8,drampa:750;gyarados:660;mantine:582;gyarados_shadow:563;pidgeot_shadow:514,gliscor:142;ninetales_shadow:194;abomasnow:199;fearow:258;toucannon:288
talonflame_shadow,Talonflame (Shadow),86,121.4,112.6,135,1847,INCINERATE,FLAME_CHARGE,FLY,85,75.2,74.2,67.1,abomasnow:885;corviknight:759;ninetales_shadow:703;toucannon_shadow:662;murkrow_shadow:662,pelipper:160;drampa:186;mantine:190;gyarados_shadow:202;charizard_shadow:277
blaziken,Blaziken,85.7,143.9,90.8,119,1556,EMBER,AURA_SPHERE,BLAST_BURN,88.5,79.8,89.3,42.7,drampa:693;salamence:642;gliscor:634;salamence_shadow:584;fearow:579,pidgeot:130;charizard_shadow:141;pidgeot_shadow:161;toucannon_shadow:211;pelipper:313
drifblim,Drifblim,85.7,119.1,75.7,209,1887,HEX,ICY_WIND,SHADOW_BALL,87,76.4,84.4,65.6,gliscor:799;pelipper:660;togekiss:631;salamence:610;gyarados_shadow:566,abomasnow:129;murkrow:159;charizard:183;murkrow_shadow:185;charizard_shadow:243
dubwool,Dubwool,85.6,110.6,143,128,2025,DOUBLE_KICK,BODY_SLAM,PAYBACK,84.6,80,80.8,62.7,abomasnow:656;ninetales_shadow:648;fearow:562;trumbeak:558;charizard:519,blaziken:180;togekiss:230;pelipper:282;pidgeot:292;charizard_shadow:333
vespiquen,Vespiquen,85.6,108.8,143.4,132,2062,FURY_CUTTER,X_SCISSOR,POWER_GEM,83.1,78.9,81.1,63.9,drampa:757;articuno:723;gyarados:670;pelipper:590;gyarados_shadow:545,charizard:89;trumbeak:152;toucannon:166;toucannon_shadow:166;charizard_shadow:175
corvisquire,Corvisquire,85.5,118.1,104.7,153,1893,PECK,SKY_ATTACK,PAYBACK,81.1,81.2,85.3,59.9,gligar_shadow:650;ninetales_shadow:598;togekiss:584;gyarados:565;gyarados_shadow:529,pidgeot:214;pidgeot_shadow:257;pelipper:265;toucannon:296;charizard_shadow:303
stunfisk_galarian,Stunfisk (Galarian),85.4,101.4,126.6,172,2212,MUD_SHOT,ROCK_SLIDE,EARTHQUAKE,84.6,78.4,87.2,70.7,pidgeot:752;salamence_shadow:750;pidgeot_shadow:729;drampa:706;toucannon:651,hawlucha:42;charizard_shadow:89;charizard:89;ursaring_shadow:162;pelipper:334
victini,Victini,85.4,120.4,119.3,129,1855,CONFUSION,V_CREATE,PSYSHOCK,80,68.7,88.8,60.8,pidgeot:689;charizard_shadow:686;togekiss:651;charizard:635;pidgeot_shadow:620,murkrow:151;murkrow_shadow:170;gyarados:235;pelipper:265;gyarados_shadow:285
blaziken_shadow,Blaziken (Shadow),85.2,143.9,90.8,119,1556,EMBER,AURA_SPHERE,BLAST_BURN,85,63.7,93.2,33,drampa:617;ninetales_shadow:600;salamence_shadow:592;salamence:584;pidgeot_shadow:542,pelipper:121;charizard_shadow:141;charizard:141;pidgeot:161;toucannon:211
munchlax,Munchlax,85.2,103.1,96.5,218,2172,TACKLE,BODY_SLAM,BULLDOZE,87.8,78.7,77,71.3,drampa:637;gyarados_shadow:616;fearow:616;murkrow:603;charizard:589,skeledirge:165;dragonite_shadow:283;toucannon_shadow:296;dodrio:331;pidgeot_shadow:415
armarouge,Armarouge,85.1,132.1,109.6,117,1695,INCINERATE,PSYSHOCK,HEAT_WAVE,85.5,88.4,82.5,54.6,gliscor_shadow:756;togekiss:739;fearow:739;charizard_shadow:645;pidgeot_shadow:547,pelipper:147;gyarados:152;salamence:183;gyarados_shadow:190;salamence_shadow:222
charizard,Charizard,85.1,132.7,108.8,117,1691,EMBER,BLAST_BURN,AIR_CUTTER,93.4,90.7,88.5,64.8,corviknight:760;togekiss:739;fearow:739;pidgeot:598;pidgeot_shadow:568,pelipper:121;salazzle:135;mantine:272;gyarados_shadow:330;drampa:330
dartrix,Dartrix,85.1,112.4,115.5,154,2001,PECK,BRAVE_BIRD,SEED_BOMB,85.2,83,84.7,69,gyarados_shadow:662;gyarados:662;dragonite:613;gligar_shadow:590;mantine:581,charizard:217;trumbeak:227;toucannon:247;charizard_shadow:260;pidgeot:292
rapidash,Rapidash,85.1,133.6,111.5,112,1670,INCINERATE,DRILL_RUN,WILD_CHARGE,85.9,87,78.6,55.9,abomasnow:705;torkoal:691;charizard:660;ninetales_shadow:651;charizard_shadow:504,pelipper:147;gyarados:165;gyarados_shadow:190;mantine:198;drampa:230
charizard_shadow,Charizard (Shadow),85,132.7,108.8,117,1691,EMBER,BLAST_BURN,AIR_CUTTER,98.3,95.3,91.6,52.5,togekiss:696;toucannon_shadow:688;dodrio:653;salamence_shadow:636;pidgeot:568,pidgeot_shadow:193;pelipper:300;mantine:309;gyarados:330;drampa:356
chatot,Chatot,85,139.6,78.4,147,1610,PECK,SKY_ATTACK,HEAT_WAVE,83.2,82.7,78.6,50,gliscor:666;gliscor_shadow:615;turtonator:605;pidgeot:591;pidgeot_shadow:520,mantine:202;togekiss:265;drampa:278;toucannon:288;pelipper:317
moltres_shadow,Moltres (Shadow),85,139.9,102,112,1599,WING_ATTACK,FLY,HEAT_WAVE,78.3,69.7,86.7,40.4,blaziken:834;turtonator:683;torkoal:625;ninetales_shadow:584;corviknight:580,mantine:202;pidgeot_shadow:225;pelipper:239;pidgeot:257;toucannon:288
hippowdon_shadow,Hippowdon (Shadow),84.9,116.1,116.7,142,1926,ICE_FANG,WEATHER_BALL_ROCK,BODY_SLAM,82.3,69.2,78.9,58.6,salamence_shadow:862;salamence:845;murkrow:799;dodrio:774;drampa:742,ninetales_shadow:182;ninetales:194;pelipper:291;charizard:303;charizard_shadow:346
staravia,Staravia,84.8,131.9,91.5,135,1631,WING_ATTACK,BRAVE_BIRD,FLY,77.1,63.8,88,45.7,gliscor_shadow:633;ninetales:600;swanna:596;pidgeot_shadow:551;mantine:507,drampa:200;pelipper:213;pidgeot:214;toucannon:247;charizard_shadow:260
hippowdon,Hippowdon,84.5,116.1,116.7,142,1926,ICE_FANG,WEATHER_BALL_ROCK,BODY_SLAM,83.4,74.2,79.4,62.9,salamence:869;salamence_shadow:845;dodrio:785;togekiss:605;drampa:573,abomasnow:192;ninetales_shadow:194;gyarados_shadow:264;pelipper:265;charizard_shadow:303
blacephalon,Blacephalon,84.4,173.6,88.4,84,1290,INCINERATE,MIND_BLOWN,SHADOW_BALL,72.2,55.6,96.8,46.1,abomasnow:851;corviknight:636;gliscor:619;togekiss:577;fearow:577,turtonator:128;pelipper:186;drampa:226;charizard_shadow:247;pidgeot:257
articuno_galarian,Articuno (Galarian),84.2,134.1,110.9,112,1667,PSYCHO_CUT,FLY,BRAVE_BIRD,85.3,87,90,32.2,trumbeak:727;charizard:647;pidgeot:584;charizard_shadow:566;pelipper:517,murkrow:114;murkrow_shadow:114;salamence:175;gyarados_shadow:190;toucannon:207
moltres,Moltres,84.2,136.7,103.6,115,1631,WING_ATTACK,FLY,HEAT_WAVE,80.3,72,84.4,45.5,ninetales_shadow:682;charizard:656;dartrix:626;marowak_alolan_shadow:626;gligar_shadow:578,pelipper:200;togekiss:221;gyarados_shadow:227;toucannon:247;pidgeot_shadow:257
skeledirge,Skeledirge,84.2,121.2,109.7,139,1849,INCINERATE,TORCH_SONG,SHADOW_BALL,80.8,74.9,78.1,68.6,abomasnow_shadow:910;abomasnow:866;ninetales_shadow:733;charizard:557;togekiss:550,mantine:169;gyarados_shadow:177;pelipper:178;salamence_shadow:209;drampa:226
typhlosion_shadow,Typhlosion (Shadow),84.2,132.7,108.8,117,1691,INCINERATE,BLAST_BURN,THUNDER_PUNCH,85.9,79.2,79.8,51.9,mantine:782;corviknight:764;togekiss:696;fearow:696;pidgeot:542,pelipper:173;gyarados:190;drampa:200;gyarados_shadow:227;pidgeot_shadow:278
castform,Castform,84.1,112.6,121.2,146,1994,HEX,WEATHER_BALL_ROCK,ENERGY_BALL,83.8,74.3,79.7,63.9,charizard:739;charizard_shadow:681;pelipper:640;mantine:616;gyarados_shadow:609,ursaring_shadow:87;blaziken:155;drampa:252;pidgeot:274;pidgeot_shadow:345
jumpluff_shadow,Jumpluff (Shadow),84.1,96.7,156.9,153,2323,FAIRY_WIND,AERIAL_ACE,ACROBATICS,80.3,77.4,84.2,65.6,salamence:709;gyarados:689;salamence_shadow:643;gyarados_shadow:581;togekiss:565,charizard:89;fearow:125;charizard_shadow:132;trumbeak:152;toucannon:166
typhlosion,Typhlosion,84.1,132.7,108.8,117,1691,INCINERATE,BLAST_BURN,THUNDER_PUNCH,83.5,81.8,81.9,56.5,corviknight:752;togekiss:739;fearow:739;pidgeot:576;pidgeot_shadow:542,pelipper:147;gyarados:152;gyarados_shadow:190;dragonite:234;salamence:243
incineroar,Incineroar,84,125.2,109.1,131,1791,FIRE_FANG,BRUTAL_SWING,BLAST_BURN,81.8,63.3,79.4,70.9,abomasnow:889;charizard_shadow:671;corviknight:587;charizard:583;pidgeot_shadow:568,pelipper:160;gyarados:190;dragonite:225;gyarados_shadow:227;drampa:265
spinda,Spinda,84,110,110,142,1721,SUCKER_PUNCH,ROCK_TOMB,ICY_WIND,82.1,77.9,75,57.2,mantine:623;gyarados:605;fearow:577;trumbeak:573;pelipper:514,blaziken:155;togekiss:173;pidgeot:214;pidgeot_shadow:257;charizard_shadow:303
gliscor_shadow,Gliscor (Shadow),83.9,115.6,144.4,116,1939,WING_ATTACK,SAND_TOMB,ACROBATICS,91.1,83,86.6,57.2,dragonite:672;mantine:633;torkoal:612;ninetales_shadow:607;togekiss:556,articuno:198;toucannon:260;pidgeot:278;charizard_shadow:286;pelipper:308
wailmer,Wailmer,83.9,116.5,68.2,242,1927,ROLLOUT,SCALD,BODY_SLAM,85.8,75.2,80.9,67.1,charizard:780;charizard_shadow:735;pidgeot_shadow:661;gyarados_shadow:652;toucannon:564,victreebel:141;ursaring_shadow:198;toucannon_shadow:317;drampa:360;pelipper:413
abomasnow_shadow,Abomasnow (Shadow),83.5,117.8,112,143,1888,POWDER_SNOW,WEATHER_BALL_ICE,ENERGY_BALL,85.2,46.4,78.3,62,pidgeot:744;gyarados_shadow:730;pelipper:681;pidgeot_shadow:681;toucannon:618,castform_sunny:113;ninetales_shadow:130;ninetales:130;charizard:243;charizard_shadow:277
flygon,Flygon,83.4,127.9,109.5,125,1752,DRAGON_TAIL,SAND_TOMB,TWISTER,85,71.7,75.1,48.5,charizard:704;charizard_shadow:668;ninetales_shadow:624;pidgeot_shadow:616;salamence_shadow:564,togekiss:156;articuno:166;togetic:195;gyarados_shadow:252;toucannon:288
lickitung,Lickitung,83.4,96.6,127.7,186,2296,LICK,BODY_SLAM,POWER_WHIP,82.8,74.5,78.1,74.5,gyarados_shadow:653;salamence_shadow:650;mantine:610;pelipper:591;charizard_shadow:577,toucannon_shadow:101;pidgeot:246;pidgeot_shadow:281;dodrio:304;toucannon:304
raticate_alolan,Raticate (Alolan),83.4,107,130.1,150,2091,QUICK_ATTACK,CRUNCH,RETURN,80.6,61,86.3,56.3,mantine:600;gyarados_shadow:583;fearow:576;pidgeot:530;pelipper:510,togekiss:178;dragonite:181;pidgeot_shadow:214;toucannon:247;charizard_shadow:260
swoobat,Swoobat,83.4,126.6,101.6,138,1777,CONFUSION,FLY,PSYCHIC_FANGS,88.2,74.8,70.4,56.9,pidgeot:648;togekiss:630;pidgeot_shadow:623;mantine:623;pelipper:590,mandibuzz:74;murkrow:159;murkrow_shadow:196;abomasnow:213;corviknight:226
salazzle,Salazzle,83.1,147,91.2,114,1529,INCINERATE,POISON_FANG,DRAGON_PULSE,86.1,66.9,74.3,52.3,charizard:864;togekiss:688;toucannon:644;murkrow:644;charizard_shadow:548,pelipper:160;drampa:186;gyarados:190;gyarados_shadow:219;pidgeot:355
staraptor,Staraptor,83.1,140.3,90.8,125,1594,WING_ATTACK,FLY,CLOSE_COMBAT,75.3,70.7,83.1,41.3,fletchinder:660;rufflet:660;gliscor_shadow:604;dartrix:596;ninetales:584,togekiss:221;pidgeot_shadow:235;pelipper:243;toucannon:247;charizard_shadow:303
abomasnow,Abomasnow,83,117.8,112,143,1888,POWDER_SNOW,WEATHER_BALL_ICE,ENERGY_BALL,84.9,49.3,77.3,67.5,gyarados_shadow:797;pidgeot:776;pidgeot_shadow:744;togekiss:713;toucannon:681,ninetales:99;torkoal:121;ninetales_shadow:130;charizard:209;charizard_shadow:243
oinkologne_female,Oinkologne (Female),83,109.6,111.5,167,2042,TACKLE,BODY_SLAM,TRAILBLAZE,82.8,78.1,75.1,62.7,pelipper:631;gyarados:610;gyarados_shadow:598;fearow:568;charizard:544,blaziken:243;charizard_shadow:273;toucannon:296;pidgeot:397;pidgeot_shadow:426
arcanine_shadow,Arcanine (Shadow),82.8,132,102.5,125,1693,FIRE_FANG,WILD_CHARGE,PSYCHIC_FANGS,84.1,78.4,66.1,60.5,murkrow:675;dodrio:675;trumbeak_shadow:636;toucannon_shadow:596;pidgeot:536,pelipper:208;mantine:219;salamence:243;drampa:265;charizard_shadow:320
articuno_shadow,Articuno (Shadow),82.8,115.1,136.9,123,1939,POWDER_SNOW,TRIPLE_AXEL,HURRICANE,79.4,49.2,80.1,64.4,salamence_shadow:821;toucannon:752;murkrow:752;mantine:609;pidgeot_shadow:593,ninetales:99;torkoal:128;ninetales_shadow:130;charizard:294;pelipper:343
hawlucha,Hawlucha,82.8,127.4,107.6,128,1756,LOW_KICK,FLYING_PRESS,AERIAL_ACE,80.6,71,81.6,53.6,furret:839;drampa:750;mandibuzz:660;ninetales_shadow:621;salamence_shadow:574,togekiss:91;charizard:132;gyarados_shadow:169;charizard_shadow:175;pidgeot_shadow:193
greedent,Greedent,82.7,106.8,110.7,177,2094,MUD_SHOT,BODY_SLAM,TRAILBLAZE,81.2,80.2,77.8,65.6,magmar_shadow:632;drampa:615;salazzle:593;murkrow:559;trumbeak_shadow:533,toucannon:243;dragonite:243;charizard_shadow:316;mantine:330;pidgeot_shadow:376
wailmer_shadow,Wailmer (Shadow),82.5,116.5,68.2,242,1927,ROLLOUT,SCALD,BODY_SLAM,84.4,80.4,80.5,50.6,gyarados_shadow:762;charizard:735;charizard_shadow:681;pidgeot:661;pidgeot_shadow:611,hawlucha:167;ninetales_shadow:242;trumbeak:291;toucannon:317;murkrow:340
flygon_shadow,Flygon (Shadow),82.4,127.9,109.5,125,1752,DRAGON_TAIL,SAND_TOMB,TWISTER,84.6,70.9,72.9,37.5,ninetales_shadow:700;charizard:668;pidgeot:616;pidgeot_shadow:540;pelipper:524,togekiss:126;togetic:142;articuno:162;mantine:206;gyarados_shadow:301
swellow,Swellow,82.4,135.9,99.9,121,1645,WING_ATTACK,BRAVE_BIRD,AERIAL_ACE,74.1,63.4,85.2,44,noctowl:727;gligar:599;dartrix:595;swanna:574;ninetales:574,mantine:202;pidgeot:214;toucannon:247;charizard_shadow:260;pelipper:265
wailord,Wailord,82.4,118.3,67.4,237,1892,ROLLOUT,SURF,RETURN,82.3,61.5,80.3,55.9,charizard:689;pidgeot_shadow:632;charizard_shadow:624;mantine:624;toucannon:550,ursaring_shadow:226;abomasnow_shadow:248;salamence:303;toucannon_shadow:317;pelipper:365
lugia_shadow,Lugia (Shadow),82.3,104.2,164.3,124,2125,DRAGON_TAIL,FLY,AEROBLAST,74.5,69,87.7,46.8,swanna:705;gyarados:637;ninetales_shadow:612;turtonator:592;fearow:540,pidgeot:200;pelipper:213;charizard:213;pidgeot_shadow:228;charizard_shadow:273
arcanine,Arcanine,82.2,132,102.5,125,1693,FIRE_FANG,WILD_CHARGE,PSYCHIC_FANGS,81.8,75.2,70.2,62,abomasnow:868;abomasnow_shadow:856;articuno:804;murkrow_shadow:675;pidgeot_shadow:536,mantine:202;pelipper:204;drampa:226;gyarados_shadow:235;charizard_shadow:277
pidgeotto_shadow,Pidgeotto (Shadow),82.1,110.9,100.8,147,1644,WING_ATTACK,AIR_CUTTER,TWISTER,85.9,82.8,72.3,52.9,ursaring_shadow:874;murkrow_shadow:690;dragonite_shadow:656;swanna_shadow:605;salamence:540,gyarados_shadow:227;abomasnow:255;salamence_shadow:273;pidgeot:341;togekiss:365
ursaring_shadow,Ursaring (Shadow),82.1,139.6,91.3,126,1607,SHADOW_CLAW,CLOSE_COMBAT,SWIFT,92,88.7,75,25.4,murkrow:674;toucannon:638;gyarados_shadow:638;fearow:638;toucannon_shadow:603,pidgeot_shadow:98;pidgeotto_shadow:125;ninetales_shadow:194;torkoal:199;charizard_shadow:277
braixen_shadow,Braixen (Shadow),81.8,130.5,106.9,123,1718,EMBER,PSYSHOCK,FLAME_CHARGE,84.6,81.1,74.8,42.7,togekiss:711;toucannon:703;dodrio:703;toucannon_shadow:666;pidgeot:536,gyarados:115;drampa:121;gyarados_shadow:152;salamence_shadow:158;salamence:158
linoone,Linoone,81.8,114.1,111.7,154,1965,SHADOW_CLAW,SWIFT,GRASS_KNOT,80.6,76.6,76.5,62.2,swoobat:685;golbat:607;salamence_shadow:600;gyarados:597;gyarados_shadow:584,blaziken:193;pidgeot:232;pidgeot_shadow:260;toucannon:300;pelipper:365
staraptor_shadow,Staraptor (Shadow),81.8,140.3,90.8,125,1594,WING_ATTACK,FLY,CLOSE_COMBAT,70.9,65,82.8,37.7,blaziken_shadow:740;noctowl:683;fletchinder:612;rufflet:612;gliscor:604,mantine:169;pidgeot_shadow:225;pidgeot:235;pelipper:239;charizard_shadow:277
camerupt,Camerupt,81.6,133.5,100.5,125,1678,INCINERATE,ROCK_TOMB,SCORCHING_SANDS,80,75.1,67.7,55.2,abomasnow:852;abomasnow_shadow:828;torkoal:732;charizard:664;charizard_shadow:644,pelipper:147;gyarados:152;mantine:169;drampa:173;gyarados_shadow:190
staravia_shadow,Staravia (Shadow),81.6,131.9,91.5,135,1631,WING_ATTACK,BRAVE_BIRD,FLY,74.5,62.1,81.1,39.4,blaziken_shadow:759;gliscor:633;mandibuzz:600;pidgeot:551;gliscor_shadow:551,pelipper:200;mantine:202;togekiss:221;pidgeot_shadow:225;charizard_shadow:303
celesteela,Celesteela,81.5,119.5,120.7,130,1877,AIR_SLASH,BODY_SLAM,IRON_HEAD,79.2,59.7,76.7,74.5,pidgeot:653;toucannon:646;pidgeot_shadow:634;drampa:619;gyarados_shadow:596,ninetales_shadow:162;torkoal:167;turtonator:190;charizard:243;charizard_shadow:303
garchomp,Garchomp,81.4,132.4,101.4,126,1694,DRAGON_TAIL,TWISTER,SAND_TOMB,84,69.9,71.5,41.1,charizard:694;pidgeot:634;ninetales_shadow:607;pelipper:571;pidgeot_shadow:563,articuno:142;togekiss:156;mantine:177;toucannon:288;charizard_shadow:333
growlithe_shadow,Growlithe (Shadow),81.4,126.8,90.7,135,1555,EMBER,FLAME_WHEEL,BODY_SLAM,85.3,81,76.2,39.6,pidgeot_shadow:729;toucannon:696;murkrow:696;dodrio:696;toucannon_shadow:629,mantine:231;pelipper:295;charizard:333;drampa:352;pidgeot:366
skarmory,Skarmory,81.4,105.5,166.5,121,2127,AIR_SLASH,BRAVE_BIRD,SKY_ATTACK,75.4,50.5,86.3,75.2,pidgeot:723;gliscor:623;mantine:611;salamence:574;pelipper:566,torkoal:160;charizard:213;togekiss:265;charizard_shadow:273;pidgeot_shadow:313
runerigus,Runerigus,81.3,111.7,165.3,109,2013,SHADOW_CLAW,SHADOW_BALL,ROCK_TOMB,78.2,72.3,76.8,51.2,togekiss:674;pelipper:623;mantine:610;trumbeak:610;pidgeot:564,pidgeot_shadow:130;toucannon_shadow:150;dodrio:168;murkrow_shadow:188;murkrow:244
delphox_shadow,Delphox (Shadow),81.1,132.6,115.6,110,1687,FIRE_SPIN,PSYSHOCK,BLAST_BURN,75.6,56.9,78.1,47.4,abomasnow:886;abomasnow_shadow:881;ninetales_shadow:640;murkrow_shadow:586;pidgeot:550,turtonator:128;pelipper:186;drampa:239;gyarados_shadow:252;charizard_shadow:303
litleo,Litleo,80.9,121.5,105.7,144,1852,INCINERATE,FLAME_CHARGE,CRUNCH,79.7,66.7,71,68.8,abomasnow_shadow:913;abomasnow:871;articuno:718;charizard:559;charizard_shadow:503,mantine:169;gyarados_shadow:177;pelipper:178;drampa:213;salamence:226
drifblim_shadow,Drifblim (Shadow),80.8,119.1,75.7,209,1887,ASTONISH,ICY_WIND,SHADOW_BALL,80.3,58.4,68.7,62.7,corviknight:811;xatu:806;mantine:614;togekiss:533;gyarados_shadow:523,pidgeot:144;pidgeot_shadow:172;toucannon:174;fearow:185;drampa:213
girafarig_shadow,Girafarig (Shadow),80.8,130.3,101.5,130,1721,CONFUSION,PSYCHIC_FANGS,TRAILBLAZE,85,77.1,60.2,48,togekiss:726;dodrio:688;toucannon_shadow:611;pidgeot:600;pelipper:523,mandibuzz:165;moltres_galarian:165;murkrow:196;murkrow_shadow:237;abomasnow:269
kecleon,Kecleon,80.8,115.5,142.2,118,1940,SUCKER_PUNCH,FOUL_PLAY,THUNDER_PUNCH,77.9,66.9,76.4,58.2,mantine:631;golbat_shadow:631;gyarados:622;fearow:546;murkrow:529,togekiss:134;pidgeot:257;pelipper:265;pidgeot_shadow:299;charizard_shadow:303
mamoswine_shadow,Mamoswine (Shadow),80.8,136.2,87.3,138,1642,POWDER_SNOW,ICICLE_SPEAR,HIGH_HORSEPOWER,78.9,46.6,81.2,43.4,salamence_shadow:815;togekiss:706;murkrow:706;toucannon:702;pidgeot:561,ninetales:130;torkoal:160;ninetales_shadow:162;pelipper:239;charizard_shadow:311
victreebel_shadow,Victreebel (Shadow),80.8,135.1,93.5,131,1656,ACID,LEAF_BLADE,SLUDGE_BOMB,78.9,60.7,70.7,42.5,gyarados_shadow:721;salamence:698;pelipper:652;salamence_shadow:629;togekiss:583,mantine:210;pidgeot:225;charizard:243;pidgeot_shadow:257;charizard_shadow:311
garchomp_shadow,Garchomp (Shadow),80.7,132.4,101.4,126,1694,DRAGON_TAIL,TWISTER,SAND_TOMB,83.4,70.3,71.5,31.5,turtonator:773;torkoal:678;pidgeot:563;pidgeot_shadow:511;pelipper:507,togetic:142;abomasnow_shadow:167;togekiss:195;mantine:206;toucannon:345
victreebel,Victreebel,80.7,135.1,93.5,131,1656,ACID,LEAF_BLADE,SLUDGE_BOMB,78.3,70.9,68.8,48.3,gyarados:790;gyarados_shadow:721;salamence_shadow:698;togekiss:652;dodrio:583,corviknight:160;pidgeot:193;charizard:209;pidgeot_shadow:225;charizard_shadow:243
magmar_shadow,Magmar (Shadow),80.6,135.1,107.6,114,1659,EMBER,FIRE_PUNCH,SCORCHING_SANDS,85.5,79.1,76.5,35.3,trumbeak:719;toucannon:679;murkrow:679;dodrio:679;toucannon_shadow:640,salamence:158;drampa:160;salamence_shadow:196;mantine:214;pelipper:282
crocalor,Crocalor,80.5,119.4,105.7,148,1869,INCINERATE,CRUNCH,DISARMING_VOICE,78.8,68.7,73.8,65,abomasnow_shadow:915;abomasnow:875;torkoal:618;togekiss:543;charizard_shadow:516,mantine:148;gyarados_shadow:165;gyarados:185;drampa:213;pelipper:221
delphox,Delphox,80.5,132.6,115.6,110,1687,FIRE_SPIN,PSYSHOCK,BLAST_BURN,74.7,54.9,79.8,46.8,abomasnow:886;charizard:645;ninetales_shadow:640;pidgeot:631;pidgeot_shadow:550,pelipper:160;gyarados:177;gyarados_shadow:202;drampa:217;charizard_shadow:277
farfetchd,Farfetch'd,80.5,116.8,109.2,131,1671,FURY_CUTTER,LEAF_BLADE,AERIAL_ACE,79.2,73,73.5,59.1,zangoose:843;drampa:755;ursaring:702;ursaring_shadow:641;gligar_shadow:580,charizard_shadow:89;charizard:89;dragonite:181;pidgeot:274;pidgeot_shadow:295
magmortar_shadow,Magmortar (Shadow),80.5,140.8,104.5,108,1589,KARATE_CHOP,FIRE_PUNCH,THUNDERBOLT,85,77.9,74.6,28.3,toucannon:662;drampa:662;murkrow:662;dodrio:662;toucannon_shadow:620,togekiss:91;pelipper:121;salamence:158;charizard_shadow:175;charizard:175
combusken,Combusken,80.4,130.3,100.8,131,1723,EMBER,ROCK_SLIDE,FLAME_CHARGE,76.2,71.7,78.9,49.3,salamence:645;togekiss:614;charizard:610;salamence_shadow:572;charizard_shadow:519,pelipper:82;gyarados_shadow:115;drampa:121;pidgeot:140;pidgeot_shadow:161
girafarig,Girafarig,80.4,130.3,101.5,130,1721,CONFUSION,PSYCHIC_FANGS,TRAILBLAZE,83.4,76.1,63.6,53.1,togekiss:765;gliscor_shadow:757;pidgeot_shadow:600;gliscor:600;pelipper:565,murkrow_shadow:196;mandibuzz:220;drampa:300;murkrow:314;corviknight:336
pidgeotto,Pidgeotto,80.4,110.9,100.8,147,1644,WING_ATTACK,AIR_CUTTER,TWISTER,82.4,75.5,73.7,62.5,ursaring_shadow:894;blaziken:843;salamence:619;salamence_shadow:540;drampa:523,abomasnow:223;pidgeot:278;charizard:311;pidgeot_shadow:341;pelipper:369
seismitoad,Seismitoad,80.3,120.3,100.8,154,1869,MUD_SHOT,EARTH_POWER,ICY_WIND,79.6,76.9,76.8,58.8,drampa:737;salamence:675;salamence_shadow:610;charizard:587;pidgeot:529,abomasnow_shadow:73;ninetales_shadow:146;ursaring_shadow:162;abomasnow:220;charizard_shadow:354
typhlosion_hisuian,Typhlosion (Hisuian),80.3,139.6,106.8,108,1611,EMBER,SHADOW_BALL,WILD_CHARGE,72.9,54.9,89.1,33.2,mantine:800;togekiss:703;fearow:703;charizard:662;toucannon:657,salamence:119;pelipper:134;gyarados_shadow:152;salamence_shadow:158;pidgeot_shadow:179
ursaring,Ursaring,80.2,139.6,91.3,126,1607,SHADOW_CLAW,CLOSE_COMBAT,SWIFT,85.9,74.1,71.8,33,gyarados_shadow:710;toucannon:678;toucannon_shadow:638;charizard:591;charizard_shadow:559,pidgeotto_shadow:105;trumbeak:115;fearow:125;salamence:235;pidgeot:264
zygarde,Zygarde (50% Forme),80.2,114.1,128.3,133,1948,DRAGON_TAIL,CRUNCH,EARTHQUAKE,78.8,67.3,80.9,52.1,torkoal:759;charizard:639;ninetales:612;charizard_shadow:609;trumbeak:533,gyarados:202;gyarados_shadow:227;togekiss:247;pidgeot_shadow:257;pidgeot:355
braixen,Braixen,80.1,130.5,106.9,123,1718,EMBER,PSYSHOCK,FLAME_CHARGE,79.1,73,74,54.6,abomasnow:849;abomasnow_shadow:849;golbat_shadow:760;toucannon_shadow:703;pidgeot_shadow:536,gyarados_shadow:115;gyarados:115;salamence_shadow:158;toucannon:223;pelipper:286
mantyke,Mantyke,80,100.8,163,120,1973,BUBBLE,WATER_PULSE,AERIAL_ACE,77.7,58.8,80.3,58.8,gliscor:795;charizard:704;charizard_shadow:666;fearow:591;pidgeot:529,dragonite:128;dragonite_shadow:159;salamence_shadow:183;pidgeot_shadow:200;toucannon:231
magmar,Magmar,79.9,135.1,107.6,114,1659,KARATE_CHOP,FIRE_PUNCH,SCORCHING_SANDS,81.5,71.3,74,47,dodrio:719;trumbeak_shadow:719;ninetales_shadow:692;toucannon_shadow:679;murkrow_shadow:679,salamence_shadow:158;mantine:194;pelipper:256;togekiss:304;pidgeot:352
mamoswine,Mamoswine,79.9,136.2,87.3,138,1642,POWDER_SNOW,ICICLE_SPEAR,HIGH_HORSEPOWER,76.7,51.7,79.5,43,salamence:822;salamence_shadow:797;togekiss:742;pidgeot:630;pidgeot_shadow:561,ninetales:99;torkoal:121;ninetales_shadow:130;pelipper:200;charizard_shadow:277
steelix,Steelix,79.9,98.4,183.2,126,2273,THUNDER_FANG,PSYCHIC_FANGS,CRUNCH,78.6,64,72,80,mantine:900;pidgeot_shadow:841;pidgeot:837;pelipper:722;toucannon:690,diggersby_shadow:272;torkoal:277;abomasnow:283;blaziken:289;charizard:380
combusken_shadow,Combusken (Shadow),79.7,130.3,100.8,131,1723,EMBER,ROCK_SLIDE,FLAME_CHARGE,72.6,66.1,81.1,37.7,ninetales_shadow:675;abomasnow:645;torkoal:633;salamence:572;togekiss:538,pelipper:121;drampa:121;charizard_shadow:141;pidgeot:161;pidgeot_shadow:193
charmeleon_shadow,Charmeleon (Shadow),79.6,126.6,109.4,128,1774,EMBER,FIRE_PUNCH,FLAMETHROWER,80.6,75.2,73.8,40.8,murkrow:714;dodrio:714;toucannon_shadow:679;pidgeot:625;pidgeot_shadow:550,gyarados:115;pelipper:121;drampa:121;gyarados_shadow:152;salamence_shadow:158
flapple,Flapple,79.6,138.1,100.1,117,1618,DRAGON_BREATH,SEED_BOMB,DRAGON_PULSE,78.2,65.3,71.5,44.2,talonflame:589;moltres_galarian:585;salamence_shadow:568;ninetales:559;pelipper:521,articuno:198;pidgeot:204;charizard:247;pidgeot_shadow:271;charizard_shadow:294
growlithe,Growlithe,79.6,126.8,90.7,135,1555,EMBER,FLAME_WHEEL,BODY_SLAM,80.3,72.3,73.2,50,toucannon:729;murkrow:729;dodrio:729;toucannon_shadow:696;trumbeak_shadow:696,mantine:210;pelipper:230;pidgeot:299;drampa:313;charizard_shadow:333
magmortar,Magmortar,79.6,140.8,104.5,108,1589,KARATE_CHOP,FIRE_PUNCH,THUNDERBOLT,81.2,77.5,71.3,37.5,murkrow:703;dodrio:703;charizard:648;mantine:597;pidgeot:578,togekiss:91;pelipper:121;salamence_shadow:158;charizard_shadow:175;toucannon:207
zapdos_galarian,Zapdos (Galarian),79.6,135.6,107.2,113,1645,LOW_KICK,FLY,BRAVE_BIRD,66.8,42.3,83.8,37.2,moltres_galarian:707;vespiquen:628;furret:592;ninetales:561;ninetales_shadow:535,mantine:86;togekiss:91;pelipper:121;charizard_shadow:141;pidgeot:161
vigoroth,Vigoroth,79.5,116.2,114.1,145,1923,COUNTER,BODY_SLAM,ROCK_SLIDE,74.8,63.3,77,50.4,abomasnow:637;articuno:610;drampa:579;trumbeak:544;murkrow:531,togekiss:91;pelipper:160;charizard:209;charizard_shadow:217;pidgeot:257
charmeleon,Charmeleon,79.4,126.6,109.4,128,1774,EMBER,FIRE_PUNCH,RETURN,76.2,57.9,76.2,51.9,abomasnow:855;abomasnow_shadow:855;murkrow_shadow:714;ninetales_shadow:710;charizard:597,pelipper:82;mantine:103;gyarados_shadow:115;salamence_shadow:141;pidgeot:172
dipplin,Dipplin,79.3,114.6,128.8,132,1950,DRAGON_TAIL,SEED_BOMB,OUTRAGE,76.2,55.5,72.9,53.1,furret:602;oranguru:587;ninetales:541;gligar_shadow:526;drampa:503,togekiss:95;mantine:169;pidgeot_shadow:225;toucannon:260;charizard_shadow:273
raticate_alolan_shadow,Raticate (Alolan) (Shadow),79.3,107,130.1,150,2091,QUICK_ATTACK,CRUNCH,HYPER_BEAM,74.2,56.9,80.8,43,mantine:646;gyarados:583;fearow:553;trumbeak:550;gyarados_shadow:546,togekiss:178;pelipper:213;pidgeot:214;pidgeot_shadow:257;charizard_shadow:260
steelix_shadow,Steelix (Shadow),79.3,98.4,183.2,126,2273,THUNDER_FANG,PSYCHIC_FANGS,CRUNCH,76.5,61.2,71.3,77.1,pelipper:924;pidgeot:841;pidgeot_shadow:781;toucannon:753;charizard_shadow:690,stunfisk_galarian:78;marowak_alolan_shadow:240;blaziken:294;gliscor:331;torkoal:339
camerupt_shadow,Camerupt (Shadow),79.1,133.5,100.5,125,1678,INCINERATE,ROCK_TOMB,SCORCHING_SANDS,78.6,70.9,60.8,53.3,abomasnow:828;torkoal:700;charizard:644;toucannon_shadow:620;murkrow_shadow:620,pelipper:173;gyarados:190;drampa:200;mantine:210;gyarados_shadow:227
furfrou,Furfrou,79,115.5,125.1,134,1938,SUCKER_PUNCH,SURF,GRASS_KNOT,75.9,66.6,77.8,52.9,ninetales:682;gligar_shadow:645;ninetales_shadow:623;golbat_shadow:589;fearow:555,togekiss:134;murkrow:244;pidgeot:257;pelipper:265;charizard_shadow:303
ludicolo,Ludicolo,78.9,116.4,123.6,134,1931,ASTONISH,WEATHER_BALL_WATER,LEAF_STORM,79.6,68,73.4,52.3,ninetales_shadow:667;corviknight:641;gliscor:634;torkoal:623;mantine:559,trumbeak:104;fearow:112;toucannon:113;dodrio:127;pidgeot_shadow:285
marowak,Marowak,78.9,109.6,148.8,125,2041,MUD_SLAP,BONE_CLUB,ROCK_SLIDE,77.9,60.2,76.1,57.6,drampa:732;ninetales_shadow:700;dragonite:696;torkoal:668;charizard:544,gyarados_shadow:128;salamence_shadow:153;pelipper:173;toucannon:211;charizard_shadow:213
hippopotas,Hippopotas,78.8,115.1,111.7,152,1956,SAND_ATTACK,ROCK_TOMB,BODY_SLAM,76.5,68.6,73.5,50,golbat_shadow:674;torkoal:648;dragonite:578;murkrow:549;charizard:516,gyarados_shadow:78;articuno:103;abomasnow_shadow:129;abomasnow:150;toucannon:276
drifloon,Drifloon,78.7,110.9,79.8,186,1647,HEX,SHADOW_BALL,ICY_WIND,78,64,75,52.3,gliscor:768;gyarados:618;togekiss:586;salamence:580;gyarados_shadow:556,toucannon_shadow:89;trumbeak_shadow:109;murkrow:133;charizard:183;charizard_shadow:213
bibarel,Bibarel,78.6,122.9,99.2,149,1819,ROLLOUT,SURF,HYPER_FANG,77.6,57.1,75.3,48,torkoal:721;charizard_shadow:671;charizard:654;gyarados:634;pidgeot_shadow:627,blaziken:180;abomasnow:199;togekiss:247;gyarados_shadow:252;murkrow:314
skarmory_shadow,Skarmory (Shadow),78.6,105.5,166.5,121,2127,AIR_SLASH,BRAVE_BIRD,SKY_ATTACK,72.7,53,82.8,70.7,gligar:640;ledian:636;dartrix:632;salamence_shadow:611;mantine:566,torkoal:167;ninetales_shadow:194;charizard_shadow:303;pelipper:308;pidgeot:313
tropius,Tropius,78.6,101.4,128,170,2208,AIR_SLASH,LEAF_BLADE,BRUTAL_SWING,76.1,62.7,71.8,67.3,gyarados:688;hawlucha:661;gyarados_shadow:620;ursaring_shadow:617;dragonite_shadow:611,pelipper:213;charizard:213;toucannon:231;charizard_shadow:243;pidgeot:309
vigoroth_shadow,Vigoroth (Shadow),78.6,116.2,114.1,145,1923,COUNTER,BODY_SLAM,ROCK_SLIDE,69.8,57.2,74.5,46.6,ursaring_shadow:924;drampa:748;furret:689;ninetales_shadow:572;gyarados:510,togekiss:134;pelipper:213;charizard_shadow:217;charizard:217;pidgeot:299
magby,Magby,78.5,139.4,95.7,120,1603,KARATE_CHOP,FIRE_PUNCH,BRICK_BREAK,80.3,66.3,67.7,48.7,toucannon:733;murkrow:733;drampa:695;dodrio:695;toucannon_shadow:658,pelipper:221;mantine:280;salamence:286;charizard_shadow:294;salamence_shadow:320
hippopotas_shadow,Hippopotas (Shadow),78.4,115.1,111.7,152,1956,SAND_ATTACK,ROCK_TOMB,BODY_SLAM,76.7,75.6,72.1,40,golbat:674;golbat_shadow:615;torkoal:611;mandibuzz:601;togekiss:536,gyarados_shadow:78;gyarados:78;abomasnow:129;abomasnow_shadow:129;pelipper:278
oinkologne,Oinkologne,78.4,117.6,101.5,159,1901,TACKLE,BODY_SLAM,TRAILBLAZE,75,70.7,70.4,50.2,growlithe_shadow:638;gyarados:584;pidgeotto_shadow:581;gligar_shadow:572;fearow:509,charizard:273;togekiss:278;toucannon:296;pelipper:317;charizard_shadow:363
oricorio_baile,Oricorio (Baile),78.4,130.8,102,128,1710,AIR_SLASH,AIR_CUTTER,AERIAL_ACE,75.6,61.5,72,52.9,blaziken_shadow:871;talonflame:761;blaziken:675;dartrix:664;ninetales_shadow:542,pelipper:213;drampa:239;gyarados_shadow:276;toucannon:288;charizard_shadow:333
snorlax_shadow,Snorlax (Shadow),78.4,108.4,102.2,187,2073,LICK,BODY_SLAM,SUPER_POWER,73.5,60.8,74.5,44,gyarados:628;ninetales_shadow:601;abomasnow:598;golbat:572;gyarados_shadow:516,drampa:108;murkrow:181;toucannon:199;pelipper:213;pidgeot:257
bibarel_shadow,Bibarel (Shadow),78.3,122.9,99.2,149,1819,ROLLOUT,SURF,HYPER_FANG,77,61.7,72.9,38.1,charizard:671;charizard_shadow:647;pelipper:627;pidgeot:627;pidgeot_shadow:560,blaziken:205;drampa:217;gyarados:252;togekiss:278;gyarados_shadow:301
jumpluff,Jumpluff,78.3,96.7,156.9,153,2323,FAIRY_WIND,AERIAL_ACE,ENERGY_BALL,75.1,63.4,76.7,71.1,flamigo:800;salamence_shadow:709;ursaring_shadow:650;dragonite_shadow:607;gyarados:552,charizard_shadow:89;charizard:89;abomasnow:97;toucannon_shadow:166;pidgeot:260
lopunny,Lopunny,78.3,112,143.6,124,1996,LOW_KICK,THUNDER_PUNCH,SHADOW_BALL,76.8,76.4,77.9,49.5,dodrio:794;gyarados:673;corviknight:653;mantine:629;murkrow:572,gliscor:107;gliscor_shadow:107;charizard_shadow:132;dragonite_shadow:137;toucannon_shadow:207
pyroar,Pyroar,78.3,135,97.9,126,1667,INCINERATE,FLAME_CHARGE,DARK_PULSE,75.7,65.4,64.3,59.3,abomasnow:900;abomasnow_shadow:876;articuno:805;charizard:662;murkrow_shadow:638,pelipper:147;mantine:169;drampa:173;gyarados_shadow:190;charizard_shadow:260
emboar_shadow,Emboar (Shadow),78.2,137.8,80.4,147,1631,EMBER,BLAST_BURN,HEAT_WAVE,70.3,62.3,85.6,28.8,vespiquen:860;articuno:826;abomasnow_shadow:782;abomasnow:636;togekiss:520,mantine:86;pelipper:121;charizard:132;charizard_shadow:141;pidgeot:161
wailord_shadow,Wailord (Shadow),78.2,118.3,67.4,237,1892,ROLLOUT,SURF,HYPER_BEAM,77,58.2,73.5,40.4,charizard_shadow:672;pidgeot:632;charizard:624;pidgeot_shadow:601;mantine:563,drampa:217;ninetales_shadow:242;fearow:286;gyarados_shadow:301;toucannon:317
lampent_shadow,Lampent (Shadow),78.1,132.5,99,129,1692,EMBER,HEAT_WAVE,ENERGY_BALL,74.5,74.3,79,35.1,togekiss:686;fearow:686;gliscor_shadow:686;abomasnow:658;pidgeot_shadow:519,gyarados:115;pelipper:121;gyarados_shadow:152;salamence_shadow:158;charizard_shadow:175
marowak_shadow,Marowak (Shadow),78.1,109.6,148.8,125,2041,MUD_SLAP,BONE_CLUB,ROCK_SLIDE,75.9,53.5,68.8,49.3,blaziken:868;drampa:732;torkoal:656;turtonator:624;togekiss:544,gyarados_shadow:128;salamence:153;mantine:161;pelipper:221;charizard_shadow:243
snorlax,Snorlax,78,108.4,102.2,187,2073,LICK,BODY_SLAM,SUPER_POWER,75.3,63.5,73.7,53.8,salamence:647;gyarados_shadow:628;abomasnow:628;abomasnow_shadow:598;murkrow:505,toucannon:101;drampa:108;toucannon_shadow:199;pidgeot_shadow:257;pidgeot:257
pignite,Pignite,77.9,127.3,87,158,1751,EMBER,ROCK_TOMB,FLAME_CHARGE,70.9,50.3,71.6,51.9,dragonite:721;ninetales_shadow:693;charizard:674;torkoal:651;charizard_shadow:613,pelipper:82;gyarados_shadow:115;pidgeot:140;drampa:160;pidgeot_shadow:161
emboar,Emboar,77.8,137.8,80.4,147,1631,EMBER,BLAST_BURN,HEAT_WAVE,72.6,72.9,80.6,35.8,articuno:809;abomasnow:697;toucannon:554;fearow:554;trumbeak:554,mantine:86;gyarados_shadow:115;pelipper:121;pidgeot:130;charizard_shadow:132
ponyta_shadow,Ponyta (Shadow),77.8,133.5,108.2,116,1676,EMBER,FLAME_WHEEL,STOMP,81.7,75.9,76.4,32.4,togekiss:693;fearow:693;murkrow:685;dodrio:685;toucannon_shadow:646,pelipper:121;drampa:121;salamence:158;pidgeot_shadow:193;salamence_shadow:196
bellossom_shadow,Bellossom (Shadow),77.6,115,132.2,128,1948,ACID,LEAF_BLADE,DAZZLING_GLEAM,75.4,68.6,68.3,50.4,gyarados_shadow:773;toucannon_shadow:574;murkrow_shadow:574;pelipper:566;gyarados:562,torkoal:160;ninetales_shadow:162;pidgeot_shadow:193;charizard_shadow:209;pidgeot:323
swampert_shadow,Swampert (Shadow),77.6,122.9,109.1,136,1826,MUD_SHOT,HYDRO_CANNON,EARTHQUAKE,79.6,59.2,73.7,41.5,charizard_shadow:863;dodrio:731;charizard:716;toucannon_shadow:698;trumbeak_shadow:698,abomasnow:73;gyarados_shadow:78;salamence_shadow:81;drampa:160;mantine:202
ceruledge,Ceruledge,77.4,136.3,114,106,1648,INCINERATE,SHADOW_BALL,HEAT_WAVE,73,64.6,68.2,54.4,abomasnow:882;abomasnow_shadow:882;articuno:688;ninetales_shadow:655;charizard:632,pelipper:147;gyarados:165;mantine:169;gyarados_shadow:190;charizard_shadow:260
obstagoon_shadow,Obstagoon (Shadow),77.3,113.2,127.9,137,1985,COUNTER,CROSS_CHOP,NIGHT_SLASH,73.5,57.4,70.4,52.1,ursaring_shadow:937;furret:664;xatu:613;xatu_shadow:598;ninetales_shadow:572,vespiquen:79;togekiss:134;pelipper:213;charizard_shadow:217;charizard:217
heatran,Heatran,77.2,132.9,112.2,113,1687,FIRE_SPIN,MAGMA_STORM,STONE_EDGE,71.6,43.8,73.1,62.5,abomasnow:924;abomasnow_shadow:915;pidgeot_shadow:676;trumbeak:601;pidgeot:544,gyarados:177;pelipper:186;gyarados_shadow:202;charizard:213;charizard_shadow:243
swampert,Swampert,77.2,122.9,109.1,136,1826,MUD_SHOT,HYDRO_CANNON,EARTHQUAKE,77,57.1,73.5,54.8,charizard:897;ninetales_shadow:772;torkoal:772;charizard_shadow:716;turtonator:694,abomasnow_shadow:73;abomasnow:216;pelipper:217;pidgeot:278;mantine:301
volcanion,Volcanion,77.2,135.5,117.4,103,1640,INCINERATE,SCALD,OVERHEAT,74.5,70.5,68.7,50.4,abomasnow:936;torkoal:776;charizard:684;charizard_shadow:645;ninetales_shadow:592,gyarados:165;mantine:169;drampa:173;gyarados_shadow:190;pelipper:195
claydol,Claydol,77.1,103.5,172.6,121,2164,MUD_SLAP,ROCK_TOMB,SHADOW_BALL,73,43.1,74,54.2,dragonite:714;toucannon:628;charizard:615;drampa:561;charizard_shadow:545,pelipper:134;gyarados_shadow:152;pidgeot_shadow:154;toucannon_shadow:166;dodrio:168
honchkrow,Honchkrow,77.1,149.9,68.9,145,1500,PECK,BRAVE_BIRD,DARK_PULSE,69.5,62,73.7,43,blaziken_shadow:803;blaziken:779;flamigo:720;mandibuzz:668;gligar:596,pelipper:239;mantine:252;pidgeot_shadow:257;charizard_shadow:277;pidgeot:299
darumaka_shadow,Darumaka (Shadow),77,131.9,82.3,157,1706,FIRE_FANG,FIRE_PUNCH,FLAME_CHARGE,75.4,61,63.3,60.3,abomasnow:882;murkrow_shadow:691;dodrio:678;trumbeak_shadow:646;toucannon_shadow:614,pelipper:200;drampa:239;gyarados_shadow:264;charizard_shadow:303;mantine:338
gogoat,Gogoat,77,119.7,94.9,165,1876,VINE_WHIP,LEAF_BLADE,ROCK_SLIDE,73.6,69.4,68.8,45.5,gyarados_shadow:766;salamence:633;gyarados:624;pelipper:581;salamence_shadow:563,torkoal:82;ninetales_shadow:99;charizard_shadow:106;pidgeot_shadow:130;charizard:183
zangoose,Zangoose,77,144.7,87.7,122,1550,FURY_CUTTER,CLOSE_COMBAT,NIGHT_SLASH,83.1,70.7,65.8,31.5,toucannon:668;murkrow:668;dodrio:668;fearow:668;toucannon_shadow:627,ninetales_shadow:154;togekiss:195;drampa:252;pidgeot:316;pelipper:330
maushold,Maushold,76.9,116.2,121.9,136,1928,MUD_SHOT,SWIFT,CRUNCH,73.2,73.2,71.3,52.9,salazzle:786;armarouge:746;ninetales_shadow:625;pidgeotto_shadow:573;gyarados_shadow:503,togekiss:217;pelipper:221;toucannon:260;charizard_shadow:316;pidgeot:348
quagsire_shadow,Quagsire (Shadow),76.9,111.2,112.6,161,2018,MUD_SHOT,AQUA_TAIL,MUD_BOMB,75.4,52.5,70.9,58.8,blaziken:922;torkoal:745;charizard_shadow:711;turtonator:711;charizard:649,pelipper:173;abomasnow:178;mantine:243;gyarados_shadow:252;pidgeot_shadow:292
crobat,Crobat,76.8,121.2,118.1,129,1847,AIR_SLASH,POISON_FANG,SHADOW_BALL,72.6,57.9,66.9,58.8,flamigo:686;blaziken_shadow:682;gligar:639;mantine:604;vespiquen:577,togekiss:226;pidgeot:242;charizard:243;toucannon:268;pelipper:273
drifloon_shadow,Drifloon (Shadow),76.8,110.9,79.8,186,1647,HEX,SHADOW_BALL,ICY_WIND,74.2,64.1,70.4,42.7,gliscor:739;gliscor_shadow:674;golbat_shadow:618;ninetales_shadow:577;togekiss:540,fearow:88;toucannon:89;dodrio:100;trumbeak:108;toucannon_shadow:117
ho_oh,Ho-Oh,76.8,122.9,128.4,114,1801,INCINERATE,BRAVE_BIRD,EARTHQUAKE,71.6,49,82.7,60.8,abomasnow_shadow:864;ninetales:618;abomasnow:614;corviknight:605;torkoal:565,mantine:169;gyarados_shadow:177;pelipper:178;drampa:213;charizard_shadow:303
monferno_shadow,Monferno (Shadow),76.8,129.6,96,139,1731,EMBER,FLAME_WHEEL,LOW_SWEEP,74.8,72.2,76.7,38.7,abomasnow:834;articuno:816;abomasnow_shadow:802;torkoal:643;togekiss:564,pelipper:121;drampa:121;charizard_shadow:141;pidgeot:161;pidgeot_shadow:193
heatran_shadow,Heatran (Shadow),76.7,130.7,115.4,110,1661,FIRE_SPIN,MAGMA_STORM,STONE_EDGE,72.4,46.6,70.9,58.8,abomasnow_shadow:927;abomasnow:913;pidgeot:722;murkrow_shadow:722;pidgeot_shadow:650,turtonator:128;torkoal:167;pelipper:186;charizard:243;charizard_shadow:303
hydrapple,Hydrapple,76.6,122.2,110.7,136,1841,DRAGON_TAIL,SEED_BOMB,OUTRAGE,72.7,55.2,70.4,47,diggersby:650;rayquaza:610;oranguru:577;dragonite_shadow:555;furret:544,togekiss:95;pidgeot_shadow:193;charizard:243;toucannon:260;charizard_shadow:303
lampent,Lampent,76.6,132.5,99,129,1692,EMBER,HEAT_WAVE,ENERGY_BALL,73.8,72.6,75.7,42.5,dartrix:763;abomasnow:720;articuno:678;abomasnow_shadow:658;corviknight:616,gyarados_shadow:115;salamence:119;pelipper:121;salamence_shadow:158;toucannon:207
obstagoon,Obstagoon,76.6,113.2,127.9,137,1985,COUNTER,NIGHT_SLASH,CROSS_CHOP,74.8,58.1,70.1,58.2,ursaring_shadow:930;abomasnow:635;drampa:576;trumbeak:547;murkrow:529,vespiquen:79;togekiss:91;gliscor:159;charizard_shadow:217;pidgeot:390
scyther_shadow,Scyther (Shadow),76.6,134.8,109.4,113,1668,FURY_CUTTER,NIGHT_SLASH,X_SCISSOR,74.5,54.6,74.8,47,articuno_galarian:796;swoobat:676;moltres_galarian:606;abomasnow:597;dragonite_shadow:575,ninetales:138;charizard_shadow:149;charizard:149;toucannon_shadow:199;pelipper:339
marshtomp_shadow,Marshtomp (Shadow),76.5,120.4,111.4,139,1865,MUD_SHOT,SURF,SLUDGE,75.9,69.4,75,39.1,torkoal:888;gliscor_shadow:758;charizard:715;gligar_shadow:636;charizard_shadow:517,gyarados_shadow:78;salamence_shadow:81;mantine:227;pidgeot:281;pelipper:326
heatmor,Heatmor,76.4,134.6,92.6,134,1671,FIRE_SPIN,THUNDER_PUNCH,FLAMETHROWER,74.1,52.2,69.6,49.5,abomasnow:876;charizard:671;pidgeot:623;mantine:597;pidgeot_shadow:548,pelipper:160;gyarados:177;drampa:186;gyarados_shadow:202;charizard_shadow:243
marshtomp,Marshtomp,76.4,119.8,111.5,140,1871,MUD_SHOT,SURF,SLUDGE,75.1,68,74.5,50.4,torkoal:753;charizard_shadow:717;charizard:660;blaziken:610;turtonator:589,ninetales_shadow:146;ninetales:146;pelipper:239;pidgeot:257;pidgeot_shadow:281
vibrava_shadow,Vibrava (Shadow),76.4,125.2,95.7,127,1523,DRAGON_BREATH,SAND_TOMB,BUG_BUZZ,78.5,71.3,58.4,40.2,turtonator:775;marowak_alolan_shadow:748;salamence:582;salamence_shadow:507;drampa:503,togetic:158;togekiss:243;pelipper:269;pidgeot_shadow:299;mantine:305
linoone_galarian_shadow,Linoone (Galarian) (Shadow),76.3,114.1,111.7,154,1965,SNARL,BODY_SLAM,DIG,73.5,67.1,69.6,39.8,marowak_alolan_shadow:701;ursaring_shadow:685;xatu:623;salamence_shadow:607;ninetales_shadow:577,blaziken:105;blaziken_shadow:130;togekiss:286;pidgeot:323;pelipper:378
vibrava,Vibrava,76.3,125.2,95.7,127,1523,DRAGON_BREATH,SAND_TOMB,BUG_BUZZ,75.6,68.4,63.5,45.5,turtonator:807;charizard:661;torkoal:645;salamence:594;salamence_shadow:582,togekiss:247;mantine:252;corviknight:316;pelipper:343;pidgeot:345
ponyta,Ponyta,76.2,133.5,108.2,116,1676,EMBER,FLAME_WHEEL,STOMP,77.4,67.9,74,42.3,abomasnow_shadow:840;abomasnow:702;murkrow_shadow:685;corviknight:586;pidgeot_shadow:512,pelipper:121;salazzle:135;blaziken_shadow:155;salamence_shadow:158;mantine:214
wyrdeer,Wyrdeer,76.2,126.6,95.5,146,1767,CONFUSION,STOMP,WILD_CHARGE,76.7,64.1,73.1,44.7,blaziken:842;mantine:599;pidgeot_shadow:592;ninetales_shadow:575;pelipper:561,murkrow:151;murkrow_shadow:188;corviknight:250;togekiss:286;gyarados_shadow:301
bellossom,Bellossom,76.1,115,132.2,128,1948,ACID,LEAF_BLADE,DAZZLING_GLEAM,74.7,62.5,67.2,55,ursaring_shadow:820;moltres_galarian:714;gyarados:632;furret:574;gyarados_shadow:562,golbat:111;torkoal:210;pidgeot:278;charizard_shadow:316;pidgeot_shadow:323
gabite,Gabite,76.1,128.7,102.4,132,1741,MUD_SHOT,TWISTER,DIG,71.3,61.1,74,44.7,turtonator:829;torkoal:693;ninetales_shadow:628;dragonite:621;dragonite_shadow:545,gyarados_shadow:78;salamence_shadow:81;salamence:81;drampa:121;togekiss:152
sandslash,Sandslash,76.1,120.4,123,125,1853,SAND_ATTACK,NIGHT_SLASH,ROCK_TOMB,72.9,69.2,70.2,41.5,castform_sunny:692;ninetales:688;swanna_shadow:675;ledian:660;golbat_shadow:628,gyarados_shadow:78;articuno:103;abomasnow:136;murkrow:192;toucannon:256
centiskorch,Centiskorch,76,128.7,99.4,136,1740,EMBER,LUNGE,HEAT_WAVE,75.4,68.7,69.9,51.2,vespiquen:849;abomasnow:775;articuno:746;abomasnow_shadow:720;corviknight:639,pelipper:82;charizard_shadow:106;gyarados_shadow:115;charizard:132;toucannon:207
darumaka,Darumaka,76,131.9,82.3,157,1706,FIRE_FANG,FIRE_PUNCH,FLAME_CHARGE,72.7,58.7,65.7,59.7,abomasnow:885;abomasnow_shadow:882;togetic:678;articuno:675;dartrix:633,pelipper:160;gyarados:190;mantine:202;gyarados_shadow:227;drampa:243
linoone_galarian,Linoone (Galarian),76,114.1,111.7,154,1965,SNARL,BODY_SLAM,DIG,73.2,63.4,68.3,48.5,swoobat:834;xatu:639;xatu_shadow:623;gligar:603;mantine:584,blaziken:105;blaziken_shadow:105;togekiss:252;pidgeot:267;pelipper:313
quagsire,Quagsire,76,111.2,112.6,161,2018,MUD_SHOT,AQUA_TAIL,MUD_BOMB,74.4,50.2,70.9,64.4,blaziken:922;torkoal:804;charizard:686;charizard_shadow:649;murkrow:555,dartrix:116;abomasnow:160;pelipper:269;toucannon:296;pidgeot:334
stoutland,Stoutland,75.9,123.8,116.2,125,1799,ICE_FANG,WILD_CHARGE,CRUNCH,72.4,46,71,60.1,salamence:852;salamence_shadow:824;dodrio:780;toucannon_shadow:744;mantine:604,torkoal:144;ninetales:158;ninetales_shadow:210;charizard:260;pelipper:317
houndour_shadow,Houndour (Shadow),75.8,140.3,82.3,120,1387,EMBER,CRUNCH,FLAMETHROWER,72.9,61.5,79.7,23.3,fearow:620;gliscor_shadow:620;toucannon:579;trumbeak:579;charizard:562,pelipper:121;charizard_shadow:141;gyarados_shadow:152;pidgeot:161;pidgeot_shadow:193
monferno,Monferno,75.8,129.6,96,139,1731,EMBER,FLAME_WHEEL,LOW_SWEEP,75.9,68.6,72.7,47.2,abomasnow:866;vespiquen:845;abomasnow_shadow:834;articuno:823;corviknight:564,pelipper:82;gyarados_shadow:115;gyarados:115;pidgeot_shadow:161;pidgeot:376
quilava,Quilava,75.8,126.6,109.4,128,1774,EMBER,FLAME_CHARGE,DIG,71,54.1,72.1,54.8,articuno:808;abomasnow_shadow:675;abomasnow:660;corviknight:578;torkoal:566,murkrow:218;toucannon:223;pelipper:230;gyarados:264;gyarados_shadow:309
aipom_shadow,Aipom (Shadow),75.7,124.3,106.7,135,1792,ASTONISH,SWIFT,AERIAL_ACE,74.5,65.8,62.8,39.4,xatu:737;marowak_alolan_shadow:659;swanna:644;gliscor:548;pelipper:533,drampa:134;trumbeak:134;fearow:145;toucannon:146;dodrio:163
oricorio_sensu,Oricorio (Sensu),75.7,130.8,102,128,1710,AIR_SLASH,AIR_CUTTER,AERIAL_ACE,71.6,58.4,67.7,48.9,vespiquen:816;blaziken_shadow:808;blaziken:734;ledian_shadow:679;dartrix:621,corviknight:136;mandibuzz:142;charizard:273;toucannon:288;charizard_shadow:333
pignite_shadow,Pignite (Shadow),75.6,127.3,87,158,1751,EMBER,ROCK_TOMB,FLAME_CHARGE,66.9,45,70.5,41.1,articuno:825;ninetales_shadow:734;abomasnow:670;charizard:613;charizard_shadow:528,pelipper:121;drampa:134;gyarados_shadow:152;pidgeot:161;pidgeot_shadow:161
sandslash_shadow,Sandslash (Shadow),75.6,120.4,123,125,1853,SAND_ATTACK,NIGHT_SLASH,ROCK_TOMB,73.5,76.4,67.6,32.2,swanna:675;golbat:628;swanna_shadow:616;articuno:600;pidgeot_shadow:536,gyarados_shadow:78;gyarados:78;pelipper:82;mantine:107;salamence_shadow:158
flareon,Flareon,75.5,142.2,109.9,100,1564,EMBER,SUPER_POWER,HEAT_WAVE,78.9,58.4,76.5,29.8,drampa:725;toucannon:695;fearow:695;trumbeak:695;toucannon_shadow:595,salamence:119;pelipper:121;gyarados_shadow:152;salamence_shadow:158;charizard_shadow:175
scyther,Scyther,75.4,134.8,109.4,113,1668,FURY_CUTTER,NIGHT_SLASH,X_SCISSOR,75.7,60.2,68.5,49.3,swoobat:730;abomasnow_shadow:597;xatu:597;murkrow:553;drampa:517,ninetales_shadow:138;charizard_shadow:149;charizard:149;togekiss:186;pidgeot:264
crobat_shadow,Crobat (Shadow),75.3,121.2,118.1,129,1847,AIR_SLASH,POISON_FANG,SHADOW_BALL,72.4,61,59.1,54.8,blaziken_shadow:810;hawlucha:771;flamigo:763;blaziken:682;magmar:643,mantine:276;pidgeot:278;togekiss:278;drampa:278;pelipper:308
excadrill_shadow,Excadrill (Shadow),75.2,142.6,78.7,140,1573,MUD_SHOT,DRILL_RUN,ROCK_SLIDE,70.7,45,81.2,24.1,togekiss:782;toucannon:746;drampa:739;toucannon_shadow:710;pidgeot_shadow:635,salamence:81;pelipper:82;abomasnow:97;charizard_shadow:106;salamence_shadow:119
gourgeist_large,Gourgeist (Large),75.1,115.9,137.2,122,1940,INCINERATE,SHADOW_BALL,SEED_BOMB,71.3,62.3,67.1,55.2,ledian_shadow:745;vespiquen:631;gyarados:610;dragonite:586;dragonite_shadow:569,turtonator:75;charizard:158;pidgeot_shadow:172;charizard_shadow:192;pidgeot:250
aipom,Aipom,75,124.3,106.7,135,1792,ASTONISH,SWIFT,AERIAL_ACE,74.7,63,64.9,43.8,xatu_shadow:737;swanna_shadow:644;gliscor_shadow:548;gyarados:522;gyarados_shadow:514,toucannon:117;drampa:126;trumbeak_shadow:136;toucannon_shadow:146;murkrow:211
golurk_shadow,Golurk (Shadow),75,133.3,98.5,128,1681,MUD_SLAP,SHADOW_PUNCH,DYNAMIC_PUNCH,72.2,51.5,59.7,39.1,salazzle:890;blaziken_shadow:859;blaziken:855;drampa:652;swoobat:605,pelipper:134;pidgeot_shadow:151;gyarados_shadow:152;togekiss:156;toucannon:174
larvesta,Larvesta,75,130.8,99.7,131,1710,EMBER,FLAME_WHEEL,BUG_BUZZ,72.4,64.1,73.4,39.6,vespiquen:843;articuno:812;abomasnow:725;abomasnow_shadow:664;corviknight:610,pelipper:82;charizard_shadow:106;gyarados_shadow:115;drampa:121;pidgeot_shadow:161
buneary,Buneary,74.9,121.8,100.8,135,1659,QUICK_ATTACK,SWIFT,FIRE_PUNCH,73.9,70.6,67.6,40.4,ursaring_shadow:896;murkrow_shadow:729;dragonite_shadow:703;abomasnow:592;salamence:585,gyarados_shadow:227;salamence_shadow:273;mantine:309;pidgeot:359;pelipper:373
chandelure,Chandelure,74.9,151.4,105.2,93,1482,INCINERATE,SHADOW_BALL,FLAME_CHARGE,71.9,57.2,58.4,50.2,abomasnow:865;abomasnow_shadow:865;articuno:736;ninetales:629;ninetales_shadow:591,pelipper:160;drampa:200;mantine:202;gyarados_shadow:214;pidgeot_shadow:267
gourgeist_super,Gourgeist (Super),74.9,115,131.6,129,1954,INCINERATE,SHADOW_BALL,SEED_BOMB,70.9,60.5,67.1,56.1,vespiquen:647;gyarados:624;dragonite:604;dragonite_shadow:585;corviknight:538,turtonator:75;ninetales_shadow:111;charizard_shadow:145;charizard:158;pidgeot:232
nidoqueen,Nidoqueen,74.9,116.5,118.4,139,1920,MUD_SLAP,STONE_EDGE,POISON_FANG,71.6,49.3,70.7,53.3,blaziken:694;torkoal:661;ninetales:658;turtonator:654;ninetales_shadow:625,mantine:115;pidgeot:123;gyarados_shadow:128;pelipper:143;pidgeot_shadow:151
excadrill,Excadrill,74.8,142.6,78.7,140,1573,MUD_SHOT,DRILL_RUN,ROCK_SLIDE,70.7,56.9,77.9,30.5,fearow:817;toucannon:782;dodrio:782;toucannon_shadow:746;drampa:625,abomasnow:66;salamence_shadow:81;pelipper:82;abomasnow_shadow:97;murkrow:211
gourgeist_average,Gourgeist (Average),74.8,115.9,145,115,1934,INCINERATE,SHADOW_BALL,SEED_BOMB,71.2,60.4,67.1,55,ledian_shadow:769;vespiquen:617;gyarados:595;dragonite:569;dragonite_shadow:547,ninetales_shadow:111;charizard_shadow:145;charizard:158;pidgeot_shadow:172;pidgeot:250
houndoom,Houndoom,74.8,139.5,97.3,118,1603,FIRE_FANG,FOUL_PLAY,FLAMETHROWER,71.3,53.6,68.8,57.2,abomasnow_shadow:889;abomasnow:877;oranguru:707;trumbeak_shadow:656;mandibuzz:580,pelipper:200;mantine:202;drampa:239;charizard_shadow:260;gyarados_shadow:264
quilava_shadow,Quilava (Shadow),74.6,126.6,109.4,128,1774,EMBER,FLAME_CHARGE,DIG,66.8,49.9,70.9,41.7,articuno:808;ninetales_shadow:675;abomasnow:675;abomasnow_shadow:640;pidgeot_shadow:527,salamence_shadow:166;togekiss:195;toucannon:239;pelipper:282;drampa:334
honchkrow_shadow,Honchkrow (Shadow),74.5,149.9,68.9,145,1500,PECK,BRAVE_BIRD,DARK_PULSE,71.6,58.5,64.6,46.1,blaziken:803;blaziken_shadow:789;mandibuzz:696;corviknight:679;noctowl:637,mantine:252;pidgeot:257;pelipper:278;pidgeot_shadow:288;charizard_shadow:384
torracat,Torracat,74.5,135.5,89.8,135,1645,EMBER,FLAME_CHARGE,CRUNCH,72.1,68.6,70.4,42.7,articuno:818;abomasnow:688;abomasnow_shadow:637;corviknight:574;pidgeot_shadow:533,gyarados_shadow:115;gyarados:115;pelipper:121;drampa:121;salamence_shadow:158
palossand,Palossand,74.4,116.5,123,134,1922,ASTONISH,SHADOW_BALL,SAND_TOMB,75.4,59.7,67.9,53.8,xatu:772;dragonite:682;torkoal:645;togekiss:582;dragonite_shadow:574,pidgeot_shadow:144;pidgeot:165;toucannon:166;trumbeak:171;toucannon_shadow:174
darmanitan_standard,Darmanitan (Standard),74.2,149.7,72,138,1490,INCINERATE,ROCK_SLIDE,OVERHEAT,71.9,60.8,58.9,47.4,abomasnow:887;abomasnow_shadow:865;articuno:815;ninetales:652;ninetales_shadow:619,pelipper:160;mantine:190;drampa:200;gyarados_shadow:214;pidgeot_shadow:267
venusaur_shadow,Venusaur (Shadow),74.1,122.1,122.1,123,1836,VINE_WHIP,FRENZY_PLANT,SLUDGE,65.7,61.1,73.8,38.1,victreebel_shadow:670;furret:552;salamence:544;pelipper:524;gyarados:512,charizard_shadow:106;charizard:106;salamence_shadow:119;togekiss:134;toucannon:166
gabite_shadow,Gabite (Shadow),74,128.7,102.4,132,1741,MUD_SHOT,TWISTER,DIG,72.9,58.8,70.9,31.1,charizard_shadow:859;ninetales_shadow:693;toucannon_shadow:655;murkrow_shadow:655;dragonite:545,articuno:59;salamence_shadow:72;gyarados_shadow:78;gyarados:78;salamence:81
gourgeist_small,Gourgeist (Small),73.9,116.8,152.9,107,1913,INCINERATE,SHADOW_BALL,SEED_BOMB,69.8,57.1,67.2,54.8,ledian_shadow:757;vespiquen:598;gyarados:579;dragonite:542;dragonite_shadow:523,ninetales_shadow:111;charizard_shadow:145;charizard:158;pidgeot_shadow:172;gyarados_shadow:185
houndour,Houndour,73.6,140.3,82.3,120,1387,EMBER,CRUNCH,FLAMETHROWER,72.6,62.7,71.3,29.6,toucannon:662;fearow:662;trumbeak:662;toucannon_shadow:579;charizard_shadow:562,pelipper:121;drampa:121;gyarados_shadow:152;salamence_shadow:158;pidgeot_shadow:161
nidoqueen_shadow,Nidoqueen (Shadow),73.6,116.5,118.4,139,1920,MUD_SLAP,STONE_EDGE,POISON_FANG,70,45.4,63.8,45.3,blaziken:852;vespiquen:640;ninetales:625;torkoal:593;turtonator:586,pelipper:108;togekiss:126;toucannon:146;pidgeot:151;pidgeot_shadow:158
gastrodon,Gastrodon,73.5,113.2,103.4,168,1967,MUD_SLAP,BODY_SLAM,WATER_PULSE,72.1,45.7,68.7,56.5,turtonator:833;torkoal:758;charizard:675;gligar_shadow:613;charizard_shadow:595,gliscor:107;toucannon_shadow:146;salamence_shadow:153;pidgeot:242;pelipper:247
chandelure_shadow,Chandelure (Shadow),73.4,151.4,105.2,93,1482,INCINERATE,SHADOW_BALL,FLAME_CHARGE,72.9,54.9,53.6,54.8,abomasnow:865;abomasnow_shadow:865;articuno:822;vespiquen:779;corviknight:677,mantine:185;pelipper:186;drampa:239;charizard_shadow:260;pidgeot:267
amoonguss_shadow,Amoonguss (Shadow),73.3,109.3,105.9,177,2050,ASTONISH,GRASS_KNOT,FOUL_PLAY,68.3,53.9,66.3,44.4,dragonite:714;hawlucha:669;gyarados:601;xatu_shadow:601;mantine:502,fearow:116;drampa:143;toucannon:146;pidgeot:281;pidgeot_shadow:309
trevenant,Trevenant,73.3,127.8,104.6,131,1752,SHADOW_CLAW,SEED_BOMB,SHADOW_BALL,68.1,54.2,66.8,43.6,ledian_shadow:709;fletchinder:583;gliscor:568;pelipper:526;gyarados_shadow:503,trumbeak:115;toucannon:126;toucannon_shadow:126;pidgeot_shadow:221;pidgeot:316
oricorio_pau,Oricorio (Pa'u),73,130.8,102,128,1710,AIR_SLASH,AIR_CUTTER,AERIAL_ACE,69.4,56.2,65,41.5,blaziken_shadow:808;blaziken:683;ledian_shadow:640;dartrix:621;togekiss:554,corviknight:136;mandibuzz:142;drampa:239;charizard:273;toucannon:288
amoonguss,Amoonguss,72.9,109.3,105.9,177,2050,ASTONISH,GRASS_KNOT,FOUL_PLAY,68.9,52.2,68.2,52.3,dragonite:725;dragonite_shadow:714;gyarados:607;gyarados_shadow:601;gligar_shadow:533,trumbeak:108;toucannon:117;drampa:143;pidgeot:225;pidgeot_shadow:281
golett_shadow,Golett (Shadow),72.9,119.3,89.9,141,1513,ASTONISH,SHADOW_PUNCH,BRICK_BREAK,72.1,61.5,53.1,39.4,xatu:741;salamence_shadow:634;golbat:613;swanna:606;dragonite_shadow:570,drampa:200;dodrio:200;mandibuzz:217;pelipper:291;pidgeot_shadow:323
venusaur,Venusaur,72.9,122.1,122.1,123,1836,VINE_WHIP,FRENZY_PLANT,SLUDGE,68.1,65.3,71.2,45.3,pelipper:682;salamence_shadow:544;ursaring_shadow:536;gyarados:528;gyarados_shadow:512,charizard:89;charizard_shadow:106;togekiss:134;murkrow:151;toucannon:166
decidueye_hisuian,Decidueye (Hisuian),72.8,126.9,109.4,127,1765,PSYCHO_CUT,TRAILBLAZE,AURA_SPHERE,69.1,51.2,66.6,48.3,furret:838;ursaring_shadow:783;drampa:771;abomasnow_shadow:641;salamence_shadow:570,murkrow:55;toucannon:138;charizard_shadow:141;charizard:141;pelipper:352
shiftry_shadow,Shiftry (Shadow),72.8,133.4,88,143,1680,SNARL,LEAF_BLADE,FOUL_PLAY,66.8,42.8,70.1,36.2,swoobat:870;gyarados_shadow:681;dragonite:650;dragonite_shadow:580;salamence:548,ninetales_shadow:123;charizard:132;charizard_shadow:153;drampa:160;toucannon_shadow:166
tauros_blaze,Tauros (Blaze),72.8,127.8,120.6,114,1759,DOUBLE_KICK,FLAME_CHARGE,TRAILBLAZE,67.7,49.2,59.7,49.3,articuno:837;abomasnow:666;abomasnow_shadow:631;furret:605;corviknight:565,pidgeot:151;gyarados_shadow:157;salamence:192;pidgeot_shadow:193;pelipper:247
bewear,Bewear,72.7,129.6,87.1,153,1729,SHADOW_CLAW,SUPER_POWER,STOMP,75.1,66.6,73.5,39.1,salamence:640;ninetales_shadow:607;abomasnow:581;salamence_shadow:575;drampa:513,fearow:84;trumbeak:115;toucannon:126;toucannon_shadow:126;pidgeot:235
darmanitan_standard_shadow,Darmanitan (Standard) (Shadow),72.7,149.7,72,138,1490,INCINERATE,ROCK_SLIDE,OVERHEAT,73.6,58.5,52,52.3,abomasnow_shadow:873;abomasnow:865;articuno:778;ninetales:619;murkrow:605,mantine:185;pelipper:186;drampa:226;charizard_shadow:260;pidgeot:267
golurk,Golurk,72.6,133.3,98.5,128,1681,MUD_SLAP,SHADOW_PUNCH,DYNAMIC_PUNCH,70.7,49.2,60,39.8,blaziken_shadow:855;blaziken:839;marowak_alolan_shadow:667;castform_sunny:644;torkoal:570,pelipper:108;gyarados_shadow:128;salamence:132;toucannon:146;murkrow:159
landorus_incarnate_shadow,Landorus (Incarnate) (Shadow),72.6,140.2,100.8,113,1599,MUD_SHOT,ROCK_SLIDE,EARTH_POWER,69.1,65.4,82.8,17.1,togekiss:685;toucannon:641;fearow:641;trumbeak:641;dragonite:641,pidgeot_shadow:66;murkrow:77;gyarados_shadow:78;pelipper:82;charizard_shadow:106
pumpkaboo_super,Pumpkaboo (Super),72.6,111.7,113.4,141,1788,ASTONISH,GRASS_KNOT,FOUL_PLAY,68.6,50.5,64.4,49.7,dragonite:634;gyarados:631;xatu_shadow:606;swoobat:592;gyarados_shadow:517,fearow:116;drampa:143;toucannon:146;pidgeot:257;pidgeot_shadow:281
sceptile_shadow,Sceptile (Shadow),72.5,135.6,109.3,111,1646,FURY_CUTTER,LEAF_BLADE,BREAKING_SWIPE,68.7,46.3,69.1,38.9,furret:680;gyarados_shadow:671;gyarados:563;murkrow:509;dodrio:509,ninetales_shadow:138;charizard_shadow:149;charizard:149;toucannon_shadow:191;pidgeot:302
sigilyph,Sigilyph,72.5,130,112.1,118,1721,AIR_SLASH,AIR_CUTTER,ANCIENT_POWER,68,56.8,66.1,41.5,blaziken_shadow:826;blaziken:669;ledian_shadow:652;dartrix:648;togekiss:529,mandibuzz:142;corviknight:210;charizard:273;toucannon:288;charizard_shadow:333
claydol_shadow,Claydol (Shadow),72.3,103.5,172.6,121,2164,MUD_SLAP,ROCK_TOMB,SHADOW_BALL,66.8,33.8,65.8,49.3,torkoal:677;ninetales_shadow:673;togekiss:615;dragonite:590;charizard:545,pidgeot_shadow:144;pidgeot:154;toucannon:166;gyarados_shadow:169;pelipper:178
dhelmise,Dhelmise,72.3,139.7,109.3,105,1605,SHADOW_CLAW,POWER_WHIP,BRUTAL_SWING,70.7,60.1,64.7,38.5,gyarados_shadow:738;dragonite:709;swoobat:709;dragonite_shadow:633;xatu:566,toucannon_shadow:138;mantine:169;pelipper:239;pidgeot:253;charizard_shadow:277
ho_oh_shadow,Ho-Oh (Shadow),72.2,123.4,126.4,113,1764,INCINERATE,BRAVE_BIRD,EARTHQUAKE,71,50.9,74,58.6,abomasnow:862;abomasnow_shadow:840;torkoal:685;articuno:676;murkrow_shadow:676,pelipper:160;drampa:186;mantine:190;gyarados_shadow:202;charizard_shadow:277
roserade,Roserade,72.2,141.9,114.3,97,1574,POISON_STING,WEATHER_BALL_FIRE,LEAF_STORM,76.4,60.4,65.2,38.1,abomasnow:664;gliscor:618;toucannon:530;togekiss:530;pelipper:505,gligar_shadow:106;ninetales_shadow:130;pidgeot_shadow:161;charizard_shadow:175;pidgeot:295
toedscruel,Toedscruel,72.2,108.9,143.5,131,2047,MUD_SLAP,SEED_BOMB,WRAP,71.2,49.4,58.8,56.1,salazzle:797;braixen_shadow:767;blaziken_shadow:755;furret:576;blaziken:549,toucannon_shadow:150;charizard_shadow:222;pidgeot:264;pidgeot_shadow:285;pelipper:286
cacturne_shadow,Cacturne (Shadow),72.1,147.2,85,121,1516,SUCKER_PUNCH,TRAILBLAZE,DYNAMIC_PUNCH,72.9,50.6,57.7,55,ursaring_shadow:772;salamence_shadow:698;gyarados_shadow:623;salamence:623;dragonite:590,vespiquen:181;togekiss:217;mantine:318;pidgeot:334;pelipper:373
noivern,Noivern,72.1,125.4,113.5,126,1794,AIR_SLASH,HEAT_WAVE,HURRICANE,65.4,47.3,72.7,52.7,blaziken_shadow:650;blaziken:607;charmeleon_shadow:583;ninetales:511;castform_sunny:511,pidgeot:228;drampa:239;pelipper:247;togekiss:247;pidgeot_shadow:285
zoroark_hisuian,Zoroark (Hisuian),72.1,163.4,87.5,96,1374,SHADOW_CLAW,SHADOW_BALL,FOUL_PLAY,68.9,58.1,65.5,26,gliscor_shadow:614;golbat_shadow:604;dodrio:578;dragonite:578;toucannon_shadow:526,drampa:121;mantine:210;murkrow:225;pelipper:239;pidgeot:306
cacturne,Cacturne,72,147.2,85,121,1516,SUCKER_PUNCH,TRAILBLAZE,DYNAMIC_PUNCH,70.4,50.3,60.5,50.8,swoobat:863;moltres_galarian:673;salamence:648;salamence_shadow:623;dragonite_shadow:590,togekiss:234;pidgeot:257;mantine:264;pelipper:326;pidgeot_shadow:334
kangaskhan,Kangaskhan,72,114.5,110.8,153,1944,LOW_KICK,BRICK_BREAK,STOMP,68.4,60.5,65.2,54.8,drampa:790;magmar_shadow:624;abomasnow:620;salamence_shadow:598;abomasnow_shadow:539,togekiss:91;charizard_shadow:132;toucannon_shadow:227;pelipper:269;pidgeot:295
trevenant_shadow,Trevenant (Shadow),72,127.8,104.6,131,1752,SHADOW_CLAW,SHADOW_BALL,SEED_BOMB,65.2,51.3,66.3,41.5,ledian:709;drifblim:675;corviknight:641;swoobat:618;gliscor_shadow:580,fearow:125;toucannon:126;toucannon_shadow:138;pidgeot:221;pidgeot_shadow:246
whiscash,Whiscash,71.9,107.5,108.2,178,2074,MUD_SHOT,MUD_BOMB,SCALD,70.1,44.6,71.5,56.9,marowak_alolan_shadow:735;charizard:727;torkoal:693;charizard_shadow:691;blaziken:688,abomasnow:73;abomasnow_shadow:73;salamence_shadow:98;toucannon:186;pelipper:217
chansey,Chansey,71.8,63,120.1,421,3188,ZEN_HEADBUTT,DAZZLING_GLEAM,PSYCHIC,65.4,50,73.8,67.7,dragonite:630;golbat:579;marowak_alolan:574;salamence:560;drampa:554,murkrow:137;murkrow_shadow:137;toucannon:243;pidgeot_shadow:257;charizard_shadow:277
landorus_incarnate,Landorus (Incarnate),71.8,140.2,100.8,113,1599,MUD_SHOT,ROCK_SLIDE,EARTH_POWER,71.8,61.5,77.8,21.8,toucannon:685;fearow:685;toucannon_shadow:641;charizard:588;charizard_shadow:548,pelipper:43;murkrow:77;gyarados_shadow:78;salamence_shadow:81;dodrio:95
whiscash_shadow,Whiscash (Shadow),71.8,107.5,108.2,178,2074,MUD_SHOT,MUD_BOMB,SCALD,68.1,49.4,72.1,47.2,torkoal:780;gliscor_shadow:769;dodrio:750;charizard:691;charizard_shadow:617,trumbeak_shadow:79;toucannon_shadow:85;salamence_shadow:98;salamence:98;pelipper:139
braviary,Braviary,71.5,133.7,92.9,135,1678,AIR_SLASH,FLY,CLOSE_COMBAT,63.1,46.7,69.8,44.2,blaziken_shadow:818;jumpluff:648;roserade:607;diggersby_shadow:537;marowak_alolan:522,mantine:227;togekiss:247;pidgeot:257;pelipper:282;pidgeot_shadow:285
swellow_shadow,Swellow (Shadow),71.4,135.9,99.9,121,1645,WING_ATTACK,BRAVE_BIRD,SKY_ATTACK,61.6,52.5,68.2,37,scyther_shadow:772;blaziken_shadow:764;farfetchd:615;mandibuzz:574;gligar:520,pelipper:200;mantine:202;pidgeot_shadow:225;pidgeot:257;toucannon:288
raboot,Raboot,71.3,128.8,103.7,130,1738,FIRE_SPIN,FLAME_CHARGE,FLAMETHROWER,65.9,45.8,64.1,54.8,abomasnow_shadow:903;abomasnow:873;articuno_shadow:800;victreebel_shadow:750;jumpluff_shadow:684,pelipper:160;drampa:195;gyarados_shadow:210;mantine:276;charizard_shadow:286
pumpkaboo_large,Pumpkaboo (Large),71.1,113.4,115.1,133,1737,ASTONISH,GRASS_KNOT,FOUL_PLAY,67.1,49,62.8,47.4,articuno_galarian:845;dragonite:616;xatu_shadow:582;swoobat:571;gyarados:530,fearow:116;drampa:143;toucannon:146;pidgeot:246;pidgeot_shadow:281
tranquill,Tranquill,71,123.9,102.2,143,1812,AIR_SLASH,HEAT_WAVE,AERIAL_ACE,65.7,48.6,68.8,50.4,jumpluff:681;tropius:650;scyther_shadow:625;farfetchd:604;marowak_alolan_shadow:506,pidgeot:228;charizard:243;pelipper:247;toucannon:260;charizard_shadow:303
zygarde_10,Zygarde (10% Forme),71,138.1,119.1,98,1613,DRAGON_TAIL,CRUNCH,EARTHQUAKE,68.7,50.9,67.4,27.9,fletchinder:688;torkoal:658;ninetales_shadow:637;turtonator:612;charizard:607,togekiss:126;articuno:142;mantine:177;pelipper:247;pidgeot_shadow:274
celebi,Celebi,70.9,120.4,119.3,129,1855,CONFUSION,AURA_SPHERE,LEAF_STORM,70.3,52.2,65.7,47.6,blaziken_shadow:810;blaziken:751;dragonite:705;mantine:534;gyarados:523,murkrow:151;murkrow_shadow:170;pidgeot_shadow:228;charizard_shadow:294;pelipper:317
entei_shadow,Entei (Shadow),70.9,128.8,95.1,139,1705,FIRE_FANG,FLAME_CHARGE,SCORCHING_SANDS,73.2,52.8,53.4,61.6,abomasnow:888;abomasnow_shadow:888;toucannon_shadow:636;trumbeak_shadow:636;corviknight:586,pelipper:200;drampa:239;gyarados_shadow:264;charizard_shadow:311;mantine:334
golett,Golett,70.9,119.3,89.9,141,1513,ASTONISH,SHADOW_PUNCH,BRICK_BREAK,71.2,61.5,54.2,41.9,xatu:748;swanna:677;swoobat:677;dragonite:613;golbat_shadow:613,mandibuzz:182;pelipper:239;trumbeak:291;toucannon:313;pidgeot:387
yanmega,Yanmega,70.9,136.8,96,125,1643,WING_ATTACK,AERIAL_ACE,ANCIENT_POWER,57.9,38.7,69.6,37.2,zangoose:608;articuno:564;dartrix:520;fletchinder:516;rufflet:516,pidgeot:161;charizard:175;pidgeot_shadow:193;pelipper:200;charizard_shadow:209
shiftry,Shiftry,70.8,133.4,88,143,1680,SNARL,LEAF_BLADE,FOUL_PLAY,67.5,49.3,64.9,39.8,swoobat:884;oranguru:730;dragonite_shadow:650;xatu:618;salamence_shadow:548,ninetales:83;ninetales_shadow:103;charizard:111;charizard_shadow:132;pidgeot:250
houndoom_shadow,Houndoom (Shadow),70.7,139.5,97.3,118,1603,SNARL,FOUL_PLAY,FLAMETHROWER,65.7,46.9,65.5,20.9,swoobat:826;articuno:741;marowak_alolan_shadow:728;dragonite:656;dragonite_shadow:572,mantine:119;togekiss:126;pidgeot_shadow:151;murkrow:159;pelipper:160
tranquill_shadow,Tranquill (Shadow),70.7,123.9,102.2,143,1812,AIR_SLASH,HEAT_WAVE,AERIAL_ACE,67.5,52.8,63.2,49.5,scyther_shadow:818;blaziken_shadow:800;flamigo:751;victreebel_shadow:744;scyther:625,mantine:264;togekiss:278;pidgeot:285;pidgeot_shadow:313;pelipper:317
yanma,Yanma,70.7,130.8,89.6,146,1713,WING_ATTACK,AERIAL_ACE,SILVER_WIND,63.1,41.4,65.2,40.2,zangoose:650;scyther:582;oranguru:571;dartrix:544;ledian:523,pelipper:160;charizard:175;pidgeot_shadow:193;charizard_shadow:209;pidgeot:306
sceptile,Sceptile,70.6,135.6,109.3,111,1646,FURY_CUTTER,LEAF_BLADE,BREAKING_SWIPE,68,50.6,63.5,44.7,oranguru:689;girafarig_shadow:648;gyarados_shadow:563;murkrow:545;murkrow_shadow:509,charizard:76;golbat:79;ninetales_shadow:138;charizard_shadow:149;pidgeot:274
meowscarada,Meowscarada,70.5,140.3,99.1,115,1600,LEAFAGE,FRENZY_PLANT,NIGHT_SLASH,67.7,46.9,66.9,40.6,ursaring_shadow:800;gyarados_shadow:682;gliscor:621;gliscor_shadow:578;pelipper:521,charizard_shadow:106;charizard:106;salamence_shadow:158;mantine:169;togekiss:178
appletun,Appletun,70.1,116.5,102.5,161,1924,ASTONISH,SEED_BOMB,OUTRAGE,65.6,41.5,65.5,47.8,growlithe_shadow:642;xatu_shadow:624;swoobat:583;magmar_shadow:577;rapidash_shadow:546,pidgeot_shadow:102;trumbeak:108;pidgeot:116;toucannon:117;drampa:126
donphan_shadow,Donphan (Shadow),70.1,125.2,113.1,126,1786,MUD_SLAP,BODY_SLAM,TRAILBLAZE,70.4,54.8,53.1,38.1,blaziken_shadow:853;blaziken:817;turtonator:694;marowak_alolan_shadow:662;torkoal:551,fearow:145;togekiss:156;gyarados_shadow:157;toucannon:174;pelipper:321
kartana,Kartana,70.1,169.1,99.3,79,1328,FURY_CUTTER,LEAF_BLADE,SACRED_SWORD,68.6,28.6,70.2,35.5,gyarados_shadow:765;drampa:651;toucannon:594;murkrow:594;dodrio:594,talonflame:66;marowak_alolan_shadow:72;turtonator:79;charizard_shadow:106;charizard:132
bouffalant,Bouffalant,70,118.8,115.8,137,1888,MUD_SHOT,STOMP,MEGAHORN,68.3,59.5,66.1,38.7,salazzle:777;drampa:744;abomasnow:638;pidgeotto_shadow:547;magmar_shadow:547,abomasnow_shadow:73;pidgeot:200;togekiss:221;pelipper:226;pidgeot_shadow:228
simisear,Simisear,70,135.9,95.8,126,1642,FIRE_SPIN,CRUNCH,FLAMETHROWER,64.2,46.4,59.4,47.6,abomasnow_shadow:876;abomasnow:869;articuno_shadow:773;articuno:650;farfetchd:642,turtonator:110;pelipper:160;mantine:169;drampa:186;charizard_shadow:273
servine,Servine,69.9,105.8,140.3,142,2110,VINE_WHIP,GRASS_KNOT,WRAP,69.4,57.2,61.1,64.4,ursaring_shadow:785;ursaring:690;gyarados:676;diggersby_shadow:658;gyarados_shadow:637,pelipper:239;pidgeot:274;charizard:277;pidgeot_shadow:327;charizard_shadow:333
weepinbell_shadow,Weepinbell (Shadow),69.9,139.3,82.6,140,1613,ACID,POWER_WHIP,SEED_BOMB,64.8,45,62.8,36.6,munchlax:653;articuno_galarian:639;rayquaza:596;dragonite_shadow:567;flamigo:532,corviknight:93;gliscor:176;mantine:210;pidgeot:225;pelipper:278
tauros,Tauros,69.8,125.1,119.5,120,1795,TACKLE,TRAILBLAZE,HORN_ATTACK,65.4,61.4,59.5,41.3,fletchinder_shadow:695;talonflame_shadow:579;gligar:537;golbat_shadow:533;pidgeotto_shadow:533,fearow:258;charizard:273;togekiss:278;pelipper:330;pidgeot:383
entei,Entei,69.7,129.3,96.1,140,1741,FIRE_FANG,FLAME_CHARGE,SCORCHING_SANDS,68.3,46.9,61.7,62.2,abomasnow:896;abomasnow_shadow:889;articuno:700;ninetales:585;ninetales_shadow:535,pelipper:160;gyarados:190;drampa:221;gyarados_shadow:227;mantine:301
grafaiai,Grafaiai,69.7,134.2,107.7,115,1664,MUD_SLAP,POISON_FANG,SLUDGE_BOMB,66,41.4,62.1,40.6,blaziken_shadow:800;salazzle:713;ninetales:569;torkoal:530;ninetales_shadow:526,togekiss:100;toucannon:117;murkrow:133;gyarados_shadow:136;gliscor:185
ninjask,Ninjask,69.7,144.7,88.4,121,1549,FURY_CUTTER,SHADOW_BALL,AERIAL_ACE,56.9,34.6,65.5,38.1,lugia:764;dubwool:661;rayquaza:599;zangoose:582;moltres_galarian:549,charizard_shadow:149;charizard:149;pelipper:169;mantine:177;pidgeot_shadow:204
weepinbell,Weepinbell,69.5,137.9,84.8,139,1627,ACID,POWER_WHIP,SEED_BOMB,65.6,53,61.4,38.7,wailmer:640;wailmer_shadow:611;togekiss:600;bombirdier:564;togetic:510,corviknight:143;charizard:209;pidgeot_shadow:225;charizard_shadow:277;pidgeot:306
servine_shadow,Servine (Shadow),69.2,105.8,140.3,142,2110,VINE_WHIP,GRASS_KNOT,WRAP,66.2,54.6,59.9,56.3,ursaring:785;gyarados:637;diggersby_shadow:623;gligar_shadow:595;gyarados_shadow:524,salamence_shadow:162;toucannon_shadow:182;dodrio:186;pelipper:239;pidgeot:327
lurantis,Lurantis,69.1,126.2,117.8,119,1770,LEAFAGE,LEAF_BLADE,SUPER_POWER,66,45.6,62.4,45.9,ursaring_shadow:768;gyarados_shadow:756;drampa:731;furret:571;gyarados:542,charizard_shadow:106;salamence_shadow:119;ninetales_shadow:130;pidgeot:260;pidgeot_shadow:285
pumpkaboo_average,Pumpkaboo (Average),69,114.2,115.9,126,1670,ASTONISH,GRASS_KNOT,FOUL_PLAY,64.2,46.1,60.5,44,articuno_galarian:837;lugia:805;dragonite:595;swoobat:547;gyarados:503,pidgeot:102;fearow:116;trumbeak:134;toucannon:146;pidgeot_shadow:285
shiinotic,Shiinotic,69,116.5,134.2,123,1925,ASTONISH,SEED_BOMB,MOONBLAST,65.9,42.4,63.2,51.4,gyarados:776;dragonite:772;gyarados_shadow:768;dragonite_shadow:613;mantine:565,pidgeot_shadow:88;trumbeak:108;pidgeot:116;fearow:116;toucannon:117
chesnaught,Chesnaught,68.8,119.3,126.9,124,1879,LOW_KICK,FRENZY_PLANT,SUPER_POWER,60.4,34.6,69,46.1,drampa:717;furret:717;clodsire:596;mandibuzz:580;gyarados:516,mantine:86;togekiss:91;charizard:106;charizard_shadow:141;pelipper:147
cinderace,Cinderace,68.8,139,99.4,117,1617,FIRE_SPIN,FLAMETHROWER,FLAME_CHARGE,64.3,44.4,57.5,48.5,abomasnow_shadow:867;abomasnow:858;articuno_shadow:777;victreebel_shadow:722;articuno:645,pelipper:160;drampa:217;turtonator:221;charizard_shadow:282;mantine:285
grovyle,Grovyle,68.8,136.3,103.2,117,1647,QUICK_ATTACK,LEAF_BLADE,AERIAL_ACE,64.3,53,62.1,35.5,hawlucha:782;gyarados_shadow:764;ursaring:764;flygon_shadow:713;girafarig_shadow:649,ninetales_shadow:130;charizard_shadow:175;charizard:175;drampa:200;pidgeot:274
wormadam_sandy,Wormadam (Sandy),68.8,110,144.8,128,2040,SUCKER_PUNCH,BUG_BUZZ,BULLDOZE,67.2,52.2,68.8,47.2,ursaring:644;dragonite:582;ursaring_shadow:566;furret:558;dragonite_shadow:527,togekiss:186;murkrow:188;mantine:202;pidgeot:214;pelipper:265
bewear_shadow,Bewear (Shadow),68.7,129.6,87.1,153,1729,LOW_KICK,SUPER_POWER,STOMP,68.1,56.6,73.4,31.5,ursaring_shadow:879;turtonator:669;ninetales:607;mandibuzz:598;salamence:575,pelipper:121;charizard_shadow:175;charizard:175;gyarados_shadow:190;pidgeot:193
infernape,Infernape,68.5,136.6,100.4,119,1633,FIRE_SPIN,CLOSE_COMBAT,BLAST_BURN,61.4,40.8,64.1,46.3,abomasnow_shadow:869;abomasnow:861;vespiquen:621;furret:567;ninetales:533,mantine:148;pelipper:160;charizard_shadow:196;drampa:213;pidgeot:235
oddish,Oddish,68.5,122.6,106.7,120,1571,ACID,SEED_BOMB,SLUDGE_BOMB,61.3,49.4,60.8,38.3,dragonite:683;bombirdier:595;jumpluff_shadow:562;dartrix:554;togetic:520,corviknight:136;pidgeot:161;pidgeot_shadow:193;charizard:209;charizard_shadow:243
sandshrew,Sandshrew,68.5,118.4,113.4,127,1707,SAND_ATTACK,SAND_TOMB,ROCK_TOMB,63.4,57.2,61.4,36.4,marowak_alolan_shadow:720;ledian:622;golbat_shadow:610;turtonator:602;swanna_shadow:594,gyarados_shadow:82;murkrow:100;toucannon:142;pelipper:160;charizard_shadow:175
sandygast,Sandygast,68.5,113.4,111.7,135,1712,ASTONISH,SHADOW_BALL,SAND_TOMB,67.7,51.7,59.7,44.4,xatu_shadow:737;vespiquen:670;dragonite:596;dragonite_shadow:555;togekiss:518,fearow:133;pidgeot_shadow:144;toucannon:146;trumbeak:152;pidgeot:161
shiinotic_shadow,Shiinotic (Shadow),68.5,116.5,134.2,123,1925,ASTONISH,MOONBLAST,SEED_BOMB,64.8,42.1,62.7,45.7,gyarados:768;salamence_shadow:711;gyarados_shadow:646;dragonite:613;dragonite_shadow:593,pidgeot:88;pidgeot_shadow:109;trumbeak:134;fearow:145;toucannon:146
donphan,Donphan,68.4,125.2,113.1,126,1786,MUD_SLAP,BODY_SLAM,TRAILBLAZE,67.7,49,55.8,41.7,salazzle:829;blaziken_shadow:817;turtonator:742;drampa:734;castform_sunny:619,gyarados:103;gyarados_shadow:132;toucannon:146;murkrow:159;pelipper:286
porygon,Porygon,68.3,120,115.4,135,1870,QUICK_ATTACK,DISCHARGE,HYPER_BEAM,65.6,55.1,71.3,34.9,pelipper:811;mantine:633;gyarados:592;gyarados_shadow:544;toucannon:511,togekiss:178;gliscor:211;pidgeot:214;charizard:217;charizard_shadow:260
ursaluna_shadow,Ursaluna (Shadow),68.1,125.6,98.6,144,1786,TACKLE,SWIFT,HIGH_HORSEPOWER,63.4,50.5,53.7,33.8,fletchinder:663;golbat:597;moltres_galarian:590;pidgeot:572;gliscor:531,marowak_alolan:100;corviknight:170;ninetales:238;pelipper:252;togekiss:278
vivillon,Vivillon,68,131.7,86.3,149,1694,GUST,AERIAL_ACE,BUG_BUZZ,70.4,53.3,53.9,55.2,blaziken_shadow:795;hawlucha:758;blaziken:724;flamigo:694;abomasnow_shadow:604,pidgeot:214;mantine:252;pidgeot_shadow:257;pelipper:286;charizard_shadow:329
nidoking_shadow,Nidoking (Shadow),67.9,129.4,105.2,127,1731,FURY_CUTTER,SAND_TOMB,MEGAHORN,66.5,59.8,58.4,36.4,vullaby:712;rufflet:665;incineroar:641;jumpluff_shadow:610;moltres_galarian:570,pelipper:169;toucannon:182;togekiss:200;charizard:290;charizard_shadow:316
oddish_shadow,Oddish (Shadow),67.9,122.6,106.7,120,1571,ACID,SEED_BOMB,SLUDGE_BOMB,61.1,45.8,60.8,34.3,swampert_shadow:829;wailmer:650;garchomp_shadow:616;ledian_shadow:550;moltres_galarian:545,pidgeot:193;mantine:210;pelipper:239;pidgeot_shadow:257;charizard_shadow:277
parasect,Parasect,67.9,124.1,118.2,123,1807,FURY_CUTTER,X_SCISSOR,CROSS_POISON,63.9,37.9,63.9,50.8,articuno_galarian:833;drampa:752;oranguru:752;abomasnow:703;abomasnow_shadow:666,togekiss:82;charizard_shadow:149;charizard:149;toucannon:150;pidgeot:253
drilbur_shadow,Drilbur (Shadow),67.8,139.4,81.5,142,1614,MUD_SLAP,DRILL_RUN,ROCK_TOMB,58.9,35.1,60.2,33.2,salazzle:880;blaziken_shadow:855;blaziken:848;magmar_shadow:827;rapidash_shadow:735,pelipper:134;mantine:136;pidgeot:144;pidgeot_shadow:151;toucannon:174
fuecoco,Fuecoco,67.6,106.7,93.2,152,1513,INCINERATE,CRUNCH,DISARMING_VOICE,64,51.6,59.2,46.8,abomasnow:878;abomasnow_shadow:848;ledian_shadow:733;moltres_galarian:654;articuno_shadow:611,pelipper:121;gyarados:128;mantine:148;gyarados_shadow:152;drampa:178
infernape_shadow,Infernape (Shadow),67.6,136.6,100.4,119,1633,FIRE_SPIN,CLOSE_COMBAT,BLAST_BURN,63.1,44.6,58.4,50.6,abomasnow_shadow:890;abomasnow:869;articuno:810;ledian_shadow:789;mandibuzz:579,mantine:177;pelipper:186;charizard:196;charizard_shadow:217;pidgeot:278
nidoking,Nidoking,67.6,129.4,105.2,127,1731,FURY_CUTTER,SAND_TOMB,MEGAHORN,66.6,52.6,60.6,41.5,furret:673;moltres_galarian:665;zangoose:661;salazzle:649;dartrix:578,mantine:107;pelipper:169;togekiss:213;charizard:226;charizard_shadow:290
sandshrew_shadow,Sandshrew (Shadow),67.6,118.4,113.4,127,1707,SAND_ATTACK,SAND_TOMB,ROCK_TOMB,60.8,52.6,56.2,31.5,turtonator:696;marowak_alolan_shadow:665;golbat:610;swanna:594;pidgeot_shadow:527,pelipper:86;togekiss:91;gyarados_shadow:107;toucannon:113;charizard_shadow:175
sandaconda,Sandaconda,67.5,123,132,112,1820,MUD_SHOT,WRAP,EARTH_POWER,64.3,57.1,61.9,45.3,turtonator:745;castform_sunny:683;ninetales:678;salazzle:674;torkoal:633,drampa:173;pelipper:269;charizard:329;gyarados_shadow:330;charizard_shadow:371
leafeon,Leafeon,67.3,128.1,133.9,102,1750,QUICK_ATTACK,LEAF_BLADE,LAST_RESORT,61.3,47.6,58.1,37,wailmer_shadow:848;ursaring_shadow:774;gyarados_shadow:715;flygon_shadow:686;gyarados:607,ninetales_shadow:130;pidgeot_shadow:161;charizard_shadow:175;togekiss:178;pidgeot:260
pumpkaboo_small,Pumpkaboo (Small),67.3,115.1,116.8,119,1600,ASTONISH,GRASS_KNOT,FOUL_PLAY,61.9,43,59.2,41.3,articuno_galarian:827;lugia:794;swoobat:642;xatu_shadow:626;dragonite:571,trumbeak:134;fearow:145;toucannon:146;pidgeot:235;pidgeot_shadow:285
serperior,Serperior,67,110.2,142.2,130,2038,VINE_WHIP,FRENZY_PLANT,AERIAL_ACE,58.5,37.5,64.9,42.5,ursaring:661;diggersby:661;gyarados:650;diggersby_shadow:630;gyarados_shadow:523,charizard_shadow:89;charizard:89;toucannon:126;pelipper:213;pidgeot:292
masquerain,Masquerain,66.8,129.5,109.1,122,1725,AIR_SLASH,AIR_CUTTER,LUNGE,64.2,44.1,58.6,42.7,hawlucha:770;blaziken_shadow:733;zangoose:618;blaziken:602;dartrix:561,mantine:177;pelipper:213;pidgeot_shadow:214;charizard_shadow:239;pidgeot:309
teddiursa_shadow,Teddiursa (Shadow),66.7,131.5,90.4,142,1690,LICK,SWIFT,CROSS_CHOP,58.7,47.1,55.6,27.7,xatu_shadow:679;drifblim:637;fletchinder_shadow:573;ninetales:535;swanna:531,trumbeak:160;drampa:169;toucannon:174;toucannon_shadow:174;pelipper:278
unfezant_shadow,Unfezant (Shadow),66.6,138.5,95.5,122,1616,AIR_SLASH,SKY_ATTACK,HEAT_WAVE,65.9,48.3,53.6,45.7,blaziken_shadow:823;blaziken:799;roserade:799;scyther_shadow:786;flamigo:709,corviknight:163;mantine:235;pidgeot_shadow:278;charizard_shadow:282;pelipper:308
quilladin_shadow,Quilladin (Shadow),66.4,114.9,130.2,130,1947,VINE_WHIP,BODY_SLAM,ENERGY_BALL,64.8,55.8,58.1,40.8,pelipper:688;gyarados:553;gliscor_shadow:542;swanna:534;gyarados_shadow:511,ninetales_shadow:99;charizard_shadow:106;salamence_shadow:119;abomasnow:129;pidgeot_shadow:309
drilbur,Drilbur,66.3,139.4,81.5,142,1614,MUD_SLAP,DRILL_RUN,ROCK_TOMB,57.9,35.1,60.2,31.1,blaziken_shadow:848;blaziken:806;magmar_shadow:799;salazzle:792;rapidash_shadow:669,mantine:103;pelipper:108;pidgeot:144;pidgeot_shadow:144;toucannon:146
gloom,Gloom,66.3,121.3,115.9,131,1844,ACID,SLUDGE_BOMB,MOONBLAST,57.8,42.4,63.6,37.9,dragonite:687;togetic:618;ursaring:568;hawlucha:541;furret:534,pidgeot_shadow:193;pidgeot:214;charizard_shadow:243;toucannon:247;pelipper:265
snover,Snover,66.3,109.2,100.8,142,1564,POWDER_SNOW,ICE_BEAM,ENERGY_BALL,60.1,29.9,60.8,40.8,salamence:855;salamence_shadow:827;dragonite_shadow:785;dragonite:764;gliscor_shadow:658,ninetales_shadow:99;torkoal:121;charizard:175;charizard_shadow:209;pelipper:213
exeggutor_alolan,Exeggutor (Alolan),66.2,134.4,94.8,131,1670,DRAGON_TAIL,SEED_BOMB,DRACO_METEOR,64.8,52.6,58.1,37.9,diggersby:645;wailmer_shadow:633;salamence_shadow:595;typhlosion_shadow:583;vullaby:583,togekiss:95;mantine:177;pidgeot:193;pidgeot_shadow:214;charizard_shadow:239
palpitoad,Palpitoad,66.2,116.2,102.9,161,1927,MUD_SHOT,WATER_PULSE,EARTH_POWER,59.8,33,66,36.8,turtonator:826;torkoal:739;charizard_shadow:689;charizard:677;blaziken:621,pelipper:56;toucannon_shadow:85;salamence_shadow:98;toucannon:101;pidgeot:264
purugly,Purugly,66.2,125.5,105.5,134,1775,SHADOW_CLAW,AERIAL_ACE,THUNDER,56.3,44.7,64.6,28.8,drifblim:727;mantine:630;togetic:611;golbat:563;corviknight:514,toucannon:85;pidgeot:88;pidgeot_shadow:88;drampa:91;pelipper:213
tangrowth,Tangrowth,66.2,120.7,112.7,136,1852,VINE_WHIP,POWER_WHIP,ROCK_SLIDE,51.5,30.6,64.6,34.1,bombirdier:643;gyarados:613;ledian_shadow:613;diggersby_shadow:599;gliscor_shadow:529,charizard:89;charizard_shadow:106;pidgeot_shadow:130;toucannon:166;pelipper:213
ursaluna,Ursaluna,66.2,125.6,98.6,144,1786,TACKLE,SWIFT,HIGH_HORSEPOWER,61.9,43.5,57.5,34.9,fletchinder_shadow:663;golbat_shadow:597;golbat:590;pidgeot_shadow:572;gliscor_shadow:531,marowak_alolan_shadow:100;ninetales_shadow:238;charizard:273;pelipper:278;pidgeot:429
watchog_shadow,Watchog (Shadow),66.2,125.1,114,125,1785,LOW_KICK,CRUNCH,HYPER_FANG,54.1,38.7,63.8,23.3,fletchinder_shadow:612;articuno_shadow:612;pidgeot:600;bombirdier:564;pidgeot_shadow:524,togekiss:91;charizard:132;gyarados_shadow:152;pelipper:160;charizard_shadow:175
blissey,Blissey,66.1,81,111.2,307,2769,ZEN_HEADBUTT,WILD_CHARGE,DAZZLING_GLEAM,54.1,34.5,75.6,46.8,mantine:581;pidgeotto_shadow:568;swanna:545;gyarados:537;pelipper:501,murkrow_shadow:125;murkrow:159;charizard_shadow:217;pidgeot:228;pidgeot_shadow:250
ferrothorn,Ferrothorn,66,107.1,152.7,128,2094,BULLET_SEED,POWER_WHIP,THUNDER,58.4,24.6,66.6,49.7,mantine:738;gyarados:695;gyarados_shadow:691;salamence_shadow:679;pelipper:519,charizard_shadow:64;charizard:64;pidgeot_shadow:88;toucannon:101;dodrio:113
snover_shadow,Snover (Shadow),66,109.2,100.8,142,1564,POWDER_SNOW,ICE_BEAM,ENERGY_BALL,59.8,29.7,59.1,40.6,salamence:827;salamence_shadow:788;dragonite:785;dragonite_shadow:774;gliscor_shadow:679,ninetales_shadow:130;mantine:202;charizard:209;pelipper:243;charizard_shadow:243
exploud,Exploud,65.8,119.7,99.4,157,1870,ASTONISH,CRUNCH,DISARMING_VOICE,60.1,42,60.8,39.1,drifblim:770;xatu_shadow:742;marowak_alolan:614;gyarados:557;golbat_shadow:550,pidgeot:116;pidgeot_shadow:116;trumbeak:123;toucannon:134;drampa:143
leavanny,Leavanny,65.8,129.4,110.2,121,1727,SHADOW_CLAW,LEAF_BLADE,X_SCISSOR,60.1,34.5,60.2,42.1,articuno_galarian:847;gyarados_shadow:760;flygon_shadow:747;wailmer_shadow:747;swoobat:673,fearow:68;trumbeak:93;toucannon:101;pidgeot:204;charizard_shadow:209
wormadam_plant,Wormadam (Plant),65.7,110,144.8,128,2040,SUCKER_PUNCH,ENERGY_BALL,BUG_BUZZ,62.5,37.4,60.5,52.9,dragonite:707;dragonite_shadow:679;gyarados:628;furret:585;ursaring_shadow:566,togekiss:134;pidgeot:161;pidgeot_shadow:193;charizard_shadow:243;pelipper:265
braviary_hisuian,Braviary (Hisuian),65.5,128.5,89.6,151,1741,AIR_SLASH,BRAVE_BIRD,FLY,57.2,40,63.3,41.1,blaziken_shadow:811;flamigo:655;hawlucha:645;girafarig:582;togekiss:516,mandibuzz:122;corviknight:136;pidgeot:228;pelipper:282;charizard_shadow:303
decidueye,Decidueye,65.5,127.8,115.2,119,1754,LEAFAGE,FRENZY_PLANT,SPIRIT_SHACKLE,62.2,52.2,64.6,39.6,diggersby_shadow:647;gliscor:584;pelipper:567;furret:546;gliscor_shadow:508,charizard_shadow:106;salamence:119;charizard:132;toucannon:166;pidgeot:316
krookodile,Krookodile,65.5,133.1,98,129,1685,MUD_SLAP,SAND_TOMB,CRUNCH,60.8,33.3,55,36.8,blaziken_shadow:856;blaziken:821;turtonator:600;castform_sunny:600;torkoal:558,mantine:103;pelipper:108;pidgeot:116;pidgeot_shadow:144;toucannon:146
persian,Persian,65.4,118.6,116.3,137,1890,FEINT_ATTACK,NIGHT_SLASH,POWER_GEM,57.3,44,65,35.3,drifblim:740;golbat:613;abomasnow:565;marowak_alolan_shadow:554;torkoal:507,togekiss:134;pelipper:213;pidgeot:214;pidgeot_shadow:214;charizard_shadow:260
unfezant,Unfezant,65.4,138.5,95.5,122,1616,AIR_SLASH,SKY_ATTACK,HEAT_WAVE,60.8,44,58,42.3,blaziken_shadow:799;jumpluff:614;ludicolo:610;roserade:573;tropius:545,mantine:202;pelipper:247;togekiss:247;pidgeot:257;charizard:273
meganium,Meganium,65.2,110.8,139,131,2018,VINE_WHIP,FRENZY_PLANT,EARTHQUAKE,54.7,31.9,61.7,40.8,ursaring:660;diggersby:660;gyarados:648;diggersby_shadow:629;gyarados_shadow:522,charizard_shadow:89;charizard:89;toucannon:126;pelipper:213;pidgeot:292
exeggutor_alolan_shadow,Exeggutor (Alolan) (Shadow),65,134.4,94.8,131,1670,DRAGON_TAIL,SEED_BOMB,DRACO_METEOR,66.3,51.6,55.8,35.8,salamence_shadow:614;salamence:595;typhlosion:583;pelipper:576;mandibuzz:553,togekiss:126;mantine:206;pidgeot:214;pidgeot_shadow:257;charizard_shadow:282
mudsdale,Mudsdale,65,123.5,107.1,136,1800,MUD_SLAP,BODY_SLAM,EARTHQUAKE,62.8,44.7,55.3,40.2,magmar_shadow:849;salazzle:834;blaziken_shadow:819;rapidash:775;rapidash_shadow:731,gyarados:103;pelipper:126;gyarados_shadow:128;murkrow:159;charizard_shadow:243
dugtrio_shadow,Dugtrio (Shadow),64.8,136.7,120,100,1643,SUCKER_PUNCH,MUD_BOMB,STONE_EDGE,60.7,50.2,45.5,35.3,clodsire:865;articuno_galarian:794;xatu_shadow:715;xatu:679;swoobat:675,togekiss:221;murkrow:262;pelipper:278;pidgeot_shadow:288;pidgeot:341
purugly_shadow,Purugly (Shadow),64.8,125.5,105.5,134,1775,SHADOW_CLAW,AERIAL_ACE,THUNDER,52.2,42.3,61.9,25.6,drifblim:697;fletchinder_shadow:638;articuno_shadow:593;togetic:570;dartrix:544,pidgeot:88;trumbeak:115;drampa:121;toucannon:126;pidgeot_shadow:130
quilladin,Quilladin,64.8,114.9,130.2,130,1947,VINE_WHIP,BODY_SLAM,ENERGY_BALL,63.6,48,56.4,45.3,ursaring:803;gyarados:650;oranguru:580;gyarados_shadow:553;swanna_shadow:534,abomasnow:97;abomasnow_shadow:129;charizard:243;pidgeot:246;charizard_shadow:277
dugtrio,Dugtrio,64.4,136.7,120,100,1643,SUCKER_PUNCH,MUD_BOMB,STONE_EDGE,56.6,45.3,51.7,31.9,articuno_galarian:794;xatu:695;xatu_shadow:679;castform_sunny:595;togetic:560,togekiss:178;murkrow:225;pelipper:239;mantine:252;pidgeot:299
teddiursa,Teddiursa,64.4,131.5,90.4,142,1690,LICK,SWIFT,CROSS_CHOP,58.7,46.1,57,29.6,articuno_shadow:637;ninetales_shadow:535;swanna_shadow:531;drifblim:514;gyarados:510,fearow:88;drampa:91;murkrow:159;trumbeak:160;toucannon:174
chesnaught_shadow,Chesnaught (Shadow),64.3,119.3,126.9,124,1879,VINE_WHIP,FRENZY_PLANT,SUPER_POWER,51.7,23.8,69.6,35.8,bombirdier:754;munchlax:717;wailmer_shadow:689;furret:645;diggersby:588,charizard_shadow:106;charizard:106;toucannon:126;pidgeot:144;pelipper:200
exploud_shadow,Exploud (Shadow),64.3,119.7,99.4,157,1870,ASTONISH,CRUNCH,DISARMING_VOICE,58.1,41.2,53.9,38.9,articuno_galarian:805;xatu_shadow:767;armarouge:757;xatu:742;drifblim:713,pidgeot:116;trumbeak:134;pidgeot_shadow:144;toucannon:146;drampa:156
porygon_shadow,Porygon (Shadow),64.2,120,115.4,135,1870,TACKLE,DISCHARGE,SIGNAL_BEAM,57.8,53.2,58,39.8,lickitung:629;togetic:596;pidgeotto:559;golbat:544;lugia:514,corviknight:183;pidgeot:267;togekiss:278;pelipper:330;charizard_shadow:363
ambipom_shadow,Ambipom (Shadow),64.1,133.8,100.5,124,1670,ASTONISH,AERIAL_ACE,LOW_SWEEP,60.1,43.8,51.2,31.5,articuno_galarian:834;xatu_shadow:705;armarouge:693;swoobat:689;xatu:673,drampa:134;fearow:145;toucannon:174;pelipper:265;pidgeot_shadow:302
porygon2,Porygon2,64.1,122.1,117.9,127,1830,LOCK_ON,TRI_ATTACK,ZAP_CANNON,62.4,70.5,68.3,26.4,noctowl:791;mantine:629;golbat:606;corviknight:535;salamence_shadow:527,charizard:89;pidgeot:91;pidgeot_shadow:91;togekiss:91;charizard_shadow:175
persian_shadow,Persian (Shadow),63.9,118.6,116.3,137,1890,FEINT_ATTACK,NIGHT_SLASH,POWER_GEM,54.6,42.1,59.2,32.4,drifblim:733;togetic:587;oranguru:572;marowak_alolan:554;golbat:521,togekiss:134;murkrow:188;pidgeot:214;toucannon:247;pelipper:265
ferrothorn_shadow,Ferrothorn (Shadow),63.8,107.1,152.7,128,2094,BULLET_SEED,POWER_WHIP,THUNDER,53.1,22.5,65,41.1,gyarados:691;mantine:679;salamence:679;gyarados_shadow:667;swanna_shadow:621,charizard:64;charizard_shadow:81;pidgeot:88;pidgeot_shadow:116;pelipper:143
tangrowth_shadow,Tangrowth (Shadow),63.8,120.7,112.7,136,1852,VINE_WHIP,POWER_WHIP,ROCK_SLIDE,47.7,25.7,62.4,28.3,ledian:613;articuno:599;bombirdier:599;diggersby:599;gliscor:529,charizard_shadow:106;charizard:106;pidgeot:130;pidgeot_shadow:130;toucannon:166
delcatty,Delcatty,63.7,111.9,116.8,153,2000,CHARM,WILD_CHARGE,DISARMING_VOICE,54.3,35.6,69.3,40.8,salamence_shadow:781;murkrow_shadow:767;dragonite_shadow:735;salamence:676;mandibuzz:604,ninetales_shadow:162;charizard_shadow:213;charizard:235;pelipper:247;pidgeot:257
exeggutor_shadow,Exeggutor (Shadow),63.7,136.1,92.5,131,1650,CONFUSION,SEED_BOMB,PSYCHIC,63.1,43.5,59.7,40.4,hawlucha:824;blaziken:767;blaziken_shadow:767;clodsire:675;dragonite_shadow:652,mandibuzz:88;murkrow:151;pidgeot:257;mantine:272;pelipper:282
gloom_shadow,Gloom (Shadow),63.7,121.3,115.9,131,1844,ACID,SLUDGE_BOMB,MOONBLAST,55.2,39.2,59.9,36.8,dubwool:683;wailmer:645;mandibuzz:622;moltres_galarian:599;togetic:519,gliscor:133;corviknight:133;pidgeot:193;pidgeot_shadow:257;charizard_shadow:277
mudbray,Mudbray,63.7,129.8,98.6,134,1717,MUD_SLAP,BODY_SLAM,EARTHQUAKE,61.7,44.7,51.4,36,blaziken_shadow:861;blaziken:847;salazzle:817;rapidash_shadow:705;torkoal:544,pelipper:108;gyarados_shadow:128;trumbeak:134;toucannon:146;murkrow:159
beautifly,Beautifly,63.5,144.7,83.9,127,1543,INFESTATION,AIR_CUTTER,SILVER_WIND,60.5,38.5,62.1,30.9,victreebel:744;flygon:692;girafarig_shadow:618;blaziken_shadow:606;abomasnow_shadow:535,charizard_shadow:68;charizard:68;ninetales_shadow:83;salamence_shadow:158;pidgeot:242
torterra,Torterra,63.5,119.9,117,133,1867,MUD_SLAP,FRENZY_PLANT,SAND_TOMB,61.1,32.5,58,42.1,blaziken:759;magmar_shadow:759;growlithe_shadow:759;salazzle:755;blaziken_shadow:725,pidgeot:102;pidgeot_shadow:109;pelipper:143;toucannon:146;charizard_shadow:175
stufful,Stufful,63.3,124.8,92.1,156,1795,TACKLE,SUPER_POWER,STOMP,61.1,47.9,59.9,37.2,vespiquen:666;diggersby_shadow:631;furret:615;abomasnow:554;gyarados:541,marowak_alolan_shadow:104;mantine:210;pidgeot:246;pidgeot_shadow:281;pelipper:304
raticate,Raticate,63.2,125.9,116,122,1783,QUICK_ATTACK,HYPER_FANG,DIG,52.6,44,63.8,24.1,farfetchd:594;ninetales_shadow:569;golbat:565;pidgeotto_shadow:532;golbat_shadow:528,togekiss:178;pelipper:213;pidgeot:214;toucannon:247;charizard_shadow:260
swadloon,Swadloon,63,106.7,146.2,135,2106,BUG_BITE,ENERGY_BALL,SILVER_WIND,59.6,30,58.8,58,girafarig_shadow:777;oranguru:674;girafarig:659;furret:592;dragonite_shadow:559,pidgeot:137;charizard_shadow:141;charizard:141;pidgeot_shadow:204;pelipper:221
watchog,Watchog,63,125.1,114,125,1785,LOW_KICK,CRUNCH,GRASS_KNOT,56,40.8,62.4,28.1,raticate_alolan:804;hippowdon:708;diggersby_shadow:660;hippowdon_shadow:660;wailmer:564,togekiss:91;charizard_shadow:132;charizard:132;gyarados_shadow:140;toucannon:207
exeggutor,Exeggutor,62.9,136.1,92.5,131,1650,CONFUSION,SEED_BOMB,PSYCHIC,61.3,42.4,57.2,38.9,hawlucha:858;blaziken:812;blaziken_shadow:767;salazzle:690;golbat_shadow:622,mandibuzz:74;murkrow:170;pidgeot:214;mantine:231;pidgeot_shadow:257
stantler,Stantler,62.9,132.1,99.4,129,1695,TACKLE,WILD_CHARGE,STOMP,55,46.6,57.7,33.2,mandibuzz:674;pidgeotto:589;togetic:581;vullaby:515;golbat:511,marowak_alolan_shadow:92;corviknight:183;mantine:227;pidgeot:267;pelipper:330
loudred_shadow,Loudred (Shadow),62.8,125.2,80.6,178,1798,BITE,STOMP,DISARMING_VOICE,65.7,49.6,44.4,54.4,xatu:744;swoobat:727;xatu_shadow:727;marowak_alolan_shadow:710;salamence_shadow:693,togekiss:186;blaziken:252;mantine:322;drampa:347;pidgeot:366
eevee,Eevee,62.7,99.9,108.3,135,1463,QUICK_ATTACK,BODY_SLAM,DIG,60.4,54.8,55.5,31.9,typhlosion_shadow:655;growlithe:574;arcanine_shadow:566;magmar_shadow:522;salamence_shadow:518,blaziken:193;corviknight:243;pidgeot:292;togekiss:313;pelipper:343
vileplume,Vileplume,62.7,128.8,112.7,120,1743,ACID,SLUDGE_BOMB,PETAL_BLIZZARD,52.5,34.8,61.6,34.3,jumpluff:625;moltres_galarian:616;wailmer_shadow:608;togetic:575;bombirdier:562,corviknight:90;pidgeot:193;pidgeot_shadow:225;charizard_shadow:243;pelipper:265
meganium_shadow,Meganium (Shadow),62.6,110.8,139,131,2018,VINE_WHIP,FRENZY_PLANT,EARTHQUAKE,49.9,28.7,59.5,34.9,diggersby:629;diggersby_shadow:591;furret:580;gyarados:522;gligar_shadow:519,charizard:89;charizard_shadow:106;togekiss:134;murkrow:151;toucannon:166
bayleef,Bayleef,62.5,105.5,141.5,142,2122,MAGICAL_LEAF,ANCIENT_POWER,ENERGY_BALL,53.1,26.6,59.1,42.7,diggersby:686;ursaring:661;gyarados:654;diggersby_shadow:633;gyarados_shadow:605,charizard:94;charizard_shadow:123;pidgeot:144;pidgeot_shadow:172;toucannon:174
torterra_shadow,Torterra (Shadow),62.3,119.9,117,133,1867,MUD_SLAP,FRENZY_PLANT,SAND_TOMB,59.9,30.7,53.9,39.8,growlithe_shadow:815;blaziken_shadow:793;magmar_shadow:793;blaziken:725;salazzle:710,mantine:103;pelipper:108;pidgeot:109;pidgeot_shadow:130;toucannon:146
trapinch_shadow,Trapinch (Shadow),62,148.7,78.1,120,1395,SAND_ATTACK,SAND_TOMB,CRUNCH,49.3,39.4,57.8,23.5,clodsire:820;torkoal:745;salazzle:695;blaziken_shadow:658;turtonator:529,pelipper:86;mantine:90;togekiss:95;pidgeot_shadow:137;charizard_shadow:162
nuzleaf_shadow,Nuzleaf (Shadow),61.9,125.2,78.1,157,1536,FEINT_ATTACK,LEAF_BLADE,FOUL_PLAY,56.4,36.1,55.8,34.7,girafarig_shadow:843;swoobat:735;lugia:710;oranguru:671;furret:544,togekiss:178;mantine:210;pidgeot:225;pelipper:239;charizard_shadow:277
nuzleaf,Nuzleaf,61.8,125.2,78.1,157,1536,FEINT_ATTACK,LEAF_BLADE,FOUL_PLAY,56,35.6,55,35.5,girafarig_shadow:828;lugia:767;oranguru:732;girafarig:668;drifblim:538,togekiss:134;pidgeot_shadow:225;charizard_shadow:243;pelipper:265;pidgeot:320
stantler_shadow,Stantler (Shadow),61.8,133.5,98.4,128,1684,TACKLE,WILD_CHARGE,STOMP,56.7,46,51.7,33.4,drifloon:683;staraptor:667;drifblim:617;mandibuzz:597;rayquaza:589,marowak_alolan:92;corviknight:170;pelipper:278;togekiss:278;pidgeot_shadow:299
grovyle_shadow,Grovyle (Shadow),61.7,136.3,103.2,117,1647,BULLET_SEED,LEAF_BLADE,AERIAL_ACE,52.3,29.7,60.3,23.5,diggersby_shadow:764;gyarados_shadow:688;girafarig:670;flygon_shadow:662;girafarig_shadow:602,charizard_shadow:68;charizard:68;salamence:81;salamence_shadow:106;drampa:108
serperior_shadow,Serperior (Shadow),61.6,110.2,142.2,130,2038,VINE_WHIP,FRENZY_PLANT,LEAF_TORNADO,59,38.2,60.6,41.3,pelipper:700;gliscor:684;gliscor_shadow:626;gligar_shadow:588;gyarados_shadow:507,charizard:89;charizard_shadow:106;togekiss:134;murkrow:151;toucannon:166
exeggcute_shadow,Exeggcute (Shadow),61.3,102.5,117.6,142,1713,CONFUSION,SEED_BOMB,ANCIENT_POWER,60.7,41.4,51.5,39.4,blaziken_shadow:806;blaziken:742;flamigo:711;girafarig_shadow:619;gyarados:528,mandibuzz:71;murkrow:151;pidgeot_shadow:228;pidgeot:250;pelipper:317
ivysaur,Ivysaur,61.3,118.7,121,131,1883,VINE_WHIP,POWER_WHIP,SLUDGE_BOMB,51.4,29.6,61.7,33.4,wailmer_shadow:652;diggersby:622;diggersby_shadow:583;ursaring:576;gyarados:507,charizard_shadow:72;charizard:89;salamence:98;toucannon:126;pelipper:213
raticate_shadow,Raticate (Shadow),61,125.9,116,122,1783,QUICK_ATTACK,HYPER_FANG,DIG,48.2,42.1,58.3,21.8,corvisquire:676;castform_sunny:573;ninetales:569;moltres_galarian:569;golbat:528,corviknight:123;mantine:202;togekiss:221;pidgeot:257;pelipper:265
stufful_shadow,Stufful (Shadow),61,124.8,92.1,156,1795,TACKLE,SUPER_POWER,STOMP,57.3,46.7,57.2,37,wailmer:676;mandibuzz:641;diggersby:631;vespiquen:573;vullaby:564,marowak_alolan_shadow:184;pelipper:252;pidgeot:281;pidgeot_shadow:281;charizard_shadow:294
krokorok,Krokorok,60.9,134,87.9,142,1674,MUD_SLAP,CRUNCH,EARTHQUAKE,55.2,30.7,49.6,36.4,blaziken_shadow:848;blaziken:827;magmar_shadow:827;salazzle:806;oranguru:721,mantine:103;pelipper:108;pidgeot:116;pidgeot_shadow:144;toucannon:146
exeggcute,Exeggcute,60.1,102.5,117.6,142,1713,CONFUSION,SEED_BOMB,ANCIENT_POWER,59.3,41.1,50.4,38.5,blaziken_shadow:742;dragonite:690;gyarados:605;gyarados_shadow:528;togekiss:507,murkrow:133;murkrow_shadow:151;pidgeot_shadow:250;pidgeot:257;pelipper:265
porygon2_shadow,Porygon2 (Shadow),60.1,122.1,117.9,127,1830,LOCK_ON,TRI_ATTACK,ZAP_CANNON,54.3,57.8,63.6,19.4,noctowl:740;drifblim:712;mandibuzz:681;swanna_shadow:602;salamence:527,pidgeot:91;togekiss:91;mantine:107;toucannon:166;charizard_shadow:175
herdier,Herdier,60,118.8,111.6,142,1885,SAND_ATTACK,DIG,THUNDERBOLT,50.3,36.9,64.6,24.3,mantine:661;castform_sunny:658;ninetales_shadow:623;golbat_shadow:542;gyarados:531,pidgeot:91;pidgeot_shadow:91;charizard:94;toucannon:105;pelipper:113
mothim,Mothim,60,140,82.9,138,1603,BUG_BITE,AERIAL_ACE,BUG_BUZZ,57.6,31.2,52.2,49.3,bellossom_shadow:768;girafarig_shadow:735;garchomp_shadow:692;girafarig:688;abomasnow_shadow:619,charizard_shadow:149;charizard:149;pidgeot:204;pidgeot_shadow:204;pelipper:252
phanpy,Phanpy,59.9,102.5,94.9,186,1811,TACKLE,ROCK_SLIDE,TRAILBLAZE,48.8,35.8,60.6,34.7,ledian:642;vespiquen:596;togekiss:529;fearow:510;trumbeak:505,pidgeot:179;drampa:213;pelipper:239;pidgeot_shadow:267;charizard_shadow:273
bayleef_shadow,Bayleef (Shadow),59.8,105.5,141.5,142,2122,MAGICAL_LEAF,ANCIENT_POWER,ENERGY_BALL,50.3,25,53.1,37.7,gyarados:605;diggersby_shadow:598;oranguru:580;furret:573;gligar_shadow:549,charizard:123;charizard_shadow:153;togekiss:156;pidgeot:172;pidgeot_shadow:176
cherrim_sunny,Cherrim (Sunshine),59.8,121.8,116.2,130,1843,BULLET_SEED,WEATHER_BALL_FIRE,SOLAR_BEAM,55,28,55,33.2,abomasnow_shadow:650;oranguru:588;diggersby:580;gligar:553;furret:507,torkoal:58;ninetales_shadow:63;charizard_shadow:68;drampa:108;pelipper:230
vileplume_shadow,Vileplume (Shadow),59.8,128.8,112.7,120,1743,ACID,SLUDGE_BOMB,MOONBLAST,51.7,33.2,55.3,35.1,flapple:679;noctowl:616;wailmer:608;mandibuzz:579;moltres_galarian:562,corviknight:123;mantine:210;pidgeot:225;pelipper:239;charizard_shadow:277
silicobra,Silicobra,59.6,99.1,115.9,131,1506,MUD_SHOT,WRAP,EARTH_POWER,56.6,47.7,51.2,38.5,salazzle:690;castform_sunny:667;marowak_alolan:625;turtonator:614;marowak_alolan_shadow:572,gyarados:227;charizard:264;gyarados_shadow:280;charizard_shadow:299;pidgeot:355
trapinch,Trapinch,59.4,148.7,78.1,120,1395,SAND_ATTACK,SAND_TOMB,CRUNCH,53.2,42.7,51.8,24.7,torkoal:787;salazzle:620;marowak_alolan:616;turtonator:612;marowak_alolan_shadow:558,pelipper:86;toucannon:89;mantine:90;togekiss:95;charizard_shadow:149
cinccino,Cinccino,59.3,134.9,96.1,128,1661,CHARM,AQUA_TAIL,THUNDERBOLT,52.8,40.4,49,33,salamence_shadow:742;salamence:738;murkrow:722;murkrow_shadow:714;dragonite:683,corviknight:163;charizard:213;charizard_shadow:243;pidgeot:285;pelipper:317
breloom,Breloom,58.6,149.9,96.7,103,1494,FORCE_PALM,DYNAMIC_PUNCH,GRASS_KNOT,57.3,27.3,49.2,47,ursaring_shadow:825;furret:800;magmortar_shadow:762;drampa:742;mandibuzz:548,togekiss:86;pelipper:173;pidgeot_shadow:225;charizard_shadow:239;pidgeot:246
indeedee_female,Indeedee (Female),58.3,121.7,128.2,118,1842,EXTRASENSORY,ENERGY_BALL,PSYCHIC,49.6,35.1,55.3,27.7,ursaring:631;hippowdon:588;gyarados:580;golbat:546;golbat_shadow:516,murkrow:107;corviknight:110;pidgeot:200;pelipper:213;pidgeot_shadow:228
loudred,Loudred,58.3,125.2,80.6,178,1798,BITE,DISARMING_VOICE,STOMP,59.5,44,47.4,51,drifblim_shadow:839;lugia:772;xatu_shadow:744;drifblim:710;girafarig_shadow:699,togekiss:186;murkrow:237;pidgeot:267;pelipper:339;pidgeot_shadow:366
gumshoos,Gumshoos,58.2,134.2,84.9,147,1677,BITE,ROCK_TOMB,CRUNCH,61,45.7,38.5,49.3,articuno_galarian:843;xatu:751;xatu_shadow:751;armarouge:741;drifblim:707,togekiss:191;murkrow:244;gyarados_shadow:330;toucannon:357;charizard_shadow:376
ivysaur_shadow,Ivysaur (Shadow),58.1,119.8,121.3,129,1877,VINE_WHIP,POWER_WHIP,SLUDGE_BOMB,44.7,24.1,59.1,27.3,wailmer:647;wailmer_shadow:585;diggersby:577;furret:527;togetic:527,charizard_shadow:106;charizard:106;pidgeot_shadow:130;togekiss:134;toucannon:166
ambipom,Ambipom,58,133.8,100.5,124,1670,ASTONISH,AERIAL_ACE,RETURN,50.3,36.2,52,32.8,drifblim_shadow:802;articuno_galarian:794;drifblim:709;xatu_shadow:673;marowak_alolan:516,drampa:108;pidgeot:116;fearow:116;pidgeot_shadow:144;toucannon:146
tornadus_incarnate_shadow,Tornadus (Incarnate) (Shadow),58,148.1,95.5,107,1514,AIR_SLASH,GRASS_KNOT,HURRICANE,63.9,45.3,35.3,43.4,hawlucha:808;blaziken_shadow:799;blaziken:771;flamigo:733;salamence_shadow:546,corviknight:163;pidgeot:235;charizard:307;pelipper:308;charizard_shadow:358
komala,Komala,57.8,136.8,110.2,109,1645,ROLLOUT,PAYBACK,BULLDOZE,54.7,39.7,58.4,23.7,drifblim:688;fletchinder:665;talonflame:665;rapidash:646;charizard_shadow:555,corviknight:136;drampa:160;mantine:243;togekiss:247;pelipper:304
groudon_shadow,Groudon (Shadow),57.1,133.9,116.5,104,1623,MUD_SHOT,PRECIPICE_BLADES,FIRE_PUNCH,60.2,51.9,54.8,14.8,clodsire:879;salazzle:649;abomasnow:562;turtonator:538;abomasnow_shadow:519,mantine:53;salamence_shadow:81;salamence:81;pelipper:82;charizard_shadow:106
dugtrio_alolan_shadow,Dugtrio (Alolan) (Shadow),56.8,148.1,112.9,90,1506,MUD_SLAP,MUD_BOMB,IRON_HEAD,53.4,28.9,41.3,36,salazzle:783;clodsire:777;blaziken:727;blaziken_shadow:716;ursaring_shadow:683,pelipper:134;mantine:136;togekiss:156;pidgeot:172;pidgeot_shadow:200
audino,Audino,56.4,92.6,137.8,190,2428,ZEN_HEADBUTT,BODY_SLAM,DISARMING_VOICE,49.6,36.9,58,37,golbat_shadow:560;monferno:552;combusken:542;rayquaza:523;flygon:507,murkrow:114;murkrow_shadow:114;togekiss:178;toucannon:227;charizard_shadow:260
carnivine,Carnivine,56.1,130.1,101.8,130,1724,VINE_WHIP,POWER_WHIP,CRUNCH,47.1,26,53.9,27.3,swampert_shadow:892;wailmer:626;diggersby:600;wailmer_shadow:561;pelipper:519,charizard:72;charizard_shadow:106;togekiss:134;toucannon:166;pidgeot:278
dugtrio_alolan,Dugtrio (Alolan),55.8,148.1,112.9,90,1506,MUD_SLAP,MUD_BOMB,IRON_HEAD,49.9,28.6,43,33,clodsire:800;growlithe_shadow:761;blaziken_shadow:727;magmar_shadow:727;blaziken:683,mantine:103;pelipper:108;togekiss:126;pidgeot:144;charizard_shadow:196
tsareena,Tsareena,55.6,130.4,120.6,109,1715,MAGICAL_LEAF,TRIPLE_AXEL,HIGH_JUMP_KICK,48.2,25.6,46.5,33.8,swampert_shadow:940;stunfisk_galarian:665;wailmer:651;wailmer_shadow:610;furret:509,charizard_shadow:111;pidgeot:130;pidgeot_shadow:151;salamence_shadow:162;toucannon:203
dolliv,Dolliv,55.4,118.4,122.6,130,1890,MAGICAL_LEAF,EARTH_POWER,TRAILBLAZE,51.5,26,46.6,41.5,diggersby:607;furret:588;diggersby_shadow:569;oranguru:546;gligar_shadow:511,charizard_shadow:89;charizard:123;toucannon:182;pidgeot_shadow:264;pidgeot:271
simisage,Simisage,55.2,135.9,95.8,126,1642,VINE_WHIP,GRASS_KNOT,CRUNCH,43.9,25.4,54,24.3,swampert_shadow:888;swampert:722;wailord:623;wailmer:603;diggersby:571,charizard:72;charizard_shadow:106;togekiss:134;toucannon:166;pidgeot:285
floragato,Floragato,55.1,124.4,110.5,131,1803,LEAFAGE,GRASS_KNOT,PLAY_ROUGH,45.9,25.8,51.7,30.2,wailmer:675;dubwool:648;wailmer_shadow:637;diggersby:603;furret:549,charizard_shadow:106;charizard:132;togekiss:134;toucannon:166;pidgeot:323
eldegoss,Eldegoss,54.5,108.4,160.4,119,2070,BULLET_SEED,GRASS_KNOT,ENERGY_BALL,50.3,29.2,50.4,37.7,wailmer:768;wailmer_shadow:760;ursaring:617;gyarados_shadow:605;oranguru:588,charizard_shadow:64;charizard:64;salamence:64;toucannon:89;murkrow:107
lombre,Lombre,54.2,106.7,112.6,142,1706,BUBBLE,SCALD,GRASS_KNOT,44.4,25.1,55.6,30,stunfisk_galarian:735;diggersby_shadow:644;torkoal:626;magby:580;magmar_shadow:510,pelipper:143;drampa:143;pidgeot_shadow:151;pidgeot:172;toucannon:203
phanpy_shadow,Phanpy (Shadow),54,102.5,94.9,186,1811,TACKLE,ROCK_SLIDE,TRAILBLAZE,44.1,33.3,53.9,30.7,ledian:688;honchkrow_shadow:612;seismitoad:580;steelix:572;ledian_shadow:508,pelipper:186;mantine:210;toucannon:260;pidgeot:267;charizard_shadow:273
roselia,Roselia,53.9,138.5,105.9,110,1615,POISON_JAB,SLUDGE_BOMB,PETAL_BLIZZARD,49.7,31.2,44.4,39.6,sceptile_shadow:790;gogoat:781;sceptile:750;flapple:686;jumpluff:554,corviknight:123;mantine:210;pidgeot:225;pelipper:291;charizard_shadow:346
grotle_shadow,Grotle (Shadow),53.6,117.8,114.8,141,1908,RAZOR_LEAF,BODY_SLAM,ENERGY_BALL,53.8,31.5,43.2,45.3,swampert_shadow:946;wailmer_shadow:872;ursaring_shadow:797;wailmer:712;gyarados:528,corviknight:143;charizard:175;charizard_shadow:192;pidgeot:193;pidgeot_shadow:225
tangela,Tangela,53.6,125.5,122.8,116,1790,VINE_WHIP,GRASS_KNOT,SLUDGE_BOMB,43.2,23.4,53.4,26,swampert_shadow:918;wailmer:650;wailmer_shadow:612;diggersby:577;diggersby_shadow:534,charizard:89;charizard_shadow:106;togekiss:134;toucannon:166;pelipper:213
cubone_shadow,Cubone (Shadow),53.5,88.2,133.6,127,1497,MUD_SLAP,BONE_CLUB,DIG,51.5,26.7,43.5,30.7,blaziken_shadow:838;salazzle:751;castform_sunny:618;turtonator:598;torkoal:582,pelipper:82;gyarados_shadow:103;toucannon:117;murkrow:133;pidgeot:172
tornadus_incarnate,Tornadus (Incarnate),53.1,148.1,95.5,107,1514,AIR_SLASH,GRASS_KNOT,HURRICANE,56.6,39.7,38.2,38.9,blaziken_shadow:771;scyther_shadow:757;flamigo:714;victreebel_shadow:696;hawlucha:514,corviknight:136;mantine:206;pidgeot_shadow:235;pelipper:278;charizard_shadow:307
rillaboom,Rillaboom,53,132.4,99.3,129,1696,RAZOR_LEAF,DRUM_BEATING,FRENZY_PLANT,53.1,30.9,39.3,42.3,swampert_shadow:937;wailmer_shadow:860;wailmer:837;diggersby:573;ursaring_shadow:531,charizard:153;ninetales:178;charizard_shadow:192;pidgeot_shadow:225;pidgeot:235
cubone,Cubone,52.4,88.2,133.6,127,1497,MUD_SLAP,BONE_CLUB,RETURN,49.7,22.4,48.8,34.9,salazzle:783;growlithe_shadow:677;torkoal:618;magmar_shadow:586;ninetales:559,mantine:70;pidgeot:88;gyarados_shadow:103;pelipper:108;pidgeot_shadow:116
lilligant_hisuian,Lilligant (Hisuian),52.2,133.4,107.7,117,1683,BULLET_SEED,UPPER_HAND,PETAL_BLIZZARD,42.1,18.7,50.9,25.4,wailmer:666;garchomp_shadow:666;wailmer_shadow:658;stunfisk_galarian:636;furret:542,charizard:47;charizard_shadow:68;salamence_shadow:94;mantine:119;pidgeot:288
sunflora,Sunflora,52.1,128.7,102.1,132,1736,BULLET_SEED,LEAF_STORM,SLUDGE_BOMB,40.9,17.9,53.7,21.3,wailmer:659;swampert_shadow:643;wailmer_shadow:598;diggersby:575;furret:515,charizard:55;pidgeot:66;charizard_shadow:68;pidgeot_shadow:88;toucannon:113
arboliva,Arboliva,52,129.2,116.6,115,1734,MAGICAL_LEAF,EARTH_POWER,TRAILBLAZE,47.4,24.1,41.9,35.3,swampert_shadow:943;stunfisk_galarian:678;wailmer:665;wailmer_shadow:626;oranguru:534,charizard:106;charizard_shadow:111;toucannon:211;pidgeot:253;pidgeot_shadow:299
butterfree_shadow,Butterfree (Shadow),51.9,126.6,112.5,124,1769,CONFUSION,BUG_BUZZ,SIGNAL_BEAM,53.1,32.2,45.2,37.9,blaziken_shadow:754;victreebel:741;victreebel_shadow:741;blaziken:705;flamigo:633,mandibuzz:102;murkrow:151;mantine:210;pidgeot:250;pelipper:286
grotle,Grotle,51.6,117.8,114.8,141,1908,RAZOR_LEAF,BODY_SLAM,ENERGY_BALL,50.3,28.7,45.2,43,swampert_shadow:960;mamoswine:741;wailmer:723;wailmer_shadow:712;gyarados_shadow:528,charizard:132;charizard_shadow:175;pidgeot_shadow:193;pidgeot:214;toucannon:247
turtwig_shadow,Turtwig (Shadow),51.5,112.6,105,135,1597,TACKLE,BODY_SLAM,SEED_BOMB,44.5,31.2,42.7,25,quagsire_shadow:711;swampert:659;wailord:603;wailmer:585;bombirdier:514,mantine:177;charizard_shadow:222;charizard:222;pelipper:304;pidgeot:348
deerling,Deerling,50.8,109.2,96.6,142,1499,TACKLE,WILD_CHARGE,TRAILBLAZE,46.4,33,41.8,33.2,ludicolo:728;seismitoad:616;drifloon_shadow:588;quagsire_shadow:580;castform:566,torkoal:171;pidgeot_shadow:204;pidgeot:214;pelipper:221;charizard_shadow:222
maractus,Maractus,50.8,135.5,95.2,128,1652,BULLET_SEED,AERIAL_ACE,PETAL_BLIZZARD,40,26.3,49.6,18.8,swampert:726;swampert_shadow:640;wailmer:636;wailmer_shadow:570;diggersby:546,charizard:47;pidgeot:66;charizard_shadow:68;pidgeot_shadow:88;pelipper:156
porygon_z_shadow,Porygon-Z (Shadow),50.8,147.6,88.1,117,1522,LOCK_ON,TRI_ATTACK,ZAP_CANNON,48.7,32.3,46.6,10.5,toucannon:611;fearow:611;trumbeak:611;murkrow:568;dodrio:568,mantine:90;pidgeot:137;pidgeot_shadow:137;charizard_shadow:149;pelipper:169
rowlet,Rowlet,50.8,98.3,95.7,154,1450,LEAFAGE,SEED_BOMB,ENERGY_BALL,47,29.4,42.7,31.9,gyarados:623;zangoose:620;ursaring:597;diggersby:597;ursaring_shadow:545,charizard_shadow:72;charizard:89;salamence:98;toucannon:126;pidgeot_shadow:235
tangela_shadow,Tangela (Shadow),50.8,125.5,122.8,116,1790,VINE_WHIP,GRASS_KNOT,SLUDGE_BOMB,38.3,20.1,50.3,22.8,swampert:918;swampert_shadow:905;spinda:659;wailmer:612;diggersby:534,charizard_shadow:106;charizard:106;pidgeot_shadow:130;togekiss:134;toucannon:166
turtwig,Turtwig,50.8,112.6,105,135,1597,TACKLE,BODY_SLAM,SEED_BOMB,45.3,32.8,42.9,26.6,quagsire_shadow:777;swampert:737;swampert_shadow:659;wailmer_shadow:585;gyarados:507,togekiss:186;pelipper:213;charizard_shadow:222;pidgeot:285;pidgeot_shadow:348
sawsbuck,Sawsbuck,50.7,129.4,101.8,131,1727,FEINT_ATTACK,WILD_CHARGE,TRAILBLAZE,44.5,27.7,41.1,30.9,ludicolo:717;swampert_shadow:618;swampert:618;drifloon:610;drifblim:591,togekiss:143;pidgeot:176;charizard_shadow:209;pidgeot_shadow:211;pelipper:226
butterfree,Butterfree,50.4,126.6,112.5,124,1769,CONFUSION,BUG_BUZZ,SIGNAL_BEAM,49.9,30.7,47.3,35.3,blaziken:741;victreebel_shadow:741;blaziken_shadow:705;dubwool:568;flamigo:564,murkrow:133;mantine:202;pidgeot:214;pelipper:243;charizard_shadow:260
chespin_shadow,Chespin (Shadow),50.2,105,101.6,136,1452,VINE_WHIP,BODY_SLAM,SEED_BOMB,45.9,36.9,40.8,23.7,wailord:816;wailmer:658;swampert_shadow:647;wailmer_shadow:599;hippowdon:514,charizard:72;charizard_shadow:106;salamence_shadow:119;drampa:121;pidgeot:235
indeedee_male,Indeedee (Male),49.9,134.9,114.6,107,1656,EXTRASENSORY,SHADOW_BALL,PSYCHIC,36.9,25.1,50.7,22.8,emboar_shadow:761;drifloon:602;drifblim:588;drifloon_shadow:560;runerigus:560,mandibuzz:62;murkrow:133;mantine:202;pelipper:217;pidgeot:228
regigigas_shadow,Regigigas (Shadow),49.7,140.2,102,110,1574,HIDDEN_POWER_ICE,CRUSH_GRIP,THUNDER,53.5,28.4,28.9,37,salamence_shadow:790;salamence:777;dragonite_shadow:768;dragonite:759;gliscor:709,ninetales:119;ninetales_shadow:142;pelipper:247;gyarados_shadow:272;charizard_shadow:282
porygon_z,Porygon-Z,49.5,147.6,88.1,117,1522,LOCK_ON,TRI_ATTACK,ZAP_CANNON,48.2,31.2,40.4,11.4,dodrio:653;toucannon_shadow:611;trumbeak_shadow:611;murkrow_shadow:568;dragonite_shadow:568,pelipper:86;pidgeot:91;togekiss:95;pidgeot_shadow:137;charizard_shadow:166
toedscool,Toedscool,49.4,94.1,137.8,113,1466,MUD_SLAP,SEED_BOMB,EARTH_POWER,44.9,24.4,42.2,27.5,salazzle:756;stunfisk_galarian:685;clodsire:654;swampert_shadow:592;wailmer_shadow:588,pelipper:108;toucannon:117;charizard_shadow:132;pidgeot:151;pidgeot_shadow:179
thwackey,Thwackey,49,123.6,107.5,136,1809,RAZOR_LEAF,GRASS_KNOT,ENERGY_BALL,49.4,27.4,37.5,42.3,swampert_shadow:941;wailmer_shadow:863;mamoswine_shadow:731;wailmer:702;mamoswine:702,charizard_shadow:153;charizard:188;salamence:188;pidgeot_shadow:211;toucannon:268
chespin,Chespin,48.8,105,101.6,136,1452,VINE_WHIP,BODY_SLAM,SEED_BOMB,46.2,34.6,38.6,26.4,swampert_shadow:687;wailmer_shadow:658;wailmer:647;diggersby:558;hippowdon_shadow:514,charizard_shadow:72;abomasnow:97;ninetales_shadow:99;pidgeot:211;pidgeot_shadow:235
shaymin_land,Shaymin (Land),48.4,117.8,122.2,132,1902,MAGICAL_LEAF,GRASS_KNOT,SEED_FLARE,42.1,20.4,46.6,30.5,swampert_shadow:935;wailmer:693;diggersby:583;furret:556;oranguru:553,charizard_shadow:106;charizard:123;pidgeot_shadow:130;pidgeot:144;toucannon:174
bulbasaur_shadow,Bulbasaur (Shadow),46.9,111.7,105.8,120,1420,VINE_WHIP,POWER_WHIP,SEED_BOMB,38,25.6,42.2,19.7,swampert_shadow:845;wailmer:620;flygon_shadow:616;garchomp_shadow:616;wailmer_shadow:558,charizard:72;charizard_shadow:106;toucannon:154;pelipper:200;pidgeot:207
shaymin_sky,Shaymin (Sky),46.9,139.3,94.1,123,1614,MAGICAL_LEAF,GRASS_KNOT,ENERGY_BALL,39.8,20.7,40.8,28.6,swampert_shadow:971;swampert:963;quagsire_shadow:963;dubwool:658;diggersby:524,charizard:89;charizard_shadow:111;pidgeot:130;salamence_shadow:158;pidgeot_shadow:172
bulbasaur,Bulbasaur,46.6,111.7,105.8,120,1420,VINE_WHIP,POWER_WHIP,SEED_BOMB,39.5,26.7,41.6,23.3,swampert:870;wailmer:629;wailmer_shadow:620;swampert_shadow:600;zangoose:508,charizard_shadow:72;charizard:72;toucannon:126;pidgeot:186;pidgeot_shadow:207
ferroseed,Ferroseed,42.9,81.5,142.8,119,1386,METAL_CLAW,GYRO_BALL,RETURN,36.2,18.4,43.8,26.2,gogoat:600;victreebel_shadow:571;bellossom:567;flapple:529;swoobat:525,charizard:89;pelipper:108;pidgeot:130;charizard_shadow:132;pidgeot_shadow:172
lilligant,Lilligant,42.7,136.5,105.8,114,1649,CHARM,PETAL_BLIZZARD,HYPER_BEAM,45.3,26.9,26.7,32.6,rayquaza:776;salamence_shadow:732;salamence:732;flygon:719;dragonite_shadow:714,charizard:179;mantine:202;charizard_shadow:205;pidgeot:211;pelipper:273
cherrim_overcast,Cherrim (Overcast),42.5,121.8,116.2,130,1843,BULLET_SEED,DAZZLING_GLEAM,SOLAR_BEAM,31.3,14.2,42.2,17.3,swampert:726;swampert_shadow:696;wailmer_shadow:642;wailmer:642;oranguru:542,charizard:64;charizard_shadow:68;pidgeot:77;pidgeot_shadow:88;pelipper:143
skiddo,Skiddo,39.5,115.9,98.3,151,1722,ROCK_SMASH,SEED_BOMB,BRICK_BREAK,36.9,21.2,33.8,26.4,obstagoon_shadow:678;steelix:632;bibarel:625;quagsire_shadow:615;stunfisk_galarian:546,togekiss:95;charizard_shadow:128;pelipper:143;charizard:217;pidgeot:271
ferroseed_shadow,Ferroseed (Shadow),39.3,81.5,142.8,119,1386,METAL_CLAW,GYRO_BALL,IRON_HEAD,32.4,17.8,37.5,23,victreebel:571;victreebel_shadow:533;flygon_shadow:529;garchomp_shadow:512;girafarig_shadow:504,charizard_shadow:106;pelipper:108;charizard:132;toucannon:166;pidgeot:172
regigigas,Regigigas,30,139.8,104.3,110,1605,HIDDEN_POWER_GROUND,CRUSH_GRIP,THUNDER,29.2,15.8,23.5,20.9,salazzle:795;heatran_shadow:759;heatran:745;rapidash_shadow:559;typhlosion_shadow:559,pidgeot:88;pelipper:95;gyarados_shadow:99;murkrow:103;salamence:119
slaking,Slaking,18,138.8,83.1,140,1616,YAWN,BODY_SLAM,EARTHQUAKE,12.1,14.2,22.4,4.6,regigigas:567,gyarados_shadow:20;toucannon:24;charizard_shadow:25;charizard:25;togekiss:26
slaking_shadow,Slaking (Shadow),18,138.8,83.1,140,1616,YAWN,BODY_SLAM,EARTHQUAKE,11.8,12.6,24.3,4.4,,gyarados_shadow:20;pelipper:21;charizard_shadow:21;toucannon:24;charizard:25