speciesId,speciesName,score,attack,defense,hp,statProduct,fastMove,chargedMove1,chargedMove2,leadScore,switchScore,closerScore,attackerScore,topMatchups,topCounters
corsola_galarian,Corsola (Galarian),98.6,99.3,163,139,2252,ASTONISH,NIGHT_SHADE,POWER_GEM,100,86.4,98.9,100,kingdra:629;cramorant:615;altaria:600;dragonair_shadow:597;cradily:521,furret:293;snorlax:296;aurorus:408;quagsire_shadow:493;lapras:494
snorlax,Snorlax,97.1,108.4,102.2,187,2073,PSYWAVE,BODY_SLAM,EARTHQUAKE,96,100,95.5,91.6,corsola_galarian:703;furret:657;kingdra:601;altaria:572;dragonair_shadow:542,vigoroth:379;annihilape_shadow:421;cramorant:424;cradily:437;jellicent:493
regidrago,Regidrago,96.4,121.8,62.7,241,1842,DRAGON_BREATH,DRAGON_ENERGY,VICE_GRIP,98.3,93.9,100,80.4,altaria:678;cramorant:614;vigoroth:564;cradily:560;kingdra:537,annihilape_shadow:289;lapras:340;snorlax:358;dragonair_shadow:397;corsola_galarian:431
dusclops,Dusclops,95.4,102.4,197.6,108,2187,HEX,ICE_PUNCH,SHADOW_PUNCH,92.7,84.8,94.1,97.2,annihilape_shadow:675;jumpluff:662;cradily:652;altaria:574;kingdra:537,snorlax:296;corsola_galarian:334;cramorant:349;vigoroth:389;dragonair_shadow:488
oranguru,Oranguru,95.1,110.1,130,142,2035,CONFUSION,BRUTAL_SWING,TRAILBLAZE,97.7,93.9,90.1,91,corsola_galarian:651;altaria:570;cramorant:559;vigoroth:549;cradily:542,aurorus:265;furret:284;dragonair_shadow:314;snorlax:368;kingdra:474
cresselia,Cresselia,95,93.1,160.7,160,2396,PSYCHO_CUT,GRASS_KNOT,MOONBLAST,92.1,91.2,95.9,95.1,altaria:665;dragonair_shadow:646;kingdra:581;vigoroth:550;cramorant:515,corsola_galarian:241;furret:325;jumpluff:382;cradily:406;aurorus:411
lapras,Lapras,94.7,104.6,114.5,179,2147,PSYWAVE,SPARKLING_ARIA,ICE_BEAM,94.5,92,97.8,79.6,altaria:787;cramorant:586;kingdra:536;cradily:516;corsola_galarian:505,annihilape_shadow:289;jellicent:352;furret:409;vigoroth:410;aurorus:475
kingdra,Kingdra,94.5,121.8,127.9,118,1839,DRAGON_BREATH,SURF,SWIFT,96,97.8,92.7,84.9,quagsire_shadow:792;stunfisk:656;aurorus:627;dragonair_shadow:614;jellicent:512,corsola_galarian:370;cradily:399;altaria:456;vigoroth:458;cramorant:480
shelgon,Shelgon,94.5,123.2,119,123,1806,DRAGON_BREATH,TWISTER,FLAMETHROWER,92.1,97.8,95.9,76.3,altaria:670;cramorant:593;quagsire_shadow:577;cradily:540;kingdra:536,annihilape_shadow:289;corsola_galarian:363;snorlax:387;dragonair_shadow:397;vigoroth:472
cramorant,Cramorant,94.4,121.2,121.2,126,1852,PECK,DIVE,FLY,93.4,87.3,94.8,96.6,dragonair_shadow:734;annihilape_shadow:611;jellicent:531;altaria:527;kingdra:519,corsola_galarian:384;cradily:402;lapras:413;vigoroth:431;aurorus:432
dusclops_shadow,Dusclops (Shadow),94.2,102.4,197.6,108,2187,HEX,ICE_PUNCH,SHADOW_PUNCH,95.2,85.3,94,86.2,cradily:620;dragonair_shadow:592;altaria:574;kingdra:541;cramorant:518,snorlax:256;corsola_galarian:392;jellicent:419;lapras:432;vigoroth:489
cradily,Cradily,94,105.2,140.3,144,2126,ACID,ROCK_TOMB,GRASS_KNOT,94.5,77.8,95.5,81.4,quagsire_shadow:777;dragonair_shadow:628;altaria:611;kingdra:600;cramorant:597,annihilape_shadow:110;jellicent:458;corsola_galarian:478;lapras:483;vigoroth:489
giratina_altered_shadow,Giratina (Altered) (Shadow),94,105.2,125,159,2093,DRAGON_BREATH,DRAGON_CLAW,SHADOW_SNEAK,90.6,79.5,97.7,77.3,altaria:682;vigoroth:657;cradily:628;cramorant:540;dragonair_shadow:534,jellicent:233;lapras:405;kingdra:411;snorlax:419;corsola_galarian:453
crustle,Crustle,93.8,120.3,134.7,115,1864,FURY_CUTTER,X_SCISSOR,ROCK_WRECKER,89.3,93.9,99.1,75.3,cradily:891;altaria:795;lapras:795;furret:739;vigoroth:604,annihilape_shadow:146;kingdra:258;cramorant:285;dragonair_shadow:287;corsola_galarian:442
jumpluff,Jumpluff,93.8,96.7,156.9,153,2323,FAIRY_WIND,ENERGY_BALL,ACROBATICS,91.4,85.9,97.7,91.8,kingdra:735;dragonair_shadow:627;corsola_galarian:578;annihilape_shadow:578;vigoroth:552,aurorus:85;lapras:340;cramorant:380;cradily:381;altaria:456
dusknoir_shadow,Dusknoir (Shadow),93.4,119.8,174.1,90,1878,ASTONISH,DYNAMIC_PUNCH,SHADOW_PUNCH,92.4,79.8,91.3,73,annihilape_shadow:900;cradily:861;vigoroth:633;corsola_galarian:566;cramorant:511,quagsire_shadow:282;kingdra:283;dragonair_shadow:358;lapras:388;altaria:413
grumpig,Grumpig,93.4,113.3,131.4,132,1967,PSYWAVE,DYNAMIC_PUNCH,SHADOW_BALL,94.5,96.4,94.5,71.5,vigoroth:575;altaria:553;kingdra:537;cradily:522;annihilape_shadow:511,dragonair_shadow:275;araquanid:330;jumpluff:366;corsola_galarian:428;quagsire_shadow:484
araquanid,Araquanid,93.1,97.4,174,136,2306,INFESTATION,WATER_PULSE,MIRROR_COAT,91.2,83.9,93.3,94.4,aurorus:797;ninetales_shadow:738;quagsire_shadow:584;dragonair_shadow:551;snorlax:503,cramorant:289;altaria:409;corsola_galarian:417;kingdra:470;cradily:489
kingdra_shadow,Kingdra (Shadow),93.1,121.8,127.9,118,1839,DRAGON_BREATH,SURF,SWIFT,96.5,96.7,91.9,74.8,quagsire_shadow:792;aurorus:766;furret:741;snorlax:555;cramorant:512,cradily:392;dragonair_shadow:429;corsola_galarian:474;altaria:478;vigoroth:479
dragonair_shadow,Dragonair (Shadow),93,125.2,112.4,127,1788,DRAGON_BREATH,WRAP,AQUA_TAIL,94.2,99.3,85.3,69.2,ninetales_shadow:732;grumpig:724;annihilape_shadow:712;stunfisk:625;altaria:543,cramorant:265;jellicent:310;cradily:371;kingdra:385;corsola_galarian:402
furret,Furret,93,115.3,105.4,160,1946,SUCKER_PUNCH,SWIFT,TRAILBLAZE,94.5,88.7,88.7,86.2,jellicent:743;corsola_galarian:706;kingdra:631;cradily:562;dragonair_shadow:506,annihilape_shadow:253;snorlax:342;altaria:474;cramorant:492;vigoroth:496
shelgon_shadow,Shelgon (Shadow),93,123.2,119,123,1806,DRAGON_BREATH,TWISTER,FLAMETHROWER,93.5,95.6,92.2,64.8,vigoroth:752;quagsire_shadow:699;cramorant:674;altaria:670;jumpluff:613,annihilape_shadow:289;cradily:385;kingdra:385;dragonair_shadow:429;corsola_galarian:478
sliggoo,Sliggoo,93,114.1,133.8,128,1956,DRAGON_BREATH,BODY_SLAM,DRAGON_PULSE,94.9,87.6,93.4,79.3,altaria:714;kingdra:570;cramorant:539;vigoroth:523;corsola_galarian:507,aurorus:167;annihilape_shadow:289;lapras:324;dragonair_shadow:397;cradily:454
aurorus,Aurorus,92.7,113.5,106.3,164,1979,POWDER_SNOW,WEATHER_BALL_ICE,METEOR_BEAM,92.1,84.2,93.1,83.2,altaria:832;corsola_galarian:591;cramorant:567;dragonair_shadow:530;cradily:527,annihilape_shadow:228;quagsire_shadow:347;kingdra:372;jellicent:451;snorlax:491
snorlax_shadow,Snorlax (Shadow),92.3,108.4,102.2,187,2073,PSYWAVE,BODY_SLAM,SUPER_POWER,95.7,95.7,93.4,69.7,corsola_galarian:622;vigoroth:596;altaria:566;cradily:564;jellicent:505,dragonair_shadow:240;annihilape_shadow:360;kingdra:466;jumpluff:480;quagsire_shadow:484
jellicent,Jellicent,92.1,106.6,126.3,156,2102,HEX,SURF,SHADOW_BALL,92.1,82.6,94.8,81.6,dragonair_shadow:689;annihilape_shadow:641;quagsire_shadow:621;altaria:612;cradily:541,furret:256;corsola_galarian:442;vigoroth:465;cramorant:468;kingdra:487
abomasnow_shadow,Abomasnow (Shadow),91.8,117.8,112,143,1888,POWDER_SNOW,WEATHER_BALL_ICE,ENERGY_BALL,95.8,80.9,90.4,68.4,altaria:807;dragonair_shadow:744;cradily:660;cramorant:569;kingdra:566,ninetales_shadow:130;araquanid:323;corsola_galarian:384;snorlax:438;lapras:449
goodra,Goodra,91.6,119.6,134.1,117,1878,DRAGON_BREATH,AQUA_TAIL,THUNDER_PUNCH,94.2,92,85.7,84.9,cramorant:632;jellicent:564;furret:559;quagsire_shadow:551;kingdra:512,dragonair_shadow:358;vigoroth:372;altaria:376;cradily:406;corsola_galarian:428
oinkologne_female,Oinkologne (Female),91.6,109.6,111.5,167,2042,TAKE_DOWN,BODY_SLAM,TRAILBLAZE,93.2,84.3,87.8,81.6,snorlax:673;lapras:646;vigoroth:604;kingdra:571;cramorant:538,cradily:347;annihilape_shadow:367;dragonair_shadow:385;altaria:485;corsola_galarian:496
jumpluff_shadow,Jumpluff (Shadow),91.5,96.7,156.9,153,2323,FAIRY_WIND,ENERGY_BALL,ACROBATICS,87.8,85.3,95.7,80.6,quagsire_shadow:964;kingdra:660;altaria:607;dragonair_shadow:565;cramorant:506,annihilape_shadow:217;cradily:309;corsola_galarian:341;vigoroth:379;lapras:388
abomasnow,Abomasnow,91.4,117.8,112,143,1888,POWDER_SNOW,WEATHER_BALL_ICE,ENERGY_BALL,93.4,78.9,90.1,79.6,altaria:807;dragonair_shadow:744;kingdra:608;jellicent:552;vigoroth:517,corsola_galarian:370;cradily:451;annihilape_shadow:453;cramorant:464;aurorus:475
dusknoir,Dusknoir,91.4,119.8,174.1,90,1878,ASTONISH,DYNAMIC_PUNCH,SHADOW_PUNCH,94.2,84.8,90.3,74.3,cradily:577;annihilape_shadow:561;corsola_galarian:544;vigoroth:516;kingdra:511,dragonair_shadow:287;altaria:358;snorlax:417;cramorant:452;furret:462
clodsire,Clodsire,91.3,95,119.7,208,2367,POISON_STING,EARTHQUAKE,STONE_EDGE,89.9,79.8,96.6,77.6,cradily:608;altaria:600;cramorant:579;kingdra:536;corsola_galarian:507,quagsire_shadow:83;jellicent:333;snorlax:355;vigoroth:368;dragonair_shadow:468
dunsparce,Dunsparce,91.2,104.7,110.9,184,2139,BITE,DRILL_RUN,ROCK_SLIDE,89.6,92.3,91,86.5,corsola_galarian:730;lapras:657;quagsire_shadow:600;jellicent:589;altaria:570,cramorant:305;cradily:326;vigoroth:355;kingdra:411;dragonair_shadow:433
walrein,Walrein,91.2,112.4,114.9,154,1991,POWDER_SNOW,ICICLE_SPEAR,EARTHQUAKE,88,85.3,93.3,81.9,altaria:801;dragonair_shadow:737;snorlax:646;vigoroth:564;cramorant:538,annihilape_shadow:253;corsola_galarian:341;jellicent:400;cradily:451;kingdra:487
spidops,Spidops,91.1,110.9,138.9,131,2020,SHADOW_CLAW,LUNGE,ROCK_TOMB,93.9,81.2,87.1,82.9,cradily:637;annihilape_shadow:622;altaria:591;corsola_galarian:557;dragonair_shadow:545,cramorant:178;aurorus:185;snorlax:425;kingdra:444;vigoroth:493
deoxys_defense,Deoxys (Defense),91,101,221.4,98,2193,LOW_KICK,PSYCHO_BOOST,THUNDERBOLT,86.2,66,97.8,70.7,cradily:637;annihilape_shadow:617;cramorant:607;dragonair_shadow:602;vigoroth:571,corsola_galarian:201;jellicent:259;altaria:398;furret:428;kingdra:466
dragonair,Dragonair,91,125.2,112.4,127,1788,DRAGON_BREATH,AQUA_TAIL,DRAGON_PULSE,92.7,89.2,88,70.2,quagsire_shadow:740;altaria:633;cradily:527;vigoroth:527;jellicent:519,lapras:212;kingdra:309;corsola_galarian:384;cramorant:396;annihilape_shadow:460
persian_shadow,Persian (Shadow),91,118.6,116.3,137,1890,SCRATCH,NIGHT_SLASH,POWER_GEM,93.4,95.6,89,64.6,altaria:755;furret:700;jellicent:660;corsola_galarian:613;dragonair_shadow:514,annihilape_shadow:321;cradily:333;snorlax:403;cramorant:408;kingdra:427
toucannon_shadow,Toucannon (Shadow),90.9,137.2,96.7,123,1634,PECK,BEAK_BLAST,DRILL_PECK,93.4,84.8,90.3,47.5,corsola_galarian:833;cradily:703;vigoroth:670;altaria:605;cramorant:593,aurorus:140;kingdra:271;dragonair_shadow:322;lapras:438;snorlax:451
vigoroth,Vigoroth,90.9,116.2,114.1,145,1923,SCRATCH,BODY_SLAM,BULLDOZE,92.4,92.5,88.5,78.3,snorlax:620;cramorant:568;kingdra:541;jellicent:534;cradily:510,altaria:362;annihilape_shadow:389;aurorus:423;corsola_galarian:467;quagsire_shadow:478
cofagrigus,Cofagrigus,90.8,111.7,165.3,109,2013,SHADOW_CLAW,SHADOW_BALL,ENERGY_BALL,91.7,80.6,94.7,69.2,corsola_galarian:665;cradily:614;cramorant:582;kingdra:582;dragonair_shadow:527,snorlax:224;furret:253;altaria:452;lapras:455;vigoroth:479
mantine,Mantine,90.8,105.5,166.5,121,2127,WING_ATTACK,TWISTER,WATER_PULSE,90.6,87.5,91.7,86,annihilape_shadow:673;altaria:595;dragonair_shadow:578;cramorant:557;kingdra:549,vigoroth:358;snorlax:377;cradily:378;corsola_galarian:442;jellicent:471
hypno,Hypno,90.7,103.4,142.9,147,2174,CONFUSION,SHADOW_BALL,THUNDER_PUNCH,91.1,82.1,92.7,85.2,cramorant:653;kingdra:642;annihilape_shadow:615;snorlax:612;dragonair_shadow:517,corsola_galarian:176;jellicent:381;cradily:395;vigoroth:417;altaria:442
kommo_o,Kommo-o,90.6,123.7,137.8,106,1808,DRAGON_TAIL,CLANGING_SCALES,UPPER_HAND,84.8,88.7,97,67.1,quagsire_shadow:716;furret:683;altaria:655;cradily:636;vigoroth:603,annihilape_shadow:217;cramorant:226;kingdra:283;dragonair_shadow:358;corsola_galarian:478
lapras_shadow,Lapras (Shadow),90.6,104.6,114.5,179,2147,PSYWAVE,SPARKLING_ARIA,ICE_BEAM,87.3,91.5,93.4,68.4,aurorus:843;altaria:787;kingdra:664;vigoroth:622;cramorant:572,quagsire_shadow:189;dragonair_shadow:275;annihilape_shadow:360;corsola_galarian:388;cradily:458
araquanid_shadow,Araquanid (Shadow),90.5,97.4,174,136,2306,INFESTATION,WATER_PULSE,MIRROR_COAT,90.1,76.5,91,82.9,annihilape_shadow:694;kingdra:683;vigoroth:625;lapras:613;cradily:547,dragonair_shadow:279;corsola_galarian:323;jellicent:342;cramorant:373;altaria:452
persian,Persian,90.5,118.6,116.3,137,1890,SCRATCH,NIGHT_SLASH,POWER_GEM,92.1,89.8,90.3,74,corsola_galarian:645;snorlax:602;lapras:576;kingdra:540;vigoroth:510,annihilape_shadow:289;cramorant:380;dragonair_shadow:393;cradily:430;altaria:460
arctibax,Arctibax,90.3,122.8,98.5,151,1829,DRAGON_BREATH,AVALANCHE,DRAGON_CLAW,88.9,95,92.6,60,altaria:692;jumpluff:685;cramorant:582;vigoroth:579;jellicent:546,annihilape_shadow:289;kingdra:377;dragonair_shadow:397;corsola_galarian:402;cradily:496
latias,Latias,90.3,124.5,138.9,104,1799,DRAGON_BREATH,AURA_SPHERE,MIST_BALL,88.9,88.1,88.9,63.8,vigoroth:802;snorlax:687;altaria:634;cradily:562;cramorant:524,jellicent:233;corsola_galarian:255;annihilape_shadow:289;kingdra:309;dragonair_shadow:358
medicham,Medicham,90.2,106.9,139.4,141,2103,PSYCHO_CUT,ICE_PUNCH,DYNAMIC_PUNCH,90.4,76.8,93.1,87.7,vigoroth:659;cradily:648;altaria:549;annihilape_shadow:542;dragonair_shadow:535,jellicent:176;corsola_galarian:237;cramorant:277;kingdra:419;snorlax:478
swalot,Swalot,90.2,103.4,122.6,171,2169,INFESTATION,SLUDGE,ICE_BEAM,89.8,82.6,90.8,86.2,jumpluff:716;cradily:690;altaria:640;dragonair_shadow:605;vigoroth:502,jellicent:323;annihilape_shadow:360;cramorant:361;kingdra:423;corsola_galarian:428
annihilape_shadow,Annihilape (Shadow),90.1,123.3,105.2,140,1817,LOW_KICK,RAGE_FIST,ICE_PUNCH,88.3,89.3,84.3,75.8,cradily:889;lapras:710;kingdra:653;quagsire_shadow:632;vigoroth:610,dragonair_shadow:287;corsola_galarian:334;jellicent:358;cramorant:388;altaria:489
cofagrigus_shadow,Cofagrigus (Shadow),90.1,111.7,165.3,109,2013,SHADOW_CLAW,SHADOW_BALL,ENERGY_BALL,83.4,71.8,97.3,59.2,vigoroth:610;corsola_galarian:591;cradily:591;annihilape_shadow:541;altaria:518,furret:115;kingdra:216;cramorant:265;snorlax:291;dragonair_shadow:334
lickilicky,Lickilicky,90.1,105.7,125.5,160,2124,ROLLOUT,BODY_SLAM,SHADOW_BALL,88.9,87.3,89.6,85.4,corsola_galarian:746;altaria:656;lapras:625;jellicent:615;annihilape_shadow:571,vigoroth:337;kingdra:364;cradily:392;dragonair_shadow:476;cramorant:488
cradily_shadow,Cradily (Shadow),90,105.2,140.3,144,2126,ACID,ROCK_TOMB,GRASS_KNOT,90.6,70.7,91.9,65.1,kingdra:607;altaria:597;cramorant:572;dragonair_shadow:562;corsola_galarian:559,aurorus:112;annihilape_shadow:146;araquanid:452;grumpig:473;snorlax:475
crustle_shadow,Crustle (Shadow),90,120.3,134.7,115,1864,FURY_CUTTER,X_SCISSOR,ROCK_WRECKER,85.2,100,94,50.6,cradily:865;lapras:795;altaria:695;snorlax:669;vigoroth:565,annihilape_shadow:146;cramorant:162;kingdra:258;dragonair_shadow:287;corsola_galarian:464
lunatone,Lunatone,90,119.1,108.6,145,1876,PSYWAVE,WEATHER_BALL_ICE,ROCK_SLIDE,90.6,94.2,86.9,68.4,annihilape_shadow:765;aurorus:672;stunfisk:600;cramorant:541;altaria:524,dragonair_shadow:216;cradily:326;corsola_galarian:345;kingdra:402;vigoroth:424
blastoise,Blastoise,89.9,112.1,137.7,130,2008,BITE,HYDRO_CANNON,SKULL_BASH,89.1,85.4,91,73.5,snorlax:611;vigoroth:600;quagsire_shadow:588;corsola_galarian:573;cramorant:515,kingdra:326;dragonair_shadow:362;altaria:369;cradily:385;annihilape_shadow:475
walrein_shadow,Walrein (Shadow),89.9,112.4,114.9,154,1991,POWDER_SNOW,ICICLE_SPEAR,EARTHQUAKE,86.6,77.9,91.5,67.9,cradily:801;altaria:801;kingdra:613;cramorant:603;dragonair_shadow:503,annihilape_shadow:289;corsola_galarian:370;snorlax:441;quagsire_shadow:465;jellicent:477
wartortle,Wartortle,89.9,107.6,139,139,2080,BITE,AQUA_JET,ICE_BEAM,90.3,89,90.8,74.8,altaria:622;quagsire_shadow:607;corsola_galarian:600;cramorant:510;cradily:507,kingdra:309;dragonair_shadow:334;vigoroth:389;jellicent:419;annihilape_shadow:446
vigoroth_shadow,Vigoroth (Shadow),89.8,116.2,114.1,145,1923,SCRATCH,BRICK_BREAK,ROCK_SLIDE,89.6,95.1,86.6,70.4,altaria:768;quagsire_shadow:620;corsola_galarian:589;vigoroth:555;kingdra:520,annihilape_shadow:146;cramorant:333;dragonair_shadow:358;cradily:378;jellicent:387
hypno_shadow,Hypno (Shadow),89.7,103.4,142.9,147,2174,CONFUSION,THUNDER_PUNCH,ICE_PUNCH,90.3,88.1,90.6,76.3,altaria:751;quagsire_shadow:605;cramorant:595;annihilape_shadow:571;cradily:540,jellicent:211;corsola_galarian:327;dragonair_shadow:338;vigoroth:489;kingdra:495
pachirisu,Pachirisu,89.7,91.5,157.1,142,2044,VOLT_SWITCH,THUNDERBOLT,THUNDER_PUNCH,84.7,55.3,87.5,93.6,jellicent:714;cramorant:704;lapras:651;annihilape_shadow:637;furret:626,cradily:250;dragonair_shadow:338;kingdra:419;corsola_galarian:471;altaria:492
rillaboom,Rillaboom,89.7,132.4,99.3,129,1696,SCRATCH,DRUM_BEATING,EARTH_POWER,88.9,88.4,82.3,75.3,quagsire_shadow:926;kingdra:631;jellicent:624;snorlax:608;vigoroth:562,altaria:250;cradily:378;corsola_galarian:402;dragonair_shadow:417;cramorant:484
altaria,Altaria,89.6,103.4,151.9,138,2168,DRAGON_BREATH,MOONBLAST,FLAMETHROWER,88.3,72.3,90.1,84.2,vigoroth:637;quagsire_shadow:605;kingdra:543;furret:525;annihilape_shadow:510,jellicent:387;cradily:388;corsola_galarian:399;dragonair_shadow:456;cramorant:472
cetitan,Cetitan,89.6,120.1,77,202,1871,POWDER_SNOW,ICICLE_SPEAR,SUPER_POWER,88.6,73.1,93.6,77.8,altaria:799;snorlax:618;vigoroth:611;dragonair_shadow:512;kingdra:509,quagsire_shadow:189;annihilape_shadow:253;corsola_galarian:352;cramorant:460;cradily:482
greedent,Greedent,89.6,106.8,110.7,177,2094,BITE,BODY_SLAM,TRAILBLAZE,85.7,90.7,87.5,87.5,quagsire_shadow:757;corsola_galarian:731;lapras:638;stunfisk:615;jellicent:581,cramorant:392;altaria:398;cradily:409;kingdra:432;dragonair_shadow:452
pidgeot,Pidgeot,89.6,116.9,115.5,142,1918,GUST,TWISTER,BRAVE_BIRD,88.1,71.7,96.1,76.3,jellicent:739;corsola_galarian:577;altaria:535;kingdra:535;vigoroth:528,quagsire_shadow:251;cramorant:313;dragonair_shadow:318;cradily:434;annihilape_shadow:485
toucannon,Toucannon,89.5,137.2,96.7,123,1634,PECK,BEAK_BLAST,DRILL_PECK,87.6,76,91,57.2,altaria:703;jumpluff:703;annihilape_shadow:670;jellicent:646;kingdra:577,quagsire_shadow:220;dragonair_shadow:251;cradily:343;corsola_galarian:370;vigoroth:437
lickitung,Lickitung,89.3,96.6,127.7,186,2296,LICK,BODY_SLAM,POWER_WHIP,87.5,73.9,90.3,89.5,jellicent:817;corsola_galarian:645;dragonair_shadow:626;annihilape_shadow:534;altaria:529,snorlax:229;vigoroth:262;cradily:381;kingdra:466;cramorant:468
sealeo,Sealeo,89.1,108.9,112.8,168,2065,POWDER_SNOW,SURF,BODY_SLAM,88.9,90.6,89,81.1,altaria:773;dragonair_shadow:580;cramorant:526;snorlax:526;kingdra:505,annihilape_shadow:217;corsola_galarian:348;jellicent:371;vigoroth:403;cradily:430
annihilape,Annihilape,89,123.3,105.2,140,1817,LOW_KICK,RAGE_FIST,ICE_PUNCH,87.5,85,83.2,85.4,cradily:889;aurorus:621;vigoroth:617;ninetales_shadow:560;dragonair_shadow:539,corsola_galarian:294;jellicent:304;cramorant:329;altaria:431;kingdra:474
aurorus_shadow,Aurorus (Shadow),89,113.5,106.3,164,1979,POWDER_SNOW,WEATHER_BALL_ICE,METEOR_BEAM,85.7,75.3,85.2,67.6,jumpluff:914;cradily:887;altaria:832;snorlax:667;vigoroth:515,annihilape_shadow:232;kingdra:233;jellicent:246;dragonair_shadow:393;corsola_galarian:399
grumpig_shadow,Grumpig (Shadow),89,113.3,131.4,132,1967,PSYWAVE,DYNAMIC_PUNCH,MIRROR_COAT,85,93.2,90.1,63.1,lapras:821;vigoroth:734;quagsire_shadow:670;snorlax:636;cradily:526,cramorant:265;kingdra:296;dragonair_shadow:318;corsola_galarian:366;altaria:456
froslass,Froslass,88.8,122.5,114.8,130,1831,POWDER_SNOW,AVALANCHE,SHADOW_BALL,80.2,64.2,94.5,65.1,cradily:857;altaria:719;stunfisk:696;vigoroth:665;jumpluff:665,kingdra:237;annihilape_shadow:253;jellicent:256;dragonair_shadow:437;corsola_galarian:496
noctowl,Noctowl,88.8,105.3,120.1,168,2126,WING_ATTACK,SHADOW_BALL,RETURN,88.5,71.8,94,67.6,corsola_galarian:633;vigoroth:589;cramorant:577;dragonair_shadow:568;altaria:505,aurorus:112;lapras:343;stunfisk:380;cradily:388;kingdra:449
toxapex,Toxapex,88.8,91.9,224.3,118,2433,BITE,BRINE,SLUDGE_WAVE,83.4,73.7,96.3,75.8,aurorus:665;dragonair_shadow:601;jumpluff:584;annihilape_shadow:567;jellicent:529,altaria:347;cramorant:396;kingdra:419;cradily:420;corsola_galarian:464
girafarig_shadow,Girafarig (Shadow),88.7,130.3,101.5,130,1721,CONFUSION,PSYCHIC_FANGS,TRAILBLAZE,94.7,97.8,72.3,58,annihilape_shadow:719;vigoroth:688;cramorant:650;corsola_galarian:596;kingdra:503,jumpluff:339;dragonair_shadow:358;cradily:461;aurorus:481;altaria:489
seaking,Seaking,88.7,121.9,108.9,138,1834,PECK,DRILL_RUN,ICY_WIND,87.5,92,86.2,69.9,lapras:619;altaria:612;quagsire_shadow:543;dragonair_shadow:514;cradily:503,annihilape_shadow:325;vigoroth:396;kingdra:411;cramorant:432;corsola_galarian:453
runerigus,Runerigus,88.6,111.7,165.3,109,2013,SHADOW_CLAW,SHADOW_BALL,ROCK_TOMB,90.9,83.5,87.1,65.6,corsola_galarian:683;cradily:642;altaria:568;dragonair_shadow:513;kingdra:509,aurorus:201;furret:246;snorlax:393;lapras:455;vigoroth:493
uxie,Uxie,88.6,102.1,176,122,2194,CONFUSION,SWIFT,THUNDER,89.8,77.1,88,84.4,lapras:692;kingdra:606;quagsire_shadow:602;snorlax:590;dragonair_shadow:569,corsola_galarian:176;cradily:371;cramorant:432;altaria:456;vigoroth:496
altaria_shadow,Altaria (Shadow),88.5,103.4,151.9,138,2168,DRAGON_BREATH,MOONBLAST,FLAMETHROWER,87.1,70.7,90.1,73.7,quagsire_shadow:847;jellicent:579;cramorant:561;vigoroth:543;kingdra:521,lapras:212;annihilape_shadow:289;corsola_galarian:374;dragonair_shadow:397;cradily:402
girafarig,Girafarig,88.5,130.3,101.5,130,1721,CONFUSION,PSYCHIC_FANGS,TRAILBLAZE,90.4,94.3,77.1,70.7,aurorus:711;annihilape_shadow:688;jellicent:650;corsola_galarian:530;vigoroth:503,dragonair_shadow:303;cradily:336;altaria:384;cramorant:448;kingdra:461
latias_shadow,Latias (Shadow),88.5,126.7,135.1,103,1765,DRAGON_BREATH,AURA_SPHERE,MIST_BALL,87.6,90.1,85.2,50.8,snorlax:800;lapras:800;cradily:762;quagsire_shadow:708;vigoroth:703,cramorant:265;corsola_galarian:298;kingdra:385;altaria:471;annihilape_shadow:489
pelipper,Pelipper,88.5,123.2,128.7,115,1825,WING_ATTACK,WEATHER_BALL_WATER,HURRICANE,87.5,83.1,89,71.7,araquanid:856;furret:713;jumpluff:695;annihilape_shadow:608;kingdra:547,cramorant:329;cradily:364;vigoroth:368;dragonair_shadow:370;corsola_galarian:377
feraligatr,Feraligatr,88.4,123.8,117.3,125,1818,SHADOW_CLAW,HYDRO_CANNON,ICE_BEAM,84.8,89.3,91,67.1,aurorus:772;annihilape_shadow:716;altaria:708;jellicent:540;cramorant:508,cradily:309;vigoroth:313;corsola_galarian:428;dragonair_shadow:444;kingdra:466
maushold,Maushold,88.4,116.2,121.9,136,1928,TAKE_DOWN,SWIFT,CRUNCH,88.9,72.6,83.9,73,corsola_galarian:661;altaria:547;vigoroth:529;kingdra:525;jellicent:511,annihilape_shadow:132;aurorus:289;cradily:333;dragonair_shadow:389;snorlax:481
miltank,Miltank,88.4,105.3,134.8,150,2131,ROLLOUT,BODY_SLAM,HIGH_HORSEPOWER,87,83.5,86.6,76,altaria:620;lapras:613;jellicent:603;corsola_galarian:563;dragonair_shadow:516,annihilape_shadow:203;kingdra:334;vigoroth:337;cradily:350;cramorant:460
dodrio,Dodrio,88.3,143.7,98.4,110,1557,PECK,DRILL_PECK,BRAVE_BIRD,90.6,80.9,90.4,44,corsola_galarian:850;altaria:668;cramorant:645;annihilape_shadow:631;kingdra:531,dragonair_shadow:287;lapras:379;snorlax:395;vigoroth:448;cradily:486
dubwool,Dubwool,88.3,110.6,143,128,2025,TAKE_DOWN,BODY_SLAM,WILD_CHARGE,88.9,64.8,90.6,71.2,kingdra:671;vigoroth:628;cramorant:582;altaria:554;jellicent:550,annihilape_shadow:132;aurorus:198;cradily:270;dragonair_shadow:362;corsola_galarian:489
sealeo_shadow,Sealeo (Shadow),88.3,108.9,112.8,168,2065,POWDER_SNOW,SURF,BODY_SLAM,87.3,90.6,87.5,69.4,altaria:818;dragonair_shadow:735;jumpluff:583;vigoroth:577;cramorant:553,quagsire_shadow:220;annihilape_shadow:253;corsola_galarian:374;cradily:427;kingdra:466
flamigo,Flamigo,88.1,137.9,95.5,123,1622,PECK,UPPER_HAND,BRAVE_BIRD,89.1,86.2,86.7,53.9,annihilape_shadow:792;vigoroth:752;altaria:703;corsola_galarian:670;kingdra:577,cramorant:242;dragonair_shadow:251;jellicent:291;cradily:430;lapras:483
dartrix,Dartrix,87.9,112.4,115.5,154,2001,PECK,BRAVE_BIRD,ENERGY_BALL,83.7,61.7,92.9,68.4,quagsire_shadow:860;kingdra:629;jellicent:610;vigoroth:584;cramorant:522,dragonair_shadow:263;cradily:312;annihilape_shadow:360;corsola_galarian:442;altaria:467
cresselia_shadow,Cresselia (Shadow),87.8,92,158.9,160,2340,PSYCHO_CUT,GRASS_KNOT,MOONBLAST,86.8,78.7,90.4,70.7,quagsire_shadow:756;altaria:640;kingdra:612;annihilape_shadow:600;dragonair_shadow:590,corsola_galarian:276;jellicent:381;cradily:406;vigoroth:406;cramorant:408
golisopod,Golisopod,87.8,124,134.6,108,1804,FURY_CUTTER,X_SCISSOR,AQUA_JET,87.5,79.6,88.9,70.2,cradily:773;aurorus:740;lapras:574;snorlax:527;kingdra:523,cramorant:178;dragonair_shadow:318;corsola_galarian:363;altaria:423;vigoroth:427
lileep,Lileep,87.8,100.8,138.6,151,2111,ACID,GRASS_KNOT,ANCIENT_POWER,84,64.6,92,76.5,quagsire_shadow:748;altaria:625;cramorant:556;vigoroth:513;kingdra:506,annihilape_shadow:110;jellicent:394;corsola_galarian:410;cradily:427;dragonair_shadow:460
dragalge,Dragalge,87.7,117.8,143.1,113,1906,ACID,AQUA_TAIL,OUTRAGE,87.5,77.1,85.7,68.7,altaria:676;cradily:632;vigoroth:606;annihilape_shadow:601;cramorant:548,lapras:234;kingdra:250;dragonair_shadow:330;corsola_galarian:402;jellicent:435
kecleon,Kecleon,87.7,115.5,142.2,118,1940,SUCKER_PUNCH,THUNDER_PUNCH,DYNAMIC_PUNCH,86,72.3,90.6,72.2,corsola_galarian:677;vigoroth:605;cramorant:588;cradily:546;snorlax:512,aurorus:222;kingdra:237;annihilape_shadow:253;dragonair_shadow:279;altaria:481
castform,Castform,87.6,112.6,121.2,146,1994,HEX,WEATHER_BALL_ROCK,ENERGY_BALL,86.5,79.3,88,75.8,jellicent:750;corsola_galarian:715;quagsire_shadow:647;altaria:592;cramorant:544,annihilape_shadow:217;vigoroth:251;dragonair_shadow:354;kingdra:389;cradily:444
drampa,Drampa,87.6,136.8,104.2,115,1640,DRAGON_BREATH,SWIFT,DRAGON_PULSE,87.6,85.4,81.6,59.7,jellicent:726;stunfisk:665;kingdra:604;altaria:595;corsola_galarian:556,vigoroth:210;cramorant:265;cradily:302;annihilape_shadow:357;dragonair_shadow:429
pidgeot_shadow,Pidgeot (Shadow),87.6,116.9,115.5,142,1918,GUST,TWISTER,BRAVE_BIRD,85.5,72.9,93.1,70.9,altaria:742;annihilape_shadow:742;jellicent:672;corsola_galarian:549;vigoroth:545,quagsire_shadow:298;kingdra:300;cramorant:301;cradily:371;dragonair_shadow:377
charjabug,Charjabug,87.5,114.7,134.8,126,1949,VOLT_SWITCH,X_SCISSOR,DISCHARGE,85.5,77,89.4,81.1,cramorant:817;grumpig:690;jellicent:615;annihilape_shadow:607;lapras:579,corsola_galarian:287;cradily:305;altaria:318;kingdra:411;dragonair_shadow:429
linoone,Linoone,87.5,114.1,111.7,154,1965,SHADOW_CLAW,SWIFT,GRASS_KNOT,87.1,84.6,88,79.1,jellicent:746;quagsire_shadow:730;corsola_galarian:691;lapras:584;stunfisk:561,cramorant:325;kingdra:389;altaria:416;dragonair_shadow:429;cradily:496
volbeat,Volbeat,87.5,111.4,136.2,133,2019,INFESTATION,LUNGE,THUNDERBOLT,88.5,59,85.5,82.1,lapras:601;dragonair_shadow:582;quagsire_shadow:582;cradily:545;furret:526,cramorant:142;altaria:365;corsola_galarian:420;kingdra:474;vigoroth:493
wartortle_shadow,Wartortle (Shadow),87.5,107.6,139,139,2080,BITE,AQUA_JET,ICE_BEAM,84,88.5,89.4,65.6,altaria:737;aurorus:694;jumpluff:575;quagsire_shadow:564;jellicent:546,dragonair_shadow:161;corsola_galarian:370;cradily:378;cramorant:388;kingdra:487
castform_snowy,Castform (Snowy),87.4,112.6,121.2,146,1994,POWDER_SNOW,WEATHER_BALL_ICE,BLIZZARD,85.7,64.5,89.9,71.5,altaria:859;dragonair_shadow:767;cramorant:565;vigoroth:551;cradily:537,quagsire_shadow:189;annihilape_shadow:253;jellicent:330;kingdra:457;corsola_galarian:478
orbeetle,Orbeetle,87.4,107.9,168.6,114,2075,PSYCHO_CUT,PSYSHOCK,BUG_BUZZ,87,79.6,88.9,77.3,annihilape_shadow:635;vigoroth:596;snorlax:570;kingdra:561;cradily:526,jellicent:259;corsola_galarian:276;altaria:286;cramorant:317;dragonair_shadow:425
piloswine,Piloswine,87.4,121,99.4,154,1855,POWDER_SNOW,ICICLE_SPEAR,HIGH_HORSEPOWER,81.4,65,91.5,66.6,altaria:801;aurorus:607;furret:584;quagsire_shadow:551;vigoroth:538,kingdra:216;corsola_galarian:352;dragonair_shadow:358;cramorant:460;cradily:486
samurott,Samurott,87.4,128,100.8,136,1756,FURY_CUTTER,HYDRO_CANNON,MEGAHORN,84.4,92.6,90.6,55.4,cradily:775;aurorus:742;kingdra:580;furret:569;vigoroth:525,dragonair_shadow:240;corsola_galarian:273;altaria:315;cramorant:408;annihilape_shadow:475
wobbuffet,Wobbuffet,87.4,63,101.6,333,2134,COUNTER,MIRROR_COAT,RETURN,81.1,58.2,85,91.6,aurorus:684;vigoroth:653;snorlax:618;quagsire_shadow:615;lapras:570,corsola_galarian:161;cramorant:293;altaria:365;cradily:413;kingdra:419
articuno,Articuno,87.3,112.6,139.6,126,1981,POWDER_SNOW,ICY_WIND,HURRICANE,88.5,66.8,87.1,75,altaria:805;vigoroth:646;kingdra:571;dragonair_shadow:563;cradily:511,aurorus:149;quagsire_shadow:189;corsola_galarian:323;lapras:335;jellicent:403
cetoddle,Cetoddle,87.3,112.6,79.8,213,1915,POWDER_SNOW,AVALANCHE,BODY_SLAM,87.1,82.9,88.9,78.6,cradily:814;altaria:791;dragonair_shadow:748;kingdra:671;vigoroth:542,quagsire_shadow:189;annihilape_shadow:253;jellicent:285;lapras:326;corsola_galarian:381
slowbro,Slowbro,87.2,113.4,120.9,144,1975,CONFUSION,DRAIN_PUNCH,ICE_BEAM,91.9,72.6,82.2,74.3,kingdra:652;altaria:621;cramorant:614;dragonair_shadow:559;cradily:510,jellicent:195;corsola_galarian:197;araquanid:356;furret:406;stunfisk:491
victreebel_shadow,Victreebel (Shadow),87.2,135.1,93.5,131,1656,SUCKER_PUNCH,LEAF_BLADE,ACID_SPRAY,89.6,88.2,87.6,46.8,jellicent:812;annihilape_shadow:767;corsola_galarian:721;vigoroth:690;kingdra:507,aurorus:222;altaria:347;dragonair_shadow:358;cradily:430;snorlax:475
fearow,Fearow,87.1,131.4,104.6,124,1706,PECK,DRILL_PECK,DRILL_RUN,84.7,87.6,88.5,63.6,annihilape_shadow:713;jumpluff:701;jellicent:633;araquanid:596;ninetales_shadow:564,dragonair_shadow:251;cradily:333;corsola_galarian:366;altaria:394;kingdra:457
aerodactyl_shadow,Aerodactyl (Shadow),87,134.4,103.3,120,1667,DRAGON_BREATH,ROCK_SLIDE,BRUTAL_SWING,93.7,97.8,82,40.4,altaria:745;cramorant:708;kingdra:695;vigoroth:641;dragonair_shadow:620,aurorus:167;quagsire_shadow:201;corsola_galarian:395;cradily:409;jellicent:432
dondozo,Dondozo,87,104.5,109.7,187,2146,WATERFALL,SURF,OUTRAGE,86.6,70.1,90.1,65.1,quagsire_shadow:671;aurorus:598;annihilape_shadow:566;kingdra:532;corsola_galarian:524,dragonair_shadow:377;altaria:463;vigoroth:465;cramorant:468;cradily:482
gliscor,Gliscor,87,115.6,144.4,116,1939,WING_ATTACK,NIGHT_SLASH,ACROBATICS,86.5,64,89.7,75.3,jumpluff:719;quagsire_shadow:672;cradily:607;vigoroth:560;corsola_galarian:530,cramorant:273;kingdra:283;dragonair_shadow:342;altaria:438;annihilape_shadow:446
electrode_hisuian,Electrode (Hisuian),86.9,123.2,128.7,115,1825,THUNDER_SHOCK,WILD_CHARGE,ENERGY_BALL,79.8,64.5,92.4,62.5,jellicent:865;quagsire_shadow:865;lapras:821;cramorant:604;kingdra:573,cradily:239;corsola_galarian:356;altaria:365;dragonair_shadow:413;vigoroth:448
gyarados,Gyarados,86.8,130.7,108.5,121,1717,DRAGON_BREATH,AQUA_TAIL,TWISTER,86.8,84.8,85,66.4,dragonair_shadow:698;kingdra:603;snorlax:561;annihilape_shadow:516;cramorant:504,cradily:288;corsola_galarian:323;vigoroth:403;jellicent:416;altaria:492
hakamo_o,Hakamo-o,86.7,115.5,135.5,124,1942,DRAGON_TAIL,BRICK_BREAK,ROCK_TOMB,85.2,75.6,74.1,75.3,altaria:705;furret:689;cradily:629;quagsire_shadow:608;kingdra:540,cramorant:317;annihilape_shadow:364;dragonair_shadow:366;vigoroth:465;corsola_galarian:489
ledian,Ledian,86.7,101.3,162.5,134,2208,ROLLOUT,DYNAMIC_PUNCH,ACROBATICS,83.4,58.1,89.9,70.4,aurorus:768;annihilape_shadow:750;dragonair_shadow:578;furret:526;altaria:503,cradily:291;corsola_galarian:294;cramorant:349;kingdra:372;vigoroth:465
regirock,Regirock,86.7,104.5,179.9,114,2144,LOCK_ON,STONE_EDGE,FOCUS_BLAST,84.2,77.9,93.1,65.3,cramorant:640;cradily:592;dragonair_shadow:565;altaria:557;corsola_galarian:517,annihilape_shadow:75;quagsire_shadow:248;jellicent:317;kingdra:381;lapras:396
trumbeak_shadow,Trumbeak (Shadow),86.7,133.7,94.3,132,1665,PECK,DRILL_PECK,ROCK_BLAST,90.8,84.3,85.9,44.7,vigoroth:693;annihilape_shadow:689;quagsire_shadow:651;cramorant:617;kingdra:511,dragonair_shadow:322;cradily:406;altaria:431;snorlax:446;corsola_galarian:449
lopunny,Lopunny,86.6,112,143.6,124,1996,LOW_KICK,THUNDER_PUNCH,TRIPLE_AXEL,85,78.1,83.6,79.3,corsola_galarian:657;vigoroth:600;snorlax:596;cradily:580;altaria:548,annihilape_shadow:264;cramorant:329;dragonair_shadow:385;kingdra:389;quagsire_shadow:397
victreebel,Victreebel,86.6,135.1,93.5,131,1656,SUCKER_PUNCH,LEAF_BLADE,SLUDGE_BOMB,86.6,75.4,81.8,57.2,jellicent:835;annihilape_shadow:805;quagsire_shadow:709;dragonair_shadow:568;kingdra:541,cramorant:242;altaria:307;cradily:381;vigoroth:468;corsola_galarian:496
gyarados_shadow,Gyarados (Shadow),86.5,130.7,108.5,121,1717,DRAGON_BREATH,AQUA_TAIL,TWISTER,90.3,85.1,84.6,48,annihilape_shadow:793;altaria:760;ninetales_shadow:710;dragonair_shadow:698;aurorus:504,kingdra:309;corsola_galarian:341;cradily:357;jellicent:407;vigoroth:417
solrock,Solrock,86.5,119.1,108.6,145,1876,PSYWAVE,WEATHER_BALL_FIRE,ROCK_SLIDE,85.8,89,83.8,64.8,annihilape_shadow:765;aurorus:672;deoxys_defense:586;jumpluff:544;ninetales_shadow:537,kingdra:309;cradily:315;cramorant:325;corsola_galarian:345;altaria:489
glalie,Glalie,86.4,115.2,120.7,140,1948,ROLLOUT,AVALANCHE,SHADOW_BALL,81.7,79,90.8,58.5,altaria:771;dragonair_shadow:750;jumpluff:710;cramorant:542;stunfisk:528,annihilape_shadow:89;cradily:368;corsola_galarian:374;vigoroth:420;kingdra:466
mew,Mew,86.4,120.4,119.3,129,1855,SHADOW_CLAW,WILD_CHARGE,PSYSHOCK,83.5,81,91.5,58.7,ninetales_shadow:631;jellicent:573;cramorant:550;lapras:546;dragonair_shadow:511,vigoroth:293;altaria:336;corsola_galarian:384;kingdra:453;cradily:454
blastoise_shadow,Blastoise (Shadow),86.3,112.1,137.7,130,2008,BITE,HYDRO_CANNON,SKULL_BASH,81.2,82.1,89,56.7,aurorus:769;cramorant:550;araquanid:546;quagsire_shadow:542;jellicent:511,dragonair_shadow:161;cradily:302;altaria:318;kingdra:343;corsola_galarian:377
dewgong,Dewgong,86.3,101.9,136.9,157,2192,ICE_SHARD,ICY_WIND,DRILL_RUN,85.2,74.6,82.9,73.7,jumpluff:732;altaria:716;dragonair_shadow:589;snorlax:570;stunfisk:566,vigoroth:410;kingdra:415;cramorant:448;corsola_galarian:449;cradily:475
feraligatr_shadow,Feraligatr (Shadow),86.3,123.8,117.3,125,1818,SHADOW_CLAW,HYDRO_CANNON,ICE_BEAM,80.6,91.8,88.9,50.1,aurorus:716;altaria:708;quagsire_shadow:704;annihilape_shadow:656;kingdra:536,cramorant:222;dragonair_shadow:279;vigoroth:355;cradily:472;corsola_galarian:489
rufflet,Rufflet,86.3,126.7,92.1,152,1775,PECK,BRAVE_BIRD,FLY,79.1,54.6,92.7,56.2,jellicent:694;snorlax:552;furret:542;vigoroth:539;altaria:532,kingdra:216;cramorant:242;dragonair_shadow:279;cradily:465;corsola_galarian:489
amaura_shadow,Amaura (Shadow),86.2,114.2,104.1,165,1965,POWDER_SNOW,WEATHER_BALL_ICE,THUNDERBOLT,83.5,72.9,82.2,66.1,jumpluff:915;cradily:878;altaria:833;stunfisk:587;vigoroth:506,annihilape_shadow:232;jellicent:233;dragonair_shadow:393;kingdra:449;corsola_galarian:492
gligar_shadow,Gligar (Shadow),86.2,108.4,145.3,131,2065,WING_ATTACK,NIGHT_SLASH,DIG,87.8,75.4,81.3,78.6,annihilape_shadow:858;snorlax:591;corsola_galarian:549;cradily:545;altaria:522,kingdra:300;cramorant:321;lapras:332;vigoroth:358;dragonair_shadow:397
lumineon,Lumineon,86.2,109,137.4,137,2052,GUST,AQUA_TAIL,SILVER_WIND,87,85.9,83,79.8,lapras:609;ninetales_shadow:609;annihilape_shadow:587;quagsire_shadow:587;grumpig:583,altaria:409;kingdra:411;cramorant:420;corsola_galarian:438;cradily:465
bellossom_shadow,Bellossom (Shadow),86.1,115,132.2,128,1948,ACID,LEAF_BLADE,DAZZLING_GLEAM,83.9,77.9,85.5,64.6,quagsire_shadow:925;stunfisk:769;snorlax:582;kingdra:570;jellicent:519,corsola_galarian:312;cradily:319;dragonair_shadow:417;cramorant:452;altaria:489
charjabug_shadow,Charjabug (Shadow),86.1,114.7,134.8,126,1949,VOLT_SWITCH,X_SCISSOR,DISCHARGE,86.2,79.6,86.7,72.5,lapras:837;cramorant:829;jellicent:829;annihilape_shadow:591;vigoroth:511,dragonair_shadow:220;corsola_galarian:352;cradily:361;altaria:362;kingdra:491
salamence_shadow,Salamence (Shadow),86.1,143.4,93,117,1562,DRAGON_TAIL,FLY,BRUTAL_SWING,90.1,66.7,89,35.8,annihilape_shadow:764;jellicent:756;jumpluff:606;altaria:547;kingdra:534,dragonair_shadow:334;cradily:350;vigoroth:417;cramorant:444;corsola_galarian:471
spinda,Spinda,86.1,110,110,142,1721,SUCKER_PUNCH,ROCK_TOMB,ICY_WIND,86.8,78.2,80.1,66.4,jellicent:753;corsola_galarian:746;altaria:570;quagsire_shadow:570;aurorus:507,cramorant:281;dragonair_shadow:362;cradily:430;kingdra:444;vigoroth:479
emolga,Emolga,85.9,127.5,110.2,125,1758,THUNDER_SHOCK,ACROBATICS,DISCHARGE,82.7,72.6,89.9,63.1,araquanid:856;cramorant:776;jumpluff:636;jellicent:600;snorlax:556,dragonair_shadow:255;cradily:312;kingdra:355;corsola_galarian:388;altaria:398
amaura,Amaura,85.8,114.2,104.1,165,1965,POWDER_SNOW,WEATHER_BALL_ICE,THUNDERBOLT,82.7,74.6,85.5,76.8,jumpluff:915;altaria:833;cramorant:566;dragonair_shadow:527;cradily:524,annihilape_shadow:228;corsola_galarian:352;kingdra:372;vigoroth:389;jellicent:429
gogoat,Gogoat,85.8,119.7,94.9,165,1876,VINE_WHIP,LEAF_BLADE,ROCK_SLIDE,86.2,73.9,84.1,71.7,quagsire_shadow:915;aurorus:751;jellicent:587;snorlax:566;vigoroth:551,altaria:322;dragonair_shadow:350;cradily:413;kingdra:444;corsola_galarian:460
ludicolo,Ludicolo,85.8,116.4,123.6,134,1931,ASTONISH,WEATHER_BALL_WATER,ENERGY_BALL,87,73.1,83.8,79.1,jellicent:847;quagsire_shadow:843;aurorus:630;kingdra:604;annihilape_shadow:507,snorlax:302;cradily:329;vigoroth:348;dragonair_shadow:425;altaria:431
drifblim,Drifblim,85.7,119.1,75.7,209,1887,HEX,ICY_WIND,SHADOW_BALL,88.5,62.5,86.2,68.7,vigoroth:700;corsola_galarian:653;dragonair_shadow:643;altaria:602;kingdra:557,furret:228;lapras:340;cradily:434;quagsire_shadow:478;cramorant:492
lileep_shadow,Lileep (Shadow),85.7,100.8,138.6,151,2111,ACID,GRASS_KNOT,ANCIENT_POWER,79.4,59.6,92.4,55.7,vigoroth:635;cramorant:586;cradily:546;dragonair_shadow:536;kingdra:533,aurorus:103;annihilape_shadow:146;corsola_galarian:323;jumpluff:437;altaria:452
slowking_galarian,Slowking (Galarian),85.7,117.3,117.9,138,1910,ACID,PSYSHOCK,SHADOW_BALL,86.3,86.7,86.4,61.3,dragonair_shadow:750;grumpig:666;jumpluff:630;lapras:576;annihilape_shadow:572,altaria:362;corsola_galarian:388;vigoroth:389;jellicent:397;cradily:479
bellibolt,Bellibolt,85.6,115,110.1,154,1953,THUNDER_SHOCK,ZAP_CANNON,PARABOLIC_CHARGE,87.3,60.6,88.9,66.4,jellicent:655;lapras:652;cramorant:639;altaria:607;corsola_galarian:568,dragonair_shadow:133;quagsire_shadow:263;cradily:309;vigoroth:389;kingdra:394
dewott,Dewott,85.6,122.6,99.7,149,1823,FURY_CUTTER,AQUA_TAIL,X_SCISSOR,84.4,81.4,83.4,70.4,deoxys_defense:593;lapras:546;grumpig:540;quagsire_shadow:530;vigoroth:510,altaria:264;corsola_galarian:341;kingdra:406;cradily:430;cramorant:456
piloswine_shadow,Piloswine (Shadow),85.6,121,99.4,154,1855,POWDER_SNOW,ICICLE_SPEAR,HIGH_HORSEPOWER,81.4,67.3,86.6,52.1,cradily:866;jumpluff:866;altaria:801;aurorus:698;snorlax:555,cramorant:242;kingdra:258;dragonair_shadow:429;vigoroth:451;corsola_galarian:489
bellossom,Bellossom,85.5,115,132.2,128,1948,ACID,LEAF_BLADE,DAZZLING_GLEAM,82.7,76.5,85.2,76.8,quagsire_shadow:824;snorlax:613;kingdra:597;jellicent:597;furret:574,altaria:206;dragonair_shadow:385;corsola_galarian:392;cradily:409;cramorant:416
trevenant_shadow,Trevenant (Shadow),85.5,127.8,104.6,131,1752,SHADOW_CLAW,SHADOW_BALL,FOUL_PLAY,81.9,71.5,85.7,57.2,annihilape_shadow:858;jellicent:744;vigoroth:599;corsola_galarian:583;lapras:553,cramorant:242;dragonair_shadow:287;cradily:451;kingdra:474;altaria:478
turtonator,Turtonator,85.5,113.5,153.6,113,1971,INCINERATE,BRUTAL_SWING,DRAGON_CLAW,83.2,86,84.5,70.4,jumpluff:637;stunfisk:623;araquanid:623;jellicent:601;lapras:526,kingdra:241;cramorant:297;corsola_galarian:359;altaria:420;cradily:451
aipom_shadow,Aipom (Shadow),85.4,124.3,106.7,135,1792,SCRATCH,SWIFT,AERIAL_ACE,85.2,86,79.5,55.4,fearow:762;stunfisk:588;ninetales_shadow:577;dragonair_shadow:503;jumpluff:503,cramorant:265;cradily:295;altaria:420;kingdra:461;corsola_galarian:474
froslass_shadow,Froslass (Shadow),85.4,122.5,114.8,130,1831,POWDER_SNOW,AVALANCHE,SHADOW_BALL,77.3,59.2,91.1,51.9,cradily:857;altaria:730;snorlax:619;vigoroth:569;corsola_galarian:503,jellicent:131;kingdra:258;cramorant:265;annihilape_shadow:289;dragonair_shadow:429
gligar,Gligar,85.4,108.4,145.3,131,2065,WING_ATTACK,NIGHT_SLASH,DIG,85.2,74,83,83.4,stunfisk:713;ninetales_shadow:690;grumpig:606;jellicent:541;corsola_galarian:530,cramorant:265;cradily:406;kingdra:423;altaria:460;dragonair_shadow:492
aerodactyl,Aerodactyl,85.3,134.4,103.3,120,1667,DRAGON_BREATH,ROCK_SLIDE,BRUTAL_SWING,90.1,91.5,78.3,54.1,cramorant:750;altaria:745;dragonair_shadow:695;kingdra:645;vigoroth:637,cradily:333;quagsire_shadow:341;corsola_galarian:363;jellicent:391;annihilape_shadow:403
aipom,Aipom,85.3,124.3,106.7,135,1792,SCRATCH,SWIFT,AERIAL_ACE,83.2,82.1,80.6,67.4,dragonair_shadow:729;feraligatr:629;dunsparce:607;lapras:525;stunfisk:507,cramorant:265;altaria:322;corsola_galarian:377;cradily:385;kingdra:474
dragonite_shadow,Dragonite (Shadow),85.1,135.8,107.3,113,1647,DRAGON_BREATH,THUNDER_PUNCH,SUPER_POWER,91.6,66.7,90.6,41.7,cradily:774;annihilape_shadow:774;vigoroth:641;cramorant:610;altaria:553,aurorus:167;jumpluff:362;kingdra:381;corsola_galarian:424;dragonair_shadow:444
vespiquen,Vespiquen,85.1,108.8,143.4,132,2062,FURY_CUTTER,X_SCISSOR,POWER_GEM,81.1,77.8,83,70.7,grumpig:844;araquanid:666;deoxys_defense:640;snorlax:621;jumpluff:522,corsola_galarian:241;cramorant:273;kingdra:436;cradily:440;altaria:467
raikou,Raikou,85,131.9,110.6,116,1693,THUNDER_SHOCK,WILD_CHARGE,AURA_SPHERE,86.2,70.3,90.4,52.9,jellicent:840;lapras:823;annihilape_shadow:672;kingdra:577;cramorant:564,cradily:305;corsola_galarian:363;altaria:380;dragonair_shadow:401;vigoroth:475
servine,Servine,85,105.8,140.3,142,2110,VINE_WHIP,GRASS_KNOT,WRAP,82.7,67.5,83.4,87.5,quagsire_shadow:911;jellicent:665;kingdra:640;annihilape_shadow:595;corsola_galarian:559,dragonair_shadow:374;cramorant:376;altaria:387;vigoroth:400;cradily:454
slowbro_shadow,Slowbro (Shadow),85,113.4,120.9,144,1975,CONFUSION,DRAIN_PUNCH,ICE_BEAM,89.9,77.8,79,65.3,altaria:593;cramorant:552;vigoroth:552;dragonair_shadow:513;kingdra:506,araquanid:224;jellicent:227;corsola_galarian:273;furret:321;cradily:392
starmie_shadow,Starmie (Shadow),85,133.1,122,104,1690,PSYWAVE,AQUA_JET,POWER_GEM,84.8,88.7,82.2,40.7,lapras:774;annihilape_shadow:759;vigoroth:706;altaria:663;cramorant:629,jellicent:205;corsola_galarian:219;kingdra:258;dragonair_shadow:287;cradily:437
tentacruel,Tentacruel,85,108.9,143.5,131,2047,ACID,SCALD,PAYBACK,82.2,69.6,88.5,60.8,kingdra:667;cradily:652;jumpluff:645;annihilape_shadow:614;cramorant:595,dragonair_shadow:263;snorlax:366;corsola_galarian:417;vigoroth:448;altaria:467
trevenant,Trevenant,85,127.8,104.6,131,1752,SHADOW_CLAW,SEED_BOMB,SHADOW_BALL,83,65.7,85.3,65.1,vigoroth:603;kingdra:568;corsola_galarian:538;dragonair_shadow:519;cradily:511,cramorant:222;altaria:231;snorlax:251;furret:271;lapras:418
ampharos_shadow,Ampharos (Shadow),84.9,126.8,107.9,129,1766,VOLT_SWITCH,BRUTAL_SWING,TRAILBLAZE,87.1,86,77.8,57.5,cramorant:887;jellicent:806;lapras:763;annihilape_shadow:647;kingdra:511,dragonair_shadow:192;cradily:329;altaria:373;corsola_galarian:435;vigoroth:496
amoonguss,Amoonguss,84.8,109.3,105.9,177,2050,ASTONISH,FOUL_PLAY,GRASS_KNOT,82.4,64.8,87.3,73.7,annihilape_shadow:661;jellicent:661;kingdra:658;corsola_galarian:596;cramorant:511,dragonair_shadow:279;snorlax:302;altaria:311;vigoroth:341;cradily:368
milotic,Milotic,84.8,113.1,133.8,131,1985,WATERFALL,AQUA_TAIL,WRAP,84.4,72.5,79,76,aurorus:877;quagsire_shadow:599;stunfisk:595;annihilape_shadow:526;vigoroth:522,cradily:281;kingdra:309;cramorant:400;altaria:416;corsola_galarian:478
ninetales,Ninetales,84.8,114.3,135.5,126,1954,EMBER,WEATHER_BALL_FIRE,ENERGY_BALL,79.6,81.2,85.2,72,jumpluff:789;quagsire_shadow:599;furret:591;stunfisk:587;jellicent:503,kingdra:152;cramorant:186;cradily:236;altaria:384;corsola_galarian:406
druddigon,Druddigon,84.7,131.2,111.2,117,1709,DRAGON_TAIL,NIGHT_SLASH,ROCK_TOMB,82.4,71.7,76.5,58.2,ninetales_shadow:679;deoxys_defense:615;altaria:585;araquanid:538;dragonair_shadow:534,vigoroth:320;corsola_galarian:327;cramorant:369;cradily:399;kingdra:453
croconaw,Croconaw,84.6,117.7,120,135,1908,SCRATCH,ICE_PUNCH,WATER_PULSE,82.9,83.9,84.6,62.5,dragonair_shadow:744;aurorus:703;quagsire_shadow:581;jumpluff:529;vigoroth:511,cradily:281;corsola_galarian:287;cramorant:376;kingdra:385;altaria:489
ariados,Ariados,84.5,124.2,103.8,140,1806,POISON_STING,LUNGE,FOUL_PLAY,84,77.6,81.6,65.9,cradily:642;furret:614;annihilape_shadow:592;vigoroth:575;dragonair_shadow:550,cramorant:178;snorlax:320;altaria:405;kingdra:470;corsola_galarian:478
samurott_shadow,Samurott (Shadow),84.5,128,100.8,136,1756,FURY_CUTTER,HYDRO_CANNON,MEGAHORN,82.7,83.5,87.1,36.8,cradily:775;aurorus:716;quagsire_shadow:705;vigoroth:702;annihilape_shadow:628,cramorant:178;dragonair_shadow:318;altaria:322;kingdra:398;corsola_galarian:402
starmie,Starmie,84.5,133.1,122,104,1690,PSYWAVE,AQUA_JET,POWER_GEM,82.4,79.2,82.3,54.1,annihilape_shadow:778;altaria:774;aurorus:730;lapras:591;dragonair_shadow:586,cramorant:265;corsola_galarian:309;cradily:368;kingdra:381;vigoroth:431
ursaring_shadow,Ursaring (Shadow),84.5,139.6,91.3,126,1607,SHADOW_CLAW,CLOSE_COMBAT,SWIFT,92.6,84.5,78.5,34.8,cradily:757;vigoroth:678;dragonair_shadow:638;jellicent:563;corsola_galarian:507,aurorus:195;cramorant:242;annihilape_shadow:346;altaria:394;kingdra:474
ampharos,Ampharos,84.4,126.8,107.9,129,1766,VOLT_SWITCH,BRUTAL_SWING,TRAILBLAZE,84.4,79.6,81.1,71.2,cramorant:856;jellicent:833;vigoroth:686;annihilape_shadow:686;quagsire_shadow:612,cradily:312;altaria:329;corsola_galarian:359;dragonair_shadow:393;kingdra:453
latios,Latios,84.4,139.3,112.9,102,1606,DRAGON_BREATH,AURA_SPHERE,LUSTER_PURGE,82.7,75.7,79.5,42.4,snorlax:799;vigoroth:700;stunfisk:651;lapras:578;furret:553,cramorant:265;corsola_galarian:294;kingdra:385;altaria:474;cradily:482
swoobat,Swoobat,84.4,126.6,101.6,138,1777,CONFUSION,FLY,PSYCHIC_FANGS,88.8,87.1,72.3,64.8,annihilape_shadow:869;altaria:735;vigoroth:547;dragonair_shadow:528;kingdra:510,corsola_galarian:309;cradily:312;jellicent:339;cramorant:444;quagsire_shadow:447
drifblim_shadow,Drifblim (Shadow),84.3,119.1,75.7,209,1887,ASTONISH,ICY_WIND,SHADOW_BALL,84,67.6,76,68.4,annihilape_shadow:937;vigoroth:614;altaria:574;corsola_galarian:528;cradily:516,lapras:270;cramorant:337;kingdra:423;jellicent:439;dragonair_shadow:476
oinkologne,Oinkologne,84.3,117.6,101.5,159,1901,TAKE_DOWN,BODY_SLAM,TRAILBLAZE,82.2,63.1,80.9,68.9,corsola_galarian:635;kingdra:616;vigoroth:566;furret:562;stunfisk:525,annihilape_shadow:132;cradily:333;snorlax:347;jellicent:407;dragonair_shadow:421
poliwrath,Poliwrath,84.3,115.8,122,137,1936,MUD_SHOT,ICY_WIND,DYNAMIC_PUNCH,81.6,73.9,82.9,72.5,aurorus:729;quagsire_shadow:624;furret:587;altaria:583;dragonair_shadow:540,cramorant:206;cradily:347;kingdra:385;corsola_galarian:449;vigoroth:496
furfrou,Furfrou,84.2,115.5,125.1,134,1938,TAKE_DOWN,DARK_PULSE,GRASS_KNOT,78.4,57.8,88.5,66.1,corsola_galarian:664;snorlax:615;altaria:567;lapras:559;furret:555,cradily:347;vigoroth:375;kingdra:385;dragonair_shadow:389;cramorant:440
raichu,Raichu,84.2,133.5,110.6,114,1685,VOLT_SWITCH,VOLT_TACKLE,TRAILBLAZE,83.5,71.8,86.2,57.7,vigoroth:728;altaria:679;annihilape_shadow:657;cramorant:653;kingdra:526,dragonair_shadow:173;quagsire_shadow:177;cradily:291;jellicent:307;corsola_galarian:467
baxcalibur,Baxcalibur,84.1,135.6,95.7,127,1650,DRAGON_BREATH,GLAIVE_RUSH,AVALANCHE,80.9,58.4,89.6,38.9,cradily:779;jumpluff:622;altaria:543;cramorant:535;vigoroth:503,corsola_galarian:197;jellicent:233;annihilape_shadow:289;kingdra:322;dragonair_shadow:429
milotic_shadow,Milotic (Shadow),84.1,113.1,133.8,131,1985,WATERFALL,AQUA_TAIL,WRAP,82.2,65.1,77.9,66.1,aurorus:767;quagsire_shadow:744;snorlax:606;cramorant:519;vigoroth:511,dragonair_shadow:192;altaria:307;cradily:343;corsola_galarian:363;kingdra:381
trumbeak,Trumbeak,84.1,134,93.2,134,1676,PECK,DRILL_PECK,ROCK_BLAST,84,76.8,84.5,61.3,jumpluff:861;annihilape_shadow:697;jellicent:634;araquanid:570;ninetales_shadow:570,dragonair_shadow:251;cradily:336;corsola_galarian:366;altaria:398;kingdra:461
arbok_shadow,Arbok (Shadow),84,123.7,120.1,122,1814,ACID,BRUTAL_SWING,WRAP,84.4,84.3,76.5,58.2,jumpluff:897;dusknoir_shadow:651;ninetales_shadow:545;furret:520;cradily:508,dragonair_shadow:287;corsola_galarian:334;altaria:365;vigoroth:462;kingdra:483
gliscor_shadow,Gliscor (Shadow),84,115.6,144.4,116,1939,WING_ATTACK,NIGHT_SLASH,ACROBATICS,86.3,73.4,88.2,65.9,annihilape_shadow:840;furret:693;snorlax:599;quagsire_shadow:568;cradily:521,dragonair_shadow:216;kingdra:347;corsola_galarian:352;cramorant:353;altaria:463
latios_shadow,Latios (Shadow),84,140.4,112.9,99,1571,DRAGON_BREATH,AURA_SPHERE,LUSTER_PURGE,85.5,73.7,82.9,36.3,snorlax:792;cradily:742;annihilape_shadow:717;vigoroth:691;cramorant:565,corsola_galarian:219;jellicent:272;altaria:347;kingdra:385;dragonair_shadow:444
qwilfish_shadow,Qwilfish (Shadow),84,131.1,105.5,123,1703,POISON_STING,AQUA_TAIL,SHADOW_BALL,85.5,79.6,82.7,40.9,ninetales_shadow:865;annihilape_shadow:752;cramorant:634;grumpig:589;dragonair_shadow:528,kingdra:245;cradily:284;vigoroth:365;altaria:398;corsola_galarian:424
squawkabilly,Squawkabilly,84,133.6,84.8,147,1666,PECK,BRAVE_BIRD,FLY,71.7,54.8,88.9,50.3,corsola_galarian:683;jellicent:663;araquanid:646;jumpluff:544;snorlax:520,kingdra:216;dragonair_shadow:251;cramorant:289;altaria:420;cradily:479
toxtricity,Toxtricity,84,141.2,95.3,118,1590,ACID,WILD_CHARGE,SWIFT,91.4,66.4,84.8,46.5,vigoroth:741;dragonair_shadow:690;kingdra:559;cramorant:542;altaria:508,quagsire_shadow:127;cradily:375;corsola_galarian:388;aurorus:442;snorlax:478
quagsire_shadow,Quagsire (Shadow),83.9,111.2,112.6,161,2018,MUD_SHOT,AQUA_TAIL,STONE_EDGE,81.9,60.1,85.3,61,stunfisk:714;aurorus:652;vigoroth:521;corsola_galarian:506;dragonair_shadow:503,cramorant:194;kingdra:207;cradily:222;annihilape_shadow:367;altaria:394
raichu_alolan,Raichu (Alolan),83.9,135.4,109.9,111,1653,VOLT_SWITCH,VOLT_TACKLE,PSYSHOCK,87.6,80.9,83.4,51.6,annihilape_shadow:792;vigoroth:725;jellicent:702;cramorant:675;kingdra:558,dragonair_shadow:161;cradily:288;corsola_galarian:395;quagsire_shadow:403;altaria:449
stunfisk,Stunfisk,83.9,101.4,126.6,172,2212,THUNDER_SHOCK,MUD_BOMB,DISCHARGE,84,73.2,83.6,79.1,cramorant:843;altaria:642;jellicent:636;lapras:593;annihilape_shadow:578,kingdra:343;dragonair_shadow:374;cradily:385;vigoroth:475;corsola_galarian:492
castform_sunny,Castform (Sunny),83.8,112.6,121.2,146,1994,EMBER,WEATHER_BALL_FIRE,SOLAR_BEAM,78.8,57.6,82.9,68.1,jumpluff:804;furret:616;jellicent:575;lapras:527;annihilape_shadow:513,kingdra:152;cramorant:186;cradily:347;altaria:387;corsola_galarian:392
ninetales_shadow,Ninetales (Shadow),83.8,114.3,135.5,126,1954,EMBER,WEATHER_BALL_FIRE,ENERGY_BALL,84.5,83.2,81.6,61.3,jumpluff:765;aurorus:746;snorlax:611;furret:535;quagsire_shadow:511,kingdra:165;cramorant:246;altaria:307;cradily:406;corsola_galarian:420
ledian_shadow,Ledian (Shadow),83.7,101.3,162.5,134,2208,ROLLOUT,DYNAMIC_PUNCH,ACROBATICS,79.4,58.2,84.1,56.2,jumpluff:906;annihilape_shadow:723;furret:615;kingdra:541;vigoroth:529,cramorant:226;cradily:340;corsola_galarian:366;dragonair_shadow:468;altaria:471
politoed_shadow,Politoed (Shadow),83.7,114,124.2,139,1970,MUD_SHOT,WEATHER_BALL_WATER,ICE_BEAM,81.1,83.9,82.9,63.6,altaria:780;stunfisk:535;vigoroth:525;quagsire_shadow:521;grumpig:514,dragonair_shadow:279;cramorant:321;cradily:343;corsola_galarian:428;kingdra:436
serperior,Serperior,83.7,110.2,142.2,130,2038,VINE_WHIP,FRENZY_PLANT,AERIAL_ACE,73.7,48.4,87.8,70.7,jellicent:842;lapras:707;quagsire_shadow:676;kingdra:576;corsola_galarian:550,dragonair_shadow:133;annihilape_shadow:182;altaria:217;cradily:375;vigoroth:472
arbok,Arbok,83.6,123.7,120.1,122,1814,ACID,BRUTAL_SWING,WRAP,82.1,75.4,77.4,66.1,ninetales_shadow:594;jumpluff:586;araquanid:569;jellicent:553;furret:516,altaria:340;kingdra:419;corsola_galarian:471;cramorant:476;cradily:496
avalugg_hisuian,Avalugg (Hisuian),83.6,116.4,135.1,122,1921,POWDER_SNOW,ROCK_SLIDE,ICY_WIND,79.9,63.4,82.3,68.9,altaria:799;jumpluff:668;cradily:614;cramorant:553;dragonair_shadow:504,lapras:64;kingdra:216;annihilape_shadow:228;corsola_galarian:384;vigoroth:486
chesnaught,Chesnaught,83.6,119.3,126.9,124,1879,LOW_KICK,FRENZY_PLANT,SUPER_POWER,75,51.8,89.2,72.5,cradily:729;dragonair_shadow:693;kingdra:576;vigoroth:564;jellicent:536,annihilape_shadow:110;cramorant:123;altaria:253;corsola_galarian:312;aurorus:429
primeape_shadow,Primeape (Shadow),83.6,138.7,100.1,116,1611,KARATE_CHOP,RAGE_FIST,ICE_PUNCH,89.9,84,74.2,47.3,altaria:762;cradily:715;kingdra:685;vigoroth:685;dragonair_shadow:607,corsola_galarian:320;jellicent:342;cramorant:361;jumpluff:437;snorlax:438
dewott_shadow,Dewott (Shadow),83.5,124.1,99.7,146,1808,FURY_CUTTER,AQUA_TAIL,X_SCISSOR,85,75,82,51.6,cradily:791;ninetales_shadow:719;aurorus:708;dragonair_shadow:671;lapras:506,cramorant:178;altaria:275;corsola_galarian:334;vigoroth:396;annihilape_shadow:400
swanna,Swanna,83.5,128.5,101,134,1742,GUST,AQUA_JET,FLY,84,65.3,86.6,58,furret:690;annihilape_shadow:582;kingdra:529;vigoroth:529;cramorant:514,quagsire_shadow:282;altaria:347;dragonair_shadow:358;cradily:375;corsola_galarian:377
teddiursa_shadow,Teddiursa (Shadow),83.5,131.5,90.4,142,1690,SCRATCH,SWIFT,CROSS_CHOP,89.1,81.4,76.5,40.9,vigoroth:742;furret:742;aurorus:742;dragonair_shadow:679;cramorant:665,annihilape_shadow:132;corsola_galarian:330;cradily:357;altaria:427;kingdra:470
swanna_shadow,Swanna (Shadow),83.4,128.5,101,134,1742,GUST,AQUA_JET,FLY,78.3,67,87.3,54.7,annihilape_shadow:832;medicham:623;jumpluff:604;araquanid:604;snorlax:503,kingdra:343;cramorant:384;altaria:413;cradily:434;corsola_galarian:449
grafaiai,Grafaiai,83.3,134.2,107.7,115,1664,SCRATCH,POISON_FANG,FOUL_PLAY,84.2,82.8,77.8,64.8,jellicent:613;corsola_galarian:600;kingdra:569;cradily:534;jumpluff:530,dragonair_shadow:287;annihilape_shadow:378;vigoroth:403;altaria:413;cramorant:480
mamoswine_shadow,Mamoswine (Shadow),83.3,136.2,87.3,138,1642,POWDER_SNOW,ICICLE_SPEAR,HIGH_HORSEPOWER,83,55.1,83.8,37.6,cradily:851;altaria:706;cramorant:630;corsola_galarian:619;kingdra:503,lapras:94;quagsire_shadow:226;annihilape_shadow:260;jellicent:275;snorlax:451
munchlax,Munchlax,83.2,103.1,96.5,218,2172,TACKLE,BODY_SLAM,BULLDOZE,82.9,78.7,82.7,73.5,feraligatr:752;dragonair_shadow:630;fearow:616;corsola_galarian:552;ninetales_shadow:525,cradily:347;altaria:405;cramorant:432;kingdra:453;vigoroth:493
politoed,Politoed,83.2,114,124.2,139,1970,MUD_SHOT,WEATHER_BALL_WATER,ICE_BEAM,81.7,74.5,83,64.1,dragonair_shadow:755;aurorus:730;quagsire_shadow:593;altaria:575;annihilape_shadow:510,cradily:298;kingdra:338;corsola_galarian:392;cramorant:396;vigoroth:424
quagsire,Quagsire,83.2,111.2,112.6,161,2018,MUD_SHOT,AQUA_TAIL,STONE_EDGE,83,65.3,82.2,66.9,aurorus:661;lapras:605;vigoroth:571;annihilape_shadow:524;corsola_galarian:509,dragonair_shadow:259;cradily:281;altaria:416;kingdra:423;cramorant:444
throh,Throh,83.2,110.2,107.7,171,2032,LOW_KICK,BRICK_BREAK,BODY_SLAM,83,70.1,75.8,82.1,furret:880;aurorus:719;vigoroth:660;cradily:643;kingdra:555,altaria:257;cramorant:277;corsola_galarian:305;annihilape_shadow:321;dragonair_shadow:476
hawlucha,Hawlucha,83.1,127.4,107.6,128,1756,LOW_KICK,FLYING_PRESS,AERIAL_ACE,81.9,60.6,85,58.5,cradily:839;vigoroth:761;quagsire_shadow:714;kingdra:613;dragonair_shadow:503,annihilape_shadow:110;cramorant:162;corsola_galarian:230;jellicent:246;altaria:268
venusaur,Venusaur,83.1,122.1,122.1,123,1836,VINE_WHIP,FRENZY_PLANT,SLUDGE,78.3,70.7,88,62.3,quagsire_shadow:873;jellicent:853;kingdra:593;vigoroth:516;cradily:512,cramorant:178;annihilape_shadow:217;altaria:257;corsola_galarian:366;dragonair_shadow:444
dhelmise,Dhelmise,83,139.7,109.3,105,1605,SHADOW_CLAW,POWER_WHIP,BRUTAL_SWING,81.9,80.3,78.6,56.2,annihilape_shadow:847;lapras:785;vigoroth:657;jellicent:523;quagsire_shadow:519,cramorant:242;altaria:340;cradily:388;kingdra:427;corsola_galarian:460
frillish,Frillish,83,109.2,125.2,135,1846,HEX,NIGHT_SHADE,ICE_BEAM,80.6,59.6,83,66.1,altaria:818;grumpig:662;dragonair_shadow:640;annihilape_shadow:581;quagsire_shadow:559,cradily:333;corsola_galarian:388;vigoroth:396;cramorant:400;kingdra:436
naclstack,Naclstack,83,100.8,147,142,2106,MUD_SHOT,ROCK_TOMB,ROCK_BLAST,81.1,79,79.4,68.9,altaria:654;ninetales_shadow:623;lapras:570;corsola_galarian:549;aurorus:521,dragonair_shadow:334;cradily:378;kingdra:461;cramorant:472;vigoroth:486
gourgeist_super,Gourgeist (Super),82.9,115,131.6,129,1954,INCINERATE,SHADOW_BALL,SEED_BOMB,80.2,71,84.5,75,quagsire_shadow:794;vigoroth:709;dragonair_shadow:616;annihilape_shadow:554;cradily:550,cramorant:293;altaria:326;kingdra:402;jellicent:461;corsola_galarian:471
mismagius,Mismagius,82.9,131.6,123.6,104,1693,PSYWAVE,SHADOW_BALL,MYSTICAL_FIRE,83.9,90,81.5,47.8,quagsire_shadow:653;vigoroth:644;ninetales_shadow:605;corsola_galarian:552;jellicent:543,cramorant:277;kingdra:296;cradily:395;altaria:413;dragonair_shadow:413
pumpkaboo_super,Pumpkaboo (Super),82.9,111.7,113.4,141,1788,ASTONISH,GRASS_KNOT,FOUL_PLAY,81.4,53.7,81.1,68.4,kingdra:578;annihilape_shadow:574;dragonair_shadow:563;corsola_galarian:549;vigoroth:507,furret:103;cramorant:253;altaria:322;lapras:343;cradily:399
tentacruel_shadow,Tentacruel (Shadow),82.9,108.9,143.5,131,2047,ACID,SCALD,PAYBACK,75.8,61,89.6,45.8,annihilape_shadow:572;cradily:541;altaria:530;corsola_galarian:515;cramorant:503,quagsire_shadow:204;vigoroth:251;dragonair_shadow:307;kingdra:394;snorlax:438
gourgeist_large,Gourgeist (Large),82.8,115.9,137.2,122,1940,INCINERATE,SHADOW_BALL,SEED_BOMB,80.4,73.1,84.3,73.2,quagsire_shadow:913;vigoroth:758;cradily:602;dragonair_shadow:598;annihilape_shadow:569,cramorant:297;altaria:326;kingdra:402;jellicent:464;corsola_galarian:471
lurantis,Lurantis,82.8,126.2,117.8,119,1770,LEAFAGE,LEAF_BLADE,SUPER_POWER,82.2,56.4,80.8,74,annihilape_shadow:768;vigoroth:743;snorlax:588;dragonair_shadow:558;kingdra:512,jumpluff:133;altaria:155;cramorant:222;cradily:329;corsola_galarian:345
croconaw_shadow,Croconaw (Shadow),82.7,117.7,120,135,1908,SCRATCH,ICE_PUNCH,WATER_PULSE,79.8,81.2,83,49.6,altaria:740;aurorus:707;kingdra:555;vigoroth:533;cramorant:518,annihilape_shadow:146;dragonair_shadow:240;jellicent:240;corsola_galarian:294;cradily:312
dewgong_shadow,Dewgong (Shadow),82.7,101.9,136.9,157,2192,ICE_SHARD,ICY_WIND,DRILL_RUN,80.4,66.8,82,59.5,jumpluff:671;altaria:649;stunfisk:649;cramorant:621;cradily:554,annihilape_shadow:217;corsola_galarian:323;vigoroth:448;kingdra:457;dragonair_shadow:476
dudunsparce,Dudunsparce,82.7,116.1,98.5,169,1935,BITE,DRILL_RUN,BODY_SLAM,78.4,81.7,82.2,67.4,corsola_galarian:689;stunfisk:662;charjabug:550;jellicent:511;furret:502,cradily:392;altaria:413;dragonair_shadow:425;kingdra:432;cramorant:436
xatu_shadow,Xatu (Shadow),82.7,132.2,107.9,119,1698,PECK,PSYSHOCK,AERIAL_ACE,85.5,83.2,83.6,37.1,annihilape_shadow:844;jumpluff:693;vigoroth:659;quagsire_shadow:651;cramorant:626,corsola_galarian:183;kingdra:233;dragonair_shadow:287;cradily:406;altaria:431
dragonite,Dragonite,82.6,135.8,107.3,113,1647,DRAGON_BREATH,THUNDER_PUNCH,SUPER_POWER,85.8,66.4,78.8,56.4,annihilape_shadow:774;quagsire_shadow:765;vigoroth:730;cramorant:654;snorlax:592,cradily:229;corsola_galarian:309;kingdra:322;dragonair_shadow:425;altaria:478
golisopodsh,Golisopod,82.6,124,134.6,108,1804,SHADOW_CLAW,AQUA_JET,X_SCISSOR,80.2,69.6,83.8,59.7,grumpig:810;ninetales_shadow:606;lapras:574;annihilape_shadow:569;jellicent:504,cramorant:178;cradily:350;corsola_galarian:406;kingdra:419;altaria:423
hippowdon,Hippowdon,82.6,116.1,116.7,142,1926,SAND_ATTACK,WEATHER_BALL_ROCK,EARTH_POWER,80.2,78.5,84.5,65.6,stunfisk:760;charjabug:714;corsola_galarian:549;ninetales_shadow:524;jellicent:517,dragonair_shadow:145;kingdra:317;cradily:340;cramorant:353;altaria:456
meganium,Meganium,82.6,110.8,139,131,2018,VINE_WHIP,FRENZY_PLANT,EARTHQUAKE,70.6,45.4,86.6,67.4,quagsire_shadow:904;jellicent:843;lapras:706;kingdra:576;corsola_galarian:549,dragonair_shadow:133;annihilape_shadow:182;altaria:195;cradily:375;vigoroth:472
sceptile_shadow,Sceptile (Shadow),82.6,135.6,109.3,111,1646,FURY_CUTTER,LEAF_BLADE,BREAKING_SWIPE,86.6,78.9,79.5,42.7,lapras:752;quagsire_shadow:707;kingdra:671;dragonair_shadow:671;annihilape_shadow:671,altaria:387;corsola_galarian:388;cramorant:448;vigoroth:468;cradily:486
audino,Audino,82.5,92.6,137.8,190,2428,CHARGE_BEAM,BODY_SLAM,DISARMING_VOICE,79.1,68.5,83,79.3,jellicent:555;dusknoir_shadow:555;araquanid:550;altaria:528;corsola_galarian:523,cradily:309;dragonair_shadow:311;kingdra:355;annihilape_shadow:439;vigoroth:472
gourgeist_average,Gourgeist (Average),82.5,115.9,145,115,1934,INCINERATE,SHADOW_BALL,SEED_BOMB,80.9,71.7,83.8,71.2,quagsire_shadow:908;vigoroth:747;cradily:586;dragonair_shadow:578;annihilape_shadow:560,cramorant:297;altaria:326;kingdra:402;jellicent:464;corsola_galarian:471
quaquaval,Quaquaval,82.5,137.7,98.6,120,1630,LOW_KICK,CLOSE_COMBAT,HYDRO_CANNON,80.1,68.1,87.8,48.6,cradily:766;vigoroth:745;quagsire_shadow:691;kingdra:545;dragonair_shadow:533,jellicent:211;altaria:264;corsola_galarian:287;cramorant:341;annihilape_shadow:464
wobbuffet_shadow,Wobbuffet (Shadow),82.5,63,101.6,333,2134,COUNTER,MIRROR_COAT,FRUSTRATION,79.1,55.6,83.2,81.4,lapras:615;snorlax:585;vigoroth:578;cradily:569;dragonair_shadow:506,corsola_galarian:172;annihilape_shadow:400;altaria:402;cramorant:412;kingdra:491
giratina_origin,Giratina (Origin),82.4,120,101.4,154,1875,DRAGON_TAIL,OMINOUS_WIND,SHADOW_BALL,81.6,59.8,81.8,59,ninetales_shadow:759;quagsire_shadow:737;grumpig:688;jellicent:642;cramorant:587,kingdra:330;dragonair_shadow:358;cradily:381;altaria:467;corsola_galarian:474
marowak,Marowak,82.4,109.6,148.8,125,2041,MUD_SLAP,BONE_CLUB,ROCK_SLIDE,82.5,68.9,80.9,68.4,stunfisk:796;cradily:548;jellicent:548;dragonair_shadow:524;aurorus:524,altaria:340;kingdra:432;cramorant:444;vigoroth:475;corsola_galarian:485
hippowdon_shadow,Hippowdon (Shadow),82.3,116.1,116.7,142,1926,SAND_ATTACK,WEATHER_BALL_ROCK,EARTH_POWER,79.8,87,81.8,52.9,stunfisk:739;charjabug:658;ninetales_shadow:619;furret:570;quagsire_shadow:521,altaria:307;kingdra:347;cradily:371;cramorant:373;corsola_galarian:410
lugia,Lugia,82.3,102.4,167.1,127,2174,DRAGON_TAIL,EARTH_POWER,AEROBLAST,78.3,48.9,91,48.3,kingdra:622;snorlax:614;quagsire_shadow:602;altaria:598;dragonair_shadow:515,corsola_galarian:266;cramorant:281;vigoroth:393;cradily:395;annihilape_shadow:475
heracross,Heracross,82.2,134.6,108.4,114,1665,FURY_CUTTER,UPPER_HAND,ROCK_TOMB,81.6,60.7,81.6,53.4,cradily:820;vigoroth:732;quagsire_shadow:675;snorlax:644;kingdra:565,cramorant:138;dragonair_shadow:287;annihilape_shadow:335;corsola_galarian:338;altaria:431
ursaluna,Ursaluna,82.2,125.6,98.6,144,1786,SCRATCH,THUNDER_PUNCH,HIGH_HORSEPOWER,77.9,72,78.5,54.1,cramorant:711;corsola_galarian:708;furret:552;vigoroth:548;jellicent:538,annihilape_shadow:146;cradily:184;kingdra:258;dragonair_shadow:287;altaria:311
bruxish,Bruxish,82.1,136.4,102.5,117,1637,CONFUSION,AQUA_TAIL,PSYCHIC_FANGS,90.4,81.5,67.4,49.6,annihilape_shadow:760;vigoroth:739;cramorant:662;kingdra:568;dragonair_shadow:529,jumpluff:294;corsola_galarian:309;jellicent:365;cradily:388;altaria:409
machamp,Machamp,82.1,135.4,98.6,124,1656,KARATE_CHOP,CROSS_CHOP,ROCK_SLIDE,82.2,60.6,81.3,55.7,vigoroth:802;aurorus:802;cradily:733;furret:665;lapras:625,cramorant:123;corsola_galarian:244;altaria:387;kingdra:389;dragonair_shadow:496
machoke_shadow,Machoke (Shadow),82.1,126.7,97.3,143,1766,KARATE_CHOP,CROSS_CHOP,DYNAMIC_PUNCH,86,62.3,82.9,53.6,cradily:807;vigoroth:772;kingdra:744;dragonair_shadow:716;snorlax:681,jellicent:182;corsola_galarian:190;annihilape_shadow:271;altaria:293;cramorant:384
venusaur_shadow,Venusaur (Shadow),82.1,122.1,122.1,123,1836,VINE_WHIP,FRENZY_PLANT,SLUDGE,77.5,83.2,86.2,48,quagsire_shadow:703;jellicent:666;lapras:638;kingdra:573;vigoroth:516,dragonair_shadow:161;annihilape_shadow:253;altaria:289;cradily:350;corsola_galarian:446
amoonguss_shadow,Amoonguss (Shadow),82,109.3,105.9,177,2050,ASTONISH,GRASS_KNOT,FOUL_PLAY,76.5,53.7,83.2,65.6,jellicent:838;corsola_galarian:748;stunfisk:720;quagsire_shadow:570;kingdra:562,cramorant:253;vigoroth:282;dragonair_shadow:307;altaria:340;cradily:420
machamp_shadow,Machamp (Shadow),82,135.4,98.6,124,1656,KARATE_CHOP,CROSS_CHOP,ROCK_SLIDE,86.6,75.7,82.3,36.8,vigoroth:737;cradily:733;lapras:705;dragonair_shadow:673;snorlax:673,jellicent:269;corsola_galarian:273;annihilape_shadow:303;altaria:438;kingdra:457
nidorina,Nidorina,82,110.9,113.4,157,1975,POISON_STING,POISON_FANG,THUNDERBOLT,80.7,72.6,80.4,68.4,jumpluff:671;cradily:640;feraligatr:617;furret:589;medicham:522,cramorant:269;corsola_galarian:330;kingdra:364;dragonair_shadow:393;altaria:438
wailmer,Wailmer,82,116.5,68.2,242,1927,ROLLOUT,SCALD,BODY_SLAM,82.5,76.4,81.6,61.3,aurorus:890;lapras:628;quagsire_shadow:588;vigoroth:570;altaria:508,cradily:270;kingdra:360;corsola_galarian:377;dragonair_shadow:377;cramorant:484
zeraora,Zeraora,82,138.3,100.9,114,1592,VOLT_SWITCH,PLASMA_FISTS,DYNAMIC_PUNCH,85,78.4,80.8,44,cramorant:872;jellicent:811;vigoroth:732;annihilape_shadow:644;kingdra:552,dragonair_shadow:177;corsola_galarian:363;altaria:376;cradily:395;quagsire_shadow:444
gengar_shadow,Gengar (Shadow),81.9,154.3,95.4,98,1444,SHADOW_CLAW,SHADOW_PUNCH,DARK_PULSE,84.2,68.1,77.4,33.3,annihilape_shadow:872;jellicent:688;kingdra:627;cramorant:551;dragonair_shadow:535,snorlax:98;corsola_galarian:262;cradily:413;vigoroth:420;altaria:474
lugia_shadow,Lugia (Shadow),81.9,104.2,164.3,124,2125,DRAGON_TAIL,FLY,EARTH_POWER,72.9,55.1,86.9,55.4,annihilape_shadow:588;altaria:548;quagsire_shadow:528;snorlax:524;kingdra:504,corsola_galarian:320;cradily:329;dragonair_shadow:362;vigoroth:482;cramorant:484
marowak_alolan,Marowak (Alolan),81.9,109.6,148.8,125,2041,FIRE_SPIN,BONE_CLUB,SHADOW_BONE,81.6,67,81.3,72,medicham:768;ninetales_shadow:652;jumpluff:644;annihilape_shadow:616;vigoroth:592,kingdra:334;altaria:344;corsola_galarian:420;cramorant:428;cradily:434
palkia_shadow,Palkia (Shadow),81.9,140.3,109.9,100,1544,DRAGON_BREATH,AQUA_TAIL,DRACO_METEOR,86.2,68.9,63.7,37.9,aurorus:725;cradily:695;quagsire_shadow:690;annihilape_shadow:595;corsola_galarian:555,jellicent:310;dragonair_shadow:389;altaria:438;kingdra:483;vigoroth:486
salamence,Salamence,81.9,143.4,93,117,1562,DRAGON_TAIL,FLY,BRUTAL_SWING,84.4,70.4,81.6,41.7,ninetales_shadow:692;deoxys_defense:641;kingdra:611;dusknoir_shadow:611;araquanid:542,vigoroth:344;dragonair_shadow:358;cradily:378;corsola_galarian:388;altaria:496
swampert_shadow,Swampert (Shadow),81.9,122.9,109.1,136,1826,MUD_SHOT,HYDRO_CANNON,EARTHQUAKE,78.9,61.8,82,49.3,aurorus:797;annihilape_shadow:702;stunfisk:665;quagsire_shadow:602;vigoroth:503,cramorant:91;altaria:184;kingdra:254;cradily:291;corsola_galarian:348
flygon,Flygon,81.8,127.9,109.5,125,1752,DRAGON_TAIL,SAND_TOMB,TWISTER,78.4,66.2,77.9,50.8,furret:688;altaria:660;quagsire_shadow:652;cradily:556;vigoroth:504,annihilape_shadow:239;kingdra:309;corsola_galarian:330;dragonair_shadow:381;cramorant:456
farfetchd,Farfetch'd,81.7,116.8,109.2,131,1671,FURY_CUTTER,LEAF_BLADE,AERIAL_ACE,80.2,73.1,80.2,64.3,quagsire_shadow:732;jellicent:671;araquanid:610;snorlax:580;furret:522,altaria:221;cramorant:353;kingdra:368;cradily:371;corsola_galarian:381
gallade_shadow,Gallade (Shadow),81.7,136.5,115.6,104,1642,PSYCHO_CUT,LEAF_BLADE,SACRED_SWORD,86.8,80.1,76.2,32.8,quagsire_shadow:841;annihilape_shadow:788;vigoroth:764;dragonair_shadow:687;cradily:682,corsola_galarian:298;altaria:409;kingdra:411;cramorant:428;jellicent:467
garganacl,Garganacl,81.7,105.8,137.2,145,2107,MUD_SHOT,ROCK_TOMB,ROCK_BLAST,78.1,77.1,80.1,66.4,altaria:651;ninetales_shadow:617;fearow:610;lapras:565;corsola_galarian:548,kingdra:220;dragonair_shadow:334;cramorant:388;cradily:388;vigoroth:431
gurdurr_shadow,Gurdurr (Shadow),81.7,125.3,100.1,143,1795,LOW_KICK,BRICK_BREAK,STONE_EDGE,79.8,67.6,77.1,53.9,cradily:821;altaria:744;vigoroth:716;lapras:716;kingdra:545,annihilape_shadow:146;corsola_galarian:151;jellicent:179;cramorant:285;dragonair_shadow:318
raikou_shadow,Raikou (Shadow),81.7,133.5,109.9,113,1659,THUNDER_SHOCK,WILD_CHARGE,AURA_SPHERE,85.7,67,91.9,27.9,jellicent:809;vigoroth:756;lapras:756;annihilape_shadow:597;cramorant:535,cradily:375;kingdra:436;corsola_galarian:467;altaria:478;dragonair_shadow:496
teddiursa,Teddiursa,81.7,131.5,90.4,142,1690,SCRATCH,SWIFT,CROSS_CHOP,79.9,72.5,76.2,56.7,dragonair_shadow:742;dunsparce:619;stunfisk:612;feraligatr:566;hypno:521,cramorant:265;corsola_galarian:309;cradily:326;altaria:402;kingdra:436
zapdos_shadow,Zapdos (Shadow),81.7,138.1,103.4,112,1601,THUNDER_SHOCK,DRILL_PECK,HEAT_WAVE,86.2,82.3,83.2,35.1,araquanid:808;annihilape_shadow:754;cramorant:718;jumpluff:611;dragonair_shadow:593,cradily:288;corsola_galarian:392;altaria:394;vigoroth:434;kingdra:495
gourgeist_small,Gourgeist (Small),81.6,116.8,152.9,107,1913,INCINERATE,SHADOW_BALL,SEED_BOMB,80.2,70.7,82.7,67.4,quagsire_shadow:901;vigoroth:742;cradily:565;dragonair_shadow:556;annihilape_shadow:546,cramorant:297;altaria:329;kingdra:406;jellicent:464;corsola_galarian:474
illumise,Illumise,81.6,111.4,136.2,133,2019,INFESTATION,SILVER_WIND,SHADOW_BALL,76.5,52.8,83.2,67.9,annihilape_shadow:650;grumpig:631;stunfisk:563;araquanid:556;quagsire_shadow:515,cramorant:142;altaria:304;corsola_galarian:363;cradily:451;kingdra:487
poliwrath_shadow,Poliwrath (Shadow),81.6,115.8,122,137,1936,MUD_SHOT,ICY_WIND,DYNAMIC_PUNCH,80.6,73.5,80.6,55.9,aurorus:781;furret:635;vigoroth:605;dragonair_shadow:547;altaria:507,cramorant:222;annihilape_shadow:382;corsola_galarian:384;cradily:399;kingdra:495
regirock_shadow,Regirock (Shadow),81.6,105.7,178.4,111,2095,LOCK_ON,STONE_EDGE,FOCUS_BLAST,69.6,60.7,92.7,44,cradily:878;snorlax:761;aurorus:635;cramorant:554;altaria:522,dragonair_shadow:74;annihilape_shadow:75;kingdra:88;corsola_galarian:341;vigoroth:382
swampert,Swampert,81.6,122.9,109.1,136,1826,MUD_SHOT,HYDRO_CANNON,EARTHQUAKE,78.6,59.3,81.5,61,ninetales_shadow:772;stunfisk:738;quagsire_shadow:680;aurorus:632;snorlax:511,altaria:166;cramorant:198;kingdra:245;cradily:260;corsola_galarian:449
chansey,Chansey,81.5,63,120.1,421,3188,ZEN_HEADBUTT,DAZZLING_GLEAM,HYPER_BEAM,69.6,51.2,87.6,82.9,corsola_galarian:642;jellicent:561;marowak:561;quagsire_shadow:546;feraligatr:536,dragonair_shadow:240;cradily:246;cramorant:349;altaria:416;kingdra:457
frigibax,Frigibax,81.5,125.2,84.8,149,1583,DRAGON_BREATH,AVALANCHE,DRAGON_CLAW,77.8,83.1,83.9,38.4,cradily:778;stunfisk:681;jumpluff:661;altaria:610;cramorant:520,vigoroth:210;annihilape_shadow:289;kingdra:309;corsola_galarian:384;dragonair_shadow:429
barbaracle,Barbaracle,81.4,120.9,133,115,1851,FURY_CUTTER,CROSS_CHOP,STONE_EDGE,79.3,70.3,78.8,55.4,lapras:795;aurorus:769;vigoroth:682;furret:652;dragonair_shadow:530,kingdra:309;corsola_galarian:330;cradily:402;cramorant:408;altaria:489
gallade,Gallade,81.4,136.5,115.6,104,1642,PSYCHO_CUT,LEAF_BLADE,SACRED_SWORD,78.8,74.8,74.6,53.4,quagsire_shadow:879;aurorus:802;annihilape_shadow:778;cradily:745;snorlax:533,cramorant:162;corsola_galarian:262;altaria:329;kingdra:368;dragonair_shadow:433
golbat_shadow,Golbat (Shadow),81.4,117.6,116.2,139,1901,WING_ATTACK,POISON_FANG,SHADOW_BALL,77.3,71.2,79.2,62.5,corsola_galarian:708;jumpluff:593;jellicent:586;araquanid:568;ninetales_shadow:557,dragonair_shadow:279;cradily:319;altaria:365;cramorant:448;kingdra:466
zoroark_hisuian,Zoroark (Hisuian),81.4,163.4,87.5,96,1374,SHADOW_CLAW,SWIFT,SHADOW_BALL,86.8,76.2,69.7,32,annihilape_shadow:760;corsola_galarian:739;altaria:651;cramorant:552;dragonair_shadow:526,quagsire_shadow:226;vigoroth:331;jellicent:394;cradily:465;kingdra:466
gurdurr,Gurdurr,81.3,125.3,100.1,143,1795,LOW_KICK,BRICK_BREAK,STONE_EDGE,77.8,62.3,82.2,62.3,vigoroth:786;cradily:769;snorlax:716;dragonair_shadow:541;kingdra:503,annihilape_shadow:110;corsola_galarian:140;altaria:210;cramorant:261;jellicent:314
lanturn,Lanturn,81.3,104.8,105.5,194,2145,SPARK,SURF,THUNDERBOLT,80.1,62.1,83.9,66.9,cramorant:726;jellicent:675;kingdra:564;corsola_galarian:536;annihilape_shadow:530,cradily:288;snorlax:302;dragonair_shadow:330;vigoroth:368;altaria:387
marowak_alolan_shadow,Marowak (Alolan) (Shadow),81.3,109.6,148.8,125,2041,FIRE_SPIN,SHADOW_BONE,BONE_CLUB,77.6,59,77.4,63.8,deoxys_defense:900;medicham:776;ninetales_shadow:732;jumpluff:624;annihilape_shadow:548,kingdra:105;cramorant:253;cradily:385;altaria:420;corsola_galarian:496
mismagius_shadow,Mismagius (Shadow),81.3,131.6,123.6,104,1693,PSYWAVE,SHADOW_BALL,MYSTICAL_FIRE,73.3,87.9,73.9,46.3,deoxys_defense:879;altaria:701;medicham:649;cradily:533;vigoroth:504,corsola_galarian:169;cramorant:250;kingdra:258;dragonair_shadow:287;annihilape_shadow:432
throh_shadow,Throh (Shadow),81.3,110.2,107.7,171,2032,LOW_KICK,BRICK_BREAK,BODY_SLAM,81.4,63.1,75.1,75,cradily:850;snorlax:763;lapras:763;vigoroth:570;dragonair_shadow:520,annihilape_shadow:207;corsola_galarian:219;altaria:268;cramorant:349;kingdra:466
torkoal,Torkoal,81.3,107.5,151.3,128,2084,EMBER,FLAME_WHEEL,OVERHEAT,77.3,57.5,83.9,71.5,jumpluff:902;furret:632;annihilape_shadow:589;grumpig:589;araquanid:570,kingdra:203;cramorant:218;corsola_galarian:305;altaria:344;cradily:395
electivire_shadow,Electivire (Shadow),81.2,143.3,100.8,108,1562,THUNDER_SHOCK,ICE_PUNCH,WILD_CHARGE,87.6,78.5,92.2,22.6,altaria:745;cramorant:708;vigoroth:625;annihilape_shadow:583;dragonair_shadow:578,quagsire_shadow:102;aurorus:167;cradily:322;kingdra:419;corsola_galarian:474
misdreavus,Misdreavus,81.2,123,120.8,122,1814,PSYWAVE,DARK_PULSE,SHADOW_SNEAK,78.9,84.2,83,53.4,vigoroth:606;araquanid:606;dragonair_shadow:540;cradily:532;annihilape_shadow:508,kingdra:190;cramorant:194;altaria:333;corsola_galarian:446;jellicent:451
slowbro_galarian,Slowbro (Galarian),81.2,119.1,108.3,146,1885,CONFUSION,DRAIN_PUNCH,SLUDGE_BOMB,84.2,72.3,76.7,63.6,annihilape_shadow:886;aurorus:623;altaria:602;cradily:585;quagsire_shadow:578,corsola_galarian:219;cramorant:313;dragonair_shadow:318;kingdra:466;vigoroth:493
rapidash_shadow,Rapidash (Shadow),81.1,133.6,111.5,112,1670,INCINERATE,DRILL_RUN,WILD_CHARGE,79.9,78.2,77.6,37.1,aurorus:834;vigoroth:727;furret:683;annihilape_shadow:611;corsola_galarian:580,cramorant:103;kingdra:105;dragonair_shadow:204;cradily:430;altaria:452
ursaring,Ursaring,81.1,139.6,91.3,126,1607,SHADOW_CLAW,CLOSE_COMBAT,SWIFT,83.5,63.1,76,44.2,vigoroth:757;lapras:734;jellicent:603;corsola_galarian:579;kingdra:503,cradily:184;cramorant:222;altaria:322;annihilape_shadow:325;dragonair_shadow:468
charizard_shadow,Charizard (Shadow),81,132.7,108.8,117,1691,EMBER,BLAST_BURN,AIR_CUTTER,85.8,63.2,83,37.9,jumpluff:910;annihilape_shadow:786;vigoroth:739;furret:696;aurorus:512,cramorant:123;altaria:315;kingdra:330;cradily:420;corsola_galarian:492
chesnaught_shadow,Chesnaught (Shadow),81,119.3,126.9,124,1879,LOW_KICK,FRENZY_PLANT,SUPER_POWER,71.9,48.1,87.8,57.2,quagsire_shadow:770;cradily:685;jellicent:677;kingdra:548;vigoroth:528,annihilape_shadow:110;cramorant:130;altaria:278;dragonair_shadow:318;corsola_galarian:345
pumpkaboo_large,Pumpkaboo (Large),81,113.4,115.1,133,1737,ASTONISH,GRASS_KNOT,FOUL_PLAY,79.3,52.8,78.8,63.8,jellicent:631;corsola_galarian:556;kingdra:556;annihilape_shadow:552;dragonair_shadow:537,cramorant:253;altaria:322;snorlax:371;vigoroth:410;cradily:427
regice,Regice,81,104.5,179.9,114,2144,LOCK_ON,BLIZZARD,THUNDER,75.6,57.9,93.8,39.6,jumpluff:675;altaria:618;cramorant:605;kingdra:592;dragonair_shadow:539,annihilape_shadow:75;vigoroth:313;corsola_galarian:374;jellicent:387;cradily:437
sceptile,Sceptile,81,135.6,109.3,111,1646,FURY_CUTTER,LEAF_BLADE,BREAKING_SWIPE,80.1,66,77.9,60.3,quagsire_shadow:914;aurorus:671;lapras:599;kingdra:545;snorlax:522,cramorant:162;dragonair_shadow:240;corsola_galarian:356;altaria:391;cradily:458
ursaluna_shadow,Ursaluna (Shadow),81,125.6,98.6,144,1786,SCRATCH,THUNDER_PUNCH,HIGH_HORSEPOWER,76.3,73.1,75.1,41.7,stunfisk:701;cramorant:677;deoxys_defense:663;corsola_galarian:659;snorlax:524,cradily:184;kingdra:258;dragonair_shadow:287;altaria:405;vigoroth:458
victini,Victini,81,120.4,119.3,129,1855,CONFUSION,V_CREATE,PSYSHOCK,77.1,72.1,84.6,54.4,annihilape_shadow:841;aurorus:759;ninetales_shadow:736;vigoroth:717;jumpluff:624,kingdra:258;dragonair_shadow:271;cradily:388;corsola_galarian:417;altaria:452
wyrdeer,Wyrdeer,81,126.6,95.5,146,1767,CONFUSION,STOMP,WILD_CHARGE,81.1,81,83.9,55.4,annihilape_shadow:722;jellicent:647;corsola_galarian:609;kingdra:513;vigoroth:506,furret:237;cramorant:337;dragonair_shadow:338;cradily:371;altaria:373
qwilfish,Qwilfish,80.9,131.1,105.5,123,1703,POISON_STING,AQUA_TAIL,SHADOW_BALL,79.8,71.8,80.6,51.1,annihilape_shadow:772;jumpluff:638;grumpig:589;ninetales_shadow:573;dragonair_shadow:556,cramorant:178;corsola_galarian:370;cradily:399;altaria:427;kingdra:478
rayquaza,Rayquaza,80.9,147.5,89.5,115,1519,DRAGON_TAIL,BREAKING_SWIPE,DRAGON_ASCENT,74.5,44.8,85.5,33,jumpluff:673;jellicent:643;lapras:573;snorlax:517;altaria:513,cramorant:253;kingdra:334;dragonair_shadow:358;cradily:451;corsola_galarian:485
articuno_shadow,Articuno (Shadow),80.8,115.1,136.9,123,1939,POWDER_SNOW,TRIPLE_AXEL,HURRICANE,76.1,58.5,83,50.1,cradily:800;altaria:703;snorlax:577;dragonair_shadow:508;vigoroth:504,quagsire_shadow:245;cramorant:265;kingdra:275;annihilape_shadow:303;corsola_galarian:356
castform_rainy,Castform (Rainy),80.8,112.6,121.2,146,1994,WATER_GUN,WEATHER_BALL_WATER,THUNDER,76.8,58.7,82.5,58.5,aurorus:739;jellicent:613;annihilape_shadow:544;cramorant:523;corsola_galarian:513,kingdra:122;dragonair_shadow:185;cradily:284;altaria:456;vigoroth:475
crobat,Crobat,80.8,121.2,118.1,129,1847,GUST,AIR_CUTTER,POISON_FANG,79.6,74.2,75,68.1,jumpluff:903;annihilape_shadow:674;araquanid:651;furret:577;vigoroth:546,kingdra:258;dragonair_shadow:338;corsola_galarian:345;altaria:369;cradily:381
decidueye,Decidueye,80.8,127.8,115.2,119,1754,LEAFAGE,FRENZY_PLANT,SPIRIT_SHACKLE,83,67.3,84.6,64.8,annihilape_shadow:869;vigoroth:735;kingdra:668;jellicent:588;snorlax:550,altaria:210;aurorus:277;corsola_galarian:366;cradily:430;dragonair_shadow:440
delphox_shadow,Delphox (Shadow),80.8,132.6,115.6,110,1687,SCRATCH,PSYSHOCK,BLAST_BURN,81.2,76.2,78.8,32.3,lapras:786;annihilape_shadow:745;cramorant:645;aurorus:636;kingdra:527,corsola_galarian:75;vigoroth:210;dragonair_shadow:287;cradily:350;altaria:474
electrode_shadow,Electrode (Shadow),80.8,122.8,126.3,118,1832,VOLT_SWITCH,DISCHARGE,FOUL_PLAY,80.6,73.4,80.9,63.3,cramorant:877;fearow:843;lapras:826;jellicent:817;grumpig:741,dragonair_shadow:177;cradily:274;altaria:394;corsola_galarian:442;kingdra:491
avalugg,Avalugg,80.7,111.7,141.3,127,2007,ICE_FANG,AVALANCHE,BODY_SLAM,78.9,57,83.4,68.9,altaria:814;vigoroth:602;cradily:555;furret:551;dragonair_shadow:543,quagsire_shadow:251;annihilape_shadow:289;jellicent:333;kingdra:334;corsola_galarian:449
diggersby,Diggersby,80.7,95.7,140.3,174,2337,MUD_SHOT,FIRE_PUNCH,SCORCHING_SANDS,79.1,67.5,81.5,76,stunfisk:738;corsola_galarian:724;ninetales_shadow:658;furret:594;vigoroth:531,cramorant:138;altaria:253;kingdra:330;dragonair_shadow:409;cradily:427
noctowl_shadow,Noctowl (Shadow),80.7,105.3,120.1,168,2126,WING_ATTACK,SKY_ATTACK,SHADOW_BALL,77,52.1,83.2,62,jumpluff:776;jellicent:720;araquanid:696;corsola_galarian:604;cramorant:562,dragonair_shadow:263;cradily:322;altaria:442;kingdra:470;vigoroth:486
dipplin,Dipplin,80.6,114.6,128.8,132,1950,DRAGON_TAIL,SEED_BOMB,OUTRAGE,77.5,57.6,76,62.5,quagsire_shadow:852;furret:602;jellicent:583;vigoroth:526;kingdra:503,annihilape_shadow:217;altaria:311;cradily:333;dragonair_shadow:334;corsola_galarian:420
electrode,Electrode,80.6,122.8,126.3,118,1832,VOLT_SWITCH,DISCHARGE,FOUL_PLAY,78.1,67.3,81.8,71.5,cramorant:881;lapras:580;jellicent:572;altaria:521;araquanid:521,dragonair_shadow:181;cradily:239;vigoroth:372;corsola_galarian:381;kingdra:415
claydol,Claydol,80.5,103.5,172.6,121,2164,MUD_SLAP,ROCK_TOMB,SHADOW_BALL,76.8,55.9,81.6,60,stunfisk:735;grumpig:669;snorlax:570;jellicent:561;annihilape_shadow:557,cramorant:123;corsola_galarian:197;kingdra:300;altaria:329;cradily:447
crobat_shadow,Crobat (Shadow),80.4,121.2,118.1,129,1847,GUST,AIR_CUTTER,POISON_FANG,78.6,73.7,76.2,59.5,jumpluff:903;annihilape_shadow:891;altaria:717;jellicent:511;vigoroth:507,cramorant:301;kingdra:322;dragonair_shadow:338;corsola_galarian:413;cradily:444
diggersby_shadow,Diggersby (Shadow),80.4,95.7,140.3,174,2337,MUD_SHOT,SCORCHING_SANDS,FIRE_PUNCH,80.2,66.7,82,67.6,corsola_galarian:761;stunfisk:652;ninetales_shadow:612;snorlax:603;aurorus:534,cramorant:138;altaria:275;kingdra:398;dragonair_shadow:448;cradily:489
flapple,Flapple,80.4,138.1,100.1,117,1618,DRAGON_BREATH,SEED_BOMB,DRAGON_PULSE,77.3,73.4,72.5,52.6,quagsire_shadow:910;stunfisk:726;annihilape_shadow:696;dusknoir_shadow:636;altaria:585,cramorant:242;corsola_galarian:323;cradily:343;kingdra:385;dragonair_shadow:429
fletchinder_shadow,Fletchinder (Shadow),80.4,123.3,102.6,143,1811,PECK,FLY,HEAT_WAVE,69.6,65.4,81.8,49.6,jumpluff:912;araquanid:884;ninetales_shadow:678;medicham:650;altaria:503,kingdra:258;cramorant:261;dragonair_shadow:287;cradily:375;corsola_galarian:442
marowak_shadow,Marowak (Shadow),80.4,109.6,148.8,125,2041,MUD_SLAP,BONE_CLUB,ROCK_SLIDE,74.3,62,77.4,59.2,clodsire:884;stunfisk:788;charjabug:728;fearow:544;deoxys_defense:524,cramorant:202;kingdra:233;cradily:340;altaria:380;corsola_galarian:381
muk,Muk,80.4,115.8,111.7,148,1916,POISON_JAB,THUNDER_PUNCH,DARK_PULSE,75.3,65.1,82.2,56.4,ninetales_shadow:638;jumpluff:628;annihilape_shadow:570;araquanid:560;furret:540,dragonair_shadow:307;corsola_galarian:392;cradily:413;altaria:420;kingdra:483
timburr,Timburr,80.4,125.2,85.7,164,1760,LOW_KICK,BRICK_BREAK,ROCK_TOMB,75.3,73.7,74.1,65.6,cradily:844;furret:844;vigoroth:753;snorlax:753;lapras:753,altaria:210;cramorant:261;dragonair_shadow:299;corsola_galarian:312;kingdra:402
tropius,Tropius,80.4,101.4,128,170,2208,AIR_SLASH,LEAF_BLADE,BRUTAL_SWING,77.6,54,79.9,76.3,quagsire_shadow:879;araquanid:673;stunfisk:641;snorlax:538;furret:517,cradily:277;altaria:394;cramorant:424;kingdra:470;corsola_galarian:478
wailord,Wailord,80.4,118.3,67.4,237,1892,ROLLOUT,SURF,RETURN,80.9,64.2,81.5,54.7,aurorus:888;kingdra:586;quagsire_shadow:556;cramorant:512;altaria:504,cradily:253;corsola_galarian:316;dragonair_shadow:354;vigoroth:368;annihilape_shadow:385
farfetchd_galarian,Farfetch'd (Galarian),80.3,137.6,99.7,119,1634,FURY_CUTTER,LEAF_BLADE,BRICK_BREAK,82.5,78.1,74.2,57.5,furret:815;cradily:785;quagsire_shadow:617;stunfisk:558;aurorus:542,dragonair_shadow:248;corsola_galarian:330;altaria:358;cramorant:369;kingdra:436
kangaskhan,Kangaskhan,80.3,114.5,110.8,153,1944,LOW_KICK,BRICK_BREAK,CRUNCH,77.6,68.9,76.9,75.8,corsola_galarian:689;snorlax:637;lapras:607;vigoroth:584;cradily:581,annihilape_shadow:75;cramorant:222;altaria:246;kingdra:398;dragonair_shadow:409
glalie_shadow,Glalie (Shadow),80.2,115.2,120.7,140,1948,ROLLOUT,AVALANCHE,SHADOW_BALL,74.5,69.3,85.2,37.4,altaria:771;charjabug:764;jumpluff:675;cresselia:628;cramorant:535,dragonair_shadow:169;corsola_galarian:406;cradily:437;vigoroth:465;kingdra:474
golbat,Golbat,80.2,117.6,116.2,139,1901,WING_ATTACK,POISON_FANG,SHADOW_BALL,77.6,62,77.1,68.1,annihilape_shadow:679;araquanid:651;jumpluff:629;furret:517;cradily:507,dragonair_shadow:240;cramorant:333;altaria:333;corsola_galarian:399;kingdra:423
muk_shadow,Muk (Shadow),80.2,115.8,111.7,148,1916,POISON_JAB,DARK_PULSE,THUNDER_PUNCH,69.4,58.2,83.8,52.6,jumpluff:597;cradily:577;ninetales_shadow:574;annihilape_shadow:530;furret:530,kingdra:258;cramorant:309;dragonair_shadow:358;corsola_galarian:399;altaria:413
slowpoke,Slowpoke,80.2,104.1,94.9,186,1840,CONFUSION,PSYSHOCK,WATER_PULSE,80.2,72.3,81.1,63.3,aurorus:717;quagsire_shadow:610;lapras:577;altaria:534;cramorant:524,dragonair_shadow:279;corsola_galarian:302;cradily:305;vigoroth:465;kingdra:474
blaziken_shadow,Blaziken (Shadow),80.1,143.9,90.8,119,1556,EMBER,AURA_SPHERE,BLAZE_KICK,87.8,82.8,85.3,24.1,cradily:693;vigoroth:693;annihilape_shadow:634;dragonair_shadow:617;corsola_galarian:558,quagsire_shadow:102;jellicent:227;cramorant:265;altaria:297;kingdra:440
conkeldurr,Conkeldurr,80.1,134,93.8,133,1673,FORCE_PALM,DYNAMIC_PUNCH,BRUTAL_SWING,77,70,76.4,58,aurorus:860;cradily:770;furret:642;quagsire_shadow:597;vigoroth:533,cramorant:226;kingdra:283;corsola_galarian:291;altaria:318;dragonair_shadow:358
xatu,Xatu,80.1,132.2,107.9,119,1698,PECK,PSYSHOCK,AERIAL_ACE,79.9,79.2,79.9,48.8,annihilape_shadow:848;medicham:651;ninetales_shadow:558;snorlax:529;jumpluff:508,dragonair_shadow:251;cradily:336;corsola_galarian:338;altaria:394;kingdra:457
mamoswine,Mamoswine,80,136.2,87.3,138,1642,POWDER_SNOW,ICICLE_SPEAR,HIGH_HORSEPOWER,77.1,53.2,80.6,41.7,stunfisk:923;jumpluff:887;cradily:865;altaria:778;snorlax:518,cramorant:242;corsola_galarian:356;dragonair_shadow:393;vigoroth:437;kingdra:466
primeape,Primeape,80,138.7,100.1,116,1611,KARATE_CHOP,RAGE_FIST,ICE_PUNCH,80.1,76.7,72.5,54.1,aurorus:762;annihilape_shadow:689;dragonair_shadow:685;fearow:607;stunfisk:530,corsola_galarian:273;cramorant:305;kingdra:377;cradily:427;altaria:467
servine_shadow,Servine (Shadow),80,105.8,140.3,142,2110,VINE_WHIP,GRASS_KNOT,WRAP,76.5,62.1,79.4,72,quagsire_shadow:816;lapras:711;jellicent:626;kingdra:619;vigoroth:573,annihilape_shadow:239;cradily:361;altaria:409;dragonair_shadow:417;corsola_galarian:460
conkeldurr_shadow,Conkeldurr (Shadow),79.9,134,93.8,133,1673,FORCE_PALM,DYNAMIC_PUNCH,BRUTAL_SWING,77.1,75,71.6,50.1,aurorus:838;furret:796;cradily:770;vigoroth:695;lapras:601,cramorant:253;corsola_galarian:323;kingdra:334;altaria:344;dragonair_shadow:429
gastrodon,Gastrodon,79.9,113.2,103.4,168,1967,MUD_SLAP,BODY_SLAM,EARTH_POWER,79.8,53.5,78.6,63.8,stunfisk:770;kingdra:636;aurorus:610;vigoroth:595;quagsire_shadow:520,cradily:184;altaria:250;cramorant:305;dragonair_shadow:307;corsola_galarian:460
kabutops,Kabutops,79.9,135.4,119.7,102,1655,FURY_CUTTER,AQUA_JET,STONE_EDGE,73.8,82.9,78.8,35.8,cradily:818;aurorus:725;altaria:642;vigoroth:617;furret:544,annihilape_shadow:146;dragonair_shadow:240;kingdra:258;cramorant:329;corsola_galarian:356
vikavolt_shadow,Vikavolt (Shadow),79.9,144.1,96.6,111,1547,VOLT_SWITCH,X_SCISSOR,DISCHARGE,83.7,80.6,73.9,37.1,cramorant:779;jellicent:743;lapras:725;annihilape_shadow:702;vigoroth:635,dragonair_shadow:208;kingdra:258;corsola_galarian:428;cradily:451;altaria:463
houndstone,Houndstone,79.7,120.3,130.3,119,1866,BITE,SHADOW_BALL,PSYCHIC_FANGS,86.6,83.2,83.4,60.3,corsola_galarian:642;cradily:596;vigoroth:571;dragonair_shadow:554;altaria:512,cramorant:273;kingdra:313;snorlax:347;lapras:382;quagsire_shadow:437
timburr_shadow,Timburr (Shadow),79.7,125.2,85.7,164,1760,LOW_KICK,BRICK_BREAK,ROCK_TOMB,77.1,62.3,71.3,51.6,cradily:814;vigoroth:753;snorlax:692;lapras:692;kingdra:579,annihilape_shadow:146;altaria:224;corsola_galarian:266;cramorant:285;dragonair_shadow:318
chimecho,Chimecho,79.6,119.5,120.8,130,1879,ASTONISH,PSYSHOCK,ENERGY_BALL,74.2,60.1,81.3,52.1,medicham:761;deoxys_defense:646;ninetales_shadow:619;cresselia:511;lapras:507,dragonair_shadow:279;altaria:362;cradily:378;corsola_galarian:438;kingdra:495
claydol_shadow,Claydol (Shadow),79.5,103.5,172.6,121,2164,MUD_SLAP,ROCK_TOMB,SHADOW_BALL,76.1,51,77.4,59.5,stunfisk:818;lapras:632;vigoroth:619;snorlax:615;cradily:574,cramorant:162;corsola_galarian:230;kingdra:347;altaria:365;dragonair_shadow:429
flygon_shadow,Flygon (Shadow),79.5,127.9,109.5,125,1752,DRAGON_TAIL,SAND_TOMB,TWISTER,75.6,60.1,74.4,41.4,cradily:852;stunfisk:724;quagsire_shadow:600;altaria:576;jellicent:524,vigoroth:210;annihilape_shadow:282;kingdra:360;corsola_galarian:381;dragonair_shadow:484
rapidash,Rapidash,79.5,133.6,111.5,112,1670,INCINERATE,DRILL_RUN,WILD_CHARGE,75.6,87.1,73.9,44.2,aurorus:875;araquanid:808;annihilape_shadow:669;snorlax:558;jumpluff:553,cramorant:178;kingdra:326;cradily:354;corsola_galarian:374;altaria:376
toxicroak_shadow,Toxicroak (Shadow),79.5,136.2,93.7,129,1648,POISON_STING,DYNAMIC_PUNCH,SHADOW_BALL,66.1,54,92.7,29.2,dunsparce:841;cradily:810;furret:802;feraligatr:724;vigoroth:686,kingdra:156;dragonair_shadow:216;altaria:351;corsola_galarian:435;cramorant:440
typhlosion_shadow,Typhlosion (Shadow),79.5,132.7,108.8,117,1691,INCINERATE,BLAST_BURN,THUNDER_PUNCH,79.8,75.9,76.9,39.6,araquanid:790;cradily:739;ninetales_shadow:649;corsola_galarian:619;cramorant:619,kingdra:105;dragonair_shadow:204;altaria:311;annihilape_shadow:417;vigoroth:496
zygarde,Zygarde (50% Forme),79.5,114.1,128.3,133,1948,DRAGON_TAIL,CRUNCH,BULLDOZE,76.1,53.1,77.6,62.3,stunfisk:789;charjabug:755;furret:556;ninetales_shadow:518;grumpig:507,kingdra:283;altaria:391;cramorant:424;corsola_galarian:428;cradily:479
hattrem,Hattrem,79.4,122.7,115.7,128,1818,CONFUSION,PSYSHOCK,DAZZLING_GLEAM,75.2,78.1,82.5,54.9,clodsire:855;annihilape_shadow:839;medicham:750;quagsire_shadow:671;ninetales_shadow:605,kingdra:258;dragonair_shadow:338;corsola_galarian:370;altaria:405;cradily:409
leavanny,Leavanny,79.4,129.4,110.2,121,1727,SHADOW_CLAW,LEAF_BLADE,X_SCISSOR,78.1,57,77.8,58.5,annihilape_shadow:847;jellicent:847;quagsire_shadow:793;stunfisk:776;dragonair_shadow:553,cramorant:162;altaria:278;cradily:357;corsola_galarian:395;kingdra:461
zapdos,Zapdos,79.4,135.6,104.6,115,1633,THUNDER_SHOCK,DRILL_PECK,HEAT_WAVE,77.5,73.1,80.1,53.9,fearow:839;annihilape_shadow:800;cramorant:760;jumpluff:652;araquanid:543,cradily:236;corsola_galarian:309;altaria:311;kingdra:402;dragonair_shadow:425
corvisquire,Corvisquire,79.3,118.1,104.7,153,1893,PECK,SKY_ATTACK,PAYBACK,75.8,50.4,84.1,50.8,kingdra:614;jellicent:604;annihilape_shadow:598;corsola_galarian:562;vigoroth:545,quagsire_shadow:189;dragonair_shadow:240;cradily:343;altaria:402;cramorant:488
decidueye_hisuian,Decidueye (Hisuian),79.3,126.9,109.4,127,1765,PSYCHO_CUT,ENERGY_BALL,AURA_SPHERE,76,62,80.8,63.1,quagsire_shadow:795;annihilape_shadow:720;aurorus:712;furret:657;vigoroth:523,cramorant:111;altaria:253;corsola_galarian:320;cradily:375;kingdra:432
fraxure_shadow,Fraxure (Shadow),79.3,144.2,91.5,118,1558,DRAGON_TAIL,AQUA_TAIL,NIGHT_SLASH,86.2,80.4,74.1,30.2,ninetales_shadow:635;grumpig:622;annihilape_shadow:614;kingdra:538;aurorus:538,cradily:357;dragonair_shadow:417;altaria:423;corsola_galarian:435;cramorant:452
kabutops_shadow,Kabutops (Shadow),79.3,135.4,119.7,102,1655,FURY_CUTTER,AQUA_JET,STONE_EDGE,76.8,75.4,76.4,24.6,cradily:818;vigoroth:725;furret:651;aurorus:651;altaria:642,annihilape_shadow:117;jellicent:137;kingdra:258;dragonair_shadow:287;corsola_galarian:471
pumpkaboo_average,Pumpkaboo (Average),79.3,114.2,115.9,126,1670,ASTONISH,GRASS_KNOT,FOUL_PLAY,76.6,52.6,75.3,60.5,jellicent:611;quagsire_shadow:595;corsola_galarian:531;kingdra:531;dragonair_shadow:515,cramorant:253;altaria:351;vigoroth:413;cradily:430;annihilape_shadow:432
slowpoke_galarian,Slowpoke (Galarian),79.3,104.1,94.9,186,1840,CONFUSION,PSYSHOCK,SURF,79.1,77.3,80.2,60.3,medicham:623;annihilape_shadow:559;cradily:545;altaria:534;stunfisk:518,dragonair_shadow:279;corsola_galarian:302;vigoroth:465;kingdra:474;cramorant:496
articuno_galarian,Articuno (Galarian),79.2,134.1,110.9,112,1667,PSYCHO_CUT,FLY,BRAVE_BIRD,73.2,78.1,84.3,33.3,annihilape_shadow:839;araquanid:745;jumpluff:696;medicham:625;snorlax:566,cramorant:178;cradily:295;corsola_galarian:298;altaria:336;kingdra:453
fletchinder,Fletchinder,79.2,123.3,102.6,143,1811,PECK,FLY,HEAT_WAVE,73.3,61.2,80.8,57.7,jumpluff:825;annihilape_shadow:562;vigoroth:520;altaria:510;furret:510,kingdra:216;dragonair_shadow:251;cradily:343;corsola_galarian:363;cramorant:496
garchomp,Garchomp,79.2,132.4,101.4,126,1694,DRAGON_TAIL,TWISTER,SAND_TOMB,73.8,61.8,75.3,46.5,furret:670;altaria:662;quagsire_shadow:595;ninetales_shadow:583;cradily:515,vigoroth:241;kingdra:309;corsola_galarian:338;dragonair_shadow:381;cramorant:464
nidoqueen,Nidoqueen,79.2,116.5,118.4,139,1920,MUD_SLAP,EARTH_POWER,POISON_FANG,78.9,64.2,75.5,63.6,cradily:676;stunfisk:651;annihilape_shadow:629;jellicent:546;snorlax:546,kingdra:224;cramorant:293;dragonair_shadow:342;altaria:362;corsola_galarian:489
seismitoad,Seismitoad,79.2,120.3,100.8,154,1869,MUD_SHOT,EARTH_POWER,ICY_WIND,78.3,73.2,79.2,56.4,stunfisk:785;dragonair_shadow:717;aurorus:678;altaria:639;annihilape_shadow:564,cramorant:206;cradily:256;corsola_galarian:291;kingdra:326;vigoroth:417
wailmer_shadow,Wailmer (Shadow),79.2,116.5,68.2,242,1927,ROLLOUT,SCALD,BODY_SLAM,75.6,70.3,79.5,49.6,aurorus:752;charjabug:626;lapras:601;cramorant:545;medicham:539,dragonair_shadow:169;cradily:312;corsola_galarian:323;altaria:347;kingdra:394
pawmot,Pawmot,79.1,145,95.4,112,1552,THUNDER_SHOCK,BRICK_BREAK,WILD_CHARGE,81.2,64,82.7,38.6,jellicent:776;vigoroth:727;cramorant:678;lapras:638;annihilape_shadow:593,kingdra:173;corsola_galarian:187;altaria:235;cradily:354;dragonair_shadow:385
sirfetchd,Sirfetch'd,79.1,144.7,108,99,1548,FURY_CUTTER,LEAF_BLADE,CLOSE_COMBAT,83,67.3,78.5,37.4,cradily:792;furret:777;vigoroth:691;quagsire_shadow:601;snorlax:590,altaria:184;dragonair_shadow:287;corsola_galarian:338;cramorant:373;kingdra:466
armarouge,Armarouge,79,132.1,109.6,117,1695,INCINERATE,PSYSHOCK,HEAT_WAVE,78.8,83.2,77.8,45.5,annihilape_shadow:811;jumpluff:743;fearow:739;medicham:692;deoxys_defense:572,altaria:340;corsola_galarian:352;kingdra:364;cradily:388;cramorant:416
espurr,Espurr,79,113.4,108.3,145,1783,CONFUSION,PSYSHOCK,ENERGY_BALL,77.8,71,82,54.7,quagsire_shadow:700;lapras:565;vigoroth:544;kingdra:531;cradily:510,dragonair_shadow:318;corsola_galarian:334;altaria:405;annihilape_shadow:467;cramorant:496
kleavor,Kleavor,79,143.6,104.5,104,1561,FURY_CUTTER,X_SCISSOR,ROCK_SLIDE,77.8,83.4,78.5,31,cradily:850;lapras:783;altaria:634;kingdra:591;furret:562,annihilape_shadow:146;dragonair_shadow:287;cramorant:309;corsola_galarian:377;vigoroth:496
nidoqueen_shadow,Nidoqueen (Shadow),79,116.5,118.4,139,1920,MUD_SLAP,EARTH_POWER,POISON_FANG,73.8,60.3,73.5,55.4,vigoroth:705;furret:676;corsola_galarian:672;cradily:633;stunfisk:600,altaria:250;kingdra:275;cramorant:293;annihilape_shadow:303;dragonair_shadow:342
nidorina_shadow,Nidorina (Shadow),79,110.9,113.4,157,1975,POISON_STING,POISON_FANG,DIG,77.9,65.7,74.6,65.3,jumpluff:627;cradily:605;altaria:535;annihilape_shadow:515;furret:515,corsola_galarian:280;cramorant:333;vigoroth:341;kingdra:347;dragonair_shadow:472
wormadam_plant,Wormadam (Plant),79,110,144.8,128,2040,SUCKER_PUNCH,ENERGY_BALL,BUG_BUZZ,75,49.8,80.9,71.5,kingdra:679;annihilape_shadow:656;jellicent:636;vigoroth:617;quagsire_shadow:570,cramorant:202;cradily:208;altaria:257;dragonair_shadow:307;corsola_galarian:460
galvantula,Galvantula,78.9,138.2,96.4,122,1627,VOLT_SWITCH,DISCHARGE,LUNGE,77.8,75.6,79.2,46,cramorant:807;furret:557;lapras:532;jellicent:524;vigoroth:512,dragonair_shadow:220;kingdra:258;corsola_galarian:352;altaria:365;cradily:378
gengar,Gengar,78.9,154.3,95.4,98,1444,SHADOW_CLAW,SHADOW_PUNCH,DARK_PULSE,83.4,72.9,73.7,34,annihilape_shadow:882;dragonair_shadow:627;cramorant:612;kingdra:612;cradily:520,snorlax:152;quagsire_shadow:201;vigoroth:372;altaria:380;corsola_galarian:496
stoutland,Stoutland,78.9,123.8,116.2,125,1799,TAKE_DOWN,WILD_CHARGE,CRUNCH,70.9,50.3,84.3,54.7,jellicent:700;araquanid:580;snorlax:572;corsola_galarian:564;lapras:536,altaria:264;cradily:319;kingdra:330;dragonair_shadow:358;cramorant:384
talonflame,Talonflame,78.9,121.4,112.6,135,1847,INCINERATE,FLY,BRAVE_BIRD,72.9,54.2,79.9,58.5,snorlax:644;annihilape_shadow:588;furret:588;vigoroth:544;corsola_galarian:514,kingdra:105;dragonair_shadow:157;cramorant:162;cradily:461;altaria:474
haxorus_shadow,Haxorus (Shadow),78.8,151.4,95.1,103,1485,DRAGON_TAIL,NIGHT_SLASH,SURF,81.9,79.5,76.5,27.7,grumpig:645;fearow:645;annihilape_shadow:601;ninetales_shadow:592;stunfisk:533,kingdra:343;cradily:371;corsola_galarian:413;altaria:449;cramorant:460
kricketune,Kricketune,78.8,127.7,89.5,153,1751,FURY_CUTTER,X_SCISSOR,AERIAL_ACE,77.1,62.3,78.5,62.5,cradily:800;grumpig:800;medicham:640;dragonair_shadow:552;annihilape_shadow:516,cramorant:293;corsola_galarian:302;altaria:311;vigoroth:427;kingdra:474
thundurus_incarnate_shadow,Thundurus (Incarnate) (Shadow),78.8,148.1,95.5,107,1514,THUNDER_SHOCK,THUNDER_PUNCH,BRICK_BREAK,83.5,73.4,73.7,38.6,jellicent:808;annihilape_shadow:742;cramorant:705;kingdra:658;vigoroth:658,quagsire_shadow:319;cradily:361;corsola_galarian:363;altaria:376;dragonair_shadow:405
haunter,Haunter,78.6,161.1,85.5,101,1392,SHADOW_CLAW,SHADOW_PUNCH,ICE_PUNCH,81.7,68.7,78.8,32.5,annihilape_shadow:886;jellicent:722;altaria:698;cramorant:569;dragonair_shadow:549,quagsire_shadow:226;corsola_galarian:233;vigoroth:310;cradily:461;kingdra:466
slowpoke_shadow,Slowpoke (Shadow),78.6,104.1,94.9,186,1840,CONFUSION,PSYSHOCK,WATER_PULSE,79.8,69,79.4,56.4,annihilape_shadow:841;snorlax:663;kingdra:599;cramorant:583;vigoroth:532,jellicent:211;dragonair_shadow:338;cradily:357;corsola_galarian:370;altaria:405
blaziken,Blaziken,78.5,143.9,90.8,119,1556,EMBER,AURA_SPHERE,BLAST_BURN,82.9,68.1,81.5,32.5,aurorus:844;furret:806;vigoroth:768;snorlax:710;annihilape_shadow:617,altaria:275;cramorant:309;kingdra:381;corsola_galarian:417;cradily:434
toxicroak,Toxicroak,78.5,136.2,93.7,129,1648,POISON_STING,DYNAMIC_PUNCH,SHADOW_BALL,73.7,47.6,86.2,38.9,furret:841;vigoroth:763;cradily:627;aurorus:565;snorlax:531,cramorant:162;dragonair_shadow:181;altaria:326;corsola_galarian:381;kingdra:491
hydrapple,Hydrapple,78.4,122.2,110.7,136,1841,DRAGON_TAIL,SEED_BOMB,OUTRAGE,74,57,75.1,56.7,quagsire_shadow:845;snorlax:591;furret:544;jellicent:525;vigoroth:511,kingdra:283;altaria:344;dragonair_shadow:358;cradily:361;corsola_galarian:431
scyther_shadow,Scyther (Shadow),78.4,134.8,109.4,113,1668,FURY_CUTTER,NIGHT_SLASH,X_SCISSOR,81.9,73.7,76.2,40.4,cradily:796;grumpig:756;vigoroth:743;dragonair_shadow:676;quagsire_shadow:676,kingdra:233;altaria:304;cramorant:337;annihilape_shadow:357;corsola_galarian:377
tyrantrum_shadow,Tyrantrum (Shadow),78.4,129,115.1,116,1724,DRAGON_TAIL,CRUNCH,ROCK_TOMB,74,51.7,72.3,39.1,ninetales_shadow:625;jellicent:581;snorlax:581;altaria:517;jumpluff:517,kingdra:360;dragonair_shadow:452;corsola_galarian:456;cradily:489;vigoroth:493
magcargo,Magcargo,78.3,110.9,156.3,117,2029,EMBER,ROCK_TOMB,OVERHEAT,71.4,40.1,76.9,64.1,jumpluff:790;altaria:632;furret:619;ninetales_shadow:615;corsola_galarian:576,kingdra:88;dragonair_shadow:110;vigoroth:168;cramorant:448;cradily:465
wormadam_sandy,Wormadam (Sandy),78.3,110,144.8,128,2040,SUCKER_PUNCH,BULLDOZE,BUG_BUZZ,71.7,56,83.8,65.6,stunfisk:847;cradily:671;corsola_galarian:574;jellicent:531;furret:531,kingdra:275;cramorant:293;altaria:307;vigoroth:337;dragonair_shadow:350
staravia,Staravia,78.2,131.9,91.5,135,1631,WING_ATTACK,BRAVE_BIRD,FLY,63.5,44.6,82.5,40.9,jumpluff:862;dusknoir_shadow:740;corsola_galarian:700;jellicent:651;araquanid:629,kingdra:216;dragonair_shadow:216;cramorant:242;cradily:315;altaria:376
blacephalon,Blacephalon,78.1,173.6,88.4,84,1290,INCINERATE,MIND_BLOWN,SHADOW_BALL,70.2,43.7,89.6,33.5,vigoroth:750;annihilape_shadow:732;cradily:726;snorlax:625;altaria:547,kingdra:118;jellicent:182;corsola_galarian:183;dragonair_shadow:228;cramorant:476
hitmonlee_shadow,Hitmonlee (Shadow),78.1,141.8,118.9,94,1586,LOW_KICK,BLAZE_KICK,BRICK_BREAK,80.1,66.8,72.8,38.4,furret:781;aurorus:739;cradily:728;vigoroth:675;snorlax:569,corsola_galarian:244;kingdra:288;altaria:304;cramorant:333;dragonair_shadow:354
nidoking,Nidoking,78.1,129.4,105.2,127,1731,POISON_STING,AVALANCHE,EARTH_POWER,70.1,67.8,84.5,46.8,jumpluff:917;altaria:759;cradily:598;stunfisk:566;ninetales_shadow:531,cramorant:162;dragonair_shadow:181;corsola_galarian:298;vigoroth:386;kingdra:427
tyrantrum,Tyrantrum,78.1,129,115.1,116,1724,DRAGON_TAIL,ROCK_TOMB,CRUNCH,74.5,54.8,73.4,47.5,ninetales_shadow:668;charjabug:650;jellicent:534;cramorant:517;araquanid:517,kingdra:309;dragonair_shadow:381;corsola_galarian:384;cradily:420;altaria:434
grimer,Grimer,78,121,88.2,172,1836,POISON_JAB,SLUDGE,MUD_BOMB,73.5,64,79.4,52.4,jumpluff:927;cradily:636;ninetales_shadow:625;furret:546;araquanid:534,corsola_galarian:248;kingdra:309;dragonair_shadow:350;vigoroth:451;altaria:471
pinsir_shadow,Pinsir (Shadow),78,139.6,112.6,102,1604,FURY_CUTTER,CLOSE_COMBAT,X_SCISSOR,75.8,63.7,78.5,33.5,cradily:750;vigoroth:700;lapras:671;furret:651;quagsire_shadow:558,cramorant:142;altaria:304;corsola_galarian:309;kingdra:309;dragonair_shadow:358
tyrunt,Tyrunt,78,126.6,107.8,129,1763,DRAGON_TAIL,ROCK_TOMB,STOMP,75.3,61.8,69,48.6,ninetales_shadow:689;charjabug:662;altaria:624;cramorant:550;jellicent:534,kingdra:309;dragonair_shadow:381;corsola_galarian:406;cradily:475;vigoroth:475
armaldo_shadow,Armaldo (Shadow),77.9,133.9,109.1,115,1680,FURY_CUTTER,ROCK_BLAST,LIQUIDATION,80.1,73.1,75,31.8,cradily:852;grumpig:734;vigoroth:634;furret:513;aurorus:504,cramorant:162;corsola_galarian:330;dragonair_shadow:358;altaria:420;kingdra:466
delphox,Delphox,77.9,132.6,115.6,110,1687,SCRATCH,PSYSHOCK,BLAST_BURN,76.5,72.9,78.6,39.1,jumpluff:895;annihilape_shadow:790;ninetales_shadow:695;kingdra:563;snorlax:550,dragonair_shadow:216;cramorant:242;corsola_galarian:338;cradily:361;altaria:365
toedscruel,Toedscruel,77.9,108.9,143.5,131,2047,MUD_SLAP,SEED_BOMB,EARTH_POWER,75.8,42,76.7,70.4,quagsire_shadow:759;vigoroth:637;kingdra:606;cradily:591;corsola_galarian:503,altaria:184;annihilape_shadow:239;cramorant:265;dragonair_shadow:279;jellicent:477
zangoose,Zangoose,77.9,144.7,87.7,122,1550,FURY_CUTTER,CLOSE_COMBAT,NIGHT_SLASH,82.4,63.7,68.3,41.2,corsola_galarian:811;cradily:790;snorlax:750;lapras:750;vigoroth:668,annihilape_shadow:132;cramorant:162;kingdra:233;altaria:289;dragonair_shadow:488
bayleef,Bayleef,77.8,105.5,141.5,142,2122,MAGICAL_LEAF,ANCIENT_POWER,ENERGY_BALL,70.6,40.7,80.6,68.4,quagsire_shadow:926;stunfisk:834;jellicent:669;lapras:524;corsola_galarian:514,dragonair_shadow:192;altaria:293;cradily:322;vigoroth:479;kingdra:491
charizard,Charizard,77.8,132.7,108.8,117,1691,EMBER,BLAST_BURN,AIR_CUTTER,79.9,61,79.7,53.1,jumpluff:910;fearow:739;grumpig:700;annihilape_shadow:576;snorlax:538,cramorant:123;altaria:246;kingdra:288;cradily:354;corsola_galarian:395
grimer_shadow,Grimer (Shadow),77.8,122.7,86.8,171,1824,POISON_JAB,SLUDGE,MUD_BOMB,67.4,60.3,79,46.5,jumpluff:891;ninetales_shadow:543;cradily:535;charjabug:532;furret:505,kingdra:300;cramorant:309;dragonair_shadow:322;corsola_galarian:330;altaria:478
vikavolt,Vikavolt,77.8,144.1,96.6,111,1547,VOLT_SWITCH,X_SCISSOR,FLY,81.1,78.4,77.4,38.4,cramorant:833;grumpig:725;fearow:711;medicham:576;kingdra:531,dragonair_shadow:177;cradily:381;corsola_galarian:384;altaria:423;vigoroth:468
electivire,Electivire,77.7,143.3,100.8,108,1562,THUNDER_SHOCK,ICE_PUNCH,WILD_CHARGE,80.9,62.9,85,30.7,jellicent:828;lapras:717;annihilape_shadow:625;cramorant:537;kingdra:527,cradily:267;corsola_galarian:269;altaria:478;vigoroth:482;dragonair_shadow:488
espathra,Espathra,77.7,131.7,89.9,143,1696,CONFUSION,PSYSHOCK,DAZZLING_GLEAM,72.7,80.1,77.8,45,annihilape_shadow:811;aurorus:716;medicham:674;ninetales_shadow:552;quagsire_shadow:503,kingdra:279;cramorant:281;cradily:378;corsola_galarian:402;altaria:416
golurk_shadow,Golurk (Shadow),77.7,133.3,98.5,128,1681,MUD_SLAP,SHADOW_PUNCH,DYNAMIC_PUNCH,73.8,59.8,65.3,42.2,cradily:902;vigoroth:703;stunfisk:671;jellicent:667;snorlax:621,cramorant:142;corsola_galarian:197;kingdra:283;altaria:286;dragonair_shadow:358
reshiram_shadow,Reshiram (Shadow),77.7,138.4,108.9,107,1614,DRAGON_BREATH,FUSION_FLARE,DRACO_METEOR,71.4,72.1,67.9,38.1,araquanid:799;ninetales_shadow:761;jumpluff:719;lapras:672;corsola_galarian:635,cramorant:333;kingdra:364;altaria:384;dragonair_shadow:417;cradily:496
drilbur_shadow,Drilbur (Shadow),77.6,139.4,81.5,142,1614,SCRATCH,DRILL_RUN,ROCK_TOMB,76.3,80.4,70.9,26.9,stunfisk:926;furret:679;altaria:672;lapras:672;annihilape_shadow:609,kingdra:233;cramorant:250;dragonair_shadow:287;corsola_galarian:302;cradily:361
garchomp_shadow,Garchomp (Shadow),77.6,132.4,101.4,126,1694,DRAGON_TAIL,TWISTER,SAND_TOMB,71.5,58.9,72.8,34.8,deoxys_defense:757;stunfisk:710;quagsire_shadow:583;altaria:579;jellicent:507,vigoroth:210;cramorant:281;kingdra:360;corsola_galarian:384;cradily:385
tyrunt_shadow,Tyrunt (Shadow),77.6,126.6,107.8,129,1763,DRAGON_TAIL,ROCK_TOMB,STOMP,76.1,69.6,66.1,38.9,vigoroth:658;snorlax:616;cradily:546;altaria:531;cramorant:511,quagsire_shadow:226;annihilape_shadow:282;kingdra:360;corsola_galarian:402;dragonair_shadow:452
hariyama_shadow,Hariyama (Shadow),77.5,125.6,76,186,1778,FORCE_PALM,UPPER_HAND,HEAVY_SLAM,70.2,46.2,75.7,54.9,aurorus:852;furret:819;cradily:771;vigoroth:728;quagsire_shadow:604,corsola_galarian:205;cramorant:226;kingdra:309;altaria:329;dragonair_shadow:405
barraskewda,Barraskewda,77.4,159.6,85.2,103,1403,PECK,AQUA_JET,CLOSE_COMBAT,75.3,75.1,82.5,22.6,cradily:728;lapras:674;aurorus:631;quagsire_shadow:616;annihilape_shadow:509,kingdra:194;cramorant:242;dragonair_shadow:251;altaria:351;corsola_galarian:384
galvantula_shadow,Galvantula (Shadow),77.4,138.2,96.4,122,1627,VOLT_SWITCH,DISCHARGE,LUNGE,71.9,70.4,77.9,39.6,jellicent:766;cramorant:750;fearow:688;deoxys_defense:643;medicham:602,dragonair_shadow:208;kingdra:322;corsola_galarian:420;altaria:434;cradily:458
pumpkaboo_small,Pumpkaboo (Small),77.4,115.1,116.8,119,1600,ASTONISH,GRASS_KNOT,FOUL_PLAY,74.2,50,73.2,57.2,stunfisk:785;jellicent:617;quagsire_shadow:571;corsola_galarian:504;kingdra:504,cramorant:253;altaria:355;dragonair_shadow:381;cradily:409;vigoroth:413
scolipede,Scolipede,77.4,131.7,120.3,107,1698,POISON_STING,AQUA_TAIL,MEGAHORN,80.2,62.9,76.4,39.1,grumpig:621;stunfisk:598;annihilape_shadow:570;kingdra:556;dragonair_shadow:518,cramorant:162;corsola_galarian:298;altaria:304;vigoroth:486;cradily:489
swadloon,Swadloon,77.4,106.7,146.2,135,2106,BUG_BITE,ENERGY_BALL,SILVER_WIND,75.2,44.2,77.9,71.2,jellicent:640;snorlax:640;vigoroth:629;quagsire_shadow:592;kingdra:566,altaria:199;cramorant:305;dragonair_shadow:366;corsola_galarian:374;cradily:395
kilowattrel,Kilowattrel,77.3,143.2,92.5,118,1563,THUNDER_SHOCK,ACROBATICS,AERIAL_ACE,71.9,68.4,80.1,34.6,araquanid:792;annihilape_shadow:783;fearow:783;cramorant:750;jumpluff:682,dragonair_shadow:110;kingdra:156;altaria:297;cradily:333;corsola_galarian:417
palossand,Palossand,77.3,116.5,123,134,1922,ASTONISH,SHADOW_BALL,EARTH_POWER,70.4,44.2,81.5,57.5,stunfisk:735;deoxys_defense:686;annihilape_shadow:578;altaria:563;cradily:514,kingdra:233;dragonair_shadow:334;corsola_galarian:359;cramorant:400;vigoroth:417
drifloon_shadow,Drifloon (Shadow),77.2,110.9,79.8,186,1647,HEX,SHADOW_BALL,ICY_WIND,72.9,54.6,74.2,48.3,vigoroth:658;altaria:559;corsola_galarian:556;jellicent:534;dragonair_shadow:524,quagsire_shadow:152;cramorant:170;annihilape_shadow:303;kingdra:355;cradily:493
gigalith,Gigalith,77.2,127.2,118.4,117,1763,LOCK_ON,SUPER_POWER,METEOR_BEAM,65.6,57.5,82.9,49.6,aurorus:773;araquanid:756;altaria:688;snorlax:568;cramorant:504,kingdra:88;dragonair_shadow:98;cradily:288;corsola_galarian:363;vigoroth:444
smoochum,Smoochum,77.2,141.1,89,120,1509,POWDER_SNOW,PSYSHOCK,ICE_PUNCH,77.1,68.9,82.3,32,jumpluff:870;cradily:745;altaria:745;annihilape_shadow:620;quagsire_shadow:575,kingdra:233;cramorant:242;corsola_galarian:356;dragonair_shadow:429;vigoroth:444
hippopotas,Hippopotas,77.1,115.1,111.7,152,1956,SAND_ATTACK,ROCK_TOMB,DIG,74.8,66,76,50.6,stunfisk:588;altaria:582;cradily:572;corsola_galarian:565;annihilape_shadow:539,kingdra:207;jellicent:375;vigoroth:403;cramorant:412;dragonair_shadow:476
suicune,Suicune,77.1,106.2,143,137,2083,ICE_FANG,BUBBLE_BEAM,SCALD,81.1,68.2,79.9,64.6,altaria:675;quagsire_shadow:671;vigoroth:631;cradily:576;dragonair_shadow:532,jellicent:282;annihilape_shadow:403;corsola_galarian:464;kingdra:478;cramorant:488
typhlosion,Typhlosion,77,132.7,108.8,117,1691,INCINERATE,BLAST_BURN,THUNDER_PUNCH,76.1,69,77.8,44.7,jumpluff:743;fearow:739;cramorant:662;snorlax:572;stunfisk:529,dragonair_shadow:169;kingdra:296;altaria:336;cradily:458;corsola_galarian:489
weezing,Weezing,77,117.5,140.2,116,1913,ROLLOUT,SLUDGE_BOMB,DARK_PULSE,76,68.5,79,50.1,ninetales_shadow:607;jumpluff:581;araquanid:551;jellicent:525;altaria:521,kingdra:355;vigoroth:365;corsola_galarian:377;cradily:399;dragonair_shadow:429
kabuto,Kabuto,76.9,134.4,129.4,96,1672,SCRATCH,AQUA_JET,ROCK_TOMB,70.9,64.8,75,37.9,fearow:838;lapras:755;aurorus:687;cramorant:536;altaria:515,dragonair_shadow:216;vigoroth:251;kingdra:258;corsola_galarian:284;cradily:291
nidoking_shadow,Nidoking (Shadow),76.9,129.4,105.2,127,1731,POISON_STING,AVALANCHE,EARTH_POWER,68.3,66.5,81.6,32.3,cradily:917;jumpluff:917;annihilape_shadow:799;altaria:759;stunfisk:547,kingdra:156;cramorant:162;dragonair_shadow:216;corsola_galarian:298;vigoroth:451
sandslash,Sandslash,76.9,120.4,123,125,1853,SAND_ATTACK,ROCK_TOMB,NIGHT_SLASH,70.9,69.2,73.7,50.6,charjabug:692;altaria:560;clodsire:560;toxapex:560;stunfisk:524,dragonair_shadow:216;kingdra:296;cramorant:412;cradily:475;corsola_galarian:478
kabuto_shadow,Kabuto (Shadow),76.8,134.4,129.4,96,1672,SCRATCH,AQUA_JET,ROCK_TOMB,71.7,72.5,74.6,24.9,lapras:755;aurorus:645;altaria:635;snorlax:609;vigoroth:583,annihilape_shadow:132;kingdra:258;dragonair_shadow:287;corsola_galarian:294;cradily:354
mewtwo_shadow,Mewtwo (Shadow),76.8,147.3,94.4,106,1475,PSYCHO_CUT,PSYSTRIKE,THUNDERBOLT,72.4,66.5,90.6,15.7,annihilape_shadow:688;vigoroth:617;fearow:617;cramorant:542;medicham:528,corsola_galarian:118;kingdra:194;dragonair_shadow:216;cradily:416;altaria:474
pancham,Pancham,76.8,123.3,99.3,149,1826,LOW_KICK,CRUNCH,BODY_SLAM,72.2,57.3,76,56.7,dunsparce:734;furret:667;aurorus:634;vigoroth:583;walrein:546,cramorant:123;altaria:260;dragonair_shadow:279;corsola_galarian:305;kingdra:466
golem_alolan_shadow,Golem (Alolan) (Shadow),76.7,125.1,122.2,117,1791,VOLT_SWITCH,WILD_CHARGE,ROCK_BLAST,80.4,57.9,74.1,39.9,lapras:739;altaria:688;corsola_galarian:653;vigoroth:641;cramorant:589,quagsire_shadow:139;dragonair_shadow:177;cradily:267;annihilape_shadow:342;kingdra:474
graveler_alolan_shadow,Graveler (Alolan) (Shadow),76.7,122.6,129.8,115,1831,VOLT_SWITCH,STONE_EDGE,ROCK_BLAST,80.7,62.5,64.9,43.7,cramorant:904;lapras:821;altaria:682;snorlax:656;vigoroth:643,dragonair_shadow:177;annihilape_shadow:342;cradily:378;kingdra:470;corsola_galarian:474
quilladin,Quilladin,76.7,114.9,130.2,130,1947,LOW_KICK,ENERGY_BALL,BODY_SLAM,72.5,60,78.5,63.3,lapras:826;quagsire_shadow:811;snorlax:600;furret:600;vigoroth:542,altaria:213;corsola_galarian:280;cramorant:285;cradily:402;kingdra:466
staravia_shadow,Staravia (Shadow),76.7,131.9,91.5,135,1631,WING_ATTACK,BRAVE_BIRD,FLY,60.4,48.2,79.9,30.5,corsola_galarian:848;araquanid:788;cradily:707;jumpluff:648;jellicent:603,kingdra:194;vigoroth:210;dragonair_shadow:251;cramorant:261;altaria:460
zapdos_galarian,Zapdos (Galarian),76.7,135.6,107.2,113,1645,LOW_KICK,FLY,CLOSE_COMBAT,63.2,54,82,40.7,cradily:783;quagsire_shadow:659;furret:592;araquanid:535;ninetales_shadow:535,cramorant:162;kingdra:216;dragonair_shadow:251;corsola_galarian:284;altaria:336
gabite_shadow,Gabite (Shadow),76.6,128.7,102.4,132,1741,MUD_SHOT,TWISTER,DIG,72,55.1,76.9,37.9,stunfisk:715;ninetales_shadow:693;annihilape_shadow:689;dusknoir_shadow:632;kingdra:587,cramorant:91;dragonair_shadow:145;cradily:298;corsola_galarian:330;altaria:369
bibarel,Bibarel,76.5,122.9,99.2,149,1819,TAKE_DOWN,SURF,HYPER_FANG,71.7,47.6,78.6,58.5,feraligatr:738;corsola_galarian:607;cramorant:516;lapras:516;araquanid:513,cradily:156;altaria:329;dragonair_shadow:358;vigoroth:417;kingdra:423
celebi,Celebi,76.5,120.4,119.3,129,1855,CONFUSION,AURA_SPHERE,LEAF_STORM,75.6,58.7,77.1,55.2,annihilape_shadow:841;quagsire_shadow:794;snorlax:643;kingdra:585;vigoroth:546,cramorant:261;corsola_galarian:276;altaria:315;dragonair_shadow:338;cradily:413
golurk,Golurk,76.5,133.3,98.5,128,1681,MUD_SLAP,SHADOW_PUNCH,DYNAMIC_PUNCH,71.1,57.5,67.9,48,grumpig:750;stunfisk:703;snorlax:640;deoxys_defense:621;vigoroth:570,cramorant:115;corsola_galarian:205;altaria:228;kingdra:233;cradily:475
hariyama,Hariyama,76.5,125.6,76,186,1778,FORCE_PALM,UPPER_HAND,HEAVY_SLAM,70.9,47.5,75.8,57.2,aurorus:846;cradily:803;furret:685;quagsire_shadow:645;vigoroth:551,corsola_galarian:194;cramorant:198;altaria:282;dragonair_shadow:334;kingdra:343
haunter_shadow,Haunter (Shadow),76.5,161.1,85.5,101,1392,SHADOW_CLAW,ICE_PUNCH,SHADOW_BALL,72,52.3,76.7,32.8,annihilape_shadow:876;cradily:816;altaria:599;cramorant:519;kingdra:519,snorlax:109;corsola_galarian:197;quagsire_shadow:251;dragonair_shadow:358;vigoroth:386
meganium_shadow,Meganium (Shadow),76.5,110.8,139,131,2018,VINE_WHIP,FRENZY_PLANT,EARTHQUAKE,67.3,38.1,79.9,52.4,quagsire_shadow:919;jellicent:812;lapras:683;kingdra:587;vigoroth:538,dragonair_shadow:161;altaria:188;annihilape_shadow:217;cradily:357;corsola_galarian:435
misdreavus_shadow,Misdreavus (Shadow),76.5,123,120.8,122,1814,ASTONISH,DARK_PULSE,SHADOW_SNEAK,70.7,51,76.7,54.9,annihilape_shadow:893;grumpig:713;medicham:627;deoxys_defense:622;araquanid:520,kingdra:283;altaria:293;cramorant:337;corsola_galarian:406;cradily:482
passimian,Passimian,76.5,128.6,99.1,136,1735,COUNTER,BRUTAL_SWING,SUPER_POWER,70.9,56.5,79.2,54.4,cradily:757;furret:650;aurorus:625;quagsire_shadow:606;vigoroth:522,cramorant:218;corsola_galarian:262;altaria:289;kingdra:300;dragonair_shadow:358
quaxwell,Quaxwell,76.5,125.4,103.5,138,1792,WING_ATTACK,AQUA_JET,AERIAL_ACE,73.5,69.3,77.4,50.1,annihilape_shadow:706;dunsparce:608;feraligatr:554;medicham:514;araquanid:510,altaria:239;cradily:267;corsola_galarian:305;cramorant:384;kingdra:389
centiskorch,Centiskorch,76.4,128.7,99.4,136,1740,EMBER,LUNGE,HEAT_WAVE,75,63.4,72.5,61.5,medicham:672;grumpig:650;annihilape_shadow:599;furret:536;stunfisk:536,cramorant:123;corsola_galarian:312;kingdra:322;altaria:351;cradily:354
coalossal,Coalossal,76.4,98.1,139.3,167,2285,FIRE_SPIN,ROCK_SLIDE,FLAME_CHARGE,71.7,41,75.8,72.5,jumpluff:781;ninetales_shadow:763;furret:625;grumpig:592;altaria:583,kingdra:80;dragonair_shadow:192;cramorant:202;cradily:354;corsola_galarian:449
skeledirge,Skeledirge,76.4,121.2,109.7,139,1849,INCINERATE,TORCH_SONG,SHADOW_BALL,69.4,52.3,75,58.5,jumpluff:784;snorlax:751;ninetales_shadow:733;corsola_galarian:593;vigoroth:553,kingdra:105;dragonair_shadow:157;cramorant:162;altaria:413;cradily:440
parasect,Parasect,76.3,124.1,118.2,123,1807,FURY_CUTTER,X_SCISSOR,CROSS_POISON,76.6,57.5,72.3,62.3,dragonair_shadow:764;cradily:703;stunfisk:686;snorlax:577;kingdra:565,annihilape_shadow:242;altaria:275;cramorant:281;corsola_galarian:302;vigoroth:375
quilladin_shadow,Quilladin (Shadow),76.3,114.9,130.2,130,1947,LOW_KICK,ENERGY_BALL,BODY_SLAM,72.7,62,77.1,52.6,lapras:826;quagsire_shadow:792;snorlax:615;kingdra:596;vigoroth:542,dragonair_shadow:240;altaria:275;corsola_galarian:287;cramorant:313;cradily:427
venomoth,Venomoth,76.3,127,107.5,129,1763,INFESTATION,POISON_FANG,SILVER_WIND,75.3,67,66.7,56.2,cradily:856;aurorus:740;furret:562;annihilape_shadow:558;vigoroth:515,kingdra:241;altaria:286;corsola_galarian:287;dragonair_shadow:287;cramorant:329
venomoth_shadow,Venomoth (Shadow),76.3,127,107.5,129,1763,INFESTATION,POISON_FANG,SILVER_WIND,68.4,58.5,68.3,46,deoxys_defense:918;cradily:856;aurorus:693;grumpig:589;medicham:558,cramorant:198;corsola_galarian:248;kingdra:275;altaria:326;dragonair_shadow:334
gothitelle,Gothitelle,76.2,115.3,140.9,119,1934,CONFUSION,ROCK_SLIDE,FUTURE_SIGHT,72.5,62.1,81.8,51.3,lapras:668;snorlax:613;medicham:609;altaria:554;cradily:546,corsola_galarian:197;kingdra:258;cramorant:289;dragonair_shadow:318;vigoroth:489
hitmonlee,Hitmonlee,76.2,141.8,118.9,94,1586,LOW_KICK,BLAZE_KICK,BRICK_BREAK,78.1,60.6,66.5,49.6,cradily:781;furret:781;vigoroth:675;snorlax:675;lapras:675,corsola_galarian:219;cramorant:297;dragonair_shadow:303;altaria:351;kingdra:432
machoke,Machoke,76.1,126.7,97.3,143,1766,KARATE_CHOP,CROSS_CHOP,RETURN,72.5,42.5,73.5,58.7,aurorus:828;cradily:769;furret:678;quagsire_shadow:636;vigoroth:573,corsola_galarian:190;altaria:217;cramorant:234;kingdra:372;dragonair_shadow:472
meowstic_female,Meowstic (Female),76.1,117.1,123.9,132,1917,CONFUSION,ENERGY_BALL,SHADOW_BALL,72.5,62.9,79.2,54.7,medicham:768;lapras:553;vigoroth:507;stunfisk:507;quagsire_shadow:503,corsola_galarian:197;kingdra:309;dragonair_shadow:318;cradily:444;altaria:496
staraptor_shadow,Staraptor (Shadow),76.1,140.3,90.8,125,1594,WING_ATTACK,FLY,CLOSE_COMBAT,58.7,49.5,79.4,30,araquanid:772;cradily:708;dusknoir_shadow:671;jumpluff:620;jellicent:552,kingdra:233;cramorant:242;dragonair_shadow:287;altaria:474;corsola_galarian:489
wailord_shadow,Wailord (Shadow),76.1,118.3,67.4,237,1892,ROLLOUT,SURF,HYPER_BEAM,66.9,51.5,77.2,43.2,talonflame:812;aurorus:744;dunsparce:635;lapras:599;araquanid:552,cramorant:253;cradily:295;corsola_galarian:302;kingdra:317;altaria:333
cryogonal,Cryogonal,76,115.8,137.9,121,1935,ICE_SHARD,TRIPLE_AXEL,NIGHT_SLASH,72.5,51.8,70.9,64.6,altaria:797;jumpluff:723;stunfisk:677;fearow:570;dragonair_shadow:524,kingdra:254;corsola_galarian:298;cramorant:380;vigoroth:468;cradily:496
drifloon,Drifloon,76,110.9,79.8,186,1647,HEX,SHADOW_BALL,ICY_WIND,75.3,48.5,75.8,51.1,vigoroth:669;jellicent:618;dragonair_shadow:575;annihilape_shadow:564;altaria:561,quagsire_shadow:133;cramorant:281;cradily:399;kingdra:432;corsola_galarian:453
gabite,Gabite,76,128.7,102.4,132,1741,MUD_SHOT,TWISTER,DIG,70.9,58.1,78.5,46.5,stunfisk:746;charjabug:700;ninetales_shadow:628;dragonair_shadow:587;cradily:560,cramorant:47;corsola_galarian:255;altaria:318;vigoroth:331;kingdra:491
lampent_shadow,Lampent (Shadow),76,132.5,99,129,1692,EMBER,HEAT_WAVE,ENERGY_BALL,73.2,62.6,79.4,31.5,jumpluff:918;annihilape_shadow:821;deoxys_defense:693;fearow:686;aurorus:662,cramorant:123;corsola_galarian:147;altaria:297;cradily:336;kingdra:364
suicune_shadow,Suicune (Shadow),76,107.1,139.9,136,2039,ICE_FANG,BUBBLE_BEAM,SCALD,78.8,65.1,76.5,62,altaria:757;quagsire_shadow:599;corsola_galarian:555;cramorant:540;dragonair_shadow:540,vigoroth:313;jellicent:371;annihilape_shadow:375;kingdra:385;cradily:416
fraxure,Fraxure,75.9,144.2,91.5,118,1558,DRAGON_TAIL,AQUA_TAIL,NIGHT_SLASH,78.9,70.3,68.3,38.1,ninetales_shadow:707;dusknoir_shadow:614;stunfisk:588;dunsparce:542;shelgon:538,cradily:309;corsola_galarian:374;altaria:394;cramorant:408;kingdra:491
salazzle,Salazzle,75.9,147,91.2,114,1529,INCINERATE,POISON_FANG,DRAGON_PULSE,74.5,62.5,65.3,40.4,jumpluff:907;vigoroth:732;fearow:688;altaria:666;ninetales_shadow:640,kingdra:105;dragonair_shadow:192;corsola_galarian:352;cramorant:432;cradily:493
typhlosion_hisuian,Typhlosion (Hisuian),75.8,139.6,106.8,108,1611,EMBER,SHADOW_BALL,WILD_CHARGE,65.1,56.2,86.9,28.7,fearow:703;medicham:662;cresselia:611;deoxys_defense:587;grumpig:560,kingdra:88;cramorant:123;corsola_galarian:323;altaria:326;cradily:343
graveler_alolan,Graveler (Alolan),75.7,121.4,130.9,116,1845,VOLT_SWITCH,STONE_EDGE,ROCK_BLAST,75.2,56.2,72.8,62.5,cramorant:918;altaria:788;vigoroth:672;furret:655;aurorus:581,dragonair_shadow:145;kingdra:237;annihilape_shadow:289;cradily:309;corsola_galarian:410
marshtomp_shadow,Marshtomp (Shadow),75.7,120.4,111.4,139,1865,MUD_SHOT,SURF,SLUDGE,71.1,66,77.8,45,dusknoir_shadow:672;stunfisk:654;medicham:633;dunsparce:607;aurorus:593,altaria:206;cradily:239;cramorant:301;corsola_galarian:330;kingdra:338
slowking,Slowking,75.7,113.4,120.9,144,1975,CONFUSION,SURF,BLIZZARD,74.2,59.3,77.4,59.7,aurorus:715;medicham:614;quagsire_shadow:611;vigoroth:545;annihilape_shadow:545,corsola_galarian:197;cradily:211;altaria:293;dragonair_shadow:318;kingdra:360
eelektrik,Eelektrik,75.6,122.3,110,136,1831,ACID,DISCHARGE,CRUNCH,71.5,65.9,77.2,55.2,cramorant:772;cresselia:625;araquanid:533;lapras:529;jellicent:522,dragonair_shadow:240;corsola_galarian:302;altaria:326;cradily:368;kingdra:385
swellow,Swellow,75.6,135.9,99.9,121,1645,WING_ATTACK,BRAVE_BIRD,AERIAL_ACE,59.2,44.2,81.3,36.1,dusknoir_shadow:719;corsola_galarian:677;jellicent:636;araquanid:632;jumpluff:504,kingdra:216;dragonair_shadow:216;cramorant:242;altaria:329;cradily:458
camerupt,Camerupt,75.5,133.5,100.5,125,1678,INCINERATE,EARTH_POWER,ROCK_TOMB,69.4,58.9,66.1,46.5,jumpluff:712;stunfisk:652;snorlax:568;ninetales_shadow:564;cradily:556,kingdra:122;dragonair_shadow:169;cramorant:178;corsola_galarian:446;altaria:481
roserade,Roserade,75.5,141.9,114.3,97,1574,POISON_STING,WEATHER_BALL_FIRE,LEAF_STORM,83.2,72.9,69.1,38.6,jellicent:809;annihilape_shadow:788;quagsire_shadow:690;vigoroth:685;snorlax:685,kingdra:228;cramorant:261;altaria:300;corsola_galarian:341;cradily:434
whiscash_shadow,Whiscash (Shadow),75.5,107.5,108.2,178,2074,MUD_SHOT,MUD_BOMB,SCALD,73.7,55.3,76.5,52.1,stunfisk:707;aurorus:662;deoxys_defense:561;annihilape_shadow:544;grumpig:536,cramorant:222;cradily:277;altaria:329;kingdra:377;corsola_galarian:456
golett_shadow,Golett (Shadow),75.4,119.3,89.9,141,1513,ASTONISH,SHADOW_PUNCH,BRICK_BREAK,73.2,66.7,58,46.3,annihilape_shadow:879;grumpig:698;charjabug:698;deoxys_defense:680;jellicent:673,kingdra:283;cramorant:289;corsola_galarian:356;altaria:413;cradily:454
gothorita,Gothorita,75.3,112.2,132.7,134,1997,CONFUSION,FUTURE_SIGHT,PSYCHIC,66.8,49,85.9,51.3,medicham:623;altaria:563;snorlax:555;annihilape_shadow:541;stunfisk:526,corsola_galarian:197;dragonair_shadow:299;kingdra:330;cramorant:384;cradily:465
scyther,Scyther,75.3,134.8,109.4,113,1668,FURY_CUTTER,NIGHT_SLASH,X_SCISSOR,76.3,63.9,70.7,48.8,deoxys_defense:915;cradily:783;grumpig:743;araquanid:548;snorlax:530,cramorant:162;altaria:282;dragonair_shadow:287;corsola_galarian:348;kingdra:474
grotle,Grotle,75.2,117.8,114.8,141,1908,BITE,BODY_SLAM,ENERGY_BALL,69.2,68.9,76.5,60.3,quagsire_shadow:812;stunfisk:712;feraligatr:648;deoxys_defense:574;jellicent:549,cradily:298;altaria:311;cramorant:384;corsola_galarian:406;kingdra:478
pinsir,Pinsir,75.2,139.6,112.6,102,1604,FURY_CUTTER,CLOSE_COMBAT,X_SCISSOR,71.9,59.5,73.7,37.1,cradily:779;lapras:779;grumpig:700;deoxys_defense:666;snorlax:549,altaria:286;dragonair_shadow:287;corsola_galarian:291;cramorant:309;kingdra:495
beedrill,Beedrill,75.1,127.1,106.5,130,1760,INFESTATION,X_SCISSOR,DRILL_RUN,72.7,58.2,70,47.3,cradily:857;grumpig:673;deoxys_defense:661;annihilape_shadow:561;araquanid:526,altaria:246;corsola_galarian:248;dragonair_shadow:263;cramorant:301;kingdra:457
bibarel_shadow,Bibarel (Shadow),75.1,122.9,99.2,149,1819,TAKE_DOWN,SURF,HYPER_FANG,71.4,48.2,74.1,59.7,feraligatr:677;dragonair_shadow:540;jellicent:533;corsola_galarian:520;lapras:516,cradily:197;altaria:322;vigoroth:365;cramorant:392;kingdra:444
corvisquire_shadow,Corvisquire (Shadow),75.1,118.1,104.7,153,1893,PECK,SKY_ATTACK,PAYBACK,67.9,46.7,79.5,43,jumpluff:735;furret:535;jellicent:532;snorlax:526;altaria:503,kingdra:258;cramorant:265;dragonair_shadow:287;cradily:375;corsola_galarian:420
grotle_shadow,Grotle (Shadow),75.1,117.8,114.8,141,1908,BITE,ENERGY_BALL,BODY_SLAM,69.4,76.8,72.7,48.6,grumpig:762;quagsire_shadow:755;stunfisk:716;jellicent:677;kingdra:578,dragonair_shadow:161;altaria:336;cradily:354;cramorant:369;corsola_galarian:388
axew_shadow,Axew (Shadow),75,138.6,96,121,1612,SCRATCH,AQUA_TAIL,DRAGON_CLAW,69.4,89.5,67.9,28.7,fearow:698;ninetales_shadow:652;grumpig:632;stunfisk:566;altaria:541,kingdra:233;dragonair_shadow:240;corsola_galarian:327;cramorant:361;cradily:385
camerupt_shadow,Camerupt (Shadow),75,133.5,100.5,125,1678,INCINERATE,EARTH_POWER,ROCK_TOMB,70.4,60.6,57.9,43.2,cradily:816;altaria:696;jumpluff:675;corsola_galarian:612;snorlax:508,kingdra:105;dragonair_shadow:204;cramorant:210;vigoroth:306;annihilape_shadow:417
machop_shadow,Machop (Shadow),75,127.7,81.5,157,1634,KARATE_CHOP,CROSS_CHOP,BRICK_BREAK,80.4,64.3,61.7,46.3,cradily:751;vigoroth:742;snorlax:710;lapras:710;dragonair_shadow:691,corsola_galarian:226;cramorant:285;annihilape_shadow:328;altaria:358;kingdra:411
thundurus_incarnate,Thundurus (Incarnate),75,148.1,95.5,107,1514,THUNDER_SHOCK,THUNDER_PUNCH,BRICK_BREAK,77.9,65.4,68.4,49.6,jellicent:831;annihilape_shadow:785;cramorant:747;lapras:742;aurorus:616,corsola_galarian:298;cradily:319;kingdra:334;altaria:344;dragonair_shadow:350
serperior_shadow,Serperior (Shadow),74.8,110.2,142.2,130,2038,VINE_WHIP,FRENZY_PLANT,LEAF_TORNADO,73.3,52.3,81.8,60.5,jellicent:861;lapras:826;quagsire_shadow:800;kingdra:611;vigoroth:561,altaria:188;dragonair_shadow:299;cramorant:353;cradily:354;corsola_galarian:464
whiscash,Whiscash,74.8,107.5,108.2,178,2074,MUD_SHOT,MUD_BOMB,SCALD,71.7,51.5,75.8,60.8,stunfisk:778;aurorus:660;snorlax:584;quagsire_shadow:581;deoxys_defense:525,cramorant:210;cradily:229;altaria:286;kingdra:305;corsola_galarian:392
beedrill_shadow,Beedrill (Shadow),74.7,127.1,106.5,130,1760,POISON_STING,X_SCISSOR,DRILL_RUN,73.2,67,72,37.4,toxapex:773;dragonair_shadow:719;grumpig:650;stunfisk:557;cresselia:523,corsola_galarian:251;altaria:307;cramorant:321;cradily:395;kingdra:415
gigalith_shadow,Gigalith (Shadow),74.7,127.2,118.4,117,1763,LOCK_ON,SUPER_POWER,METEOR_BEAM,60,55.3,79.5,30.2,vigoroth:824;aurorus:752;snorlax:739;furret:696;altaria:688,kingdra:88;cramorant:115;dragonair_shadow:145;corsola_galarian:413;cradily:444
scolipede_shadow,Scolipede (Shadow),74.7,131.7,120.3,107,1698,POISON_STING,AQUA_TAIL,X_SCISSOR,75.3,73.9,71.6,31.8,electrode_hisuian:827;dragonair_shadow:658;grumpig:574;cresselia:532;stunfisk:528,altaria:297;corsola_galarian:341;cramorant:349;cradily:406;kingdra:423
golem_alolan,Golem (Alolan),74.6,125.1,122.2,117,1791,VOLT_SWITCH,WILD_CHARGE,ROCK_BLAST,73.5,50.7,76.4,53.1,aurorus:722;vigoroth:666;cramorant:658;furret:649;altaria:508,dragonair_shadow:161;cradily:225;kingdra:402;corsola_galarian:413;annihilape_shadow:414
zebstrika_shadow,Zebstrika (Shadow),74.6,137.7,95.4,124,1630,LOW_KICK,WILD_CHARGE,DISCHARGE,70.6,56,78.6,28.4,lapras:754;araquanid:713;vigoroth:673;furret:673;grumpig:641,kingdra:233;dragonair_shadow:251;corsola_galarian:255;altaria:304;cradily:315
marshtomp,Marshtomp,74.5,119.8,111.5,140,1871,MUD_SHOT,SURF,SLUDGE,69.4,60.6,76.9,53.6,stunfisk:721;aurorus:610;charjabug:607;clodsire:603;medicham:592,altaria:184;cramorant:218;cradily:225;corsola_galarian:258;kingdra:338
purugly,Purugly,74.5,125.5,105.5,134,1775,SCRATCH,AERIAL_ACE,THUNDER,66.9,57.3,77.2,41.7,toxapex:772;feraligatr:623;corsola_galarian:593;lapras:541;walrein:533,cramorant:277;kingdra:296;altaria:297;dragonair_shadow:318;cradily:329
weezing_shadow,Weezing (Shadow),74.5,117.6,139.5,116,1905,ROLLOUT,SLUDGE_BOMB,DARK_PULSE,67.9,62.3,79.2,40.2,gourgeist_super:655;ninetales_shadow:599;jumpluff:573;charjabug:573;cresselia:521,kingdra:156;cramorant:253;corsola_galarian:381;altaria:420;cradily:475
leafeon,Leafeon,74.4,128.1,133.9,102,1750,QUICK_ATTACK,LEAF_BLADE,LAST_RESORT,67.9,56.5,72.1,52.6,quagsire_shadow:906;feraligatr:818;stunfisk:735;snorlax:514;medicham:509,cramorant:178;corsola_galarian:205;altaria:210;cradily:225;kingdra:423
sawk_shadow,Sawk (Shadow),74.4,140.3,97.3,117,1599,LOW_KICK,BRICK_BREAK,BODY_SLAM,72.9,57.9,69,36.6,furret:782;aurorus:756;cradily:739;vigoroth:653;snorlax:568,cramorant:182;corsola_galarian:244;kingdra:271;dragonair_shadow:322;altaria:347
grovyle,Grovyle,74.3,136.3,103.2,117,1647,QUICK_ATTACK,LEAF_BLADE,AERIAL_ACE,70.7,57.9,74.1,49.6,quagsire_shadow:918;feraligatr:803;stunfisk:739;dunsparce:632;marowak:542,cramorant:162;cradily:236;corsola_galarian:262;altaria:264;kingdra:457
huntail,Huntail,74.3,130.8,125.6,104,1709,BITE,AQUA_TAIL,CRUNCH,72,70.1,71.3,49.6,grumpig:706;dusknoir_shadow:677;dusclops:610;feraligatr:538;medicham:504,cradily:246;cramorant:301;altaria:344;kingdra:398;corsola_galarian:402
armaldo,Armaldo,74.2,133.9,109.1,115,1680,FURY_CUTTER,ROCK_BLAST,LIQUIDATION,73.7,67.6,71.8,38.1,deoxys_defense:804;grumpig:708;cresselia:582;ninetales_shadow:534;hypno:521,cramorant:162;corsola_galarian:327;altaria:380;cradily:413;kingdra:432
relicanth,Relicanth,74.2,105.1,133.6,152,2138,WATER_GUN,AQUA_TAIL,ANCIENT_POWER,71.4,52.9,73.4,60.5,fearow:631;aurorus:601;corsola_galarian:559;vigoroth:532;clodsire:532,cradily:267;kingdra:309;cramorant:337;dragonair_shadow:338;altaria:467
sandslash_shadow,Sandslash (Shadow),74.2,120.4,123,125,1853,SAND_ATTACK,ROCK_TOMB,NIGHT_SLASH,68.6,75.7,68.3,40.4,charjabug:668;dusknoir_shadow:660;deoxys_defense:628;hypno:620;altaria:512,cramorant:91;dragonair_shadow:216;cradily:319;kingdra:322;corsola_galarian:359
bewear_shadow,Bewear (Shadow),74.1,129.6,87.1,153,1729,LOW_KICK,SUPER_POWER,STOMP,75.8,60.3,79,46.3,cradily:800;vigoroth:732;lapras:669;snorlax:666;kingdra:503,annihilape_shadow:128;dragonair_shadow:287;altaria:293;corsola_galarian:327;cramorant:384
golduck,Golduck,74.1,124.1,112.1,129,1797,CONFUSION,CROSS_CHOP,LIQUIDATION,74.3,68.1,73.7,56.4,aurorus:775;annihilape_shadow:705;lapras:604;quagsire_shadow:542;clodsire:523,corsola_galarian:215;altaria:300;cradily:333;cramorant:357;kingdra:432
hitmontop,Hitmontop,74.1,121.2,149.8,102,1853,COUNTER,CLOSE_COMBAT,TRIPLE_AXEL,68.9,51.4,74.2,61.8,furret:651;aurorus:647;stunfisk:642;vigoroth:573;cradily:544,altaria:177;cramorant:178;kingdra:360;corsola_galarian:366;dragonair_shadow:374
meowstic,Meowstic (Male),74.1,117.1,123.9,132,1917,CONFUSION,ENERGY_BALL,THUNDERBOLT,71.1,60.6,77.2,52.1,medicham:609;lapras:560;vigoroth:507;stunfisk:507;quagsire_shadow:503,corsola_galarian:197;kingdra:309;cramorant:365;cradily:427;altaria:496
golduck_shadow,Golduck (Shadow),74,124.1,112.1,129,1797,CONFUSION,CROSS_CHOP,LIQUIDATION,75.3,71,69.1,46.5,clodsire:810;vigoroth:763;aurorus:717;annihilape_shadow:686;walrein:647,corsola_galarian:266;altaria:365;cramorant:373;cradily:392;kingdra:457
haxorus,Haxorus,74,151.4,95.1,103,1485,DRAGON_TAIL,NIGHT_SLASH,SURF,77.9,74.5,68.3,29.2,ninetales_shadow:655;marowak:655;kingdra:558;dusknoir_shadow:558;stunfisk:538,cradily:361;dragonair_shadow:377;corsola_galarian:381;altaria:384;cramorant:416
tangrowth,Tangrowth,74,120.7,112.7,136,1852,VINE_WHIP,POWER_WHIP,ROCK_SLIDE,64.2,42.1,76.5,50.3,stunfisk:823;jellicent:819;quagsire_shadow:797;lapras:691;kingdra:566,dragonair_shadow:161;annihilape_shadow:217;altaria:322;corsola_galarian:341;cradily:343
axew,Axew,73.9,138.6,96,121,1612,SCRATCH,AQUA_TAIL,DRAGON_CLAW,69.4,73.7,71.3,37.1,ninetales_shadow:723;grumpig:723;stunfisk:611;charjabug:557;feraligatr:537,dragonair_shadow:216;kingdra:233;corsola_galarian:291;cradily:309;cramorant:341
drilbur,Drilbur,73.9,139.4,81.5,142,1614,SCRATCH,DRILL_RUN,ROCK_TOMB,71.7,68.2,72.5,31.2,feraligatr:785;stunfisk:686;charjabug:683;dunsparce:577;kingdra:538,dragonair_shadow:216;cramorant:250;corsola_galarian:266;cradily:288;altaria:452
hippopotas_shadow,Hippopotas (Shadow),73.8,115.1,111.7,152,1956,SAND_ATTACK,ROCK_TOMB,DIG,67.6,48.2,69.3,44.2,stunfisk:769;charjabug:723;clodsire:562;fearow:536;altaria:519,kingdra:173;dragonair_shadow:251;cradily:427;corsola_galarian:431;cramorant:460
masquerain,Masquerain,73.8,129.5,109.1,122,1725,INFESTATION,AIR_CUTTER,LUNGE,68.9,46,68.6,46.5,cradily:799;grumpig:750;vigoroth:549;furret:520;annihilape_shadow:508,cramorant:170;corsola_galarian:255;dragonair_shadow:263;kingdra:275;altaria:293
staraptor,Staraptor,73.8,140.3,90.8,125,1594,WING_ATTACK,FLY,CLOSE_COMBAT,56.1,50.4,75,32.3,araquanid:804;dusknoir_shadow:720;jumpluff:696;rillaboom:548;feraligatr:520,cradily:184;kingdra:194;cramorant:222;altaria:387;corsola_galarian:399
vibrava,Vibrava,73.8,125.2,95.7,127,1523,DRAGON_BREATH,SAND_TOMB,BULLDOZE,69.9,62.1,61.6,54.4,stunfisk:736;charjabug:661;electrode_hisuian:633;quagsire_shadow:586;ninetales_shadow:570,kingdra:334;cramorant:345;corsola_galarian:352;altaria:402;dragonair_shadow:452
chatot,Chatot,73.7,139.6,78.4,147,1610,PECK,HEAT_WAVE,SKY_ATTACK,64.2,55.4,71.4,39.4,araquanid:806;dusknoir_shadow:724;jumpluff:680;jellicent:632;feraligatr:547,kingdra:258;cramorant:289;altaria:326;cradily:329;corsola_galarian:406
regice_shadow,Regice (Shadow),73.7,105.7,178.4,111,2095,LOCK_ON,BLIZZARD,THUNDER,59.2,36.4,88.9,26.4,jumpluff:693;stunfisk:662;kingdra:626;vigoroth:581;altaria:576,quagsire_shadow:65;annihilape_shadow:75;dragonair_shadow:94;corsola_galarian:291;cradily:475
sawsbuck,Sawsbuck,73.6,129.4,101.8,131,1727,TAKE_DOWN,WILD_CHARGE,TRAILBLAZE,70.2,50,67.6,58.2,stunfisk:767;cresselia:629;jellicent:599;corsola_galarian:561;quagsire_shadow:561,altaria:293;cradily:319;cramorant:337;dragonair_shadow:393;kingdra:495
machop,Machop,73.5,127.7,81.5,157,1634,KARATE_CHOP,CROSS_CHOP,BRICK_BREAK,74.3,54.6,63,59.2,vigoroth:767;dragonair_shadow:710;snorlax:710;furret:659;quagsire_shadow:617,corsola_galarian:194;cramorant:242;altaria:311;kingdra:338;cradily:468
talonflame_shadow,Talonflame (Shadow),73.5,121.4,112.6,135,1847,INCINERATE,FLAME_CHARGE,FLY,68.6,50.9,64,51.1,araquanid:877;jumpluff:811;snorlax:522;furret:514;vigoroth:507,kingdra:122;cramorant:194;altaria:438;corsola_galarian:456;cradily:496
thwackey,Thwackey,73.5,123.6,107.5,136,1809,SCRATCH,ENERGY_BALL,GRASS_KNOT,66.8,51.7,73.9,46.8,quagsire_shadow:790;lapras:687;kingdra:569;vigoroth:540;furret:540,cramorant:186;dragonair_shadow:240;altaria:264;corsola_galarian:302;cradily:309
bewear,Bewear,73.4,129.6,87.1,153,1729,LOW_KICK,SUPER_POWER,STOMP,75,50.7,75,55.4,cradily:833;vigoroth:735;snorlax:735;quagsire_shadow:663;kingdra:584,cramorant:162;annihilape_shadow:200;dragonair_shadow:251;altaria:268;corsola_galarian:305
drakloak,Drakloak,73.3,130.3,93.1,142,1724,DRAGON_TAIL,SHADOW_BALL,OUTRAGE,62.2,45.4,77.8,40.2,deoxys_defense:651;vigoroth:570;araquanid:559;ninetales_shadow:559;medicham:559,corsola_galarian:176;cramorant:226;altaria:293;kingdra:309;cradily:406
espeon,Espeon,73.3,148,105.6,97,1517,CONFUSION,PSYCHIC_FANGS,SHADOW_BALL,81.4,73.1,57.7,33.5,annihilape_shadow:773;vigoroth:685;cramorant:608;quagsire_shadow:572;stunfisk:541,corsola_galarian:176;kingdra:275;dragonair_shadow:338;cradily:409;altaria:460
weepinbell,Weepinbell,73.3,137.9,84.8,139,1627,ACID,POWER_WHIP,SEED_BOMB,68.9,62,69.3,40.9,feraligatr:780;quagsire_shadow:712;stunfisk:658;jellicent:654;dunsparce:575,cramorant:242;altaria:329;corsola_galarian:359;cradily:388;kingdra:483
tirtouga,Tirtouga,73.2,114.3,132.4,130,1970,BITE,SURF,ANCIENT_POWER,69.2,56.5,72.1,48.6,cramorant:630;fearow:588;araquanid:565;altaria:557;lapras:542,cradily:270;corsola_galarian:392;vigoroth:393;kingdra:394;dragonair_shadow:444
beartic,Beartic,73.1,135.4,94,130,1657,POWDER_SNOW,ICE_PUNCH,LIQUIDATION,72.9,54.6,74.6,40.2,jumpluff:880;altaria:765;fearow:726;stunfisk:676;dusknoir_shadow:650,cramorant:265;corsola_galarian:330;dragonair_shadow:393;kingdra:427;cradily:496
braixen_shadow,Braixen (Shadow),73.1,130.5,106.9,123,1718,EMBER,PSYSHOCK,FLAME_CHARGE,73.8,61.8,66.1,40.7,jumpluff:731;charjabug:691;annihilape_shadow:670;dusknoir_shadow:605;cresselia:577,cramorant:123;cradily:315;altaria:315;kingdra:317;corsola_galarian:341
purugly_shadow,Purugly (Shadow),73.1,125.5,105.5,134,1775,SCRATCH,AERIAL_ACE,THUNDER,61.9,60.3,73.2,38.6,jellicent:641;dunsparce:597;feraligatr:544;cresselia:526;corsola_galarian:518,cradily:184;kingdra:258;altaria:275;cramorant:277;dragonair_shadow:287
stufful,Stufful,73.1,124.8,92.1,156,1795,TAKE_DOWN,SUPER_POWER,STOMP,72.2,57,76.4,55.2,furret:615;feraligatr:602;aurorus:560;vigoroth:541;cradily:528,altaria:264;kingdra:330;cramorant:337;dragonair_shadow:358;corsola_galarian:442
rhyperior_shadow,Rhyperior (Shadow),73,126.7,104.5,134,1775,MUD_SLAP,DRILL_RUN,ROCK_WRECKER,65,39.5,67.2,34.8,vigoroth:664;corsola_galarian:626;snorlax:589;furret:574;stunfisk:559,cramorant:142;altaria:199;kingdra:283;dragonair_shadow:334;cradily:420
sandshrew,Sandshrew,73,118.4,113.4,127,1707,SCRATCH,SAND_TOMB,ROCK_TOMB,68.4,55.3,66.1,47,charjabug:692;cradily:547;stunfisk:507;altaria:503;ninetales_shadow:503,kingdra:173;dragonair_shadow:216;annihilape_shadow:350;corsola_galarian:381;vigoroth:489
alomomola,Alomomola,72.9,97.4,99.4,238,2306,WATERFALL,HYDRO_PUMP,BLIZZARD,57.9,36.8,87.5,58.2,talonflame:684;marowak:632;aurorus:602;ninetales_shadow:575;dusclops:563,kingdra:156;altaria:192;cramorant:222;cradily:274;corsola_galarian:327
ivysaur,Ivysaur,72.8,118.7,121,131,1883,VINE_WHIP,POWER_WHIP,SLUDGE_BOMB,63.3,40.9,78.3,45.2,quagsire_shadow:755;jellicent:606;annihilape_shadow:583;kingdra:572;cradily:511,dragonair_shadow:177;altaria:275;corsola_galarian:363;vigoroth:482;cramorant:484
pidgeotto,Pidgeotto,72.8,110.9,100.8,147,1644,WING_ATTACK,AIR_CUTTER,TWISTER,67.4,61.8,71.1,50.6,araquanid:619;jumpluff:561;marowak:544;corsola_galarian:520;dusknoir_shadow:506,dragonair_shadow:200;cradily:253;cramorant:329;altaria:351;kingdra:478
tauros_aqua,Tauros (Aqua),72.8,127.8,120.6,114,1759,DOUBLE_KICK,AQUA_JET,TRAILBLAZE,66.8,47.8,68.1,53.4,aurorus:859;quagsire_shadow:653;furret:622;lapras:543;vigoroth:517,corsola_galarian:215;altaria:224;cramorant:285;cradily:440;kingdra:440
tauros_combat,Tauros (Combat),72.8,127.8,120.6,114,1759,DOUBLE_KICK,CLOSE_COMBAT,TRAILBLAZE,59.6,36.7,77.1,47.8,cradily:785;quagsire_shadow:640;furret:609;aurorus:557;ninetales_shadow:539,cramorant:142;kingdra:211;dragonair_shadow:251;altaria:271;corsola_galarian:345
bayleef_shadow,Bayleef (Shadow),72.7,105.5,141.5,142,2122,MAGICAL_LEAF,ANCIENT_POWER,ENERGY_BALL,66.6,35.3,74.2,58,quagsire_shadow:940;jellicent:630;kingdra:591;furret:573;vigoroth:545,dragonair_shadow:196;annihilape_shadow:260;altaria:293;cradily:347;corsola_galarian:482
bergmite,Bergmite,72.7,110.9,113.4,135,1699,BITE,ICY_WIND,CRUNCH,69.2,62.6,69.7,45.5,jumpluff:666;cresselia:625;stunfisk:607;fearow:585;dragonair_shadow:518,cramorant:357;corsola_galarian:392;kingdra:423;altaria:442;cradily:482
floragato,Floragato,72.6,124.4,110.5,131,1803,LEAFAGE,ENERGY_BALL,PLAY_ROUGH,64,37.8,73.7,50.6,quagsire_shadow:919;stunfisk:797;jellicent:698;lapras:679;kingdra:580,altaria:90;dragonair_shadow:161;cramorant:222;cradily:347;corsola_galarian:363
golett,Golett,72.6,119.3,89.9,141,1513,ASTONISH,SHADOW_PUNCH,BRICK_BREAK,70.6,61.2,61.2,52.6,deoxys_defense:925;grumpig:773;jellicent:723;medicham:602;corsola_galarian:514,kingdra:233;cramorant:242;dragonair_shadow:287;cradily:343;altaria:358
karrablast_shadow,Karrablast (Shadow),72.6,127.7,85.7,127,1390,FURY_CUTTER,DRILL_RUN,X_SCISSOR,71.7,65.7,70.2,27.9,deoxys_defense:838;cradily:759;vigoroth:681;grumpig:681;quagsire_shadow:570,cramorant:154;kingdra:233;dragonair_shadow:287;altaria:293;corsola_galarian:345
mienshao,Mienshao,72.6,158.9,84.8,105,1415,FORCE_PALM,BRUTAL_SWING,BLAZE_KICK,68.8,60.3,58.6,38.9,aurorus:795;cradily:757;furret:757;vigoroth:614;lapras:595,cramorant:218;corsola_galarian:320;kingdra:334;altaria:344;dragonair_shadow:429
moltres_shadow,Moltres (Shadow),72.6,139.9,102,112,1599,WING_ATTACK,FLY,HEAT_WAVE,58.1,46.4,73.5,29.2,araquanid:852;jumpluff:772;marowak:620;ninetales_shadow:584;medicham:549,kingdra:233;cramorant:261;cradily:399;corsola_galarian:471;altaria:471
pidgeotto_shadow,Pidgeotto (Shadow),72.6,110.9,100.8,147,1644,WING_ATTACK,AIR_CUTTER,TWISTER,64.3,67.5,70.9,46,jellicent:639;dusclops:571;araquanid:544;medicham:527;jumpluff:506,kingdra:216;cradily:274;corsola_galarian:345;cramorant:408;altaria:409
electabuzz,Electabuzz,72.5,130.8,113.2,115,1704,THUNDER_SHOCK,THUNDER_PUNCH,RETURN,65.5,43.2,73.4,45.8,fearow:839;feraligatr:800;cramorant:760;cresselia:560;ninetales_shadow:539,cradily:163;dragonair_shadow:271;corsola_galarian:280;altaria:282;kingdra:377
polteageist,Polteageist,72.5,142.8,115.6,95,1569,HEX,SHADOW_BALL,DARK_PULSE,62.5,64.5,77.6,27.7,cresselia:805;deoxys_defense:684;jellicent:663;grumpig:663;medicham:626,kingdra:182;corsola_galarian:205;cradily:357;altaria:420;cramorant:444
seviper,Seviper,72.5,137.5,90,131,1623,POISON_JAB,POISON_FANG,WRAP,67.4,67.1,60,53.1,jumpluff:904;rillaboom:603;cradily:526;charjabug:519;ninetales_shadow:511,kingdra:292;corsola_galarian:309;cramorant:329;dragonair_shadow:346;altaria:416
torterra,Torterra,72.5,119.9,117,133,1867,MUD_SLAP,FRENZY_PLANT,SAND_TOMB,67.4,39.2,69.5,55.4,snorlax:624;jellicent:605;cradily:560;quagsire_shadow:537;vigoroth:511,cramorant:115;altaria:166;dragonair_shadow:263;kingdra:309;corsola_galarian:489
vaporeon,Vaporeon,72.5,118.4,96.9,165,1894,WATER_GUN,AQUA_TAIL,LAST_RESORT,70.2,52.3,71.8,49.6,aurorus:757;quagsire_shadow:554;vigoroth:548;stunfisk:542;annihilape_shadow:506,kingdra:122;cradily:277;cramorant:341;corsola_galarian:356;altaria:416
sawk,Sawk,72.4,140.3,97.3,117,1599,LOW_KICK,BRICK_BREAK,BODY_SLAM,73.8,54,64.4,48.3,cradily:782;vigoroth:739;snorlax:653;lapras:653;kingdra:559,corsola_galarian:215;altaria:278;dragonair_shadow:287;annihilape_shadow:325;cramorant:357
vanillish,Vanillish,72.4,123.6,120.5,122,1818,ASTONISH,ICY_WIND,SIGNAL_BEAM,71.4,51.5,62.5,45,jumpluff:688;jellicent:610;kingdra:606;altaria:557;stunfisk:520,cramorant:257;dragonair_shadow:307;vigoroth:317;cradily:375;corsola_galarian:456
vibrava_shadow,Vibrava (Shadow),72.4,125.2,95.7,127,1523,DRAGON_BREATH,SAND_TOMB,BULLDOZE,70.7,59.8,57,36.3,stunfisk:696;grumpig:633;charjabug:629;corsola_galarian:618;quagsire_shadow:539,cramorant:250;cradily:399;kingdra:411;dragonair_shadow:452;altaria:471
electabuzz_shadow,Electabuzz (Shadow),72.3,132.1,112.5,114,1696,THUNDER_SHOCK,THUNDER_PUNCH,THUNDERBOLT,72.9,52,69.8,31,jellicent:842;cramorant:758;araquanid:719;lapras:706;annihilape_shadow:644,cradily:250;dragonair_shadow:342;altaria:355;corsola_galarian:356;kingdra:406
emboar_shadow,Emboar (Shadow),72.3,137.8,80.4,147,1631,EMBER,BLAST_BURN,ROCK_SLIDE,66,62,81.1,19.3,aurorus:673;jumpluff:666;lapras:622;corsola_galarian:615;furret:540,kingdra:80;dragonair_shadow:145;cradily:309;vigoroth:420;altaria:442
magmortar_shadow,Magmortar (Shadow),72.3,140.8,104.5,108,1589,KARATE_CHOP,FIRE_PUNCH,THUNDERBOLT,72.7,69.8,64.4,21.3,aurorus:828;lapras:689;fearow:662;walrein:601;ninetales_shadow:592,cramorant:281;kingdra:300;corsola_galarian:316;altaria:373;cradily:434
manectric,Manectric,72.3,142.4,91.3,121,1574,THUNDER_FANG,PSYCHIC_FANGS,WILD_CHARGE,71.2,66.2,67.9,51.9,fearow:809;araquanid:698;cramorant:685;jumpluff:557;jellicent:508,dragonair_shadow:240;cradily:263;kingdra:279;corsola_galarian:402;altaria:405
frosmoth,Frosmoth,72.2,141.5,101,111,1587,POWDER_SNOW,ICY_WIND,BUG_BUZZ,65.5,47.9,72.1,36.8,cradily:752;jumpluff:734;altaria:725;stunfisk:666;snorlax:504,vigoroth:210;cramorant:242;kingdra:258;corsola_galarian:384;dragonair_shadow:429
grovyle_shadow,Grovyle (Shadow),72.1,136.3,103.2,117,1647,BULLET_SEED,LEAF_BLADE,AERIAL_ACE,71.2,53.7,72.7,30,quagsire_shadow:893;jellicent:816;lapras:764;annihilape_shadow:649;aurorus:611,altaria:217;cradily:309;corsola_galarian:316;kingdra:427;cramorant:440
lampent,Lampent,72,132.5,99,129,1692,EMBER,HEAT_WAVE,ENERGY_BALL,70.2,60.3,75.1,37.9,annihilape_shadow:860;charjabug:744;deoxys_defense:616;medicham:558;jumpluff:554,cramorant:123;altaria:228;cradily:284;corsola_galarian:294;kingdra:317
slowking_shadow,Slowking (Shadow),72,113.4,120.9,144,1975,CONFUSION,SURF,BLIZZARD,72,62.3,67.4,55.7,annihilape_shadow:826;cramorant:545;snorlax:517;quagsire_shadow:513;vigoroth:510,corsola_galarian:241;cradily:243;dragonair_shadow:377;kingdra:419;altaria:427
tangrowth_shadow,Tangrowth (Shadow),72,120.7,112.7,136,1852,VINE_WHIP,POWER_WHIP,ROCK_SLIDE,60.9,39.2,72.8,38.9,quagsire_shadow:753;jellicent:661;lapras:580;furret:518;vigoroth:511,cramorant:222;kingdra:237;cradily:336;altaria:362;corsola_galarian:417
eldegoss,Eldegoss,71.9,108.4,160.4,119,2070,BULLET_SEED,ENERGY_BALL,GRASS_KNOT,65.1,40,73.5,62.8,quagsire_shadow:815;feraligatr:697;stunfisk:693;jellicent:630;grumpig:542,altaria:134;cradily:256;cramorant:396;kingdra:427;corsola_galarian:446
magmar_shadow,Magmar (Shadow),71.9,135.1,107.6,114,1659,EMBER,FIRE_PUNCH,SCORCHING_SANDS,72.5,57.8,68.1,27.4,charjabug:750;ninetales_shadow:679;aurorus:671;annihilape_shadow:644;dusknoir_shadow:644,kingdra:80;cramorant:123;altaria:250;cradily:319;corsola_galarian:359
sneasler,Sneasler,71.9,145.4,94.7,112,1543,SHADOW_CLAW,CLOSE_COMBAT,X_SCISSOR,61.7,46,75.8,31,cradily:848;electrode_hisuian:772;dusknoir_shadow:593;furret:580;dunsparce:540,kingdra:194;cramorant:202;dragonair_shadow:251;altaria:271;corsola_galarian:370
exeggutor_shadow,Exeggutor (Shadow),71.8,136.1,92.5,131,1650,CONFUSION,SEED_BOMB,PSYCHIC,68.3,56.8,70.7,44.7,annihilape_shadow:820;stunfisk:709;lapras:618;snorlax:553;medicham:538,corsola_galarian:190;kingdra:275;cramorant:341;altaria:376;cradily:423
anorith_shadow,Anorith (Shadow),71.7,145.4,92,115,1540,SCRATCH,AQUA_JET,ANCIENT_POWER,66.9,80.1,71.4,20.1,lapras:708;marowak:656;altaria:613;fearow:604;talonflame:560,cramorant:242;kingdra:258;corsola_galarian:276;dragonair_shadow:287;cradily:336
gumshoos,Gumshoos,71.6,134.2,84.9,147,1677,TAKE_DOWN,ROCK_TOMB,CRUNCH,69.2,51.4,71.8,52.4,cresselia:629;feraligatr:625;dunsparce:605;corsola_galarian:520;araquanid:510,kingdra:360;cramorant:365;altaria:365;cradily:368;dragonair_shadow:381
mesprit,Mesprit,71.6,123.5,128,114,1804,CONFUSION,SWIFT,FUTURE_SIGHT,71.1,64.8,72.8,53.1,annihilape_shadow:820;lapras:635;medicham:565;altaria:513;fearow:504,corsola_galarian:258;kingdra:279;cradily:298;dragonair_shadow:338;cramorant:408
gothorita_shadow,Gothorita (Shadow),71.3,112.2,132.7,134,1997,CONFUSION,FUTURE_SIGHT,PSYCHIC,64.2,48.4,79.5,52.9,annihilape_shadow:847;medicham:589;clodsire:526;lapras:514;stunfisk:514,corsola_galarian:241;altaria:264;cramorant:281;kingdra:300;cradily:336
gothitelle_shadow,Gothitelle (Shadow),71.2,115.3,140.9,119,1934,CONFUSION,ROCK_SLIDE,FUTURE_SIGHT,66,57,74.8,50.8,annihilape_shadow:827;toxapex:760;jumpluff:613;medicham:558;lapras:512,corsola_galarian:241;altaria:264;kingdra:300;cramorant:301;cradily:413
jynx,Jynx,71.2,141.2,102.2,110,1588,CONFUSION,AVALANCHE,PSYSHOCK,64,64,72.1,31.2,clodsire:831;annihilape_shadow:672;aurorus:645;walrein:622;stunfisk:527,corsola_galarian:201;kingdra:300;cramorant:361;cradily:406;altaria:449
larvesta,Larvesta,71.2,130.8,99.7,131,1710,EMBER,FLAME_WHEEL,BUG_BUZZ,65.6,53.9,71.1,41.9,deoxys_defense:858;charjabug:748;medicham:583;grumpig:572;annihilape_shadow:545,kingdra:88;cramorant:123;altaria:221;corsola_galarian:327;cradily:454
sneasler_shadow,Sneasler (Shadow),71.1,145.4,94.7,112,1543,SHADOW_CLAW,CLOSE_COMBAT,X_SCISSOR,60,41.7,75,29,cradily:799;electrode_hisuian:772;annihilape_shadow:705;shelgon:638;dusknoir_shadow:513,cramorant:218;kingdra:233;dragonair_shadow:287;altaria:333;corsola_galarian:449
tirtouga_shadow,Tirtouga (Shadow),71.1,114.3,132.4,130,1970,BITE,SURF,ANCIENT_POWER,61.2,56.5,71.8,40.2,talonflame:888;grumpig:730;aurorus:707;cramorant:584;lapras:503,dragonair_shadow:169;kingdra:199;cradily:336;corsola_galarian:370;altaria:423
zebstrika,Zebstrika,71.1,137.7,95.4,124,1630,LOW_KICK,WILD_CHARGE,FLAME_CHARGE,54.1,46.2,78.8,27.2,toxapex:802;aurorus:689;charjabug:532;electrode_hisuian:524;jellicent:504,cramorant:130;kingdra:216;altaria:221;corsola_galarian:226;cradily:319
bouffalant,Bouffalant,71,118.8,115.8,137,1888,MUD_SHOT,STOMP,MEGAHORN,66.1,59.2,71.6,44.7,electrode_hisuian:835;lapras:540;charjabug:529;hypno:518;dusclops:510,altaria:177;cramorant:214;kingdra:389;corsola_galarian:399;cradily:458
emboar,Emboar,71,137.8,80.4,147,1631,EMBER,BLAST_BURN,ROCK_SLIDE,65.3,56.5,79.2,29.5,ninetales_shadow:704;jumpluff:700;aurorus:683;furret:615;grumpig:547,cramorant:123;kingdra:313;altaria:347;cradily:385;corsola_galarian:406
watchog_shadow,Watchog (Shadow),71,125.1,114,125,1785,LOW_KICK,CRUNCH,HYPER_FANG,58.9,48.1,73.9,31.8,aurorus:748;dusknoir_shadow:724;dunsparce:608;corsola_galarian:588;feraligatr:580,cramorant:194;kingdra:216;dragonair_shadow:251;altaria:358;cradily:409
alakazam_shadow,Alakazam (Shadow),70.9,155.8,101.4,91,1439,PSYCHO_CUT,FIRE_PUNCH,SHADOW_BALL,72.5,67.8,69.8,16,deoxys_defense:829;grumpig:774;annihilape_shadow:675;jellicent:598;cramorant:532,corsola_galarian:118;dragonair_shadow:251;kingdra:292;cradily:336;altaria:442
arcanine,Arcanine,70.9,132,102.5,125,1693,BITE,WILD_CHARGE,PSYCHIC_FANGS,77.9,66,58.6,43.2,jellicent:852;lapras:836;annihilape_shadow:675;kingdra:596;jumpluff:560,cramorant:277;corsola_galarian:323;dragonair_shadow:326;cradily:347;altaria:413
exeggutor_alolan,Exeggutor (Alolan),70.9,134.4,94.8,131,1670,DRAGON_TAIL,SEED_BOMB,DRACO_METEOR,67.4,52.6,68.6,44.2,stunfisk:767;corsola_galarian:652;feraligatr:645;dusknoir_shadow:595;quagsire_shadow:530,cradily:298;kingdra:309;altaria:347;dragonair_shadow:405;cramorant:416
carkol,Carkol,70.8,97,141.5,168,2308,SMACK_DOWN,ROCK_SLIDE,FLAME_CHARGE,67.3,39.2,71.3,65.9,altaria:708;jumpluff:645;ninetales_shadow:604;araquanid:538;furret:526,kingdra:182;dragonair_shadow:287;cradily:305;cramorant:440;corsola_galarian:446
loudred,Loudred,70.8,125.2,80.6,178,1798,BITE,DISARMING_VOICE,STOMP,64,61.5,70.2,48.3,jellicent:685;corsola_galarian:648;dusclops:623;feraligatr:601;altaria:508,dragonair_shadow:161;cramorant:178;cradily:267;vigoroth:348;kingdra:495
magmar,Magmar,70.8,135.1,107.6,114,1659,KARATE_CHOP,FIRE_PUNCH,SCORCHING_SANDS,68.6,60.3,66.9,36.8,electrode_hisuian:837;aurorus:701;ninetales_shadow:692;walrein:609;jumpluff:530,altaria:188;corsola_galarian:237;cramorant:242;kingdra:258;cradily:361
combusken_shadow,Combusken (Shadow),70.7,130.3,100.8,131,1723,EMBER,ROCK_SLIDE,FLAME_CHARGE,65,57.8,69.3,35.3,jumpluff:709;charjabug:709;aurorus:706;ninetales_shadow:675;dusknoir_shadow:606,dragonair_shadow:157;corsola_galarian:312;kingdra:343;cradily:368;altaria:427
geodude_alolan_shadow,Geodude (Alolan) (Shadow),70.7,123.5,123.5,113,1724,VOLT_SWITCH,ROCK_TOMB,ROCK_SLIDE,69.1,46.4,67.4,36.3,cramorant:902;altaria:716;aurorus:685;vigoroth:663;furret:610,dragonair_shadow:177;kingdra:279;cradily:322;annihilape_shadow:342;corsola_galarian:413
litleo,Litleo,70.7,121.5,105.7,144,1852,INCINERATE,FLAME_CHARGE,CRUNCH,65.8,49.2,67.2,55.4,dusknoir_shadow:857;jumpluff:788;charjabug:625;furret:604;corsola_galarian:565,kingdra:105;dragonair_shadow:157;cramorant:202;cradily:350;altaria:474
braixen,Braixen,70.6,130.5,106.9,123,1718,EMBER,PSYSHOCK,FLAME_CHARGE,67.8,55.4,65.3,47,charjabug:752;annihilape_shadow:707;cresselia:658;jumpluff:556;ninetales_shadow:512,cramorant:123;cradily:260;kingdra:279;corsola_galarian:312;altaria:394
rhyperior,Rhyperior,70.6,126.7,104.5,134,1775,MUD_SLAP,DRILL_RUN,ROCK_WRECKER,61,37.3,66.5,38.1,clodsire:906;charjabug:675;hypno:645;stunfisk:619;snorlax:582,cramorant:115;altaria:155;kingdra:233;cradily:350;corsola_galarian:471
charmeleon_shadow,Charmeleon (Shadow),70.5,126.6,109.4,128,1774,EMBER,FIRE_PUNCH,FLAMETHROWER,67.8,52.5,64,37.6,jumpluff:910;charjabug:777;dusknoir_shadow:644;walrein:640;cresselia:582,kingdra:88;altaria:264;cramorant:265;cradily:364;corsola_galarian:381
growlithe_hisuian,Growlithe (Hisuian),70.5,131.9,89.9,142,1684,EMBER,ROCK_SLIDE,FLAMETHROWER,68.8,49.2,72,37.1,ninetales_shadow:834;fearow:820;cramorant:778;jumpluff:679;altaria:528,dragonair_shadow:110;cradily:312;corsola_galarian:316;kingdra:347;vigoroth:389
moltres,Moltres,70.5,136.7,103.6,115,1631,WING_ATTACK,FLY,HEAT_WAVE,57.3,52.8,73.5,37.1,jumpluff:891;araquanid:891;ninetales_shadow:682;cresselia:630;medicham:604,kingdra:216;cramorant:218;cradily:340;corsola_galarian:381;altaria:384
oddish_shadow,Oddish (Shadow),70.5,122.6,106.7,120,1571,ACID,SEED_BOMB,MOONBLAST,65.5,58.5,67.7,31.8,altaria:695;quagsire_shadow:675;stunfisk:566;charjabug:533;feraligatr:516,kingdra:233;dragonair_shadow:318;cradily:322;corsola_galarian:334;cramorant:452
pawmo,Pawmo,70.5,136.1,81.5,142,1576,THUNDER_SHOCK,WILD_CHARGE,THUNDER_PUNCH,71.5,42.9,73.2,33.8,jellicent:827;cramorant:697;annihilape_shadow:644;lapras:644;kingdra:538,cradily:166;dragonair_shadow:279;altaria:286;corsola_galarian:287;vigoroth:465
landorus_incarnate_shadow,Landorus (Incarnate) (Shadow),70.4,140.2,100.8,113,1599,MUD_SHOT,EARTH_POWER,ROCK_SLIDE,61.9,49.8,77.4,24.9,clodsire:849;charjabug:774;stunfisk:716;fearow:641;cramorant:610,kingdra:156;dragonair_shadow:181;corsola_galarian:327;cradily:364;altaria:405
stufful_shadow,Stufful (Shadow),70.4,124.8,92.1,156,1795,TAKE_DOWN,SUPER_POWER,STOMP,68.9,58.7,67.6,53.6,lickilicky:669;dunsparce:628;stunfisk:605;toxapex:589;feraligatr:557,cradily:197;altaria:322;corsola_galarian:363;kingdra:389;cramorant:392
beautifly,Beautifly,70.3,144.7,83.9,127,1543,INFESTATION,AIR_CUTTER,SILVER_WIND,60.9,54.5,68.3,31.8,deoxys_defense:901;cresselia:807;cradily:759;grumpig:665;medicham:539,cramorant:170;kingdra:233;corsola_galarian:298;altaria:311;dragonair_shadow:311
watchog,Watchog,70.3,125.1,114,125,1785,LOW_KICK,CRUNCH,HYPER_FANG,63.7,51.8,73,36.6,furret:688;corsola_galarian:624;ninetales_shadow:592;aurorus:588;vigoroth:512,kingdra:173;dragonair_shadow:216;altaria:322;cradily:399;cramorant:404
ambipom_shadow,Ambipom (Shadow),70.2,133.8,100.5,124,1670,SCRATCH,AERIAL_ACE,LOW_SWEEP,65.5,67,63.5,32.5,dusknoir_shadow:681;talonflame:625;noctowl:596;pidgeot_shadow:572;spidops:556,kingdra:233;cradily:312;cramorant:321;corsola_galarian:406;altaria:416
cinderace,Cinderace,70.2,139,99.4,117,1617,FIRE_SPIN,BLAST_BURN,PYRO_BALL,58.4,33.4,70.9,37.9,jumpluff:893;aurorus:662;cresselia:641;walrein:641;corsola_galarian:611,kingdra:105;dragonair_shadow:192;cramorant:198;altaria:271;cradily:388
darumaka_galarian,Darumaka (Galarian),70.2,131.9,82.3,157,1706,ICE_FANG,ICE_PUNCH,ICE_BEAM,65.8,43.7,70,56.2,jumpluff:869;altaria:815;fearow:767;dragonair_shadow:726;stunfisk:630,vigoroth:279;corsola_galarian:284;kingdra:300;cramorant:333;cradily:413
mienfoo,Mienfoo,70.2,142.7,93.2,118,1571,LOW_KICK,BRICK_BREAK,HIGH_JUMP_KICK,69.1,45.6,64.9,38.6,cradily:783;furret:771;vigoroth:741;snorlax:656;lapras:656,altaria:217;corsola_galarian:226;kingdra:241;cramorant:273;dragonair_shadow:295
porygon,Porygon,70.2,120,115.4,135,1870,QUICK_ATTACK,DISCHARGE,HYPER_BEAM,62,53.2,80.4,42.7,cramorant:733;stunfisk:674;feraligatr:644;lapras:570;snorlax:507,dragonair_shadow:200;cradily:208;altaria:297;kingdra:351;corsola_galarian:453
regieleki,Regieleki,70.2,149.8,82.5,119,1472,VOLT_SWITCH,THUNDER_CAGE,HYPER_BEAM,73.7,45.9,59.5,36.6,cramorant:848;jellicent:760;lapras:743;vigoroth:659;annihilape_shadow:575,dragonair_shadow:177;kingdra:237;cradily:284;corsola_galarian:442;altaria:496
rotom,Rotom,70.2,132.4,120.4,106,1691,ASTONISH,THUNDERBOLT,OMINOUS_WIND,66.5,40.3,68.8,50.8,annihilape_shadow:853;medicham:646;deoxys_defense:608;araquanid:584;cramorant:547,kingdra:258;altaria:264;dragonair_shadow:334;cradily:361;corsola_galarian:377
corsola,Corsola,70.1,108.5,142,134,2066,BUBBLE,POWER_GEM,ROCK_BLAST,68.9,44,68.3,48,cramorant:645;aurorus:570;altaria:567;araquanid:567;corsola_galarian:511,annihilape_shadow:175;cradily:215;kingdra:360;vigoroth:431;dragonair_shadow:484
garbodor_shadow,Garbodor (Shadow),70.1,121,115.9,132,1853,INFESTATION,BODY_SLAM,SEED_BOMB,64.2,60.3,66.9,37.9,rillaboom:757;grumpig:598;cradily:594;cresselia:575;jumpluff:549,cramorant:142;kingdra:207;corsola_galarian:233;dragonair_shadow:263;altaria:268
arcanine_shadow,Arcanine (Shadow),70,132,102.5,125,1693,BITE,WILD_CHARGE,PSYCHIC_FANGS,81.1,72.8,57.3,34.6,araquanid:852;jellicent:828;lapras:756;vigoroth:675;annihilape_shadow:640,cramorant:305;altaria:315;kingdra:368;cradily:381;corsola_galarian:399
crocalor,Crocalor,70,119.4,105.7,148,1869,INCINERATE,CRUNCH,FLAMETHROWER,65.3,47.6,71.8,49.8,jumpluff:793;furret:614;medicham:567;deoxys_defense:564;grumpig:550,kingdra:105;cramorant:202;cradily:381;corsola_galarian:456;altaria:467
herdier,Herdier,69.9,118.8,111.6,142,1885,TAKE_DOWN,THUNDERBOLT,DIG,63.7,46.5,74.4,56.9,dewgong:577;araquanid:531;hypno:528;lanturn:524;dusclops:510,altaria:329;cradily:333;corsola_galarian:374;cramorant:396;kingdra:423
nidorino,Nidorino,69.9,123.3,104.3,141,1814,POISON_STING,SLUDGE_BOMB,ICE_BEAM,59.9,47.5,74.8,39.1,jumpluff:911;altaria:741;cradily:592;araquanid:542;shelgon:521,dragonair_shadow:200;corsola_galarian:266;vigoroth:403;cramorant:448;kingdra:466
oddish,Oddish,69.9,122.6,106.7,120,1571,ACID,SEED_BOMB,MOONBLAST,65.6,58.7,69.3,40.9,quagsire_shadow:741;stunfisk:666;feraligatr:575;kingdra:537;charjabug:533,cramorant:222;dragonair_shadow:279;corsola_galarian:305;cradily:378;altaria:467
delcatty,Delcatty,69.8,111.9,116.8,153,2000,CHARM,WILD_CHARGE,DISARMING_VOICE,56.3,40.7,78.8,49.3,dusclops:689;dewgong:614;araquanid:611;corsola_galarian:598;jellicent:575,cramorant:321;cradily:343;altaria:402;dragonair_shadow:417;kingdra:423
palpitoad,Palpitoad,69.8,116.2,102.9,161,1927,MUD_SHOT,EARTH_POWER,WATER_PULSE,63.3,41.2,72.5,40.2,aurorus:630;clodsire:621;lapras:586;stunfisk:586;annihilape_shadow:521,altaria:173;cramorant:194;cradily:250;corsola_galarian:302;kingdra:440
accelgor_shadow,Accelgor (Shadow),69.7,143.2,84.9,129,1569,INFESTATION,ENERGY_BALL,BUG_BUZZ,56.1,33.5,68.6,30,deoxys_defense:810;cresselia:763;cradily:717;grumpig:639;stunfisk:542,cramorant:170;altaria:177;kingdra:283;dragonair_shadow:358;corsola_galarian:374
exeggutor_alolan_shadow,Exeggutor (Alolan) (Shadow),69.6,134.4,94.8,131,1670,DRAGON_TAIL,SEED_BOMB,DRACO_METEOR,66.8,55.1,64.9,40.4,stunfisk:740;jellicent:633;corsola_galarian:583;feraligatr:580;dusknoir_shadow:515,cramorant:281;cradily:364;kingdra:385;dragonair_shadow:397;altaria:416
magby,Magby,69.6,139.4,95.7,120,1603,KARATE_CHOP,FIRE_PUNCH,BRICK_BREAK,70.1,53.4,59.3,44.5,aurorus:845;vigoroth:770;fearow:733;walrein:625;jumpluff:516,cramorant:214;corsola_galarian:244;altaria:278;kingdra:326;cradily:447
snover,Snover,69.5,109.2,100.8,142,1564,POWDER_SNOW,ENERGY_BALL,ICE_BEAM,60.5,39.5,71.1,38.6,electrode_hisuian:869;stunfisk:806;feraligatr:531;marowak:528;altaria:521,cramorant:222;dragonair_shadow:358;corsola_galarian:363;kingdra:478;cradily:496
appletun,Appletun,69.4,116.5,102.5,161,1924,ASTONISH,ENERGY_BALL,OUTRAGE,66.5,38.9,69.1,53.4,stunfisk:810;quagsire_shadow:652;jellicent:618;deoxys_defense:618;corsola_galarian:521,altaria:177;dragonair_shadow:240;kingdra:275;cradily:322;vigoroth:362
cloyster,Cloyster,69.4,119,169.7,93,1880,ICE_SHARD,ICY_WIND,LIQUIDATION,66.5,42.9,62.8,44.2,jumpluff:607;stunfisk:607;clodsire:591;altaria:569;fearow:559,corsola_galarian:341;dragonair_shadow:417;kingdra:457;cradily:458;cramorant:464
dustox,Dustox,69.4,94.9,148.7,142,2005,CONFUSION,SILVER_WIND,SLUDGE_BOMB,67.4,47.8,71.3,52.4,annihilape_shadow:725;toxapex:669;electrode_hisuian:619;rillaboom:619;dragonair_shadow:549,cramorant:182;corsola_galarian:284;cradily:350;altaria:376;kingdra:474
elekid,Elekid,69.4,126,97.4,120,1474,THUNDER_SHOCK,THUNDER_PUNCH,BRICK_BREAK,67.8,57.5,62.5,52.9,fearow:845;feraligatr:808;walrein:770;cramorant:766;toxapex:754,altaria:275;corsola_galarian:276;kingdra:296;dragonair_shadow:299;cradily:423
geodude_alolan,Geodude (Alolan),69.4,123.5,123.5,113,1724,VOLT_SWITCH,ROCK_TOMB,ROCK_SLIDE,66.6,43.7,68.4,46.5,cramorant:915;aurorus:610;altaria:588;ninetales_shadow:539;furret:508,dragonair_shadow:145;kingdra:237;cradily:274;corsola_galarian:359;vigoroth:472
snover_shadow,Snover (Shadow),69.3,109.2,100.8,142,1564,POWDER_SNOW,ENERGY_BALL,ICE_BEAM,58.4,37.1,68.6,35.1,altaria:742;stunfisk:742;jumpluff:721;clodsire:721;cradily:630,vigoroth:210;kingdra:237;cramorant:242;corsola_galarian:395;dragonair_shadow:437
exeggutor,Exeggutor,69.2,136.1,92.5,131,1650,CONFUSION,SEED_BOMB,PSYCHIC,67.1,54.5,65.6,41.9,annihilape_shadow:809;stunfisk:721;deoxys_defense:637;snorlax:561;quagsire_shadow:511,corsola_galarian:201;kingdra:300;cramorant:301;altaria:322;cradily:361
floatzel,Floatzel,69.2,143.8,81.7,133,1564,WATERFALL,AQUA_JET,SWIFT,65.5,60.6,67.9,33.5,clodsire:815;talonflame:770;marowak:680;aurorus:654;dunsparce:548,kingdra:105;altaria:300;cramorant:369;cradily:395;corsola_galarian:410
koffing,Koffing,69.1,112.6,131,113,1668,INFESTATION,SLUDGE,DARK_PULSE,63.7,61.8,68.1,38.1,cradily:663;deoxys_defense:637;cresselia:597;jumpluff:588;charjabug:517,cramorant:115;kingdra:156;dragonair_shadow:192;corsola_galarian:298;altaria:445
mr_mime_galarian,Mr. Mime (Galarian),69.1,130.4,127,104,1724,CONFUSION,ICE_PUNCH,TRIPLE_AXEL,64.6,57.9,68.1,37.6,altaria:764;annihilape_shadow:682;jumpluff:658;stunfisk:610;medicham:581,corsola_galarian:241;cradily:246;kingdra:279;cramorant:337;dragonair_shadow:358
drowzee,Drowzee,69,87.3,126.8,142,1575,CONFUSION,PSYSHOCK,RETURN,66.1,61.2,71.1,48.3,clodsire:633;medicham:630;fearow:549;annihilape_shadow:535;toxapex:521,corsola_galarian:262;kingdra:394;cramorant:412;cradily:427;altaria:496
exploud,Exploud,69,119.7,99.4,157,1870,ASTONISH,CRUNCH,DISARMING_VOICE,65.5,47.5,69.8,50.8,corsola_galarian:882;dusknoir_shadow:764;jellicent:719;cresselia:668;kingdra:608,dragonair_shadow:279;vigoroth:306;cradily:357;altaria:467;cramorant:468
magmortar,Magmortar,69,140.8,104.5,108,1589,KARATE_CHOP,FIRE_PUNCH,THUNDERBOLT,65.5,56.8,60.5,29.7,aurorus:828;electrode_hisuian:828;lapras:791;ninetales_shadow:675;walrein:638,corsola_galarian:244;cramorant:253;kingdra:262;altaria:289;cradily:364
combusken,Combusken,68.9,130.3,100.8,131,1723,EMBER,ROCK_SLIDE,FLAME_CHARGE,61.4,52.6,67.9,47.5,gourgeist_super:843;charjabug:748;ninetales_shadow:706;furret:576;araquanid:511,cramorant:123;cradily:281;kingdra:300;corsola_galarian:312;altaria:333
karrablast,Karrablast,68.8,127.7,85.7,127,1390,FURY_CUTTER,DRILL_RUN,X_SCISSOR,67.8,64.3,65.4,31.8,cradily:759;grumpig:681;deoxys_defense:681;hypno:681;cresselia:507,kingdra:258;altaria:275;dragonair_shadow:287;cramorant:297;corsola_galarian:320
blissey,Blissey,68.7,81,111.2,307,2769,ZEN_HEADBUTT,WILD_CHARGE,DAZZLING_GLEAM,56.4,38.2,79.7,54.7,dusclops:635;corsola_galarian:602;toxapex:597;feraligatr:583;mantine:578,vigoroth:237;kingdra:258;dragonair_shadow:259;cradily:284;altaria:315
ceruledge,Ceruledge,68.7,136.3,114,106,1648,INCINERATE,SHADOW_BALL,HEAT_WAVE,59.9,55.6,58.8,41.4,charjabug:735;jumpluff:721;medicham:716;ninetales_shadow:655;deoxys_defense:603,kingdra:122;cramorant:178;corsola_galarian:205;altaria:398;cradily:440
monferno_shadow,Monferno (Shadow),68.7,129.6,96,139,1731,EMBER,FLAME_WHEEL,LOW_SWEEP,68.9,59.2,67.6,29.2,aurorus:665;jumpluff:665;annihilape_shadow:636;dusknoir_shadow:629;furret:521,altaria:235;kingdra:241;cramorant:325;cradily:343;corsola_galarian:359
omanyte_shadow,Omanyte (Shadow),68.7,128,135.2,101,1750,MUD_SHOT,ROCK_TOMB,ROCK_BLAST,65.6,61.4,65.8,30.7,ninetales_shadow:801;cramorant:717;aurorus:712;charjabug:549;jellicent:514,altaria:278;cradily:288;corsola_galarian:298;kingdra:317;dragonair_shadow:397
landorus_incarnate,Landorus (Incarnate),68.6,140.2,100.8,113,1599,MUD_SHOT,EARTH_POWER,ROCK_SLIDE,62.8,45.6,74.2,29,stunfisk:787;fearow:685;clodsire:588;charjabug:584;cresselia:526,cramorant:83;cradily:305;altaria:307;kingdra:360;corsola_galarian:363
luxray,Luxray,68.6,138,98.9,119,1626,SPARK,WILD_CHARGE,PSYCHIC_FANGS,70.6,60.1,66.5,40.4,fearow:827;araquanid:726;annihilape_shadow:659;cramorant:554;jellicent:550,altaria:282;cradily:305;dragonair_shadow:311;kingdra:381;corsola_galarian:492
buzzwole,Buzzwole,68.5,128.2,111.6,122,1747,COUNTER,SUPER_POWER,LUNGE,66.3,36.5,73.5,55.4,aurorus:811;furret:635;cradily:540;vigoroth:528;quagsire_shadow:504,cramorant:162;altaria:177;corsola_galarian:215;kingdra:300;dragonair_shadow:322
hitmontop_shadow,Hitmontop (Shadow),68.4,121.2,149.8,102,1853,COUNTER,CLOSE_COMBAT,TRIPLE_AXEL,64.6,42.8,61.9,57.2,aurorus:823;dunsparce:681;stunfisk:617;furret:588;ninetales_shadow:504,altaria:192;cramorant:222;corsola_galarian:266;kingdra:351;cradily:493
ninjask,Ninjask,68.4,144.7,88.4,121,1549,FURY_CUTTER,SHADOW_BALL,AERIAL_ACE,57.1,47.5,62.6,33.5,deoxys_defense:904;cresselia:797;cradily:747;grumpig:710;hypno:623,cramorant:162;kingdra:233;dragonair_shadow:287;altaria:340;corsola_galarian:492
torterra_shadow,Torterra (Shadow),68.4,119.9,117,133,1867,MUD_SLAP,FRENZY_PLANT,SAND_TOMB,61,35.3,66,48.3,stunfisk:823;dunsparce:676;corsola_galarian:657;charjabug:545;jellicent:526,cramorant:99;altaria:173;cradily:246;kingdra:258;dragonair_shadow:346
buneary,Buneary,68.3,121.8,100.8,135,1659,QUICK_ATTACK,SWIFT,FIRE_PUNCH,64,51.8,67,45,spidops:659;jumpluff:607;feraligatr:607;gourgeist_super:537;blastoise:529,cramorant:178;cradily:204;altaria:304;kingdra:347;corsola_galarian:478
ponyta_shadow,Ponyta (Shadow),68.3,133.5,108.2,116,1676,EMBER,FLAME_WHEEL,STOMP,71.7,56.2,68.8,26.2,jumpluff:909;fearow:693;charjabug:693;annihilape_shadow:607;dusknoir_shadow:607,cramorant:123;altaria:271;kingdra:271;cradily:350;corsola_galarian:413
sneasel_hisuian,Sneasel (Hisuian),68.3,133.9,111.7,111,1662,POISON_JAB,CLOSE_COMBAT,X_SCISSOR,57.4,39.5,69.3,37.1,lickilicky:671;cradily:666;furret:576;dunsparce:572;ninetales_shadow:518,corsola_galarian:237;kingdra:258;dragonair_shadow:287;cramorant:305;altaria:307
pignite_shadow,Pignite (Shadow),68.2,127.3,87,158,1751,EMBER,ROCK_TOMB,FLAME_CHARGE,54.6,44.5,61.9,46,ninetales_shadow:734;aurorus:721;walrein:702;jumpluff:689;araquanid:569,kingdra:88;cramorant:123;corsola_galarian:316;cradily:364;altaria:398
mr_rime,Mr. Rime,68.1,127.4,114.4,120,1750,CONFUSION,ICY_WIND,PSYCHIC,69.1,55.4,57.2,41.4,annihilape_shadow:695;jumpluff:679;lapras:612;vigoroth:537;snorlax:508,corsola_galarian:219;altaria:242;cramorant:337;kingdra:389;cradily:420
pignite,Pignite,68.1,127.3,87,158,1751,EMBER,ROCK_TOMB,FLAME_CHARGE,58.1,43.5,64.4,47.5,gourgeist_super:857;ninetales_shadow:693;araquanid:642;charjabug:579;altaria:556,kingdra:88;dragonair_shadow:110;cramorant:123;corsola_galarian:330;cradily:447
omastar_shadow,Omastar (Shadow),68,126.6,128.4,109,1773,MUD_SHOT,ROCK_SLIDE,HYDRO_PUMP,58.9,46.7,68.8,31.5,walrein:811;cramorant:733;aurorus:683;dusknoir_shadow:637;charjabug:559,dragonair_shadow:145;cradily:288;corsola_galarian:294;altaria:387;kingdra:427
zygarde_10,Zygarde (10% Forme),68,138.1,119.1,98,1613,DRAGON_TAIL,CRUNCH,EARTHQUAKE,61.2,38.2,69.7,27.4,stunfisk:698;toxapex:688;ninetales_shadow:653;charjabug:653;electrode_hisuian:596,cramorant:226;cradily:309;altaria:322;kingdra:334;corsola_galarian:420
dolliv,Dolliv,67.9,118.4,122.6,130,1890,MAGICAL_LEAF,EARTH_POWER,TRAILBLAZE,64.2,32.9,64.7,62.3,jellicent:811;quagsire_shadow:803;corsola_galarian:661;kingdra:557;vigoroth:507,dragonair_shadow:196;cramorant:226;altaria:228;annihilape_shadow:239;cradily:309
luxray_shadow,Luxray (Shadow),67.8,138,98.9,119,1626,SPARK,WILD_CHARGE,PSYCHIC_FANGS,73.5,65.4,60.3,33,altaria:693;araquanid:659;corsola_galarian:592;cramorant:588;annihilape_shadow:575,dragonair_shadow:196;kingdra:241;cradily:246;quagsire_shadow:276;vigoroth:396
noivern,Noivern,67.8,125.4,113.5,126,1794,BITE,HEAT_WAVE,HURRICANE,57.1,39.2,71.6,37.6,deoxys_defense:603;araquanid:591;ninetales_shadow:567;jellicent:543;charjabug:535,cradily:142;kingdra:156;altaria:184;corsola_galarian:327;cramorant:369
mantyke,Mantyke,67.7,100.8,163,120,1973,BUBBLE,WATER_PULSE,AERIAL_ACE,63.7,40.4,67.4,44,marowak:662;annihilape_shadow:645;ninetales_shadow:600;fearow:591;dusknoir_shadow:537,kingdra:245;altaria:250;cradily:274;corsola_galarian:302;cramorant:333
minun,Minun,67.7,116.3,127,130,1922,QUICK_ATTACK,THUNDERBOLT,GRASS_KNOT,58.1,48.9,76.2,29.5,quagsire_shadow:634;cramorant:623;feraligatr:576;lapras:550;fearow:503,kingdra:156;dragonair_shadow:220;corsola_galarian:244;cradily:263;altaria:405
ivysaur_shadow,Ivysaur (Shadow),67.6,119.8,121.3,129,1877,VINE_WHIP,POWER_WHIP,SLUDGE_BOMB,54,33.2,72.7,38.9,quagsire_shadow:717;stunfisk:705;kingdra:534;furret:527;jellicent:519,dragonair_shadow:161;cramorant:222;altaria:315;cradily:395;corsola_galarian:413
bonsly,Bonsly,67.5,116.8,124.3,127,1845,ROCK_THROW,ROCK_TOMB,ROCK_SLIDE,65.8,40.4,66.9,59,cramorant:625;fearow:598;ninetales_shadow:582;altaria:566;cradily:507,annihilape_shadow:217;kingdra:258;dragonair_shadow:287;vigoroth:293;corsola_galarian:496
koffing_shadow,Koffing (Shadow),67.5,112.6,131,113,1668,INFESTATION,SLUDGE,DARK_PULSE,59.7,57.5,65.4,30.5,deoxys_defense:836;grumpig:623;cradily:557;cresselia:544;jumpluff:535,cramorant:142;kingdra:182;dragonair_shadow:240;altaria:297;corsola_galarian:366
tauros_blaze,Tauros (Blaze),67.5,127.8,120.6,114,1759,DOUBLE_KICK,FLAME_CHARGE,TRAILBLAZE,60.2,40.6,59.6,51.6,aurorus:728;walrein:710;furret:622;dunsparce:596;charjabug:574,altaria:304;cramorant:317;corsola_galarian:345;kingdra:368;cradily:430
carnivine,Carnivine,67.4,130.1,101.8,130,1724,VINE_WHIP,ENERGY_BALL,CRUNCH,59.2,39.3,69.7,38.1,stunfisk:788;quagsire_shadow:780;jellicent:684;feraligatr:600;lapras:573,cramorant:222;altaria:231;cradily:312;corsola_galarian:402;kingdra:495
garbodor,Garbodor,67.4,121,115.9,132,1853,INFESTATION,BODY_SLAM,GUNK_SHOT,59.4,43.7,67.4,38.6,jumpluff:617;cradily:609;charjabug:583;cresselia:579;dunsparce:526,corsola_galarian:194;kingdra:211;dragonair_shadow:216;altaria:257;cramorant:333
grapploct,Grapploct,67.4,130.3,107.1,123,1718,WATERFALL,SUPER_POWER,ICE_PUNCH,60,34.8,75.7,37.4,quagsire_shadow:642;stunfisk:638;furret:597;ninetales_shadow:552;aurorus:528,kingdra:80;cramorant:142;corsola_galarian:291;altaria:431;cradily:479
omanyte,Omanyte,67.4,128,135.2,101,1750,MUD_SHOT,ROCK_TOMB,ROCK_BLAST,64,56.7,65.4,36.8,toxapex:613;araquanid:569;dusclops:544;cramorant:529;altaria:519,cradily:236;dragonair_shadow:322;kingdra:338;vigoroth:344;corsola_galarian:402
anorith,Anorith,67.3,145.4,92,115,1540,SCRATCH,AQUA_JET,ANCIENT_POWER,65,72.6,66.9,21.3,fearow:691;talonflame:630;toucannon_shadow:604;ninetales:582;pidgeot_shadow:560,cramorant:242;corsola_galarian:244;kingdra:258;cradily:312;altaria:438
exploud_shadow,Exploud (Shadow),67.3,119.7,99.4,157,1870,ASTONISH,CRUNCH,DISARMING_VOICE,60.9,43.4,66.5,48.6,dusknoir_shadow:863;corsola_galarian:853;jellicent:678;cresselia:633;altaria:525,vigoroth:100;kingdra:233;cramorant:281;dragonair_shadow:287;cradily:368
sandshrew_shadow,Sandshrew (Shadow),67.3,118.4,113.4,127,1707,SCRATCH,SAND_TOMB,ROCK_TOMB,57.6,50.1,57.7,34.8,talonflame:665;stunfisk:661;charjabug:633;turtonator:590;dewgong:586,cramorant:242;kingdra:258;corsola_galarian:276;cradily:291;altaria:481
gloom,Gloom,67.2,121.3,115.9,131,1844,ACID,MOONBLAST,SLUDGE_BOMB,59.1,42.5,70.7,38.4,electrode_hisuian:660;charjabug:641;stunfisk:595;kingdra:564;medicham:545,dragonair_shadow:279;corsola_galarian:312;cradily:423;vigoroth:458;altaria:463
tauros,Tauros,67.2,125.1,119.5,120,1795,TACKLE,TRAILBLAZE,HORN_ATTACK,62.2,54.3,63.5,51.6,feraligatr:616;toxapex:583;corsola_galarian:554;seismitoad:537;walrein:508,kingdra:258;altaria:271;cramorant:273;dragonair_shadow:318;cradily:319
growlithe_shadow,Growlithe (Shadow),67.1,126.8,90.7,135,1555,EMBER,FLAME_WHEEL,BODY_SLAM,69.7,56.4,62.6,21.6,jumpluff:688;charjabug:681;cresselia:603;dusknoir_shadow:596;annihilape_shadow:588,cramorant:123;altaria:246;kingdra:296;cradily:340;corsola_galarian:356
pyroar,Pyroar,67.1,135,97.9,126,1667,INCINERATE,FLAME_CHARGE,DARK_PULSE,57.9,53.9,55.8,46.8,corsola_galarian:869;dusknoir_shadow:805;jumpluff:746;walrein:646;charjabug:535,kingdra:122;cramorant:178;dragonair_shadow:181;altaria:336;cradily:392
sneasel_hisuian_shadow,Sneasel (Hisuian) (Shadow),67.1,133.9,111.7,111,1662,POISON_JAB,CLOSE_COMBAT,X_SCISSOR,58.2,35.7,65.6,38.1,electrode_hisuian:770;jumpluff:662;cradily:635;dunsparce:513;furret:504,kingdra:271;corsola_galarian:302;cramorant:321;dragonair_shadow:358;altaria:365
sudowoodo,Sudowoodo,67.1,117.1,130.1,126,1921,COUNTER,METEOR_BEAM,TRAILBLAZE,57.3,40.6,72.1,46.5,aurorus:634;fearow:535;altaria:531;dunsparce:531;cradily:523,kingdra:216;dragonair_shadow:279;corsola_galarian:366;vigoroth:389;cramorant:448
hitmonchan,Hitmonchan,67,128.9,137.4,98,1736,COUNTER,ICE_PUNCH,THUNDER_PUNCH,56.8,40.3,69.5,48.6,aurorus:831;dunsparce:678;furret:607;vigoroth:551;cradily:520,corsola_galarian:97;altaria:177;cramorant:218;kingdra:300;dragonair_shadow:322
lycanroc_midday,Lycanroc (Midday),67,142.7,93.1,118,1569,SUCKER_PUNCH,DRILL_RUN,STONE_EDGE,59.2,50.7,59.1,32.8,oinkologne:665;corsola_galarian:656;hypno:639;dusknoir_shadow:614;dusclops:584,cradily:253;kingdra:258;altaria:282;dragonair_shadow:287;cramorant:305
flareon,Flareon,66.9,142.2,109.9,100,1564,EMBER,HEAT_WAVE,SUPER_POWER,67.8,43.9,69.3,23.4,vigoroth:695;furret:695;fearow:695;aurorus:660;annihilape_shadow:620,cramorant:123;cradily:159;altaria:217;corsola_galarian:330;kingdra:351
loudred_shadow,Loudred (Shadow),66.9,125.2,80.6,178,1798,BITE,STOMP,DISARMING_VOICE,60.2,60,66.5,34.6,dusknoir_shadow:738;corsola_galarian:581;feraligatr:547;dusclops:547;lickilicky:547,kingdra:173;cramorant:178;dragonair_shadow:216;cradily:312;altaria:442
chandelure_shadow,Chandelure (Shadow),66.8,151.4,105.2,93,1482,INCINERATE,SHADOW_BALL,ENERGY_BALL,63.7,45.9,47.7,37.6,araquanid:822;cradily:801;charjabug:672;altaria:591;medicham:575,kingdra:118;corsola_galarian:197;dragonair_shadow:228;cramorant:242;vigoroth:348
musharna,Musharna,66.7,113.1,108.8,161,1982,CHARGE_BEAM,PSYSHOCK,DAZZLING_GLEAM,60.7,45.9,67.6,34.6,kingdra:627;medicham:621;lapras:605;annihilape_shadow:552;fearow:549,dragonair_shadow:86;corsola_galarian:226;vigoroth:331;cradily:336;altaria:376
alakazam,Alakazam,66.6,155.8,101.4,91,1439,PSYCHO_CUT,FIRE_PUNCH,SHADOW_BALL,71.7,55.4,66.1,16.7,grumpig:774;annihilape_shadow:725;jellicent:664;medicham:615;cramorant:587,corsola_galarian:89;kingdra:237;cradily:329;dragonair_shadow:377;altaria:398
omastar,Omastar,66.6,126.6,128.4,109,1773,MUD_SHOT,ROCK_SLIDE,HYDRO_PUMP,57.4,47.3,69.5,37.4,talonflame:912;clodsire:651;toxapex:550;cramorant:536;fearow:513,cradily:93;corsola_galarian:262;kingdra:334;altaria:344;dragonair_shadow:448
volcanion,Volcanion,66.6,135.5,117.4,103,1640,INCINERATE,SCALD,OVERHEAT,58.4,55,63.9,34,jumpluff:606;ninetales_shadow:592;snorlax:533;araquanid:524;medicham:524,kingdra:122;cramorant:178;altaria:300;cradily:430;corsola_galarian:438
dugtrio_shadow,Dugtrio (Shadow),66.5,136.7,120,100,1643,SUCKER_PUNCH,MUD_BOMB,STONE_EDGE,61.7,47.5,47.7,35.6,grumpig:650;dusknoir_shadow:645;stunfisk:615;corsola_galarian:595;charjabug:550,altaria:264;kingdra:271;cradily:277;cramorant:349;dragonair_shadow:358
monferno,Monferno,66.5,129.6,96,139,1731,EMBER,FLAME_WHEEL,LOW_SWEEP,65.3,47.9,66.5,39.9,charjabug:744;annihilape_shadow:672;furret:607;dunsparce:607;ninetales_shadow:543,cramorant:123;altaria:213;kingdra:216;corsola_galarian:323;cradily:413
jolteon,Jolteon,66.4,137.4,114.7,103,1624,THUNDER_SHOCK,DISCHARGE,LAST_RESORT,61,42.9,66,36.3,fearow:820;feraligatr:776;talonflame:747;cramorant:742;toxapex:713,cradily:163;dragonair_shadow:267;altaria:275;corsola_galarian:276;kingdra:372
totodile,Totodile,66.4,110.9,104.1,127,1468,SCRATCH,AQUA_JET,CRUNCH,59.6,59.2,66.5,37.4,miltank:594;diggersby:590;sealeo_shadow:547;quagsire:543;crustle:515,cradily:211;corsola_galarian:276;altaria:300;cramorant:329;kingdra:411
charmeleon,Charmeleon,66.3,126.6,109.4,128,1774,EMBER,FIRE_PUNCH,RETURN,58.7,37.1,64.7,41.2,electrode_hisuian:855;ninetales_shadow:710;jumpluff:589;charjabug:585;cresselia:535,kingdra:169;altaria:202;cramorant:242;cradily:246;corsola_galarian:276
drowzee_shadow,Drowzee (Shadow),66.3,87.3,126.8,142,1575,CONFUSION,PSYSHOCK,PSYCHIC,62.7,54.3,67.6,43,medicham:595;clodsire:549;seismitoad:545;toxapex:538;fearow:524,cramorant:265;corsola_galarian:327;altaria:336;cradily:388;kingdra:474
mankey_shadow,Mankey (Shadow),66.3,136.9,81.5,113,1262,KARATE_CHOP,CROSS_CHOP,BRICK_BREAK,72.9,48.2,55.4,25.9,vigoroth:641;snorlax:641;cradily:623;kingdra:597;dragonair_shadow:553,jellicent:141;corsola_galarian:212;annihilape_shadow:217;cramorant:273;altaria:373
skrelp,Skrelp,66.3,104.1,104.1,127,1379,ACID,AQUA_TAIL,TWISTER,64.5,56.4,61.7,39.6,machoke_shadow:649;golisopod:614;ninetales_shadow:570;feraligatr:535;turtonator:507,corsola_galarian:197;cradily:399;altaria:402;cramorant:460;kingdra:495
archen_shadow,Archen (Shadow),66.2,159.5,76,116,1408,WING_ATTACK,ANCIENT_POWER,CRUNCH,51.7,38.7,63,24.1,gourgeist_super:737;araquanid:719;talonflame:668;altaria:581;annihilape_shadow:517,corsola_galarian:201;kingdra:233;dragonair_shadow:287;cramorant:305;cradily:413
poipole,Poipole,66.2,119.7,113.5,137,1863,PECK,SLUDGE_BOMB,FELL_STINGER,67.9,57.9,70.9,46.5,ninetales_shadow:642;annihilape_shadow:627;jumpluff:616;cradily:587;araquanid:551,cramorant:198;corsola_galarian:258;kingdra:262;dragonair_shadow:279;altaria:373
banette,Banette,66.1,145.2,92.2,115,1542,SHADOW_CLAW,SHADOW_BALL,DAZZLING_GLEAM,50.4,38.2,64,30,annihilape_shadow:843;deoxys_defense:678;medicham:586;ninetales:530;cresselia:526,altaria:221;corsola_galarian:255;kingdra:258;cramorant:261;cradily:413
ponyta_galarian,Ponyta (Galarian),66.1,133.5,108.2,116,1676,PSYCHO_CUT,SWIFT,PLAY_ROUGH,60.7,57.6,58.9,35.8,talonflame:685;ninetales_shadow:530;sliggoo:530;medicham:517;deoxys_defense:508,corsola_galarian:176;cramorant:178;altaria:250;cradily:284;kingdra:334
cherrim_sunny,Cherrim (Sunshine),66,121.8,116.2,130,1843,BULLET_SEED,WEATHER_BALL_FIRE,SOLAR_BEAM,61.5,33.4,63.5,39.4,quagsire_shadow:607;snorlax:580;jellicent:561;kingdra:550;furret:530,cramorant:115;altaria:134;cradily:197;dragonair_shadow:224;corsola_galarian:438
mudsdale,Mudsdale,66,123.5,107.1,136,1800,MUD_SLAP,BULLDOZE,BODY_SLAM,59.9,38.7,66.1,45,toxapex:775;clodsire:757;stunfisk:713;charjabug:683;deoxys_defense:529,altaria:217;cradily:218;kingdra:233;cramorant:285;corsola_galarian:341
rotom_mow,Rotom (Mow),66,128.8,144.9,93,1737,THUNDER_SHOCK,OMINOUS_WIND,LEAF_STORM,66.6,47,69,35.1,jellicent:661;cramorant:591;lapras:591;kingdra:580;vigoroth:526,annihilape_shadow:182;altaria:224;corsola_galarian:276;dragonair_shadow:283;cradily:347
sandaconda,Sandaconda,65.9,123,132,112,1820,MUD_SLAP,EARTH_POWER,WRAP,60.7,41.7,64.4,50.6,stunfisk:763;clodsire:736;charjabug:687;deoxys_defense:580;dunsparce:571,cradily:211;kingdra:241;altaria:286;cramorant:297;corsola_galarian:320
falinks,Falinks,65.8,127.5,119.1,115,1748,COUNTER,SUPER_POWER,MEGAHORN,55.1,30.1,71.4,50.3,aurorus:630;furret:613;walrein:530;dunsparce:526;seismitoad:517,corsola_galarian:97;altaria:192;cramorant:202;kingdra:300;cradily:440
simisage,Simisage,65.8,135.9,95.8,126,1642,VINE_WHIP,GRASS_KNOT,CRUNCH,55.3,42.5,67.2,33.8,quagsire_shadow:738;stunfisk:730;jellicent:638;lapras:551;kingdra:535,dragonair_shadow:161;cramorant:218;altaria:239;cradily:361;corsola_galarian:410
cursola,Cursola,65.7,145.6,111,95,1537,ASTONISH,NIGHT_SHADE,POWER_GEM,60.2,42,57.2,42.7,annihilape_shadow:863;deoxys_defense:668;grumpig:631;cresselia:542;medicham:542,cradily:253;altaria:264;kingdra:283;corsola_galarian:305;cramorant:337
cloyster_shadow,Cloyster (Shadow),65.6,119,169.7,93,1880,ICE_SHARD,ICY_WIND,LIQUIDATION,61.4,42.3,53.5,39.1,dragonair_shadow:612;jumpluff:559;altaria:537;vigoroth:532;stunfisk:526,cramorant:253;annihilape_shadow:260;cradily:309;kingdra:309;corsola_galarian:402
ho_oh,Ho-Oh,65.6,122.9,128.4,114,1801,INCINERATE,BRAVE_BIRD,SACRED_FIRE,55.8,29.3,76.9,44,jumpluff:587;snorlax:552;araquanid:543;furret:517;altaria:504,kingdra:105;dragonair_shadow:157;cramorant:162;cradily:215;corsola_galarian:219
lycanroc_dusk,Lycanroc (Dusk),65.6,144.5,91.9,117,1556,SUCKER_PUNCH,STONE_EDGE,TRAILBLAZE,58.2,48.1,46.6,32,toxapex:739;corsola_galarian:619;dusknoir_shadow:611;dusclops:568;snorlax:512,altaria:250;cradily:270;kingdra:275;cramorant:305;dragonair_shadow:330
dragapult,Dragapult,65.5,142.5,96.2,115,1578,DRAGON_TAIL,SHADOW_BALL,OUTRAGE,54.3,37,65.8,32.5,charjabug:595;stunfisk:578;deoxys_defense:578;araquanid:539;hypno:513,corsola_galarian:179;cramorant:253;altaria:282;kingdra:334;cradily:416
nidorino_shadow,Nidorino (Shadow),65.5,123.3,104.3,141,1814,POISON_STING,SLUDGE_BOMB,ICE_BEAM,49.2,38.2,74.4,26.7,jumpluff:911;altaria:741;gourgeist_super:741;cradily:563;ninetales_shadow:539,kingdra:173;vigoroth:175;cramorant:178;dragonair_shadow:181;corsola_galarian:291
torracat,Torracat,65.5,135.5,89.8,135,1645,EMBER,FLAME_CHARGE,CRUNCH,61.7,53.7,62.6,39.6,dusknoir_shadow:662;cresselia:633;rillaboom:577;jumpluff:540;charjabug:533,cramorant:123;kingdra:296;cradily:340;corsola_galarian:363;altaria:409
totodile_shadow,Totodile (Shadow),65.5,110.9,104.1,127,1468,SCRATCH,AQUA_JET,CRUNCH,58.4,67.1,64.9,25.6,talonflame:775;diggersby:547;dunsparce:543;dondozo:543;dewgong:523,kingdra:258;cradily:281;corsola_galarian:312;altaria:322;cramorant:404
hitmonchan_shadow,Hitmonchan (Shadow),65.4,128.9,137.4,98,1736,COUNTER,ICE_PUNCH,THUNDER_PUNCH,59.7,36.2,64,49.6,aurorus:841;furret:775;walrein:739;cradily:729;stunfisk:566,corsola_galarian:143;altaria:177;cramorant:218;kingdra:343;dragonair_shadow:393
archeops_shadow,Archeops (Shadow),65.3,160.6,81.9,106,1395,WING_ATTACK,ANCIENT_POWER,CRUNCH,51.2,38.9,62.5,23.9,araquanid:731;gourgeist_super:731;talonflame:655;altaria:542;oinkologne:514,corsola_galarian:201;kingdra:233;cramorant:305;dragonair_shadow:322;cradily:413
darmanitan_standard_shadow,Darmanitan (Standard) (Shadow),65.3,149.7,72,138,1490,INCINERATE,ROCK_SLIDE,OVERHEAT,64.8,50.4,43.4,33.8,araquanid:764;cradily:692;altaria:543;ninetales_shadow:536;corsola_galarian:532,kingdra:118;dragonair_shadow:228;cramorant:242;vigoroth:348;annihilape_shadow:460
quilava_shadow,Quilava (Shadow),65.3,126.6,109.4,128,1774,EMBER,FLAME_CHARGE,DIG,57.1,47.9,60,48.8,jumpluff:902;aurorus:679;ninetales_shadow:675;cresselia:582;charjabug:511,kingdra:88;cramorant:130;corsola_galarian:338;cradily:361;altaria:391
exeggcute_shadow,Exeggcute (Shadow),65.2,102.5,117.6,142,1713,CONFUSION,SEED_BOMB,ANCIENT_POWER,65,50,60.7,44,annihilape_shadow:823;quagsire_shadow:781;marowak:612;stunfisk:605;deoxys_defense:545,cramorant:261;altaria:293;cradily:319;corsola_galarian:338;kingdra:487
yanma,Yanma,65.2,130.8,89.6,146,1713,WING_ATTACK,SILVER_WIND,AERIAL_ACE,56.6,43.1,65.6,33.5,grumpig:660;deoxys_defense:657;medicham:589;araquanid:558;cresselia:554,kingdra:173;cramorant:202;altaria:326;corsola_galarian:327;cradily:392
ambipom,Ambipom,65.1,133.8,100.5,124,1670,SCRATCH,AERIAL_ACE,RETURN,54.8,42.6,64.6,32.5,toxapex:762;lickilicky:596;feraligatr:580;dunsparce:576;stunfisk:560,cradily:184;kingdra:258;altaria:275;cramorant:277;corsola_galarian:399
luxio,Luxio,65.1,133.2,91,139,1687,BITE,WILD_CHARGE,CRUNCH,52.5,31.4,70.5,31.8,lapras:748;grumpig:748;jellicent:571;ninetales_shadow:543;deoxys_defense:514,cramorant:166;kingdra:173;altaria:184;corsola_galarian:197;cradily:256
ponyta,Ponyta,65.1,133.5,108.2,116,1676,EMBER,FLAME_WHEEL,STOMP,64,48.4,63,34.8,electrode_hisuian:823;charjabug:737;annihilape_shadow:650;rillaboom:594;jumpluff:543,cramorant:123;altaria:213;kingdra:241;cradily:295;corsola_galarian:330
chandelure,Chandelure,64.9,151.4,105.2,93,1482,INCINERATE,SHADOW_BALL,ENERGY_BALL,59.2,45.7,49.1,33,deoxys_defense:645;cresselia:623;medicham:607;ninetales_shadow:591;snorlax:510,kingdra:139;corsola_galarian:165;cramorant:210;altaria:438;cradily:479
darmanitan_standard,Darmanitan (Standard),64.9,149.7,72,138,1490,INCINERATE,ROCK_SLIDE,OVERHEAT,58.2,49.2,51,30,araquanid:793;cradily:735;charjabug:670;ninetales_shadow:619;cresselia:605,kingdra:105;dragonair_shadow:192;cramorant:210;corsola_galarian:381;altaria:463
dugtrio,Dugtrio,64.8,136.7,120,100,1643,SUCKER_PUNCH,MUD_BOMB,STONE_EDGE,56.1,42.6,57,34,stunfisk:640;charjabug:600;hypno:595;dusclops:525;dunsparce:505,altaria:221;cradily:253;kingdra:258;cramorant:261;corsola_galarian:485
growlithe,Growlithe,64.8,126.8,90.7,135,1555,EMBER,FLAME_WHEEL,BODY_SLAM,63.3,47.6,61.6,35.1,electrode_hisuian:811;rillaboom:774;charjabug:737;annihilape_shadow:662;jumpluff:544,cramorant:123;kingdra:258;cradily:288;corsola_galarian:320;altaria:373
basculin,Basculin,64.7,133.9,97.1,129,1679,WATER_GUN,AQUA_TAIL,AQUA_JET,57.3,42.8,62.3,35.8,clodsire:810;talonflame:794;aurorus:689;diggersby:616;marowak:534,cramorant:182;kingdra:220;altaria:297;corsola_galarian:320;cradily:340
gloom_shadow,Gloom (Shadow),64.7,121.3,115.9,131,1844,ACID,MOONBLAST,SLUDGE_BOMB,52.7,37,66.7,32.5,electrode_hisuian:641;dunsparce:576;altaria:557;charjabug:557;kingdra:534,vigoroth:251;cramorant:261;dragonair_shadow:318;corsola_galarian:334;cradily:402
heatmor,Heatmor,64.7,134.6,92.6,134,1671,FIRE_SPIN,THUNDER_PUNCH,FLAMETHROWER,57.3,33.7,60.7,37.9,gourgeist_super:705;walrein:675;dusclops:582;jumpluff:555;charjabug:533,kingdra:105;cramorant:170;cradily:291;altaria:326;corsola_galarian:381
luxio_shadow,Luxio (Shadow),64.6,133.7,90.2,139,1677,BITE,WILD_CHARGE,CRUNCH,48.9,35.3,67.9,18.5,deoxys_defense:758;lapras:748;araquanid:719;corsola_galarian:669;grumpig:665,cramorant:166;kingdra:173;cradily:184;altaria:184;dragonair_shadow:216
mankey,Mankey,64.6,136.9,81.5,113,1262,KARATE_CHOP,CROSS_CHOP,BRICK_BREAK,67.8,50.7,49.2,33.8,furret:818;vigoroth:712;cradily:676;dragonair_shadow:597;snorlax:597,corsola_galarian:201;cramorant:234;annihilape_shadow:289;altaria:322;kingdra:389
prinplup,Prinplup,64.6,118.6,117,136,1889,BUBBLE,ICY_WIND,BUBBLE_BEAM,65,51.2,58.6,37.4,marowak:595;aurorus:584;ninetales_shadow:580;fearow:544;clodsire:514,kingdra:288;cramorant:333;cradily:340;corsola_galarian:446;altaria:460
sandygast,Sandygast,64.6,113.4,111.7,135,1712,MUD_SHOT,SHADOW_BALL,EARTH_POWER,50.7,32,70.5,35.3,grumpig:651;charjabug:603;stunfisk:529;cresselia:514;deoxys_defense:507,cramorant:47;kingdra:131;altaria:242;cradily:260;corsola_galarian:381
swellow_shadow,Swellow (Shadow),64.6,135.9,99.9,121,1645,WING_ATTACK,BRAVE_BIRD,SKY_ATTACK,46.3,33.4,64.9,28.4,corsola_galarian:702;diggersby:702;jellicent:574;dusclops:566;seismitoad:512,kingdra:194;cradily:208;altaria:221;dragonair_shadow:251;cramorant:261
poliwhirl,Poliwhirl,64.5,114.2,115.9,148,1961,BUBBLE,SCALD,MUD_BOMB,59.6,39.2,67.7,37.9,aurorus:729;quagsire_shadow:601;stunfisk:570;ninetales_shadow:530;fearow:523,cradily:156;altaria:228;kingdra:279;cramorant:337;corsola_galarian:370
darmanitan_galarian_standard,Darmanitan (Galarian),64.4,149.7,72,138,1490,ICE_FANG,AVALANCHE,ICE_PUNCH,63.8,41.2,55.1,47.8,jumpluff:865;electrode_hisuian:800;altaria:750;fearow:735;dragonair_shadow:724,corsola_galarian:284;kingdra:309;vigoroth:313;cramorant:349;cradily:458
darumaka_shadow,Darumaka (Shadow),64.4,131.9,82.3,157,1706,FIRE_FANG,FIRE_PUNCH,FLAME_CHARGE,59.7,44,54,45.8,electrode_hisuian:843;rillaboom:780;cresselia:614;walrein:611;dusclops:531,kingdra:156;altaria:231;cramorant:261;cradily:322;corsola_galarian:330
darumaka,Darumaka,64.2,131.9,82.3,157,1706,FIRE_FANG,FIRE_PUNCH,FLAME_CHARGE,58.6,42.3,57.3,48.3,walrein:681;cresselia:659;deoxys_defense:614;jumpluff:592;charjabug:550,kingdra:131;cramorant:218;cradily:267;corsola_galarian:298;altaria:398
exeggcute,Exeggcute,64.2,102.5,117.6,142,1713,CONFUSION,SEED_BOMB,ANCIENT_POWER,61.9,46.7,63.2,52.1,quagsire_shadow:802;stunfisk:707;marowak:535;annihilape_shadow:531;diggersby:517,altaria:199;corsola_galarian:273;dragonair_shadow:279;cradily:305;kingdra:406
porygon2,Porygon2,64.2,122.1,117.9,127,1830,LOCK_ON,TRI_ATTACK,ZAP_CANNON,57.4,52.6,73.4,29.7,jellicent:724;feraligatr:641;araquanid:570;lapras:551;charjabug:511,altaria:94;cradily:190;kingdra:305;cramorant:309;corsola_galarian:431
banette_shadow,Banette (Shadow),64.1,145.9,91.6,115,1538,SHADOW_CLAW,SHADOW_BALL,DAZZLING_GLEAM,53.3,39,55.1,32.5,annihilape:843;annihilape_shadow:821;cradily:769;lanturn:656;dondozo:578,corsola_galarian:262;altaria:264;kingdra:300;cramorant:305;dragonair_shadow:322
shaymin_land,Shaymin (Land),64,117.8,122.2,132,1902,MAGICAL_LEAF,GRASS_KNOT,SEED_FLARE,54,28.2,69.5,44.2,quagsire_shadow:920;stunfisk:700;marowak:659;jellicent:590;furret:575,altaria:101;cradily:201;cramorant:289;kingdra:309;corsola_galarian:424
vileplume,Vileplume,64,128.8,112.7,120,1743,ACID,SLUDGE_BOMB,PETAL_BLIZZARD,51,35.1,70.2,29.2,stunfisk:687;electrode_hisuian:620;charjabug:604;dunsparce:575;kingdra:520,corsola_galarian:143;cramorant:238;dragonair_shadow:279;cradily:375;altaria:384
simipour,Simipour,63.9,135.9,95.8,126,1642,BITE,SURF,CRUNCH,55.1,47.3,67.7,23.4,talonflame:789;grumpig:722;aurorus:682;oranguru:531;marowak:519,cramorant:186;altaria:326;cradily:336;corsola_galarian:410;kingdra:432
brionne,Brionne,63.7,125.8,117,121,1783,CHARM,AQUA_JET,DISARMING_VOICE,56.1,35.4,66.7,39.1,medicham:553;turtonator:537;feraligatr:533;kingdra:512;quagsire_shadow:512,cradily:184;vigoroth:251;altaria:322;corsola_galarian:410;dragonair_shadow:472
flaaffy,Flaaffy,63.7,121.5,100.4,151,1844,CHARGE_BEAM,DISCHARGE,TRAILBLAZE,58.9,41,60.5,43.5,cramorant:589;jellicent:589;deoxys_defense:549;fearow:533;araquanid:503,dragonair_shadow:236;corsola_galarian:262;altaria:275;cradily:336;kingdra:368
onix,Onix,63.7,84,207.5,105,1831,ROCK_THROW,ROCK_SLIDE,SAND_TOMB,60.5,43.1,62.1,61.5,talonflame:880;charjabug:742;fearow:657;lickilicky:566;altaria:519,kingdra:216;dragonair_shadow:216;cradily:246;corsola_galarian:431;cramorant:448
archen,Archen,63.6,159.5,76,116,1408,WING_ATTACK,ANCIENT_POWER,CRUNCH,50,39.5,62.1,21.6,gourgeist_super:771;araquanid:754;talonflame:719;oinkologne:590;altaria:581,kingdra:216;dragonair_shadow:251;cramorant:261;cradily:340;corsola_galarian:435
klawf,Klawf,63.6,121,128.1,119,1846,MUD_SLAP,BULLDOZE,ROCK_TOMB,56.8,34.8,65.3,33,oinkologne:701;charjabug:613;talonflame:563;fearow:533;shelgon:512,cramorant:154;kingdra:182;cradily:381;altaria:405;corsola_galarian:442
quilava,Quilava,63.5,126.6,109.4,128,1774,EMBER,FLAME_CHARGE,DIG,56.9,44.6,59.6,53.4,gourgeist_super:855;cresselia:671;charjabug:585;jumpluff:582;ninetales_shadow:542,kingdra:88;cramorant:253;cradily:288;corsola_galarian:309;altaria:362
tsareena,Tsareena,63.4,130.4,120.6,109,1715,MAGICAL_LEAF,TRIPLE_AXEL,HIGH_JUMP_KICK,58.7,35,56.5,47.3,quagsire_shadow:922;stunfisk:770;jellicent:522;snorlax:518;furret:509,cradily:211;cramorant:253;kingdra:300;corsola_galarian:359;altaria:409
glimmora,Glimmora,63.3,137.6,102.9,115,1631,ROCK_THROW,METEOR_BEAM,POWER_GEM,66.3,39.6,48.9,56.2,fearow:856;cramorant:821;ninetales_shadow:721;jumpluff:608;cradily:517,corsola_galarian:284;kingdra:300;vigoroth:334;dragonair_shadow:354;altaria:481
indeedee_female,Indeedee (Female),63.3,121.7,128.2,118,1842,EXTRASENSORY,ENERGY_BALL,PSYCHIC,53.2,37.8,68.8,32.3,seismitoad:686;jellicent:648;quagsire:588;feraligatr:572;corsola_galarian:516,kingdra:182;dragonair_shadow:216;cramorant:226;cradily:302;altaria:413
kubfu,Kubfu,63.3,136.5,95.5,125,1632,COUNTER,CLOSE_COMBAT,BRICK_BREAK,60.2,42.9,58.4,49.6,aurorus:828;dunsparce:696;stunfisk:588;furret:584;oinkologne:580,corsola_galarian:187;cramorant:218;altaria:271;kingdra:317;cradily:447
noivern_shadow,Noivern (Shadow),63.3,125.4,113.5,126,1794,BITE,HEAT_WAVE,HURRICANE,49.9,35.3,65.6,25.6,gourgeist_super:753;deoxys_defense:690;araquanid:603;rillaboom:595;charjabug:507,kingdra:156;cramorant:186;altaria:289;cradily:322;corsola_galarian:485
tentacool,Tentacool,63.3,94.1,137.8,113,1466,POISON_STING,WRAP,WATER_PULSE,57.3,53.9,57.9,52.9,blaziken:681;blaziken_shadow:646;charizard_shadow:619;abomasnow:557;ninetales_shadow:517,corsola_galarian:251;kingdra:326;cramorant:365;cradily:385;altaria:427
archeops,Archeops,63.2,160.6,81.9,106,1395,WING_ATTACK,ANCIENT_POWER,CRUNCH,49.4,37.9,61,21.6,araquanid:768;gourgeist_super:768;talonflame:712;altaria:655;oinkologne:589,kingdra:194;dragonair_shadow:251;cramorant:261;cradily:340;corsola_galarian:435
tentacool_shadow,Tentacool (Shadow),63,94.1,137.8,113,1466,POISON_STING,WRAP,WATER_PULSE,57.3,49.5,56.8,49.8,talonflame:800;aurorus_shadow:800;machoke_shadow:659;ninetales_shadow:584;ninetales:517,corsola_galarian:248;cradily:312;kingdra:368;cramorant:392;altaria:431
urshifu_rapid_strike,Urshifu (Rapid Strike),63,136.5,97.7,121,1616,COUNTER,AQUA_JET,DYNAMIC_PUNCH,55.8,34.5,64.2,46.8,aurorus:880;dunsparce:681;walrein:648;furret:603;feraligatr:520,corsola_galarian:143;altaria:177;cramorant:222;kingdra:389;cradily:413
arboliva,Arboliva,62.9,129.2,116.6,115,1734,MAGICAL_LEAF,EARTH_POWER,TRAILBLAZE,58.4,31,54.9,51.3,quagsire_shadow:926;jellicent:778;stunfisk:778;corsola_galarian:578;snorlax:534,altaria:159;dragonair_shadow:177;cramorant:253;kingdra:300;cradily:340
goldeen,Goldeen,62.7,115.9,105,120,1462,PECK,AQUA_TAIL,HORN_ATTACK,60.5,51.8,57,38.4,charizard_shadow:883;aerodactyl_shadow:770;flamigo:733;diggersby:558;quagsire:533,altaria:210;cradily:250;corsola_galarian:255;cramorant:265;kingdra:326
dwebble,Dwebble,62.6,111.7,120.1,127,1706,SMACK_DOWN,ROCK_TOMB,X_SCISSOR,55.9,39,64.7,44.7,talonflame:807;dewgong:629;charjabug:543;vigoroth:535;fearow:511,kingdra:207;corsola_galarian:298;altaria:322;cradily:371;cramorant:416
dwebble_shadow,Dwebble (Shadow),62.6,111.7,120.1,127,1706,SMACK_DOWN,ROCK_TOMB,X_SCISSOR,56.6,38.9,60.2,45.5,talonflame:775;toucannon_shadow:744;deoxys_defense:618;charjabug:519;jumpluff:503,cradily:225;kingdra:233;corsola_galarian:262;altaria:380;cramorant:384
manectric_shadow,Manectric (Shadow),62.6,142.4,91.3,121,1574,SNARL,WILD_CHARGE,PSYCHIC_FANGS,59.7,58.9,70,18.3,jellicent:764;lapras:735;aurorus:690;altaria:648;annihilape_shadow:599,kingdra:131;cradily:236;cramorant:285;corsola_galarian:298;dragonair_shadow:381
rotom_fan,Rotom (Fan),62.6,128.8,144.9,93,1737,ASTONISH,THUNDERBOLT,OMINOUS_WIND,56.1,33.5,65.4,40.2,fearow:602;deoxys_defense:602;araquanid:575;medicham:532;cramorant:516,cradily:197;altaria:206;kingdra:241;dragonair_shadow:263;corsola_galarian:460
donphan,Donphan,62.5,125.2,113.1,126,1786,MUD_SLAP,TRAILBLAZE,EARTHQUAKE,57.7,38.1,56.5,43.5,clodsire:746;stunfisk:710;charjabug:650;marowak:543;deoxys_defense:503,altaria:148;cradily:211;kingdra:271;cramorant:285;corsola_galarian:392
oricorio_pom_pom,Oricorio (Pom-Pom),62.4,130.8,102,128,1710,AIR_SLASH,AIR_CUTTER,HURRICANE,53.3,36.5,66.5,36.6,jumpluff:656;fearow:621;araquanid:605;medicham:535;cramorant:515,cradily:184;altaria:206;dragonair_shadow:240;kingdra:241;corsola_galarian:334
rotom_wash,Rotom (Wash),62.4,128.8,144.9,93,1737,THUNDER_SHOCK,THUNDERBOLT,HYDRO_PUMP,46.6,25.1,71.1,27.9,cramorant:612;kingdra:559;araquanid:559;lapras:553;feraligatr:553,cradily:93;dragonair_shadow:122;altaria:134;vigoroth:168;corsola_galarian:345
shellos,Shellos,62.4,99.1,100.8,166,1660,MUD_SLAP,WATER_PULSE,BODY_SLAM,58.4,41.2,63.5,38.4,aurorus:701;turtonator:617;ninetales_shadow:554;walrein:515;toxapex:506,cradily:156;altaria:184;cramorant:250;corsola_galarian:338;kingdra:372
flaaffy_shadow,Flaaffy (Shadow),62.3,121.5,100.4,151,1844,CHARGE_BEAM,DISCHARGE,TRAILBLAZE,51.5,33.9,60.3,35.8,dewgong:758;talonflame:692;cramorant:609;jellicent:586;lapras:506,dragonair_shadow:122;kingdra:161;cradily:232;altaria:300;corsola_galarian:316
inteleon,Inteleon,62.3,153.4,89,107,1462,WATER_GUN,SNIPE_SHOT,HYDRO_CANNON,51.7,40.7,54.7,27.9,clodsire:771;talonflame:733;aurorus:612;turtonator:537;diggersby:523,kingdra:156;cramorant:182;altaria:297;cradily:454;corsola_galarian:496
mudbray,Mudbray,62.3,129.8,98.6,134,1717,MUD_SLAP,BULLDOZE,BODY_SLAM,55.5,34.2,58.9,40.2,toxapex:772;clodsire:742;stunfisk:701;charjabug:664;dunsparce:597,cramorant:115;cradily:218;altaria:224;kingdra:233;corsola_galarian:251
azelf,Azelf,62.2,152.5,90.3,106,1461,CONFUSION,SWIFT,FUTURE_SIGHT,65.8,55,53.6,33.3,annihilape_shadow:820;annihilape:806;pelipper:712;talonflame:599;toxapex:584,corsola_galarian:219;kingdra:258;cramorant:321;cradily:333;altaria:416
vileplume_shadow,Vileplume (Shadow),62.2,128.8,112.7,120,1743,ACID,MOONBLAST,SLUDGE_BOMB,48.7,33.7,61.9,29,electrode_hisuian:604;rillaboom:600;dunsparce:550;altaria:512;charjabug:512,kingdra:233;cramorant:265;dragonair_shadow:318;corsola_galarian:345;cradily:447
elgyem,Elgyem,62.1,133.6,95.4,132,1685,CONFUSION,DARK_PULSE,PSYCHIC,58.6,50,59.5,37.6,annihilape_shadow:810;clodsire:553;seaking:526;oranguru:515;seismitoad:511,cradily:232;corsola_galarian:241;altaria:242;kingdra:300;cramorant:337
glimmet,Glimmet,62,147.1,90.8,114,1525,ROCK_THROW,POWER_GEM,DAZZLING_GLEAM,66.1,39.3,43.1,54.1,ninetales_shadow:890;talonflame:877;cramorant:837;fearow:820;jumpluff:578,corsola_galarian:284;kingdra:343;dragonair_shadow:354;cradily:381;altaria:474
stonjourner,Stonjourner,62,125.5,107.9,132,1790,ROCK_THROW,ROCK_SLIDE,STOMP,61,39.2,61.2,55.9,talonflame:871;fearow:844;cramorant:575;charjabug:564;walrein:553,corsola_galarian:237;cradily:253;kingdra:300;dragonair_shadow:322;altaria:427
arcanine_hisuian,Arcanine (Hisuian),61.9,132.4,99.4,129,1699,SNARL,WILD_CHARGE,ROCK_SLIDE,54.3,36.4,59.5,28.4,talonflame:872;walrein:643;ninetales_shadow:639;dusknoir_shadow:616;cresselia:577,cramorant:63;kingdra:105;cradily:256;corsola_galarian:320;altaria:409
geodude_shadow,Geodude (Shadow),61.9,123.5,123.5,113,1724,ROCK_THROW,ROCK_TOMB,ROCK_SLIDE,66.8,42.5,42.7,48.6,talonflame:893;ninetales_shadow:889;fearow:853;cramorant:836;charjabug:685,corsola_galarian:284;cradily:298;kingdra:343;dragonair_shadow:358;altaria:438
donphan_shadow,Donphan (Shadow),61.8,125.2,113.1,126,1786,MUD_SLAP,TRAILBLAZE,EARTHQUAKE,59.7,39.6,48.5,40.7,clodsire:730;stunfisk:674;charjabug:607;hypno:595;dunsparce:587,altaria:188;cradily:253;kingdra:330;cramorant:349;corsola_galarian:453
skorupi_shadow,Skorupi (Shadow),61.7,90.7,139.4,113,1430,INFESTATION,CROSS_POISON,AQUA_TAIL,59.1,47.6,55.6,37.1,electrode_hisuian:836;rillaboom:756;machoke_shadow:721;abomasnow:561;charjabug:513,corsola_galarian:205;altaria:221;cramorant:265;kingdra:326;cradily:347
rotom_heat,Rotom (Heat),61.6,128.8,144.9,93,1737,THUNDER_SHOCK,OVERHEAT,THUNDERBOLT,50.4,28.4,70.2,29.2,ninetales_shadow:715;jumpluff:672;charjabug:661;walrein:655;electrode_hisuian:639,dragonair_shadow:110;kingdra:173;cradily:354;altaria:394;corsola_galarian:435
pineco,Pineco,61.5,103.3,115.1,127,1511,BUG_BITE,ROCK_TOMB,SAND_TOMB,58.4,40.7,55.9,53.6,cresselia:641;deoxys_defense:598;rillaboom:590;seismitoad:519;electrode_hisuian:507,cramorant:178;altaria:199;corsola_galarian:276;kingdra:330;cradily:357
weepinbell_shadow,Weepinbell (Shadow),61.5,139.3,82.6,140,1613,ACID,POWER_WHIP,SLUDGE_BOMB,45.9,31,60.2,27.4,stunfisk:600;rillaboom:596;dunsparce:567;electrode_hisuian:539;diggersby:514,cramorant:253;altaria:264;kingdra:271;corsola_galarian:453;cradily:486
ho_oh_shadow,Ho-Oh (Shadow),61.4,123.4,126.4,113,1764,INCINERATE,BRAVE_BIRD,SACRED_FIRE,52.5,31.2,68.8,43,electrode_hisuian:756;seismitoad:672;cresselia:663;rillaboom:575;jumpluff:522,cramorant:95;kingdra:139;altaria:184;cradily:267;corsola_galarian:273
kingler,Kingler,61.3,144.5,115.6,93,1554,MUD_SHOT,CRABHAMMER,VICE_GRIP,61.9,49.8,62.8,19.3,talonflame:817;aurorus:693;annihilape_shadow:618;toucannon_shadow:618;diggersby:543,cramorant:47;altaria:206;cradily:298;corsola_galarian:309;kingdra:338
poliwhirl_shadow,Poliwhirl (Shadow),61.2,114.2,115.9,148,1961,BUBBLE,SCALD,MUD_BOMB,53.6,35.9,64.6,33.5,clodsire:604;seismitoad:567;marowak:560;vigoroth:520;quagsire_shadow:516,cradily:170;altaria:188;cramorant:202;kingdra:313;corsola_galarian:399
vanilluxe,Vanilluxe,61.2,131.5,117.3,110,1699,ASTONISH,AVALANCHE,FLASH_CANNON,50.7,33.2,61,31,corsola_galarian:668;stunfisk:618;cresselia:590;jellicent:522;jumpluff:509,cradily:197;altaria:206;kingdra:233;cramorant:253;dragonair_shadow:263
rampardos_shadow,Rampardos (Shadow),61,162.2,67.2,126,1376,SMACK_DOWN,ROCK_SLIDE,FLAMETHROWER,68.9,40.4,33.6,44.7,fearow:829;cramorant:773;lapras:630;aurorus:591;altaria:559,corsola_galarian:280;cradily:309;kingdra:360;vigoroth:365;dragonair_shadow:429
skorupi,Skorupi,60.9,90.7,139.4,113,1430,INFESTATION,AQUA_TAIL,CROSS_POISON,58.6,43.9,55.6,44.2,abomasnow:588;rillaboom:553;electrode_hisuian:544;cradily:522;feraligatr:517,corsola_galarian:172;altaria:177;cramorant:218;kingdra:275;dragonair_shadow:342
lycanroc_midnight,Lycanroc (Midnight),60.8,132.6,99.7,127,1680,ROCK_THROW,STONE_EDGE,TRAILBLAZE,63.3,45.7,47.1,52.4,toucannon_shadow:858;fearow:854;talonflame:854;sealeo_shadow:555;cramorant:539,cradily:260;corsola_galarian:298;kingdra:300;dragonair_shadow:322;altaria:402
prinplup_shadow,Prinplup (Shadow),60.8,118.6,117,136,1889,BUBBLE,ICY_WIND,BUBBLE_BEAM,59.6,41,53.5,33.3,clodsire:636;altaria:518;aurorus:514;stunfisk:514;ninetales_shadow:507,dragonair_shadow:169;cradily:184;cramorant:297;kingdra:305;corsola_galarian:388
beheeyem,Beheeyem,60.7,134.4,105.7,117,1663,CONFUSION,ROCK_SLIDE,DARK_PULSE,57.3,46.2,57,39.4,annihilape_shadow:786;medicham:692;clodsire:576;oranguru:508;mantine:504,corsola_galarian:201;cradily:232;altaria:264;kingdra:300;cramorant:337
porygon2_shadow,Porygon2 (Shadow),60.5,122.1,117.9,127,1830,LOCK_ON,TRI_ATTACK,ZAP_CANNON,48.9,45,70.2,21.3,toxapex:791;jellicent:649;feraligatr:590;dunsparce:590;corsola_galarian:555,kingdra:88;cramorant:91;altaria:94;dragonair_shadow:145;cradily:270
yanmega,Yanmega,60.5,136.8,96,125,1643,WING_ATTACK,AERIAL_ACE,ANCIENT_POWER,49,38.7,60.5,29.2,spidops:756;rillaboom:616;gourgeist_super:596;araquanid:540;medicham:540,cramorant:202;kingdra:216;cradily:298;corsola_galarian:334;altaria:384
breloom,Breloom,60.4,149.9,96.7,103,1494,FORCE_PALM,DYNAMIC_PUNCH,GRASS_KNOT,56.9,31,53.6,47.8,furret:800;aurorus:733;dunsparce:708;vigoroth:703;stunfisk:640,cramorant:126;corsola_galarian:133;altaria:206;kingdra:309;cradily:447
lilligant_hisuian,Lilligant (Hisuian),60.4,133.4,107.7,117,1683,BULLET_SEED,UPPER_HAND,PETAL_BLIZZARD,47.7,27.9,62.6,35.8,stunfisk:773;quagsire_shadow:764;dunsparce:747;feraligatr:568;furret:542,cramorant:103;altaria:170;corsola_galarian:197;cradily:333;kingdra:415
pupitar_shadow,Pupitar (Shadow),60.2,120.1,111.8,139,1868,BITE,ANCIENT_POWER,DIG,49.9,35.7,52.8,31,talonflame:809;pidgeot_shadow:780;turtonator:665;charjabug:661;toucannon_shadow:539,cramorant:162;kingdra:173;cradily:312;corsola_galarian:341;altaria:438
deerling,Deerling,60.1,109.2,96.6,142,1499,TAKE_DOWN,WILD_CHARGE,ENERGY_BALL,56.1,34.2,57.2,41.9,stunfisk:728;marowak:577;jellicent:559;hypno:556;quagsire_shadow:531,cradily:156;altaria:235;cramorant:281;kingdra:385;corsola_galarian:482
heliolisk,Heliolisk,60.1,138.1,112.1,105,1626,VOLT_SWITCH,BREAKING_SWIPE,PARABOLIC_CHARGE,57.7,36.2,51.2,44,cramorant:861;toxapex:785;jellicent:666;feraligatr:633;corsola_galarian:623,dragonair_shadow:177;altaria:221;vigoroth:244;cradily:253;kingdra:258
onix_shadow,Onix (Shadow),60.1,84,207.5,105,1831,ROCK_THROW,ROCK_SLIDE,SAND_TOMB,59.4,40.9,53.5,54.4,talonflame:895;charjabug:733;lickilicky:623;fearow:571;hypno:523,kingdra:216;dragonair_shadow:251;cradily:305;corsola_galarian:392;cramorant:476
rowlet,Rowlet,60.1,98.3,95.7,154,1450,LEAFAGE,ENERGY_BALL,SEED_BOMB,56.4,38.4,54.2,41.2,marowak:879;feraligatr:801;jellicent:558;stunfisk:516;vigoroth:503,altaria:155;cradily:270;corsola_galarian:291;cramorant:297;kingdra:364
vivillon,Vivillon,59.9,131.7,86.3,149,1694,GUST,ENERGY_BALL,HURRICANE,59.1,43.9,50.5,42.4,annihilape_shadow:875;deoxys_defense:647;araquanid:577;medicham:560;snorlax:510,cradily:232;corsola_galarian:241;altaria:242;kingdra:279;cramorant:281
crabominable,Crabominable,59.8,136.8,88.5,135,1635,BUBBLE,ICE_PUNCH,BRICK_BREAK,48.1,29.2,56.8,27.4,furret:755;aurorus:692;diggersby:600;marowak:511;oinkologne:507,cramorant:115;kingdra:254;corsola_galarian:291;cradily:333;altaria:481
porygon_shadow,Porygon (Shadow),59.8,120,115.4,135,1870,TACKLE,DISCHARGE,SIGNAL_BEAM,51,41.2,63.2,36.3,feraligatr:600;cresselia:562;seaking:540;blastoise:533;dewgong:518,cradily:184;kingdra:258;cramorant:265;altaria:275;corsola_galarian:392
raboot,Raboot,59.8,128.8,103.7,130,1738,FIRE_SPIN,FLAME_CHARGE,FLAMETHROWER,52.8,35.4,55.1,43.5,deoxys_defense:630;jumpluff:576;charjabug:511;cresselia:511;ninetales_shadow:503,cramorant:170;kingdra:190;cradily:218;corsola_galarian:258;altaria:300
tangela,Tangela,59.8,125.5,122.8,116,1790,INFESTATION,GRASS_KNOT,SLUDGE_BOMB,51.3,27,61.4,32.8,stunfisk:784;hypno:620;deoxys_defense:616;quagsire_shadow:577;jellicent:560,cramorant:142;cradily:253;kingdra:271;altaria:289;corsola_galarian:330
boldore,Boldore,59.7,124.4,109.5,132,1799,MUD_SLAP,ROCK_SLIDE,BULLDOZE,50,29.6,60.9,30.7,toxapex:768;talonflame:621;stunfisk:549;walrein:534;charjabug:518,altaria:90;kingdra:182;dragonair_shadow:240;cradily:315;corsola_galarian:348
braviary,Braviary,59.6,133.7,92.9,135,1678,AIR_SLASH,FLY,CLOSE_COMBAT,46.9,27,64.2,32.8,jellicent:622;gourgeist_super:555;araquanid:551;marowak:518;jumpluff:507,cradily:184;altaria:206;kingdra:207;cramorant:226;corsola_galarian:406
rhyhorn,Rhyhorn,59.6,112.5,111,159,1987,MUD_SLAP,BULLDOZE,STOMP,57.6,33.5,54.9,46,charjabug:735;stunfisk:672;hypno:559;vigoroth:537;deoxys_defense:503,kingdra:207;altaria:221;cramorant:230;dragonair_shadow:263;cradily:329
rhyhorn_shadow,Rhyhorn (Shadow),59.6,112.5,111,159,1987,MUD_SLAP,BULLDOZE,STOMP,56.1,34.8,52.6,40.7,toxapex:808;charjabug:685;lickilicky:672;stunfisk:635;dunsparce:553,altaria:228;cradily:239;cramorant:253;kingdra:258;corsola_galarian:273
eelektross,Eelektross,59.5,133.8,99.7,126,1682,VOLT_SWITCH,DRAGON_CLAW,THUNDERBOLT,49.7,32.6,64.7,39.4,cramorant:853;toucannon_shadow:817;toxapex:773;deoxys_defense:599;lickilicky:571,cradily:138;dragonair_shadow:161;corsola_galarian:197;altaria:221;kingdra:258
boltund,Boltund,59.4,136.9,95.3,126,1645,BITE,CRUNCH,THUNDER,45.6,36,69.7,21.3,grumpig:722;dusclops:638;gourgeist_super:535;oranguru:531;cramorant:515,dragonair_shadow:145;kingdra:173;altaria:184;cradily:302;corsola_galarian:413
carracosta,Carracosta,59.4,121.4,126.9,120,1850,WATER_GUN,LIQUIDATION,ANCIENT_POWER,51.7,32.5,62.1,37.9,turtonator:637;talonflame:616;noctowl:604;cramorant:570;diggersby:504,kingdra:97;dragonair_shadow:216;cradily:232;corsola_galarian:366;altaria:481
graveler_shadow,Graveler (Shadow),59.4,122.6,129.8,115,1831,MUD_SLAP,ROCK_SLIDE,DIG,55,34.2,47.8,34.6,toxapex:760;snorlax:630;charjabug:630;stunfisk:547;dusclops:526,altaria:119;cramorant:142;cradily:239;kingdra:258;corsola_galarian:453
pupitar,Pupitar,59.4,120.1,111.8,139,1868,BITE,ANCIENT_POWER,DIG,50.9,33.5,56.8,36.8,talonflame:838;turtonator:719;charjabug:679;toucannon_shadow:615;fearow:528,cramorant:162;kingdra:173;cradily:250;corsola_galarian:345;altaria:423
kingler_shadow,Kingler (Shadow),59.3,144.5,115.6,93,1554,BUBBLE,CRABHAMMER,VICE_GRIP,44.8,28.5,55.2,22.3,charizard_shadow:822;aurorus:720;talonflame:715;aerodactyl_shadow:629;turtonator:505,kingdra:105;cramorant:170;cradily:312;altaria:336;corsola_galarian:485
seel,Seel,59.3,84,114.2,149,1431,WATER_GUN,AQUA_TAIL,ICY_WIND,57.1,45.9,54.2,36.3,clodsire:620;ninetales:620;marowak:583;ninetales_shadow:540;diggersby:526,cradily:250;kingdra:279;altaria:333;cramorant:384;corsola_galarian:464
phanpy,Phanpy,59.2,102.5,94.9,186,1811,TACKLE,BULLDOZE,ROCK_SLIDE,49,33.1,61.7,41.4,lanturn:620;emolga:610;turtonator:540;charjabug:534;fearow:529,kingdra:173;cramorant:242;corsola_galarian:280;cradily:309;altaria:471
trapinch,Trapinch,59.2,148.7,78.1,120,1395,SAND_ATTACK,SAND_TOMB,CRUNCH,51.8,41,47.3,32,lanturn:858;toxapex:754;deoxys_defense:720;stunfisk:612;grumpig:612,cramorant:83;altaria:253;cradily:336;kingdra:389;corsola_galarian:431
bulbasaur,Bulbasaur,59.1,111.7,105.8,120,1420,VINE_WHIP,POWER_WHIP,SEED_BOMB,53.2,38.5,56.1,35.3,feraligatr:787;quagsire_shadow:741;stunfisk:700;jellicent:666;marowak:545,altaria:173;corsola_galarian:320;cramorant:321;cradily:340;kingdra:487
kyogre_shadow,Kyogre (Shadow),59.1,133.9,116.5,104,1623,WATERFALL,AVALANCHE,SURF,53.5,35.6,48.2,34.3,talonflame:807;dusclops:639;aurorus:634;corsola_galarian:562;diggersby:524,kingdra:131;altaria:177;cramorant:226;dragonair_shadow:240;cradily:253
oricorio_sensu,Oricorio (Sensu),59.1,130.8,102,128,1710,AIR_SLASH,AIR_CUTTER,HURRICANE,50,30.6,57.7,42.2,rillaboom:746;vigoroth:667;araquanid:667;medicham:535;jumpluff:523,corsola_galarian:176;cradily:184;altaria:206;cramorant:226;kingdra:241
raticate,Raticate,59.1,125.9,116,122,1783,QUICK_ATTACK,HYPER_FANG,DIG,47.4,35.3,64.7,25.6,quagsire_shadow:643;feraligatr:622;ninetales_shadow:569;seaking:553;seismitoad:512,kingdra:173;altaria:177;cramorant:238;cradily:246;corsola_galarian:420
rotom_frost,Rotom (Frost),59.1,128.8,144.9,93,1737,THUNDER_SHOCK,THUNDERBOLT,BLIZZARD,40.7,24,66.5,21.6,jumpluff:618;cramorant:548;charjabug:548;stunfisk:537;araquanid:510,cradily:93;dragonair_shadow:110;altaria:134;kingdra:173;corsola_galarian:345
tranquill,Tranquill,59,123.9,102.2,143,1812,AIR_SLASH,HEAT_WAVE,AERIAL_ACE,50.5,31.4,60.9,39.1,araquanid:629;gourgeist_super:625;jumpluff:562;diggersby:534;dusknoir_shadow:517,cradily:170;altaria:199;kingdra:241;cramorant:257;corsola_galarian:442
plusle,Plusle,58.9,128.2,107.2,127,1746,QUICK_ATTACK,THUNDERBOLT,GRASS_KNOT,41.2,31.5,71.3,18.5,mantine:665;blastoise:539;cramorant:535;walrein:531;lapras:511,corsola_galarian:50;altaria:134;kingdra:173;dragonair_shadow:181;cradily:256
seadra,Seadra,58.8,131.3,117.5,110,1699,DRAGON_BREATH,HYDRO_PUMP,DRAGON_PULSE,45.4,30.9,66.3,29.5,diggersby:618;sealeo_shadow:527;feraligatr:509;quagsire:509;cramorant:504,cradily:184;corsola_galarian:197;altaria:275;dragonair_shadow:413;kingdra:427
sunflora,Sunflora,58.8,128.7,102.1,132,1736,BULLET_SEED,LEAF_STORM,SLUDGE_BOMB,50.7,24.8,63,26.9,stunfisk:776;quagsire_shadow:575;kingdra:537;jellicent:534;furret:515,dragonair_shadow:98;cramorant:142;altaria:224;cradily:236;corsola_galarian:424
graveler,Graveler,58.6,121.4,130.9,116,1845,MUD_SLAP,ROCK_SLIDE,DIG,53.2,31,54.7,37.4,toxapex:866;charjabug:698;stunfisk:663;talonflame:620;fearow:508,cramorant:115;cradily:197;kingdra:233;altaria:394;corsola_galarian:413
groudon_shadow,Groudon (Shadow),58.6,133.9,116.5,104,1623,MUD_SHOT,PRECIPICE_BLADES,FIRE_PUNCH,56.3,48.4,58,17,clodsire:879;deoxys_defense:706;stunfisk:634;corsola_galarian:610;charjabug:562,altaria:141;cramorant:210;kingdra:216;dragonair_shadow:346;cradily:451
trapinch_shadow,Trapinch (Shadow),58.6,148.7,78.1,120,1395,SAND_ATTACK,SAND_TOMB,CRUNCH,46.7,37.6,48,23.9,clodsire:858;hypno:579;stunfisk:570;corsola_galarian:558;grumpig:516,cramorant:83;dragonair_shadow:216;kingdra:233;altaria:286;cradily:368
whirlipede,Whirlipede,58.6,96.6,157.9,113,1725,POISON_STING,SLUDGE_BOMB,GYRO_BALL,49,39.8,58.6,33.3,electrode_hisuian:836;abomasnow:646;machoke_shadow:615;rillaboom:570;jumpluff:544,cramorant:134;corsola_galarian:215;altaria:242;kingdra:385;cradily:444
nosepass,Nosepass,58.5,81.5,193.2,98,1544,ROCK_THROW,ROCK_SLIDE,ROCK_BLAST,52,30.9,61.4,41.7,talonflame:852;toucannon_shadow:688;fearow:596;charjabug:586;dewgong:571,kingdra:173;cradily:371;corsola_galarian:413;cramorant:448;altaria:474
raticate_shadow,Raticate (Shadow),58.5,125.9,116,122,1783,QUICK_ATTACK,HYPER_FANG,DIG,40.8,33.9,62.6,21.8,quagsire:643;feraligatr:569;ninetales:569;oinkologne:512;seaking:512,altaria:177;kingdra:216;cramorant:238;cradily:277;corsola_galarian:471
pineco_shadow,Pineco (Shadow),58.4,103.3,115.1,127,1511,BUG_BITE,ROCK_TOMB,SAND_TOMB,56.8,39.5,50,48.6,deoxys_defense:692;seismitoad:692;rillaboom:598;cresselia:551;abomasnow:507,cramorant:162;altaria:184;corsola_galarian:294;kingdra:343;cradily:447
komala,Komala,58.1,136.8,110.2,109,1645,ROLLOUT,BULLDOZE,PAYBACK,41,26.2,63.7,33,corsola_galarian:830;dusclops:752;jellicent:623;talonflame:582;feraligatr:550,kingdra:139;dragonair_shadow:169;altaria:228;cradily:274;cramorant:305
reuniclus_shadow,Reuniclus (Shadow),58,126.9,94.9,147,1771,CHARM,PSYSHOCK,SHADOW_BALL,50.9,34.8,55.6,35.6,annihilape_shadow:782;salamence_shadow:778;salamence:775;dragonair_shadow:690;drampa:690,corsola_galarian:205;cradily:225;cramorant:281;altaria:380;kingdra:449
tatsugiri_curly,Tatsugiri (Curly),58,137.4,108.1,109,1619,TAKE_DOWN,SURF,OUTRAGE,48.6,32.1,60.5,35.1,milotic:591;diggersby:545;lickilicky:522;ninetales:518;dunsparce:509,corsola_galarian:100;cradily:156;kingdra:258;altaria:264;cramorant:440
tatsugiri_droopy,Tatsugiri (Droopy),58,137.4,108.1,109,1619,TAKE_DOWN,SURF,OUTRAGE,48.6,32.1,60.5,35.1,milotic:591;diggersby:545;lickilicky:522;ninetales:518;dunsparce:509,corsola_galarian:100;cradily:156;kingdra:258;altaria:264;cramorant:440
tatsugiri_stretchy,Tatsugiri (Stretchy),58,137.4,108.1,109,1619,TAKE_DOWN,SURF,OUTRAGE,48.6,32.1,60.5,35.1,milotic:591;diggersby:545;lickilicky:522;ninetales:518;dunsparce:509,corsola_galarian:100;cradily:156;kingdra:258;altaria:264;cramorant:440
cinccino,Cinccino,57.8,134.9,96.1,128,1661,CHARM,AQUA_TAIL,THUNDERBOLT,52.2,37.3,54.7,38.6,salamence_shadow:742;jellicent:613;corsola_galarian:566;dusclops:550;goodra:511,cradily:211;cramorant:253;altaria:351;kingdra:419;dragonair_shadow:429
eevee,Eevee,57.7,99.9,108.3,135,1463,QUICK_ATTACK,SWIFT,DIG,52.3,46.4,56.1,36.3,gengar:874;haunter:670;mew:666;feraligatr:625;qwilfish_shadow:577,cradily:211;altaria:239;corsola_galarian:284;cramorant:289;kingdra:334
corphish_shadow,Corphish (Shadow),57.6,131,95.7,117,1469,BUBBLE,AQUA_JET,VICE_GRIP,44.1,25.7,54.4,19.5,clodsire:790;talonflame:739;diggersby:726;aurorus:581;turtonator:538,kingdra:80;cramorant:170;altaria:322;cradily:354;corsola_galarian:395
mothim,Mothim,57.5,140,82.9,138,1603,BUG_BITE,AERIAL_ACE,BUG_BUZZ,56.8,36.5,49.4,44.7,deoxys_defense:909;electrode_hisuian:735;grumpig:692;cresselia:554;araquanid:532,altaria:184;corsola_galarian:197;cramorant:250;kingdra:355;cradily:413
oricorio_baile,Oricorio (Baile),57.5,130.8,102,128,1710,AIR_SLASH,AIR_CUTTER,HURRICANE,49.2,31.7,57.2,37.4,araquanid:718;medicham:613;jumpluff:574;ninetales_shadow:542;rillaboom:503,cradily:184;cramorant:226;kingdra:241;corsola_galarian:334;altaria:405
sudowoodo_shadow,Sudowoodo (Shadow),57.5,117.1,130.1,126,1921,COUNTER,METEOR_BEAM,TRAILBLAZE,50.5,32.9,57,38.4,aurorus:809;oinkologne:718;lickilicky:587;stunfisk:527;walrein:511,corsola_galarian:100;altaria:177;cramorant:246;kingdra:258;cradily:388
seel_shadow,Seel (Shadow),57.4,84,114.2,149,1431,WATER_GUN,AQUA_TAIL,ICY_WIND,52.3,40,54.5,32,talonflame:822;marowak:560;ninetales:540;lunatone:516;fearow:506,kingdra:177;cradily:263;altaria:347;corsola_galarian:359;cramorant:380
tangela_shadow,Tangela (Shadow),57.3,125.5,122.8,116,1790,INFESTATION,GRASS_KNOT,SLUDGE_BOMB,45.4,26.4,57,30.5,stunfisk:745;dunsparce:607;cresselia:581;hypno:551;quagsire_shadow:517,altaria:148;cramorant:170;kingdra:275;cradily:295;corsola_galarian:366
chespin_shadow,Chespin (Shadow),57.2,105,101.6,136,1452,VINE_WHIP,SEED_BOMB,BODY_SLAM,49.7,44,52.4,32.5,feraligatr:775;marowak:687;stunfisk:580;seismitoad:558;quagsire_shadow:507,cramorant:202;altaria:221;cradily:256;corsola_galarian:312;kingdra:355
lombre,Lombre,57,106.7,112.6,142,1706,BUBBLE,SCALD,GRASS_KNOT,44.6,25,64.4,28.4,seismitoad:750;marowak:637;quagsire_shadow:623;stunfisk:573;feraligatr:521,altaria:112;kingdra:118;cradily:128;cramorant:146;corsola_galarian:366
heliolisk_shadow,Heliolisk (Shadow),56.9,138.1,112.1,105,1626,VOLT_SWITCH,BREAKING_SWIPE,PARABOLIC_CHARGE,59.1,35.6,40.8,43.7,feraligatr:866;cramorant:861;corsola_galarian:823;fearow:771;jellicent:623,cradily:170;dragonair_shadow:208;kingdra:258;altaria:264;vigoroth:279
carracosta_shadow,Carracosta (Shadow),56.8,121.4,126.9,120,1850,WATER_GUN,ANCIENT_POWER,LIQUIDATION,47.6,30.4,58,35.8,mantine:629;oinkologne:620;turtonator:570;talonflame:545;toucannon_shadow:541,kingdra:173;altaria:184;dragonair_shadow:216;cradily:232;corsola_galarian:294
cubone_shadow,Cubone (Shadow),56.8,88.2,133.6,127,1497,MUD_SLAP,BONE_CLUB,BULLDOZE,52,34,50.1,36.3,clodsire:748;stunfisk:708;charjabug:649;turtonator:598;lanturn:543,altaria:134;cramorant:158;kingdra:207;cradily:274;corsola_galarian:276
geodude,Geodude,56.8,123.5,123.5,113,1724,ROCK_THROW,ROCK_TOMB,ROCK_SLIDE,58.2,36,44.3,47,toucannon_shadow:871;talonflame:862;charjabug:721;turtonator:601;altaria:544,cradily:253;corsola_galarian:273;kingdra:300;dragonair_shadow:322;cramorant:480
entei,Entei,56.7,129.3,96.1,140,1741,FIRE_FANG,FLAME_CHARGE,SCORCHING_SANDS,54.3,33.7,51.7,49.6,rillaboom:657;cresselia:639;jumpluff:578;ninetales_shadow:535;charjabug:510,kingdra:131;cramorant:218;corsola_galarian:266;cradily:267;altaria:373
infernape,Infernape,56.6,136.6,100.4,119,1633,FIRE_SPIN,CLOSE_COMBAT,BLAST_BURN,46.3,27,57.7,32.8,dusclops:584;dunsparce:563;furret:558;walrein:533;charjabug:512,cramorant:111;kingdra:122;altaria:148;cradily:250;corsola_galarian:262
silicobra,Silicobra,56.6,99.1,115.9,131,1506,MUD_SLAP,EARTH_POWER,WRAP,50.5,33.4,53.3,40.9,toxapex:767;clodsire:759;stunfisk:717;charjabug:687;marowak:530,cradily:170;kingdra:182;altaria:195;cramorant:222;corsola_galarian:374
whirlipede_shadow,Whirlipede (Shadow),56.5,96.6,157.9,113,1725,POISON_STING,SLUDGE_BOMB,GYRO_BALL,44,32.6,58.4,23.6,electrode_hisuian:836;abomasnow:566;araquanid:544;rillaboom:530;cradily:513,kingdra:131;cramorant:134;dragonair_shadow:161;corsola_galarian:223;altaria:318
braviary_hisuian,Braviary (Hisuian),56.4,128.5,89.6,151,1741,AIR_SLASH,BRAVE_BIRD,FLY,44.6,25.4,62.3,34.6,jumpluff:549;deoxys_defense:533;marowak:529;diggersby:526;araquanid:503,corsola_galarian:176;cradily:184;altaria:199;cramorant:226;kingdra:241
entei_shadow,Entei (Shadow),56.4,128.8,95.1,139,1705,FIRE_FANG,FLAME_CHARGE,SCORCHING_SANDS,58.1,35.9,42.7,46.3,electrode_hisuian:816;rillaboom:751;gourgeist_super:683;cresselia:611;jumpluff:525,kingdra:135;cramorant:218;corsola_galarian:284;cradily:298;altaria:304
maractus,Maractus,56.4,135.5,95.2,128,1652,BULLET_SEED,AERIAL_ACE,PETAL_BLIZZARD,45.4,35.6,60,22.9,stunfisk:710;seismitoad:585;marowak:554;quagsire_shadow:519;kingdra:511,dragonair_shadow:98;cradily:114;cramorant:142;altaria:188;corsola_galarian:251
chespin,Chespin,56.3,105,101.6,136,1452,VINE_WHIP,SEED_BOMB,BODY_SLAM,50.7,40.9,51.9,36.3,quagsire_shadow:922;stunfisk:768;feraligatr:617;marowak:580;jellicent:503,altaria:199;cradily:218;corsola_galarian:244;cramorant:313;kingdra:377
tranquill_shadow,Tranquill (Shadow),56.3,123.9,102.2,143,1812,AIR_SLASH,HEAT_WAVE,AERIAL_ACE,50.2,30,55.6,37.1,annihilape_shadow:681;jellicent:622;araquanid:555;gourgeist_super:552;jumpluff:506,cradily:197;altaria:206;kingdra:233;cramorant:253;corsola_galarian:417
stantler,Stantler,56.2,132.1,99.4,129,1695,TACKLE,WILD_CHARGE,STOMP,46.9,33.4,60.2,30,toxapex:771;lickilicky:612;miltank:612;feraligatr:593;blastoise:503,cradily:184;kingdra:258;cramorant:273;altaria:275;corsola_galarian:348
simisear,Simisear,56.1,135.9,95.8,126,1642,FIRE_SPIN,CRUNCH,FLAMETHROWER,48.2,29.6,51.2,34.3,walrein:626;dusclops:599;jumpluff:539;charjabug:511;dewgong:507,kingdra:105;cramorant:198;cradily:225;altaria:315;corsola_galarian:482
toedscool,Toedscool,56.1,94.1,137.8,113,1466,MUD_SLAP,EARTH_POWER,WRAP,53.3,33.7,50.7,42.7,stunfisk:827;charjabug:615;dunsparce:610;vigoroth:548;grumpig:522,kingdra:182;altaria:202;cramorant:214;corsola_galarian:348;cradily:420
boldore_shadow,Boldore (Shadow),56,125.3,109.2,131,1795,MUD_SLAP,ROCK_SLIDE,BULLDOZE,45.1,28.9,49.4,26.9,toxapex:767;oinkologne:641;dusclops:587;snorlax:553;talonflame:549,altaria:90;cramorant:130;cradily:218;kingdra:233;corsola_galarian:251
cubone,Cubone,55.9,88.2,133.6,127,1497,MUD_SLAP,BONE_CLUB,RETURN,52.8,30.6,54,42.2,stunfisk:625;clodsire:606;toxapex:527;charjabug:523;turtonator:507,cramorant:111;altaria:126;kingdra:156;cradily:371;corsola_galarian:392
kadabra_shadow,Kadabra (Shadow),55.9,163.8,90.9,92,1370,CONFUSION,SHADOW_BALL,DAZZLING_GLEAM,63.7,44.3,31.1,37.4,annihilape:793;annihilape_shadow:744;clodsire:711;dragalge:652;toxapex:570,corsola_galarian:172;altaria:311;cradily:336;kingdra:343;cramorant:420
nosepass_shadow,Nosepass (Shadow),55.9,81.5,193.2,98,1544,ROCK_THROW,ROCK_SLIDE,ROCK_BLAST,50,30.4,57.2,44.5,talonflame:872;cramorant:571;fearow:520;charjabug:520;ninetales_shadow:510,cradily:208;kingdra:216;dragonair_shadow:251;corsola_galarian:320;altaria:384
fuecoco,Fuecoco,55.6,106.7,93.2,152,1513,INCINERATE,CRUNCH,FLAMETHROWER,50.9,33.1,54.9,32,jumpluff:782;dewgong:552;charjabug:546;cresselia:529;gourgeist_super:529,kingdra:105;cramorant:146;cradily:340;corsola_galarian:413;altaria:413
infernape_shadow,Infernape (Shadow),55.6,136.6,100.4,119,1633,FIRE_SPIN,CLOSE_COMBAT,BLAST_BURN,49.7,30.3,48.9,33.8,gourgeist_super:794;electrode_hisuian:785;walrein:752;rillaboom:710;dusclops:605,cramorant:126;kingdra:131;altaria:177;corsola_galarian:294;cradily:312
krabby_shadow,Krabby (Shadow),55.6,148,111.2,92,1515,BUBBLE,VICE_GRIP,RAZOR_SHELL,49.9,47,51.7,21.3,aurorus:771;talonflame:711;snorlax_shadow:668;aerodactyl_shadow:603;marowak:576,kingdra:105;cramorant:170;corsola_galarian:287;cradily:312;altaria:344
chinchou,Chinchou,55.5,101.6,94.1,164,1569,BUBBLE,WATER_PULSE,THUNDERBOLT,43.5,24.8,64.2,25.1,mantine:710;sealeo_shadow:603;feraligatr:582;stunfisk:557;talonflame:509,kingdra:80;cradily:128;cramorant:293;altaria:293;corsola_galarian:320
accelgor,Accelgor,55.4,143.2,84.9,129,1569,INFESTATION,BUG_BUZZ,ACID_SPRAY,49.2,29.6,53.3,30,deoxys_defense:670;seismitoad:627;stunfisk:593;medicham:577;cresselia:558,altaria:148;corsola_galarian:165;cramorant:170;kingdra:254;cradily:427
clamperl,Clamperl,55.4,124.3,126,105,1646,WATER_GUN,WATER_PULSE,BODY_SLAM,48.6,35.1,55.9,33.3,blaziken_shadow:880;diggersby:633;gligar:614;ninetales:509;quagsire:504,kingdra:105;corsola_galarian:197;cradily:232;altaria:333;cramorant:416
gorebyss,Gorebyss,55.4,136.2,121,100,1649,CONFUSION,WATER_PULSE,DRAINING_KISS,52.3,37,55.2,32.8,toxapex:610;gourgeist_super:545;feraligatr:535;medicham:520;clodsire:510,corsola_galarian:197;cradily:211;cramorant:242;altaria:257;kingdra:360
popplio,Popplio,55.1,113.4,99.1,127,1429,WATER_GUN,AQUA_TAIL,AQUA_JET,46.7,36,52.2,29,talonflame:807;runerigus:712;marowak_alolan:673;diggersby:614;marowak:531,kingdra:182;altaria:184;cradily:302;cramorant:305;corsola_galarian:327
corphish,Corphish,55,131,95.7,117,1469,BUBBLE,AQUA_JET,VICE_GRIP,42.5,27.9,54.7,19.5,talonflame:773;aurorus:658;pidgeot_shadow:589;aurorus_shadow:581;diggersby:547,kingdra:105;cramorant:142;altaria:264;cradily:298;corsola_galarian:334
dottler,Dottler,54.9,85.7,144.5,127,1573,CONFUSION,BUG_BUZZ,PSYCHIC,47.2,31.7,61.4,34.3,machoke_shadow:787;annihilape_shadow:594;gallade_shadow:570;electrode_hisuian:555;rillaboom:515,corsola_galarian:154;cramorant:182;altaria:206;kingdra:271;cradily:399
glaceon,Glaceon,54.7,135.7,122.3,99,1645,ICE_SHARD,AVALANCHE,WATER_PULSE,44.4,28.5,53.3,29,salamence_shadow:843;salamence:813;dragonite:797;diggersby:616;stunfisk:580,kingdra:207;cramorant:226;cradily:281;corsola_galarian:410;altaria:496
oricorio_pau,Oricorio (Pa'u),54.7,130.8,102,128,1710,AIR_SLASH,AIR_CUTTER,HURRICANE,46.3,29.5,54.2,33,machoke_shadow:718;medicham:585;rillaboom:542;jumpluff:523;araquanid:511,corsola_galarian:176;cradily:184;altaria:206;cramorant:226;kingdra:241
roggenrola,Roggenrola,54.3,114.2,105,135,1621,SMACK_DOWN,STONE_EDGE,ROCK_BLAST,48.4,29,55.1,41.7,talonflame:862;toucannon_shadow:811;charjabug:522;spidops:522;cramorant:518,cradily:184;kingdra:207;dragonair_shadow:263;altaria:322;corsola_galarian:356
sigilyph,Sigilyph,54.1,130,112.1,118,1721,AIR_SLASH,AIR_CUTTER,ANCIENT_POWER,45.3,28.4,52.8,33,machoke_shadow:707;medicham:631;jumpluff:525;araquanid:525;rillaboom:516,corsola_galarian:176;cradily:184;altaria:206;kingdra:207;cramorant:226
stantler_shadow,Stantler (Shadow),54.1,133.5,98.4,128,1684,TACKLE,WILD_CHARGE,STOMP,48.2,35,51,27.9,toxapex:769;jellicent:589;dunsparce:546;spidops:542;lickilicky:527,cradily:184;kingdra:258;altaria:275;cramorant:333;corsola_galarian:356
tornadus_incarnate,Tornadus (Incarnate),53.9,148.1,95.5,107,1514,BITE,DARK_PULSE,HURRICANE,39.7,26,53.8,18.8,deoxys_defense:841;grumpig:672;hypno:668;diggersby:546;gourgeist_super:542,cramorant:166;kingdra:173;altaria:184;cradily:329;corsola_galarian:478
tornadus_incarnate_shadow,Tornadus (Incarnate) (Shadow),53.9,148.1,95.5,107,1514,BITE,DARK_PULSE,HURRICANE,38.9,27.1,48.7,16.5,deoxys_defense:789;cresselia:789;corsola_galarian:602;hypno:598;grumpig:565,kingdra:156;cramorant:166;cradily:184;altaria:184;dragonair_shadow:216
seadra_shadow,Seadra (Shadow),53.7,131.3,117.5,110,1699,DRAGON_BREATH,HYDRO_PUMP,DRAGON_PULSE,45.3,34,54,28.7,salamence_shadow:700;walrein:577;dewgong:572;blastoise:545;dondozo:540,corsola_galarian:197;cradily:232;cramorant:265;altaria:365;kingdra:377
roggenrola_shadow,Roggenrola (Shadow),53.6,114.2,105,135,1621,SMACK_DOWN,STONE_EDGE,ROCK_BLAST,52.3,32,45.2,40.4,talonflame:844;toucannon_shadow:818;pidgeot_shadow:755;gyarados_shadow:744;sealeo_shadow:562,cradily:225;kingdra:258;corsola_galarian:262;altaria:380;cramorant:384
clauncher,Clauncher,53.4,103.3,110.9,127,1456,WATER_GUN,AQUA_JET,CRABHAMMER,45.4,32.8,54.7,29.7,diggersby:594;quagsire:547;seismitoad:527;quagsire_shadow:519;marowak:519,altaria:94;cradily:184;kingdra:194;corsola_galarian:323;cramorant:333
hoopa,Hoopa,53.4,144.8,106.3,99,1524,CONFUSION,SHADOW_BALL,PSYCHIC,54.1,36,47.5,36.3,annihilape_shadow:904;annihilape:904;toxtricity:873;deoxys_defense:636;cresselia:580,corsola_galarian:129;cradily:253;altaria:264;cramorant:301;kingdra:322
piplup,Piplup,53.4,106.7,98.3,131,1374,BUBBLE,DRILL_PECK,ICY_WIND,43.6,33.7,47.8,24.4,charizard:675;hippowdon:656;charizard_shadow:606;blaziken:587;gligar:580,cradily:225;cramorant:273;corsola_galarian:273;kingdra:279;altaria:380
deoxys_speed,Deoxys (Speed),52.8,140.7,131.5,86,1593,CHARGE_BEAM,PSYCHO_BOOST,SWIFT,44.3,43.9,61.2,16.2,pelipper:715;talonflame:645;milotic_shadow:627;pidgeot_shadow:587;mantine:546,corsola_galarian:100;kingdra:131;cradily:208;cramorant:337;altaria:344
rampardos,Rampardos,52.6,162.2,67.2,126,1376,SMACK_DOWN,ROCK_SLIDE,FLAMETHROWER,60,34.3,27.9,35.8,fearow:805;toucannon_shadow:805;talonflame:785;cramorant:757;sealeo_shadow:599,cradily:253;corsola_galarian:262;kingdra:283;dragonair_shadow:358;altaria:438
cherrim_overcast,Cherrim (Overcast),52.5,121.8,116.2,130,1843,BULLET_SEED,DAZZLING_GLEAM,SOLAR_BEAM,40.5,20,59.5,24.6,stunfisk:696;quagsire_shadow:607;kingdra:550;deoxys_defense:526;jellicent:515,altaria:61;dragonair_shadow:98;cradily:100;cramorant:115;corsola_galarian:438
shaymin_sky,Shaymin (Sky),52.5,139.3,94.1,123,1614,MAGICAL_LEAF,ENERGY_BALL,GRASS_KNOT,45.4,26,48.4,33,seismitoad:963;marowak:845;quagsire_shadow:804;diggersby:682;stunfisk:593,altaria:90;cradily:211;kingdra:233;cramorant:253;corsola_galarian:424
krabby,Krabby,52.3,148,111.2,92,1515,BUBBLE,VICE_GRIP,RAZOR_SHELL,48.4,41.5,49.8,20.1,aurorus_shadow:771;talonflame:755;aurorus:652;swoobat:586;girafarig:586,kingdra:80;cramorant:226;cradily:270;corsola_galarian:273;altaria:282
octillery,Octillery,52.1,131.5,100.7,128,1697,LOCK_ON,OCTAZOOKA,GUNK_SHOT,43.6,30.4,60.2,17.5,marowak_alolan:613;feraligatr:535;marowak:527;crustle:523;aurorus:503,altaria:94;cradily:312;corsola_galarian:341;cramorant:488;kingdra:491
phanpy_shadow,Phanpy (Shadow),51.2,102.5,94.9,186,1811,TACKLE,BULLDOZE,ROCK_SLIDE,38.9,26.5,56.6,25.9,charjabug:666;slowking_galarian:591;clodsire:556;stunfisk:545;lanturn:534,kingdra:173;altaria:199;cramorant:202;corsola_galarian:244;cradily:312
indeedee_male,Indeedee (Male),51.1,134.9,114.6,107,1656,EXTRASENSORY,SHADOW_BALL,PSYCHIC,37.1,23.5,58.4,23.9,dusclops:663;dusclops_shadow:630;corsola_galarian:602;jellicent:570;medicham:556,cradily:170;altaria:177;kingdra:182;cramorant:198;dragonair_shadow:216
unfezant_shadow,Unfezant (Shadow),50.7,138.5,95.5,122,1616,AIR_SLASH,HEAT_WAVE,SKY_ATTACK,49,30.9,39.6,32.8,blaziken_shadow:823;annihilape_shadow:627;jellicent:549;gourgeist_super:524;noctowl:524,cradily:225;altaria:235;kingdra:258;cramorant:281;corsola_galarian:471
drizzile,Drizzile,50.6,137.8,92.1,128,1626,WATER_GUN,SURF,WATER_PULSE,42.5,28.7,50.5,32,blaziken_shadow:871;torkoal:652;diggersby:578;cetoddle:574;quagsire:523,kingdra:88;cramorant:182;altaria:184;corsola_galarian:197;cradily:232
cranidos_shadow,Cranidos (Shadow),50.5,163.9,62.9,133,1372,TAKE_DOWN,ROCK_TOMB,ANCIENT_POWER,56.3,34.5,29.9,32.5,blaziken_shadow:838;toucannon_shadow:695;pidgeot_shadow:616;gyarados_shadow:612;talonflame:593,corsola_galarian:129;cradily:211;altaria:351;kingdra:360;cramorant:420
piplup_shadow,Piplup (Shadow),50.5,106.7,98.3,131,1374,BUBBLE,DRILL_PECK,ICY_WIND,38.4,25.4,41.9,18.8,victini:664;torkoal:625;charizard:606;crobat_shadow:595;braixen_shadow:572,kingdra:80;cramorant:142;altaria:260;cradily:274;corsola_galarian:276
roselia,Roselia,50.2,138.5,105.9,110,1615,POISON_JAB,SLUDGE_BOMB,DAZZLING_GLEAM,43.6,29.8,46.3,31,electrode_hisuian:859;rillaboom:590;dondozo:554;lickilicky:522;dunsparce:509,corsola_galarian:143;altaria:221;cradily:253;kingdra:283;cramorant:305
frogadier,Frogadier,50.1,134.4,100.8,123,1668,BUBBLE,SURF,AERIAL_ACE,37.6,27.1,52.4,22.9,torkoal:666;diggersby:605;clodsire:585;marowak_alolan:524;gligar:512,kingdra:118;altaria:119;cramorant:142;cradily:156;corsola_galarian:374
kadabra,Kadabra,50,163.8,90.9,92,1370,CONFUSION,SHADOW_BALL,DAZZLING_GLEAM,56.4,39.6,30.6,31,annihilape_shadow:793;annihilape:777;toxtricity:733;toucannon_shadow:554;cresselia:505,corsola_galarian:190;kingdra:275;cradily:284;altaria:307;cramorant:341
rhydon_shadow,Rhydon (Shadow),49.1,126.2,103.3,136,1776,MUD_SLAP,STONE_EDGE,EARTHQUAKE,50.9,28.5,37.8,34.6,toxtricity:941;turtonator:805;charjabug:591;lickilicky:584;noctowl:544,altaria:119;cramorant:123;cradily:253;corsola_galarian:262;kingdra:330
golem_shadow,Golem (Shadow),48.9,125.1,122.2,117,1791,MUD_SLAP,STONE_EDGE,EARTHQUAKE,50.5,28.2,38.3,34.8,toxtricity:931;turtonator:807;lickilicky:606;charjabug:598;noctowl:521,altaria:119;cramorant:123;cradily:253;corsola_galarian:262;kingdra:330
unfezant,Unfezant,48.9,138.5,95.5,122,1616,AIR_SLASH,HEAT_WAVE,SKY_ATTACK,43.3,26.4,48,31.2,cofagrigus:643;araquanid:528;gourgeist_super:528;spidops:508;dusknoir:508,cradily:184;altaria:206;kingdra:207;cramorant:253;corsola_galarian:370
bulbasaur_shadow,Bulbasaur (Shadow),48.8,111.7,105.8,120,1420,VINE_WHIP,POWER_WHIP,SLUDGE_BOMB,38.5,23.1,51.4,21.6,electrode_hisuian:833;quagsire_shadow:675;stunfisk:600;diggersby:562;dewgong:562,kingdra:194;cramorant:202;altaria:300;cradily:350;corsola_galarian:399
munna,Munna,48.8,105.8,89.9,166,1580,CHARGE_BEAM,PSYSHOCK,DAZZLING_GLEAM,36.9,29.3,51.9,20.8,machamp:641;machoke_shadow:605;gyarados:599;bruxish:581;machamp_shadow:563,kingdra:122;corsola_galarian:219;cramorant:289;cradily:309;altaria:362
turtwig,Turtwig,48.7,112.6,105,135,1597,TACKLE,ENERGY_BALL,BODY_SLAM,41.8,27.6,49.6,23.9,blastoise:633;seismitoad:625;stunfisk:618;marowak:607;quagsire_shadow:585,cradily:93;cramorant:178;altaria:199;corsola_galarian:269;kingdra:394
naganadel,Naganadel,48.1,149.7,95.5,105,1503,POISON_JAB,DRAGON_CLAW,SLUDGE_BOMB,44.3,29.3,38.7,31.2,electrode_hisuian:852;lanturn:600;rillaboom:585;dondozo:542;charjabug:509,corsola_galarian:190;altaria:221;cradily:253;kingdra:271;cramorant:333
reuniclus,Reuniclus,48,126.9,94.9,147,1771,HIDDEN_POWER_FIGHTING,PSYSHOCK,SHADOW_BALL,32.5,19.8,55.9,21.8,aurorus_shadow:727;throh:636;hawlucha:605;snorlax_shadow:561;lapras:506,corsola_galarian:68;cramorant:115;altaria:134;kingdra:156;cradily:250
crabrawler,Crabrawler,47.7,135.7,98.8,123,1650,BUBBLE,CRABHAMMER,POWER_UP_PUNCH,42.6,25.9,43.4,23.1,clodsire:849;stunfisk:601;quagsire_shadow:581;furret:532;aurorus:508,altaria:123;kingdra:148;corsola_galarian:187;cradily:225;cramorant:265
golem,Golem,47.6,125.1,122.2,117,1791,MUD_SLAP,STONE_EDGE,EARTHQUAKE,45.4,25.4,44.8,32.3,toxtricity:918;lickilicky:649;charjabug:641;noctowl:572;turtonator:534,cramorant:99;cradily:211;corsola_galarian:230;kingdra:271;altaria:496
rhydon,Rhydon,47.5,126.2,103.3,136,1776,MUD_SLAP,STONE_EDGE,EARTHQUAKE,44.6,24.8,45.4,32.5,lickilicky:665;charjabug:658;noctowl:599;turtonator:540;seaking:503,altaria:90;cramorant:99;cradily:211;kingdra:271;corsola_galarian:280
frogadier_shadow,Frogadier (Shadow),47.4,134.4,100.8,123,1668,BUBBLE,SURF,AERIAL_ACE,37.7,25.9,40.4,22.6,castform_snowy:621;magmar_shadow:617;diggersby:556;cetoddle:552;dunsparce:520,kingdra:105;altaria:148;cramorant:170;cradily:197;corsola_galarian:438
turtwig_shadow,Turtwig (Shadow),47.4,112.6,105,135,1597,TACKLE,ENERGY_BALL,BODY_SLAM,36.9,27.5,48.4,24.1,stunfisk:722;blastoise:603;electrode_hisuian:596;marowak:533;seismitoad:522,corsola_galarian:100;cradily:142;altaria:184;cramorant:242;kingdra:283
clawitzer,Clawitzer,47,134.4,110.5,112,1664,WATER_GUN,CRABHAMMER,ICE_BEAM,41.7,26.8,48.9,33,magmar_shadow:875;lampent_shadow:875;blaziken_shadow:852;delphox_shadow:754;torkoal:691,kingdra:110;cramorant:182;altaria:184;corsola_galarian:197;cradily:232
porygon_z_shadow,Porygon-Z (Shadow),46.6,147.6,88.1,117,1522,LOCK_ON,TRI_ATTACK,ZAP_CANNON,37.2,21,39,11.7,toxapex:773;lanturn:662;dusclops:658;fearow:611;toucannon_shadow:525,altaria:94;kingdra:156;cramorant:162;cradily:309;corsola_galarian:489
porygon_z,Porygon-Z,46.2,147.6,88.1,117,1522,LOCK_ON,TRI_ATTACK,ZAP_CANNON,37.4,22.6,44.5,10.9,toxapex:773;dondozo:619;toucannon_shadow:611;jellicent:589;dunsparce:517,kingdra:80;cramorant:83;altaria:94;cradily:274;corsola_galarian:438
wugtrio,Wugtrio,46.1,151,108.6,90,1477,MUD_SLAP,LIQUIDATION,SURF,39,26.8,37.6,24.1,blaziken:861;toxtricity:761;haunter:761;gengar_shadow:727;gengar:683,altaria:90;cramorant:115;cradily:211;kingdra:233;corsola_galarian:428
butterfree_shadow,Butterfree (Shadow),45.9,126.6,112.5,124,1769,CONFUSION,BUG_BUZZ,SIGNAL_BEAM,46.1,30.7,42.9,32.5,machamp_shadow:911;annihilape_shadow:887;machoke_shadow:786;blaziken_shadow:713;seismitoad:608,corsola_galarian:219;cradily:232;altaria:242;kingdra:279;cramorant:281
butterfree,Butterfree,45.5,126.6,112.5,124,1769,CONFUSION,BUG_BUZZ,SIGNAL_BEAM,41.3,26.8,47.8,30.2,gengar_shadow:770;gengar:741;blaziken:741;machoke_shadow:721;annihilape:657,cradily:190;corsola_galarian:197;altaria:199;cramorant:222;kingdra:237
duosion_shadow,Duosion (Shadow),45.2,149.2,81.9,123,1504,HIDDEN_POWER_PSYCHIC,PSYSHOCK,NIGHT_SHADE,44.1,29.3,33.9,25.6,machamp_shadow:849;blaziken_shadow:768;annihilape:739;annihilape_shadow:699;toxapex:630,corsola_galarian:147;cradily:239;kingdra:258;altaria:264;cramorant:309
solosis_shadow,Solosis (Shadow),44.7,152,81.8,118,1468,HIDDEN_POWER_PSYCHIC,PSYSHOCK,NIGHT_SHADE,44.4,29.6,33.2,25.6,machamp_shadow:843;blaziken_shadow:758;annihilape_shadow:754;annihilape:728;toxapex:614,corsola_galarian:147;cradily:253;altaria:264;kingdra:283;cramorant:309
cranidos,Cranidos,44.3,163.9,62.9,133,1372,TAKE_DOWN,ROCK_TOMB,ANCIENT_POWER,47.7,30.3,30.1,25.9,electivire_shadow:725;roserade:665;crobat_shadow:654;salamence_shadow:620;charizard_shadow:605,corsola_galarian:133;cradily:184;altaria:293;kingdra:309;cramorant:365
lilligant,Lilligant,44.1,136.5,105.8,114,1649,CHARM,PETAL_BLIZZARD,HYPER_BEAM,47.2,29.5,27.8,35.6,salamence_shadow:732;salamence:732;annihilape_shadow:688;goodra:552;dragonair_shadow:539,corsola_galarian:230;cradily:236;cramorant:250;altaria:347;kingdra:474
duosion,Duosion,42.9,149.2,81.9,123,1504,HIDDEN_POWER_PSYCHIC,PSYSHOCK,NIGHT_SHADE,37.4,25.3,37.8,22.6,primeape_shadow:825;annihilape_shadow:739;flamigo:670;toxapex:630;haunter:573,corsola_galarian:154;cradily:197;altaria:206;kingdra:233;cramorant:253
solosis,Solosis,41.8,152,81.8,118,1468,HIDDEN_POWER_PSYCHIC,PSYSHOCK,NIGHT_SHADE,37.4,25.7,36.6,22.1,primeape_shadow:817;annihilape_shadow:728;flamigo:656;toxapex:614;haunter:555,corsola_galarian:154;cradily:211;kingdra:233;altaria:235;cramorant:253
skiddo,Skiddo,38.7,115.9,98.3,151,1722,ROCK_SMASH,BRICK_BREAK,SEED_BOMB,33.1,20,37.8,26.4,golem_alolan:592;gastrodon:579;whiscash:579;quagsire:536;milotic:533,corsola_galarian:75;altaria:166;kingdra:245;cramorant:277;cradily:336
regigigas_shadow,Regigigas (Shadow),37.1,140.2,102,110,1574,HIDDEN_POWER_ICE,CRUSH_GRIP,THUNDER,39.5,22.3,23.5,25.6,salamence_shadow:790;salamence:777;dragonite:759;zapdos_shadow:740;toucannon_shadow:540,kingdra:203;cramorant:253;corsola_galarian:255;cradily:295;altaria:496
spoink,Spoink,35.7,117.6,115.1,141,1910,ZEN_HEADBUTT,MIRROR_COAT,SHADOW_BALL,31,22.6,36.9,26.9,toxicroak:854;machop_shadow:691;timburr_shadow:666;machamp_shadow:581;blaziken_shadow:549,corsola_galarian:165;altaria:184;kingdra:233;cradily:243;cramorant:281
regigigas,Regigigas,35.4,139.8,104.3,110,1605,HIDDEN_POWER_ROCK,CRUSH_GRIP,THUNDER,35.1,21.2,30.4,25.9,charizard_shadow:859;charizard:850;salamence_shadow:668;talonflame:650;corsola_galarian:518,cradily:156;kingdra:211;dragonair_shadow:212;altaria:264;cramorant:309
clobbopus,Clobbopus,34.6,114.2,99.1,127,1439,ROCK_SMASH,SUPER_POWER,ICE_PUNCH,27.5,17.1,37.8,23.4,geodude_shadow:665;audino:633;naclstack:614;lickitung:523;spinda:523,corsola_galarian:68;altaria:119;kingdra:182;cramorant:277;cradily:281
spoink_shadow,Spoink (Shadow),34.5,117.6,115.1,141,1910,ZEN_HEADBUTT,MIRROR_COAT,SHADOW_BALL,34.3,24.5,30.1,28.2,toxicroak:854;machop_shadow:705;haunter:627;machoke_shadow:606;gengar_shadow:570,corsola_galarian:176;altaria:177;cradily:184;kingdra:207;cramorant:222
unown,Unown,27.4,126.8,89,125,1413,HIDDEN_POWER_PSYCHIC,STRUGGLE,none,30.5,21.7,14.7,20.3,toxicroak_shadow:852;toxicroak:836;sawk_shadow:756;conkeldurr_shadow:708;machop_shadow:588,corsola_galarian:172;altaria:173;kingdra:177;cradily:201;cramorant:222
slaking,Slaking,12.1,138.8,83.1,140,1616,YAWN,BODY_SLAM,EARTHQUAKE,7.2,7.8,14.9,5,regigigas:567;unown:528,cradily:24;altaria:25;kingdra:25;cramorant:27;corsola_galarian:284
slaking_shadow,Slaking (Shadow),9,138.8,83.1,140,1616,YAWN,BODY_SLAM,EARTHQUAKE,5,5.7,10.5,4.8,,kingdra:21;cramorant:23;cradily:24;altaria:25;corsola_galarian:28