speciesId,speciesName,score,attack,defense,hp,statProduct,fastMove,chargedMove1,chargedMove2,leadScore,switchScore,closerScore,attackerScore,topMatchups,topCounters
cradily,Cradily,98.8,105.2,140.3,144,2126,ACID,ROCK_TOMB,GRASS_KNOT,100,100,100,85.7,charjabug:694;kingdra:600;cramorant:597;turtonator:590;araquanid:510,houndoom_mega:252;chesnaught_mega:264;empoleon:389;jellicent:458;lapras:483
cradily_shadow,Cradily (Shadow),93.5,105.2,140.3,144,2126,ACID,ROCK_TOMB,GRASS_KNOT,92,89.2,95.7,66.5,jumpluff:690;turtonator:680;charjabug:638;kingdra:607;cramorant:572,empoleon:102;charizard_mega_x:285;chesnaught_mega:287;houndoom_mega:314;araquanid:452
kingdra,Kingdra,93.3,121.8,127.9,118,1839,DRAGON_BREATH,SURF,SWIFT,89.1,90.1,90.7,94.5,ninetales_shadow:834;turtonator:775;charjabug:588;toxapex:580;araquanid:529,morpeko_full_belly:233;jumpluff:264;rillaboom:368;cradily:399;cramorant:480
jumpluff,Jumpluff,93,96.7,156.9,153,2323,FAIRY_WIND,ENERGY_BALL,ACROBATICS,83.3,73,93.6,97.1,kingdra:735;rillaboom:702;stunfisk:676;araquanid:598;charjabug:539,ninetales_shadow:234;cramorant:380;turtonator:380;cradily:381;toxapex:415
cramorant,Cramorant,91.4,121.2,121.2,126,1852,PECK,DIVE,FLY,83.2,71.8,90.7,95.5,turtonator:781;araquanid:710;jumpluff:619;kingdra:519;rillaboom:515,stunfisk:156;charjabug:182;morpeko_full_belly:233;cradily:402;lapras:413
toxtricity,Toxtricity,91.3,141.2,95.3,118,1590,ACID,WILD_CHARGE,SWIFT,93.7,77.3,92.9,72.7,araquanid:868;jumpluff:733;charjabug:563;kingdra:559;cramorant:542,stunfisk:223;cradily:375;ninetales_shadow:420;turtonator:446;toxapex:466
charjabug,Charjabug,91.1,114.7,134.8,126,1949,VOLT_SWITCH,X_SCISSOR,DISCHARGE,83,73.9,91.4,93.2,cramorant:817;morpeko_full_belly:777;toxapex:658;lapras:579;araquanid:551,turtonator:269;cradily:305;kingdra:411;jumpluff:460;rillaboom:496
lileep,Lileep,91.1,100.8,138.6,151,2111,ACID,GRASS_KNOT,ANCIENT_POWER,86.4,83.9,93.6,86,jumpluff:685;stunfisk:625;cramorant:556;araquanid:523;kingdra:506,toxapex:419;charjabug:420;cradily:427;turtonator:451;rillaboom:461
pachirisu,Pachirisu,91,91.5,157.1,142,2044,VOLT_SWITCH,THUNDERBOLT,THUNDER_PUNCH,79,55.2,85.9,100,cramorant:704;toxapex:704;araquanid:665;jumpluff:588;ninetales_shadow:549,cradily:250;rillaboom:302;turtonator:323;charjabug:400;kingdra:419
lapras,Lapras,90.5,104.6,114.5,179,2147,PSYWAVE,SPARKLING_ARIA,ICE_BEAM,86.6,74.9,90.7,72.7,cramorant:586;rillaboom:553;kingdra:536;cradily:516;araquanid:508,morpeko_full_belly:80;stunfisk:406;empoleon:418;charjabug:420;turtonator:482
araquanid,Araquanid,90.3,97.4,174,136,2306,INFESTATION,WATER_PULSE,MIRROR_COAT,86.1,78.2,88.3,88.6,ninetales_shadow:738;rillaboom:665;toxapex:658;charizard_mega_x:610;turtonator:507,cramorant:289;jumpluff:401;charjabug:448;kingdra:470;cradily:489
empoleon_shadow,Empoleon (Shadow),90.1,125.1,117,122,1788,METAL_SOUND,HYDRO_CANNON,DRILL_PECK,80,86.4,92.4,62.1,cradily:897;rillaboom:831;araquanid:631;jumpluff:618;cramorant:540,stunfisk:81;charjabug:400;kingdra:411;toxapex:419;turtonator:438
kingdra_shadow,Kingdra (Shadow),89.6,121.8,127.9,118,1839,DRAGON_BREATH,SURF,SWIFT,88.9,87.7,86.2,77.9,ninetales_shadow:817;turtonator:754;charizard_mega_x:614;cramorant:512;charjabug:508,araquanid:316;jumpluff:339;cradily:392;rillaboom:410;toxapex:461
lileep_shadow,Lileep (Shadow),89.3,100.8,138.6,151,2111,ACID,GRASS_KNOT,ANCIENT_POWER,86.4,70.7,94.6,59.5,turtonator:605;cramorant:586;charjabug:566;cradily:546;kingdra:533,charizard_mega_x:285;araquanid:341;jumpluff:437;mantine:442;toxapex:495
empoleon,Empoleon,89,125.1,117,122,1788,METAL_SOUND,HYDRO_CANNON,DRILL_PECK,80.7,88.8,90.3,68.9,jumpluff:659;araquanid:655;ninetales_shadow:622;cradily:610;cramorant:565,charjabug:353;turtonator:353;kingdra:372;toxapex:394;rillaboom:461
toxapex,Toxapex,88.9,91.9,224.3,118,2433,BITE,BRINE,SLUDGE_WAVE,79.1,60.6,97.9,78.7,ninetales_shadow:665;charizard_mega_x:605;empoleon:605;jumpluff:584;turtonator:550,charjabug:341;araquanid:341;cramorant:396;kingdra:419;cradily:420
walrein,Walrein,88.6,112.4,114.9,154,1991,POWDER_SNOW,ICICLE_SPEAR,EARTHQUAKE,78.8,81.9,89.1,77.7,jumpluff:899;charizard_mega_x:801;turtonator:626;cramorant:538;rillaboom:529,charjabug:162;ninetales_shadow:281;araquanid:297;cradily:451;kingdra:487
rillaboom,Rillaboom,88.5,132.4,99.3,129,1696,SCRATCH,DRUM_BEATING,EARTH_POWER,84.7,80.6,79.3,67.6,stunfisk:810;toxapex:701;turtonator:651;kingdra:631;charjabug:503,ninetales_shadow:194;jumpluff:297;araquanid:334;cradily:378;cramorant:484
jumpluff_shadow,Jumpluff (Shadow),88.4,96.7,156.9,153,2323,FAIRY_WIND,ENERGY_BALL,ACROBATICS,83.2,66.6,90.2,84.7,rillaboom:784;kingdra:660;toxapex:532;araquanid:519;cramorant:506,ninetales_shadow:261;charizard_mega_x:301;cradily:309;turtonator:415;charjabug:488
seaking,Seaking,88.2,121.9,108.9,138,1834,PECK,DRILL_RUN,ICY_WIND,83,89.8,84,65.8,jumpluff:612;turtonator:605;rillaboom:525;ninetales_shadow:518;cradily:503,charjabug:329;stunfisk:331;kingdra:411;cramorant:432;araquanid:463
turtonator,Turtonator,88.2,113.5,153.6,113,1971,EMBER,BRUTAL_SWING,DRAGON_CLAW,83.2,88.2,86.2,82.1,morpeko_full_belly:761;charjabug:730;ninetales_shadow:730;jumpluff:619;lapras:517,cramorant:218;kingdra:224;rillaboom:348;cradily:409;araquanid:492
araquanid_shadow,Araquanid (Shadow),87.9,97.4,174,136,2306,INFESTATION,WATER_PULSE,MIRROR_COAT,84.2,72.1,87.1,82.1,ninetales_shadow:691;kingdra:683;rillaboom:669;toxapex:661;cradily:547,charizard_mega_x:183;cramorant:373;turtonator:393;charjabug:444;jumpluff:480
charjabug_shadow,Charjabug (Shadow),87.8,114.7,134.8,126,1949,VOLT_SWITCH,X_SCISSOR,DISCHARGE,86.3,83.6,84.8,76.9,cramorant:829;toxapex:765;rillaboom:757;araquanid:555;jumpluff:511,ninetales_shadow:226;turtonator:287;cradily:361;charizard_mega_x:428;kingdra:491
dartrix,Dartrix,87.5,112.4,115.5,154,2001,PECK,BRAVE_BIRD,ENERGY_BALL,82.2,67.9,91.5,70.7,turtonator:685;araquanid:678;kingdra:629;charjabug:616;cramorant:522,ninetales_shadow:222;charizard_mega_x:285;cradily:312;toxapex:330;lapras:444
mantine,Mantine,87.5,105.5,166.5,121,2127,WING_ATTACK,TWISTER,WATER_PULSE,81,73.6,85.2,88,ninetales_shadow:727;araquanid:595;cramorant:557;kingdra:549;turtonator:516,charjabug:162;cradily:378;rillaboom:434;jumpluff:467;toxapex:478
marowak_alolan,Marowak (Alolan),87.4,109.6,148.8,125,2041,HEX,BONE_CLUB,SHADOW_BONE,84.6,80.1,85.9,80.3,charizard_mega_x:744;turtonator:700;ninetales_shadow:664;charjabug:644;rillaboom:560,kingdra:402;cramorant:408;cradily:427;jumpluff:447;araquanid:474
amoonguss,Amoonguss,87.2,109.3,105.9,177,2050,ASTONISH,FOUL_PLAY,GRASS_KNOT,82.5,71.2,85,81.6,kingdra:658;toxapex:638;rillaboom:567;cramorant:511;charjabug:505,cradily:368;turtonator:380;araquanid:389;ninetales_shadow:420;jumpluff:434
tentacruel,Tentacruel,87.2,108.9,143.5,131,2047,ACID,SCALD,PAYBACK,83.3,67.6,90,74.6,kingdra:667;cradily:652;jumpluff:645;cramorant:595;toxapex:568,charjabug:210;rillaboom:333;araquanid:367;stunfisk:392;turtonator:482
raikou,Raikou,86.6,131.9,110.6,116,1693,THUNDER_SHOCK,WILD_CHARGE,AURA_SPHERE,83.5,77.3,88.6,69.1,araquanid:814;ninetales_shadow:586;kingdra:577;cramorant:564;jumpluff:534,cradily:305;turtonator:309;rillaboom:325;charjabug:369;charizard_mega_x:479
togedemaru,Togedemaru,86.4,132.2,107.2,120,1702,THUNDER_SHOCK,FELL_STINGER,WILD_CHARGE,79,52.7,82.4,96.1,araquanid:891;toxapex:845;cramorant:804;jumpluff:737;kingdra:570,ninetales_shadow:142;turtonator:163;rillaboom:240;charjabug:257;cradily:385
morpeko_full_belly,Morpeko (Hangry),86.3,140.4,96.2,118,1596,THUNDER_SHOCK,AURA_WHEEL_ELECTRIC,PSYCHIC_FANGS,79.9,63.4,85.9,70.7,toxapex:889;cramorant:766;kingdra:766;araquanid:610;ninetales_shadow:542,charjabug:222;turtonator:238;rillaboom:251;cradily:267;jumpluff:362
emolga,Emolga,86.2,127.5,110.2,125,1758,THUNDER_SHOCK,ACROBATICS,DISCHARGE,84.2,64.6,89.1,69.6,araquanid:856;cramorant:776;jumpluff:636;rillaboom:600;ninetales_shadow:600,stunfisk:206;cradily:312;kingdra:355;charjabug:432;turtonator:446
zapdos_shadow,Zapdos (Shadow),86.2,138.1,103.4,112,1601,THUNDER_SHOCK,DRILL_PECK,HEAT_WAVE,87.2,87.4,83.1,48.9,araquanid:808;rillaboom:754;cramorant:718;charjabug:660;jumpluff:611,ninetales_shadow:162;stunfisk:229;cradily:288;turtonator:384;kingdra:495
charizard_mega_x,Charizard (Mega X),86,140.9,115.4,98,1595,DRAGON_BREATH,BLAST_BURN,AIR_CUTTER,83.8,89.4,88.4,51.8,ninetales_shadow:770;turtonator:719;jumpluff:719;charjabug:653;rillaboom:596,cramorant:265;kingdra:385;araquanid:389;toxapex:394;cradily:461
sealeo,Sealeo,85.8,108.9,112.8,168,2065,POWDER_SNOW,SURF,BODY_SLAM,79.7,83.3,82.8,74.3,charizard_mega_x:800;jumpluff:616;ninetales_shadow:550;cramorant:526;kingdra:505,charjabug:317;araquanid:327;turtonator:402;cradily:430;rillaboom:492
marowak_alolan_shadow,Marowak (Alolan) (Shadow),85.7,109.6,148.8,125,2041,HEX,SHADOW_BONE,BONE_CLUB,81.4,81.8,82.9,68.1,charizard_mega_x:780;ninetales_shadow:732;jumpluff:600;charjabug:572;araquanid:548,cramorant:210;kingdra:313;turtonator:398;cradily:430;rillaboom:457
stunfisk,Stunfisk,85.6,101.4,126.6,172,2212,THUNDER_SHOCK,MUD_BOMB,DISCHARGE,81.6,64.8,84.1,85.7,cramorant:843;toxapex:645;turtonator:607;araquanid:563;charjabug:508,rillaboom:189;jumpluff:323;kingdra:343;cradily:385;ninetales_shadow:448
magnezone_shadow,Magnezone (Shadow),85.3,134.3,121.1,102,1661,VOLT_SWITCH,WILD_CHARGE,MIRROR_SHOT,84.4,69.1,84.8,76.6,araquanid:823;jumpluff:700;kingdra:676;cramorant:666;cradily:583,stunfisk:133;morpeko_full_belly:207;ninetales_shadow:257;turtonator:411;rillaboom:461
pelipper,Pelipper,85.3,123.2,128.7,115,1825,WING_ATTACK,WEATHER_BALL_WATER,HURRICANE,79.9,68.1,84,77.4,araquanid:856;jumpluff:695;toxapex:669;turtonator:656;kingdra:547,charjabug:130;stunfisk:293;cramorant:329;cradily:364;rillaboom:406
jellicent,Jellicent,85.2,106.6,126.3,156,2102,HEX,SURF,SHADOW_BALL,79.3,69.1,83.5,72.5,araquanid:721;charizard_mega_x:663;lapras:647;ninetales_shadow:608;cradily:541,jumpluff:290;charjabug:384;turtonator:415;cramorant:468;kingdra:487
lapras_shadow,Lapras (Shadow),85.2,104.6,114.5,179,2147,PSYWAVE,SPARKLING_ARIA,ICE_BEAM,76.3,70.7,84,61.3,kingdra:664;turtonator:642;jumpluff:611;cramorant:572;ninetales_shadow:508,charjabug:162;charizard_mega_x:357;rillaboom:360;araquanid:386;cradily:458
magnezone,Magnezone,85.2,134.3,121.1,102,1661,VOLT_SWITCH,WILD_CHARGE,MIRROR_SHOT,84.4,65.1,81.7,87.5,cramorant:715;kingdra:696;cradily:617;araquanid:612;jumpluff:534,stunfisk:107;ninetales_shadow:210;turtonator:353;rillaboom:387;charjabug:492
golisopod,Golisopod,84.9,124,134.6,108,1804,FURY_CUTTER,X_SCISSOR,AQUA_JET,79.3,67.9,82.4,58.2,cradily:773;ninetales_shadow:606;rillaboom:601;araquanid:550;kingdra:523,cramorant:178;jumpluff:287;toxapex:436;charjabug:444;turtonator:451
walrein_shadow,Walrein (Shadow),84.9,112.4,114.9,154,1991,POWDER_SNOW,ICICLE_SPEAR,EARTHQUAKE,79.3,79.7,84.5,55.9,jumpluff:899;cradily:801;kingdra:613;cramorant:603;turtonator:587,ninetales_shadow:146;charjabug:202;rillaboom:348;araquanid:389;toxapex:470
bellibolt,Bellibolt,84.8,115,110.1,154,1953,THUNDER_SHOCK,ZAP_CANNON,PARABOLIC_CHARGE,81,64,86.7,70.9,araquanid:662;cramorant:639;jumpluff:571;charjabug:558;ninetales_shadow:506,charizard_mega_x:117;rillaboom:244;cradily:309;turtonator:393;kingdra:394
trevenant,Trevenant,84.8,127.8,104.6,131,1752,SHADOW_CLAW,SEED_BOMB,SHADOW_BALL,74.9,68.1,81.7,73,rillaboom:763;stunfisk:667;charjabug:629;kingdra:568;cradily:511,jumpluff:160;ninetales_shadow:194;cramorant:222;turtonator:261;araquanid:430
chesnaught_mega,Chesnaught (Mega),84.5,120.7,145.2,106,1860,LOW_KICK,THUNDER_PUNCH,SUPER_POWER,75.8,63.3,86.5,78.7,stunfisk:745;cradily:735;lapras:712;morpeko_full_belly:693;kingdra:655,cramorant:123;jumpluff:212;araquanid:308;turtonator:482;charjabug:484
raichu_alolan,Raichu (Alolan),84.5,135.4,109.9,111,1653,VOLT_SWITCH,VOLT_TACKLE,PSYSHOCK,81.8,76.7,83.1,66.5,toxapex:824;cramorant:675;araquanid:617;kingdra:558;ninetales_shadow:540,rillaboom:143;cradily:288;charjabug:361;turtonator:376;jumpluff:388
magnemite_shadow,Magnemite (Shadow),84.4,147.8,113.6,90,1512,VOLT_SWITCH,MAGNET_BOMB,DISCHARGE,82.5,63.1,76.2,66.8,cramorant:877;araquanid:761;kingdra:622;jumpluff:616;cradily:577,turtonator:146;stunfisk:200;morpeko_full_belly:224;ninetales_shadow:289;charjabug:396
abomasnow_shadow,Abomasnow (Shadow),84.3,117.8,112,143,1888,POWDER_SNOW,WEATHER_BALL_ICE,ENERGY_BALL,84.6,56.1,81,64.5,jumpluff:902;cradily:660;rillaboom:660;cramorant:569;kingdra:566,ninetales_shadow:130;toxapex:300;araquanid:323;charjabug:380;turtonator:398
qwilfish_shadow,Qwilfish (Shadow),84.3,131.1,105.5,123,1703,POISON_STING,AQUA_TAIL,SHADOW_BALL,79.7,71.6,86,48.1,ninetales_shadow:865;chesnaught_mega:792;charizard_mega_x:735;turtonator:658;cramorant:634,kingdra:245;cradily:284;araquanid:319;charjabug:349;jumpluff:470
dewgong,Dewgong,84.2,101.9,136.9,157,2192,ICE_SHARD,ICY_WIND,DRILL_RUN,75.5,68.4,79.8,68.6,jumpluff:732;rillaboom:646;stunfisk:566;toxapex:554;turtonator:503,charjabug:404;araquanid:411;kingdra:415;cramorant:448;cradily:475
tentacruel_shadow,Tentacruel (Shadow),84.2,108.9,143.5,131,2047,ACID,SCALD,PAYBACK,79,61.1,88.3,58,jumpluff:702;turtonator:667;ninetales_shadow:629;cradily:541;cramorant:503,charjabug:202;charizard_mega_x:341;rillaboom:375;araquanid:386;kingdra:394
venusaur_mega,Venusaur (Mega),84.2,126.7,131.9,106,1773,VINE_WHIP,FRENZY_PLANT,SLUDGE,75.2,75.8,88.6,69.4,stunfisk:712;rillaboom:707;charjabug:584;toxapex:556;kingdra:537,ninetales_shadow:99;turtonator:305;jumpluff:307;araquanid:334;cradily:378
zapdos,Zapdos,84.1,135.6,104.6,115,1633,THUNDER_SHOCK,DRILL_PECK,HEAT_WAVE,79.9,76.9,81.6,67.3,cramorant:760;toxapex:743;jumpluff:652;araquanid:543;rillaboom:517,cradily:236;turtonator:327;kingdra:402;charjabug:404;ninetales_shadow:440
venusaur,Venusaur,84,122.1,122.1,123,1836,VINE_WHIP,FRENZY_PLANT,SLUDGE,76.3,60.8,88.6,69.1,stunfisk:739;charjabug:601;toxapex:597;kingdra:593;cradily:512,cramorant:178;jumpluff:297;turtonator:305;araquanid:349;rillaboom:453
bellossom,Bellossom,83.9,115,132.2,128,1948,ACID,LEAF_BLADE,DAZZLING_GLEAM,80.2,69.5,81.9,78.7,stunfisk:789;morpeko_full_belly:750;rillaboom:675;kingdra:597;charjabug:531,jumpluff:267;turtonator:384;cradily:409;cramorant:416;araquanid:430
magneton_shadow,Magneton (Shadow),83.9,143.4,114.6,95,1563,THUNDER_SHOCK,DISCHARGE,MAGNET_BOMB,79.1,55.4,82.6,62.6,cramorant:773;lapras:773;toxapex:689;jumpluff:636;cradily:589,turtonator:296;charjabug:345;rillaboom:437;kingdra:440;araquanid:455
abomasnow,Abomasnow,83.8,117.8,112,143,1888,POWDER_SNOW,WEATHER_BALL_ICE,ENERGY_BALL,81.3,52.6,81,81,jumpluff:902;rillaboom:685;kingdra:608;charjabug:531;charizard_mega_x:510,ninetales_shadow:130;araquanid:257;turtonator:323;cradily:451;cramorant:464
ferrothorn,Ferrothorn,83.8,107.1,152.7,128,2094,BULLET_SEED,POWER_WHIP,FLASH_CANNON,73.2,32.1,82.3,87.3,morpeko_full_belly:718;lapras:664;cradily:636;stunfisk:597;toxapex:574,turtonator:84;jumpluff:274;charjabug:376;cramorant:428;kingdra:440
venusaur_shadow,Venusaur (Shadow),83.8,122.1,122.1,123,1836,VINE_WHIP,FRENZY_PLANT,SLUDGE,73.5,71.8,87.9,58.2,rillaboom:752;stunfisk:707;lapras:638;kingdra:573;charjabug:532,ninetales_shadow:130;turtonator:327;araquanid:334;jumpluff:343;cradily:350
victreebel_shadow,Victreebel (Shadow),83.7,135.1,93.5,131,1656,SUCKER_PUNCH,LEAF_BLADE,ACID_SPRAY,79.9,64.5,78.6,52.5,stunfisk:881;lapras:614;rillaboom:553;toxapex:545;kingdra:507,jumpluff:369;turtonator:371;araquanid:393;cradily:430;charjabug:448
barbaracle,Barbaracle,83.6,120.9,133,115,1851,FURY_CUTTER,CROSS_CHOP,STONE_EDGE,74.3,73.7,76.9,58.2,lapras:795;turtonator:665;araquanid:586;toxapex:578;charizard_mega_x:539,jumpluff:133;charjabug:162;kingdra:309;cradily:402;cramorant:408
amoonguss_shadow,Amoonguss (Shadow),83.5,109.3,105.9,177,2050,ASTONISH,GRASS_KNOT,FOUL_PLAY,76.8,57.5,80.5,69.4,stunfisk:720;charjabug:632;kingdra:562;rillaboom:528;toxapex:522,cramorant:253;jumpluff:303;araquanid:341;turtonator:415;cradily:420
dipplin,Dipplin,83.5,114.6,128.8,132,1950,DRAGON_TAIL,SEED_BOMB,OUTRAGE,79,57.8,82.6,65,stunfisk:844;charjabug:628;rillaboom:556;turtonator:526;kingdra:503,jumpluff:160;cradily:333;toxapex:360;ninetales_shadow:369;araquanid:397
ninetales,Ninetales,83.5,114.3,135.5,126,1954,EMBER,WEATHER_BALL_FIRE,ENERGY_BALL,73.8,65.7,84.5,81.3,jumpluff:789;rillaboom:714;charjabug:611;stunfisk:587;araquanid:551,kingdra:152;cramorant:186;turtonator:190;cradily:236;toxapex:377
victreebel,Victreebel,83.4,135.1,93.5,131,1656,SUCKER_PUNCH,LEAF_BLADE,SLUDGE_BOMB,76,56.3,77.8,60.8,lapras:645;stunfisk:633;toxapex:583;charjabug:549;kingdra:541,jumpluff:199;turtonator:225;cramorant:242;araquanid:363;cradily:381
bellossom_shadow,Bellossom (Shadow),83.3,115,132.2,128,1948,ACID,LEAF_BLADE,DAZZLING_GLEAM,76.8,71.2,80.5,67.6,quagsire_shadow:925;stunfisk:769;morpeko_full_belly:738;rillaboom:585;kingdra:570,turtonator:287;cradily:319;araquanid:327;charjabug:333;cramorant:452
lumineon,Lumineon,83.3,109,137.4,137,2052,GUST,AQUA_TAIL,SILVER_WIND,80.5,76.4,78.6,79.2,ninetales_shadow:609;lapras:609;rillaboom:562;charizard_mega_x:543;turtonator:507,charjabug:357;kingdra:411;cramorant:420;araquanid:441;cradily:465
ampharos_shadow,Ampharos (Shadow),83.1,126.8,107.9,129,1766,VOLT_SWITCH,BRUTAL_SWING,TRAILBLAZE,80.5,79.4,74.5,71.7,cramorant:887;toxapex:810;lapras:763;kingdra:511;ninetales_shadow:511,cradily:329;turtonator:349;charjabug:388;araquanid:444;jumpluff:483
gyarados_shadow,Gyarados (Shadow),83,130.7,108.5,121,1717,DRAGON_BREATH,AQUA_TAIL,TWISTER,77.9,69.8,81.9,49.2,toxapex:747;turtonator:710;ninetales_shadow:710;charizard_mega_x:698;araquanid:553,charjabug:182;rillaboom:248;jumpluff:303;kingdra:309;cradily:357
sealeo_shadow,Sealeo (Shadow),83,108.9,112.8,168,2065,POWDER_SNOW,SURF,BODY_SLAM,74.9,85.6,79.3,59.5,charizard_mega_x:758;mantine:619;stunfisk:595;jumpluff:583;cramorant:553,charjabug:202;turtonator:411;araquanid:426;cradily:427;kingdra:466
servine,Servine,83,105.8,140.3,142,2110,VINE_WHIP,GRASS_KNOT,WRAP,78,68.8,75.9,87,stunfisk:848;lapras:728;kingdra:640;rillaboom:566;toxapex:514,charjabug:305;cramorant:376;turtonator:442;cradily:454;araquanid:463
slowbro,Slowbro,82.9,113.4,120.9,144,1975,CONFUSION,DRAIN_PUNCH,ICE_BEAM,85.6,65.5,74.3,72.2,jumpluff:659;kingdra:652;cramorant:614;turtonator:614;cradily:510,charjabug:321;araquanid:356;rillaboom:368;ninetales_shadow:472;stunfisk:491
ampharos,Ampharos,82.8,126.8,107.9,129,1766,VOLT_SWITCH,BRUTAL_SWING,TRAILBLAZE,78.8,77.6,77.3,74.3,mantine:879;cramorant:856;morpeko_full_belly:713;lapras:581;toxapex:503,turtonator:296;cradily:312;araquanid:444;kingdra:453;charjabug:468
ampharos_mega,Ampharos (Mega),82.8,143.5,105,104,1568,VOLT_SWITCH,BRUTAL_SWING,TRAILBLAZE,81.3,74.5,75.9,70.2,cramorant:860;lapras:802;toxapex:716;ninetales_shadow:658;charjabug:557,kingdra:237;cradily:302;turtonator:309;jumpluff:339;araquanid:415
chesnaught,Chesnaught,82.7,119.3,126.9,124,1879,LOW_KICK,FRENZY_PLANT,SUPER_POWER,73.2,53.9,84.8,66.8,stunfisk:818;cradily:729;morpeko_full_belly:677;lapras:584;kingdra:576,cramorant:123;jumpluff:199;charjabug:369;araquanid:378;turtonator:460
pumpkaboo_super,Pumpkaboo (Super),82.7,111.7,113.4,141,1788,ASTONISH,GRASS_KNOT,FOUL_PLAY,76,54.9,78.1,72.5,stunfisk:801;charjabug:638;rillaboom:634;kingdra:578;araquanid:549,ninetales_shadow:202;cramorant:253;jumpluff:287;turtonator:389;cradily:399
raikou_shadow,Raikou (Shadow),82.6,133.5,109.9,113,1659,THUNDER_SHOCK,WILD_CHARGE,AURA_SPHERE,80.8,75.7,88.3,35.4,toxapex:818;araquanid:756;lapras:756;charizard_mega_x:676;cramorant:535,charjabug:301;turtonator:367;cradily:375;jumpluff:421;kingdra:436
samurott_hisuian,Samurott (Hisuian),82.6,132.6,96.7,132,1694,FURY_CUTTER,SACRED_SWORD,DARK_PULSE,76.8,85.3,79.7,50.5,lapras:712;toxapex:651;kingdra:609;empoleon:590;turtonator:568,jumpluff:133;charjabug:162;cramorant:301;araquanid:349;cradily:430
eelektrik,Eelektrik,82.5,122.3,110,136,1831,ACID,DISCHARGE,CRUNCH,78.5,78.8,81.2,64.2,cramorant:772;charizard_mega_x:753;charjabug:566;araquanid:533;lapras:529,jumpluff:366;cradily:368;kingdra:385;rillaboom:395;turtonator:415
dewott,Dewott,82.3,122.6,99.7,149,1823,FURY_CUTTER,AQUA_TAIL,X_SCISSOR,77.7,80,77.3,59.5,houndoom_mega:845;victreebel_shadow:724;ampharos_mega:647;lapras:546;quagsire_shadow:530,charjabug:313;kingdra:406;cradily:430;turtonator:433;cramorant:456
electrode_hisuian,Electrode (Hisuian),82.3,123.2,128.7,115,1825,THUNDER_SHOCK,WILD_CHARGE,ENERGY_BALL,73,50,85.3,67.3,toxapex:713;araquanid:647;cramorant:604;kingdra:573;jumpluff:552,turtonator:119;ninetales_shadow:130;cradily:239;rillaboom:286;charjabug:309
electrode_shadow,Electrode (Shadow),82.3,122.8,126.3,118,1832,VOLT_SWITCH,DISCHARGE,FOUL_PLAY,78.5,71.5,80,75.6,cramorant:877;lapras:826;toxapex:783;ninetales_shadow:516;charizard_mega_x:516,cradily:274;turtonator:371;charjabug:444;kingdra:491;araquanid:496
palkia_shadow,Palkia (Shadow),82.3,140.3,109.9,100,1544,DRAGON_BREATH,AQUA_TAIL,DRACO_METEOR,84.4,62.1,63.4,43.5,ninetales_shadow:775;toxapex:745;cradily:695;turtonator:679;stunfisk:575,jumpluff:199;araquanid:268;rillaboom:426;charjabug:456;kingdra:483
starmie_shadow,Starmie (Shadow),82.3,133.1,122,104,1690,PSYWAVE,AQUA_JET,POWER_GEM,75.2,78.5,69.7,40.4,toxapex:735;cramorant:629;araquanid:591;turtonator:557;charjabug:514,jumpluff:199;kingdra:258;rillaboom:282;ninetales_shadow:289;cradily:437
rapidash,Rapidash,82.1,133.6,111.5,112,1670,INCINERATE,DRILL_RUN,WILD_CHARGE,72.3,84,77.4,50.7,araquanid:808;ninetales_shadow:651;rillaboom:584;jumpluff:553;charjabug:526,cramorant:178;toxapex:317;kingdra:326;cradily:354;turtonator:420
magneton,Magneton,82,143.4,114.6,95,1563,VOLT_SWITCH,MAGNET_BOMB,DISCHARGE,80.4,64.2,77.1,72.5,cramorant:921;lapras:784;toxapex:689;cradily:610;charjabug:531,turtonator:300;jumpluff:395;rillaboom:430;kingdra:487;araquanid:488
trevenant_shadow,Trevenant (Shadow),82,127.8,104.6,131,1752,SHADOW_CLAW,SHADOW_BALL,FOUL_PLAY,73.5,59.3,77.8,61.1,morpeko_full_belly:660;rillaboom:648;stunfisk:572;charjabug:568;lapras:553,turtonator:181;cramorant:242;cradily:451;araquanid:470;kingdra:474
victreebel_mega,Victreebel (Mega),81.9,143,102.5,107,1570,SUCKER_PUNCH,LEAF_BLADE,SLUDGE_BOMB,77.7,66,73.3,44.3,stunfisk:663;rillaboom:588;charjabug:542;kingdra:542;toxapex:509,araquanid:224;ninetales_shadow:226;jumpluff:238;turtonator:252;cradily:392
blaziken_shadow,Blaziken (Shadow),81.8,143.9,90.8,119,1556,EMBER,AURA_SPHERE,BLAZE_KICK,85.6,78.6,89.1,26.9,rillaboom:726;charjabug:710;cradily:693;charizard_mega_x:617;ninetales_shadow:600,cramorant:265;araquanid:338;turtonator:398;kingdra:440;jumpluff:490
ludicolo,Ludicolo,81.8,116.4,123.6,134,1931,ASTONISH,WEATHER_BALL_WATER,ENERGY_BALL,78.6,60.3,80,71.2,ninetales_shadow:667;kingdra:604;stunfisk:570;lapras:563;charizard_mega_x:503,jumpluff:212;cradily:329;araquanid:378;charjabug:388;turtonator:402
samurott,Samurott,81.8,128,100.8,136,1756,FURY_CUTTER,HYDRO_CANNON,MEGAHORN,72.3,88,81.4,44.5,magcargo:886;cradily:775;feraligatr:617;kingdra:580;empoleon:566,charjabug:162;jumpluff:366;cramorant:408;araquanid:441;turtonator:482
delphox_mega,Delphox (Mega),81.7,152.2,112.8,86,1477,SCRATCH,BLAST_BURN,PSYSHOCK,80.8,79.8,81.2,32.9,jumpluff:709;charjabug:697;toxapex:645;cramorant:569;rillaboom:552,stunfisk:177;kingdra:233;cradily:343;turtonator:433;araquanid:452
delphox_shadow,Delphox (Shadow),81.7,132.6,115.6,110,1687,SCRATCH,PSYSHOCK,BLAST_BURN,80.5,83.7,76.1,32.6,charjabug:677;cramorant:645;turtonator:563;rillaboom:550;kingdra:527,stunfisk:177;morpeko_full_belly:309;charizard_mega_x:311;cradily:350;araquanid:463
qwilfish,Qwilfish,81.7,131.1,105.5,123,1703,POISON_STING,AQUA_TAIL,SHADOW_BALL,76.9,62.5,81.4,58.2,jumpluff:638;empoleon:605;ninetales_shadow:573;mantine:565;turtonator:548,cramorant:178;charjabug:313;cradily:399;araquanid:400;kingdra:478
chesnaught_shadow,Chesnaught (Shadow),81.5,119.3,126.9,124,1879,LOW_KICK,FRENZY_PLANT,SUPER_POWER,70.9,46.4,83.5,59.5,stunfisk:782;cradily:685;lapras:641;rillaboom:592;kingdra:548,cramorant:130;jumpluff:212;turtonator:225;araquanid:375;charjabug:464
dewott_shadow,Dewott (Shadow),81.5,124.1,99.7,146,1808,FURY_CUTTER,AQUA_TAIL,X_SCISSOR,80.7,62.4,76.8,45.5,cradily:791;ninetales_shadow:719;empoleon:582;turtonator:568;lapras:506,cramorant:178;jumpluff:267;rillaboom:317;araquanid:338;charjabug:420
gyarados,Gyarados,81.5,130.7,108.5,121,1717,DRAGON_BREATH,AQUA_TAIL,TWISTER,79,73,79.7,61.3,ninetales_shadow:743;turtonator:727;kingdra:603;araquanid:586;cramorant:504,charjabug:130;cradily:288;rillaboom:391;jumpluff:392;toxapex:487
ninetales_shadow,Ninetales (Shadow),81.5,114.3,135.5,126,1954,EMBER,WEATHER_BALL_FIRE,ENERGY_BALL,77.1,70.4,80.2,64.7,charjabug:805;rillaboom:805;jumpluff:765;stunfisk:551;quagsire_shadow:511,kingdra:165;cramorant:246;araquanid:261;turtonator:269;cradily:406
zeraora,Zeraora,81.5,138.3,100.9,114,1592,VOLT_SWITCH,PLASMA_FISTS,DYNAMIC_PUNCH,78.5,79.1,80.5,52.8,cramorant:872;toxapex:741;lapras:732;kingdra:552;jumpluff:548,rillaboom:143;turtonator:278;charjabug:376;cradily:395;araquanid:481
electrode,Electrode,81.4,122.8,126.3,118,1832,VOLT_SWITCH,DISCHARGE,FOUL_PLAY,76.9,70,81.9,75.1,cramorant:881;toxapex:627;lapras:580;charjabug:559;araquanid:521,cradily:239;rillaboom:317;jumpluff:320;turtonator:340;kingdra:415
abomasnow_mega,Abomasnow (Mega),81.3,130.9,110,118,1700,POWDER_SNOW,WEATHER_BALL_ICE,ENERGY_BALL,80,56.1,80.2,59.8,jumpluff:881;charizard_mega_x:766;rillaboom:614;kingdra:546;cramorant:538,ninetales_shadow:130;araquanid:308;turtonator:340;charjabug:365;cradily:468
galvantula,Galvantula,81.3,138.2,96.4,122,1627,VOLT_SWITCH,DISCHARGE,LUNGE,77.1,74.8,80,55.4,cramorant:807;toxapex:758;morpeko_full_belly:696;jumpluff:561;araquanid:532,rillaboom:174;kingdra:258;turtonator:327;cradily:378;charjabug:484
reshiram_shadow,Reshiram (Shadow),81.3,138.4,108.9,107,1614,DRAGON_BREATH,FUSION_FLARE,DRACO_METEOR,75.5,77.9,67.8,46.3,araquanid:799;ninetales_shadow:761;toxapex:733;jumpluff:719;charjabug:593,cramorant:333;rillaboom:344;kingdra:364;turtonator:464;cradily:496
blastoise,Blastoise,81.2,112.1,137.7,130,2008,ROLLOUT,HYDRO_CANNON,ICE_BEAM,71.3,55.4,77.8,59.8,charizard_mega_x:753;jumpluff:638;ninetales_shadow:600;quagsire_shadow:588;mantine:553,charjabug:198;kingdra:377;cradily:388;cramorant:472;turtonator:473
dewgong_shadow,Dewgong (Shadow),81.2,101.9,136.9,157,2192,ICE_SHARD,ICY_WIND,DRILL_RUN,77.1,63.6,78.5,56.7,turtonator:687;jumpluff:671;cramorant:621;rillaboom:563;cradily:554,ninetales_shadow:182;charizard_mega_x:290;araquanid:378;charjabug:424;kingdra:457
flapple,Flapple,81.2,138.1,100.1,117,1618,DRAGON_BREATH,SEED_BOMB,DRAGON_PULSE,71.8,77,75.7,56.2,quagsire_shadow:910;ampharos_mega:846;lanturn:782;morpeko_full_belly:739;stunfisk:726,cramorant:242;charjabug:242;cradily:343;turtonator:358;kingdra:385
tropius,Tropius,81.2,101.4,128,170,2208,AIR_SLASH,LEAF_BLADE,BRUTAL_SWING,72.7,61.1,79.2,81.6,quagsire_shadow:879;chesnaught_mega:791;araquanid:673;stunfisk:641;rillaboom:602,cradily:277;turtonator:331;charjabug:373;cramorant:424;kingdra:470
castform_sunny,Castform (Sunny),81.1,112.6,121.2,146,1994,EMBER,WEATHER_BALL_FIRE,SOLAR_BEAM,75.1,43.3,81.7,72.2,jumpluff:804;rillaboom:671;charjabug:630;araquanid:582;toxapex:520,kingdra:152;cramorant:186;turtonator:190;cradily:347;ninetales_shadow:369
ferrothorn_shadow,Ferrothorn (Shadow),81.1,107.1,152.7,128,2094,BULLET_SEED,POWER_WHIP,FLASH_CANNON,73.7,33.3,82.3,79.2,stunfisk:734;toxapex:703;araquanid:597;rillaboom:554;cradily:531,turtonator:75;jumpluff:313;charjabug:341;cramorant:460;kingdra:474
pumpkaboo_large,Pumpkaboo (Large),81.1,113.4,115.1,133,1737,ASTONISH,GRASS_KNOT,FOUL_PLAY,74.8,53,75.7,67.6,stunfisk:808;charjabug:620;rillaboom:620;kingdra:556;araquanid:522,ninetales_shadow:202;cramorant:253;jumpluff:287;turtonator:393;cradily:427
raichu,Raichu,81,133.5,110.6,114,1685,VOLT_SWITCH,VOLT_TACKLE,TRAILBLAZE,74.9,56.6,81.2,71.5,cramorant:653;jumpluff:557;ninetales_shadow:543;kingdra:526;araquanid:508,charizard_mega_x:229;turtonator:238;rillaboom:259;cradily:291;charjabug:321
rapidash_shadow,Rapidash (Shadow),81,133.6,111.5,112,1670,INCINERATE,DRILL_RUN,WILD_CHARGE,69.9,62.8,77.6,43,araquanid:772;ninetales_shadow:616;stunfisk:571;rillaboom:566;turtonator:504,cramorant:103;kingdra:105;charjabug:361;jumpluff:382;cradily:430
electivire_shadow,Electivire (Shadow),80.9,143.3,100.8,108,1562,THUNDER_SHOCK,ICE_PUNCH,WILD_CHARGE,80.7,79.4,86.2,29.5,toxapex:810;araquanid:717;cramorant:708;charizard_mega_x:625;jumpluff:509,charjabug:309;turtonator:318;cradily:322;kingdra:419;rillaboom:461
houndoom_shadow,Houndoom (Shadow),80.9,139.5,97.3,118,1603,INCINERATE,FOUL_PLAY,TRAILBLAZE,78.8,55.4,78.1,40.9,jumpluff:826;rillaboom:775;charjabug:724;cradily:690;cramorant:622,kingdra:105;charizard_mega_x:188;toxapex:334;turtonator:376;araquanid:477
magnemite,Magnemite,80.9,147.8,113.6,90,1512,VOLT_SWITCH,MAGNET_BOMB,DISCHARGE,78.6,60.8,75.9,69.9,cramorant:916;mantine:894;lapras:772;toxapex:716;cradily:588,turtonator:305;charjabug:408;jumpluff:424;kingdra:491;araquanid:496
decidueye_hisuian,Decidueye (Hisuian),80.8,126.9,109.4,127,1765,PSYCHO_CUT,ENERGY_BALL,AURA_SPHERE,72,64.8,80.7,65.8,empoleon:818;quagsire_shadow:795;stunfisk:767;toxapex:716;morpeko_full_belly:673,cramorant:111;cradily:375;turtonator:380;kingdra:432;charjabug:476
azumarill,Azumarill,80.7,93.4,134.4,191,2400,BUBBLE,ICE_BEAM,PLAY_ROUGH,72.1,52.4,85.2,72,charizard_mega_x:772;turtonator:688;quagsire_shadow:615;kingdra:534;araquanid:515,rillaboom:120;cramorant:361;charjabug:384;jumpluff:424;cradily:430
blaziken,Blaziken,80.7,143.9,90.8,119,1556,EMBER,AURA_SPHERE,BLAZE_KICK,77.9,73.4,79.2,51,empoleon:844;rillaboom:794;charjabug:760;chesnaught_mega:760;ampharos_mega:693,araquanid:268;cramorant:309;kingdra:381;cradily:434;turtonator:460
dedenne,Dedenne,80.7,124.3,109,133,1804,THUNDER_SHOCK,DISCHARGE,PLAY_ROUGH,74.3,56.3,82.4,64.7,toxapex:887;cramorant:785;morpeko_full_belly:718;kingdra:672;araquanid:616,cradily:93;rillaboom:104;jumpluff:333;charjabug:388;turtonator:407
raichu_mega_x,Raichu (Mega X),80.7,148.3,114.1,89,1507,VOLT_SWITCH,BRICK_BREAK,TRAILBLAZE,76.9,75.4,72.6,54.6,toxapex:769;lapras:769;araquanid:719;charizard_mega_x:657;cramorant:606,kingdra:224;rillaboom:313;turtonator:318;cradily:326;charjabug:428
hydrapple,Hydrapple,80.6,122.2,110.7,136,1841,DRAGON_TAIL,SEED_BOMB,OUTRAGE,72.9,58.7,82.9,61.1,quagsire_shadow:845;morpeko_full_belly:801;stunfisk:775;charjabug:573;rillaboom:547,jumpluff:160;turtonator:243;kingdra:283;cradily:361;araquanid:393
poliwrath,Poliwrath,80.6,115.8,122,137,1936,MUD_SHOT,ICY_WIND,DYNAMIC_PUNCH,72.1,62.4,77.4,56.2,turtonator:671;jumpluff:620;morpeko_full_belly:620;toxapex:580;charizard_mega_x:565,cramorant:206;charjabug:226;araquanid:319;cradily:347;kingdra:385
wartortle,Wartortle,80.5,107.6,139,139,2080,BITE,AQUA_JET,ICE_BEAM,76.2,72.1,77.8,62.6,ninetales_shadow:625;charizard_mega_x:550;cramorant:510;cradily:507;turtonator:507,araquanid:294;kingdra:309;charjabug:345;jumpluff:437;rillaboom:441
houndoom_mega,Houndoom (Mega),80.4,149,104.2,97,1508,INCINERATE,FLAMETHROWER,TRAILBLAZE,75.8,69.8,81.6,38.6,empoleon:840;cradily:747;ninetales_shadow:587;charizard_mega_x:582;rillaboom:520,kingdra:105;turtonator:376;araquanid:404;charjabug:476;cramorant:492
gourgeist_super,Gourgeist (Super),80.3,115,131.6,129,1954,INCINERATE,SHADOW_BALL,SEED_BOMB,76.2,57.9,79.3,76.6,rillaboom:786;stunfisk:782;charjabug:705;araquanid:596;cradily:550,ninetales_shadow:111;cramorant:293;turtonator:327;kingdra:402;jumpluff:434
samurott_shadow,Samurott (Shadow),80.3,128,100.8,136,1756,FURY_CUTTER,HYDRO_CANNON,MEGAHORN,70.9,66.9,76.9,42.2,cradily:775;quagsire_shadow:705;charjabug:555;mantine:507;turtonator:503,jumpluff:133;cramorant:178;araquanid:301;rillaboom:317;kingdra:398
shiinotic,Shiinotic,80.3,116.5,134.2,123,1925,ASTONISH,MOONBLAST,SEED_BOMB,74.1,47.6,75.4,77.4,kingdra:756;stunfisk:686;charjabug:670;rillaboom:666;turtonator:577,jumpluff:160;ninetales_shadow:182;cradily:284;toxapex:313;araquanid:444
gogoat,Gogoat,80.1,119.7,94.9,165,1876,VINE_WHIP,LEAF_BLADE,ROCK_SLIDE,72.7,61.4,78.8,62.9,quagsire_shadow:915;lanturn:878;stunfisk:766;morpeko_full_belly:766;mantine:545,araquanid:345;turtonator:398;cradily:413;kingdra:444;charjabug:472
pawmot,Pawmot,80,145,95.4,112,1552,THUNDER_SHOCK,BRICK_BREAK,WILD_CHARGE,77.7,61.9,80.7,45.8,toxapex:906;araquanid:816;cramorant:678;charizard_mega_x:638;charjabug:540,kingdra:173;jumpluff:176;turtonator:274;rillaboom:286;cradily:354
fletchinder_shadow,Fletchinder (Shadow),79.9,123.3,102.6,143,1811,PECK,FLY,HEAT_WAVE,65.6,50.3,78.8,55.9,jumpluff:912;araquanid:884;chesnaught_mega:856;ninetales_shadow:678;turtonator:590,charjabug:242;kingdra:258;cramorant:261;cradily:375;rillaboom:434
starmie_mega,Starmie (Mega),79.9,144.8,124.1,86,1547,PSYWAVE,ICE_BEAM,POWER_GEM,68.5,60.9,69.9,36.5,lapras:726;toxapex:668;quagsire_shadow:668;charizard_mega_x:645;turtonator:581,kingdra:233;charjabug:242;cramorant:265;araquanid:290;cradily:496
dhelmise,Dhelmise,79.8,139.7,109.3,105,1605,SHADOW_CLAW,POWER_WHIP,BRUTAL_SWING,72.7,61.6,72.8,60.3,lapras:785;stunfisk:757;morpeko_full_belly:661;charizard_mega_x:652;rillaboom:523,turtonator:181;cramorant:242;cradily:388;kingdra:427;charjabug:432
electivire,Electivire,79.8,143.3,100.8,108,1562,THUNDER_SHOCK,ICE_PUNCH,WILD_CHARGE,77.2,69.5,82.3,41.4,toxapex:810;araquanid:773;cramorant:537;kingdra:527;jumpluff:523,ninetales_shadow:146;turtonator:247;cradily:267;charjabug:337;rillaboom:391
gourgeist_average,Gourgeist (Average),79.8,115.9,145,115,1934,INCINERATE,SHADOW_BALL,SEED_BOMB,75.4,53.9,80,75.6,rillaboom:773;stunfisk:765;charjabug:686;cradily:586;araquanid:565,ninetales_shadow:111;jumpluff:212;cramorant:297;turtonator:327;kingdra:402
kabutops,Kabutops,79.8,135.4,119.7,102,1655,FURY_CUTTER,AQUA_JET,STONE_EDGE,69.2,76.3,73.8,39.8,cradily:818;araquanid:720;charizard_mega_x:700;mantine:632;turtonator:593,jumpluff:133;kingdra:258;rillaboom:317;cramorant:329;charjabug:380
meganium,Meganium,79.8,110.8,139,131,2018,VINE_WHIP,FRENZY_PLANT,EARTHQUAKE,69.5,49.4,83.1,60.8,stunfisk:820;lapras:706;morpeko_full_belly:694;kingdra:576;turtonator:553,jumpluff:186;charjabug:357;araquanid:363;cradily:375;rillaboom:437
vikavolt,Vikavolt,79.8,144.1,96.6,111,1547,VOLT_SWITCH,X_SCISSOR,FLY,76.2,75.4,78.5,46.8,cramorant:833;empoleon:815;mantine:792;toxapex:734;kingdra:531,rillaboom:197;turtonator:292;cradily:381;charjabug:416;araquanid:433
graveler_alolan,Graveler (Alolan),79.7,121.4,130.9,116,1845,VOLT_SWITCH,STONE_EDGE,ROCK_BLAST,75.8,60.8,76.2,73,cramorant:918;charizard_mega_x:737;charjabug:672;turtonator:663;jumpluff:556,ninetales_shadow:194;kingdra:237;rillaboom:275;cradily:309;araquanid:404
gyarados_mega,Gyarados (Mega),79.7,134.5,118.7,104,1661,DRAGON_BREATH,AQUA_TAIL,CRUNCH,77.2,76,76.4,50.5,turtonator:793;charizard_mega_x:735;ninetales_shadow:716;kingdra:543;toxapex:509,jumpluff:133;cradily:291;charjabug:325;araquanid:330;cramorant:373
sceptile_shadow,Sceptile (Shadow),79.7,135.6,109.3,111,1646,FURY_CUTTER,LEAF_BLADE,BREAKING_SWIPE,77.2,59.7,73.8,45,rillaboom:752;lapras:752;stunfisk:738;quagsire_shadow:707;kingdra:671,turtonator:181;araquanid:356;charjabug:396;cramorant:448;cradily:486
toedscruel,Toedscruel,79.7,108.9,143.5,131,2047,MUD_SLAP,SEED_BOMB,EARTH_POWER,79.6,48.8,78.3,68.3,charjabug:679;kingdra:606;turtonator:606;cradily:591;ninetales_shadow:511,jumpluff:160;araquanid:250;cramorant:265;rillaboom:306;lapras:388
serperior,Serperior,79.6,110.2,142.2,130,2038,VINE_WHIP,FRENZY_PLANT,AERIAL_ACE,71.5,53.3,82.9,62.4,stunfisk:834;lapras:707;morpeko_full_belly:696;kingdra:576;rillaboom:526,turtonator:252;charjabug:289;araquanid:363;cradily:375;jumpluff:401
vikavolt_shadow,Vikavolt (Shadow),79.6,144.1,96.6,111,1547,VOLT_SWITCH,X_SCISSOR,DISCHARGE,77.6,76.4,73,40.1,toxapex:824;cramorant:779;lapras:725;araquanid:680;charizard_mega_x:545,turtonator:146;rillaboom:174;kingdra:258;charjabug:444;cradily:451
magcargo,Magcargo,79.5,110.9,156.3,117,2029,EMBER,ROCK_TOMB,OVERHEAT,74.4,38.4,76.9,68.1,jumpluff:790;charjabug:709;turtonator:632;ninetales_shadow:615;araquanid:551,kingdra:88;rillaboom:240;toxapex:326;cramorant:448;cradily:465
greninja_shadow,Greninja (Shadow),79.4,139.5,100.3,115,1611,WATER_SHURIKEN,HYDRO_CANNON,BRUTAL_SWING,79.3,59.3,78.8,37,cradily:734;charizard_mega_x:734;stunfisk:721;ninetales_shadow:647;toxapex:626,araquanid:224;kingdra:309;charjabug:337;cramorant:380;turtonator:469
slowbro_mega,Slowbro (Mega),79.4,117.5,138.8,117,1909,CONFUSION,DRAIN_PUNCH,ICE_BEAM,77.9,62.5,71.3,60.8,jumpluff:645;ninetales_shadow:602;turtonator:568;charizard_mega_x:547;toxapex:517,charjabug:222;araquanid:327;kingdra:411;cramorant:428;cradily:493
typhlosion_shadow,Typhlosion (Shadow),79.4,132.7,108.8,117,1691,INCINERATE,BLAST_BURN,THUNDER_PUNCH,79.6,70.6,70.9,47.4,araquanid:790;charjabug:756;cradily:739;cramorant:619;rillaboom:581,kingdra:105;charizard_mega_x:188;turtonator:314;toxapex:343;jumpluff:473
croconaw,Croconaw,79.3,117.7,120,135,1908,SCRATCH,ICE_PUNCH,WATER_PULSE,71.5,73.6,75.9,54.9,toxapex:607;turtonator:544;jumpluff:529;ninetales_shadow:518;charizard_mega_x:507,cradily:281;charjabug:301;cramorant:376;kingdra:385;araquanid:459
gourgeist_large,Gourgeist (Large),79.3,115.9,137.2,122,1940,INCINERATE,SHADOW_BALL,SEED_BOMB,75.5,54.8,79.3,74,rillaboom:778;stunfisk:774;charjabug:696;cradily:602;araquanid:581,ninetales_shadow:146;jumpluff:212;cramorant:297;turtonator:327;kingdra:402
lanturn,Lanturn,79.3,104.8,105.5,194,2145,SPARK,SURF,THUNDERBOLT,74.1,52.1,80.9,75.3,cramorant:726;araquanid:652;ninetales_shadow:623;toxapex:577;kingdra:564,rillaboom:240;cradily:288;charjabug:313;jumpluff:313;turtonator:358
starmie,Starmie,79.3,133.1,122,104,1690,PSYWAVE,AQUA_JET,POWER_GEM,66,63.7,72.6,43.5,toxapex:716;turtonator:629;lapras:591;mantine:572;quagsire_shadow:504,araquanid:180;charjabug:242;cramorant:265;cradily:368;kingdra:381
kilowattrel,Kilowattrel,79.2,143.2,92.5,118,1563,THUNDER_SHOCK,ACROBATICS,AERIAL_ACE,71.3,57.6,80,47.9,araquanid:792;cramorant:750;jumpluff:682;mantine:635;rillaboom:525,kingdra:156;turtonator:287;charjabug:321;cradily:333;toxapex:368
feraligatr_shadow,Feraligatr (Shadow),79.1,123.8,117.3,125,1818,SHADOW_CLAW,HYDRO_CANNON,ICE_BEAM,64.5,83.9,76.6,41.1,magcargo:876;quagsire_shadow:704;turtonator:548;kingdra:536;empoleon:520,jumpluff:133;cramorant:222;araquanid:349;cradily:472;charjabug:476
raichu_mega_y,Raichu (Mega Y),79.1,174.4,85.4,86,1282,THUNDER_SHOCK,BRICK_BREAK,TRAILBLAZE,72,73.7,77.8,34.7,toxapex:761;lapras:703;araquanid:691;cramorant:656;charizard_mega_x:529,kingdra:194;turtonator:269;charjabug:353;cradily:357;jumpluff:444
swanna,Swanna,79.1,128.5,101,134,1742,GUST,AQUA_JET,FLY,77.7,43.9,81.7,58.2,araquanid:652;turtonator:608;kingdra:529;rillaboom:518;cramorant:514,stunfisk:95;charjabug:194;charizard_mega_x:362;cradily:375;toxapex:394
graveler_alolan_shadow,Graveler (Alolan) (Shadow),79,122.6,129.8,115,1831,VOLT_SWITCH,STONE_EDGE,ROCK_BLAST,77.9,71,64.7,51.5,cramorant:904;toxapex:786;turtonator:686;charizard_mega_x:647;charjabug:586,rillaboom:158;jumpluff:375;cradily:378;kingdra:470;araquanid:474
slowbro_shadow,Slowbro (Shadow),78.9,113.4,120.9,144,1975,CONFUSION,DRAIN_PUNCH,ICE_BEAM,78.2,61.1,70.2,61.9,turtonator:684;jumpluff:614;ninetales_shadow:565;cramorant:552;kingdra:506,araquanid:224;rillaboom:251;charjabug:261;charizard_mega_x:387;cradily:392
thundurus_incarnate_shadow,Thundurus (Incarnate) (Shadow),78.9,148.1,95.5,107,1514,THUNDER_SHOCK,THUNDER_PUNCH,BRICK_BREAK,76.6,68.5,72.5,49.7,araquanid:855;lapras:742;toxapex:724;cramorant:705;kingdra:658,charjabug:234;turtonator:292;jumpluff:320;rillaboom:321;cradily:361
feraligatr,Feraligatr,78.8,123.8,117.3,125,1818,SHADOW_CLAW,HYDRO_CANNON,ICE_BEAM,69.5,78.8,75.9,48.1,magcargo:915;charizard_mega_x:756;quagsire_shadow:544;jumpluff:532;cramorant:508,cradily:309;charjabug:392;araquanid:397;kingdra:466;turtonator:477
kartana,Kartana,78.8,169.1,99.3,79,1328,FURY_CUTTER,LEAF_BLADE,SACRED_SWORD,76.9,36.9,81,48.4,stunfisk:879;cradily:784;kingdra:765;rillaboom:765;lapras:765,turtonator:137;cramorant:162;jumpluff:316;araquanid:371;charjabug:400
gourgeist_small,Gourgeist (Small),78.7,116.8,152.9,107,1913,INCINERATE,SHADOW_BALL,SEED_BOMB,73.4,53,78.8,72.7,rillaboom:761;stunfisk:752;charjabug:672;araquanid:588;cradily:565,ninetales_shadow:111;jumpluff:212;cramorant:297;turtonator:331;kingdra:406
quagsire_shadow,Quagsire (Shadow),78.6,111.2,112.6,161,2018,MUD_SHOT,AQUA_TAIL,STONE_EDGE,69.9,43.2,78.3,57.2,charizard_mega_x:748;stunfisk:714;turtonator:667;charjabug:664;toxapex:521,jumpluff:35;cramorant:194;kingdra:207;cradily:222;araquanid:415
decidueye,Decidueye,78.5,127.8,115.2,119,1754,LEAFAGE,FRENZY_PLANT,SPIRIT_SHACKLE,72.3,62.5,80.5,68.1,stunfisk:810;lapras:810;kingdra:668;rillaboom:579;charjabug:546,ninetales_shadow:130;jumpluff:179;turtonator:256;cradily:430;araquanid:452
shiinotic_shadow,Shiinotic (Shadow),78.5,116.5,134.2,123,1925,ASTONISH,MOONBLAST,SEED_BOMB,73.4,46.3,73,62.4,kingdra:743;stunfisk:654;charjabug:585;rillaboom:536;turtonator:516,jumpluff:186;ninetales_shadow:202;cramorant:253;cradily:333;toxapex:334
pumpkaboo_average,Pumpkaboo (Average),78.4,114.2,115.9,126,1670,ASTONISH,GRASS_KNOT,FOUL_PLAY,72,49.4,71.9,63.7,stunfisk:797;charjabug:599;rillaboom:599;quagsire_shadow:595;kingdra:531,cramorant:253;jumpluff:287;turtonator:393;araquanid:415;cradily:430
salazzle,Salazzle,78.4,147,91.2,114,1529,INCINERATE,POISON_FANG,DRAGON_PULSE,73.2,66.3,67.6,50.5,jumpluff:907;chesnaught_mega:820;charizard_mega_x:644;rillaboom:640;ninetales_shadow:640,kingdra:105;turtonator:318;charjabug:365;cramorant:432;cradily:493
coalossal,Coalossal,78.3,98.1,139.3,167,2285,FIRE_SPIN,ROCK_SLIDE,FLAME_CHARGE,69.6,37.1,76.6,77.7,jumpluff:781;ninetales_shadow:763;charjabug:727;charizard_mega_x:661;turtonator:631,kingdra:80;cramorant:202;cradily:354;rillaboom:372;araquanid:437
greninja,Greninja,78.3,139.5,100.3,115,1611,WATER_SHURIKEN,HYDRO_CANNON,BRUTAL_SWING,73.2,62.4,73.7,40.9,ninetales_shadow:717;charizard_mega_x:682;lapras:682;empoleon:556;turtonator:530,araquanid:209;kingdra:262;cramorant:313;charjabug:400;cradily:427
victini,Victini,78.3,120.4,119.3,129,1855,CONFUSION,V_CREATE,PSYSHOCK,70.1,51.4,82.6,57.5,toxapex:771;ninetales_shadow:736;chesnaught_mega:713;jumpluff:624;charjabug:593,araquanid:169;kingdra:258;rillaboom:290;cradily:388;turtonator:460
whimsicott,Whimsicott,78.3,118.7,135,118,1892,FAIRY_WIND,SEED_BOMB,MOONBLAST,75.1,56.1,77.3,71.7,charizard_mega_x:911;stunfisk:788;kingdra:775;charjabug:605;araquanid:588,cradily:295;jumpluff:297;cramorant:317;rillaboom:410;turtonator:446
roserade,Roserade,78,141.9,114.3,97,1574,POISON_STING,WEATHER_BALL_FIRE,LEAF_STORM,76,57.8,73.1,56.2,rillaboom:747;lapras:685;stunfisk:654;morpeko_full_belly:582;charjabug:515,turtonator:190;kingdra:228;araquanid:242;cramorant:261;cradily:434
delphox,Delphox,77.9,132.6,115.6,110,1687,SCRATCH,PSYSHOCK,BLAST_BURN,72.1,68.1,75.2,45.5,jumpluff:895;ninetales_shadow:695;kingdra:563;charjabug:513;charizard_mega_x:504,cramorant:242;rillaboom:259;araquanid:327;cradily:361;turtonator:429
kabutops_shadow,Kabutops (Shadow),77.9,135.4,119.7,102,1655,FURY_CUTTER,AQUA_JET,STONE_EDGE,68.4,75.5,71.1,29,cradily:818;turtonator:686;araquanid:681;mantine:593;lanturn:583,ninetales_shadow:146;jumpluff:199;charjabug:230;kingdra:258;rillaboom:387
swanna_shadow,Swanna (Shadow),77.9,128.5,101,134,1742,GUST,AQUA_JET,FLY,75.8,42.9,79.3,58,turtonator:690;araquanid:604;jumpluff:604;mantine:541;ninetales_shadow:514,charjabug:182;kingdra:343;cramorant:384;cradily:434;rillaboom:445
fletchinder,Fletchinder,77.8,123.3,102.6,143,1811,PECK,FLY,HEAT_WAVE,66.5,45.3,76.9,63.7,araquanid:912;chesnaught_mega:870;jumpluff:825;ninetales_shadow:741;rillaboom:587,charjabug:202;kingdra:216;cradily:343;turtonator:477;cramorant:496
quaquaval,Quaquaval,77.8,137.7,98.6,120,1630,LOW_KICK,CLOSE_COMBAT,HYDRO_CANNON,70.9,65.5,78.1,39.1,cradily:766;quagsire_shadow:691;lapras:629;turtonator:570;kingdra:545,jumpluff:215;rillaboom:228;araquanid:261;cramorant:341;charjabug:376
blastoise_shadow,Blastoise (Shadow),77.7,112.1,137.7,130,2008,ROLLOUT,HYDRO_CANNON,ICE_BEAM,69.2,45.3,69.5,45.8,charizard_mega_x:753;turtonator:657;lapras:626;cramorant:588;jumpluff:542,rillaboom:143;charjabug:226;cradily:378;kingdra:457;araquanid:474
bruxish,Bruxish,77.7,136.4,102.5,117,1637,CONFUSION,AQUA_TAIL,PSYCHIC_FANGS,81,73.3,59.1,46.3,toxapex:782;cramorant:662;turtonator:606;charjabug:568;kingdra:568,ninetales_shadow:257;rillaboom:267;araquanid:279;jumpluff:294;cradily:388
wartortle_shadow,Wartortle (Shadow),77.7,107.6,139,139,2080,BITE,AQUA_JET,ICE_BEAM,67.9,71.2,77.8,49.4,houndoom_mega:798;charizard_mega_x:780;jumpluff:575;quagsire_shadow:564;ninetales_shadow:532,charjabug:162;cradily:378;cramorant:388;turtonator:473;kingdra:487
galvantula_shadow,Galvantula (Shadow),77.6,138.2,96.4,122,1627,VOLT_SWITCH,DISCHARGE,LUNGE,71.8,68.1,76.4,44.3,empoleon:831;toxapex:799;mantine:766;cramorant:750;charjabug:512,turtonator:181;rillaboom:213;araquanid:316;kingdra:322;cradily:458
camerupt,Camerupt,77.5,133.5,100.5,125,1678,INCINERATE,EARTH_POWER,ROCK_TOMB,70.9,56.3,67,55.4,charjabug:788;jumpluff:712;turtonator:644;ninetales_shadow:564;cradily:556,kingdra:122;cramorant:178;toxapex:415;araquanid:444;rillaboom:449
croconaw_shadow,Croconaw (Shadow),77.4,117.7,120,135,1908,SCRATCH,ICE_PUNCH,WATER_PULSE,69.3,72.4,72.3,43,turtonator:588;kingdra:555;mantine:540;cramorant:518;quagsire_shadow:511,rillaboom:213;charjabug:242;cradily:312;araquanid:363;jumpluff:467
magmar,Magmar,77.4,135.1,107.6,114,1659,KARATE_CHOP,FIRE_PUNCH,SCORCHING_SANDS,72.6,58.8,71.9,45.5,empoleon:864;ninetales_shadow:692;rillaboom:561;jumpluff:530;turtonator:504,araquanid:220;cramorant:242;kingdra:258;cradily:361;charjabug:448
blacephalon,Blacephalon,77.3,173.6,88.4,84,1290,INCINERATE,MIND_BLOWN,SHADOW_BALL,68.4,42,85.5,37.5,jumpluff:863;rillaboom:839;araquanid:803;cradily:726;charjabug:636,turtonator:97;kingdra:118;ninetales_shadow:182;toxapex:406;cramorant:476
servine_shadow,Servine (Shadow),77.2,105.8,140.3,142,2110,VINE_WHIP,GRASS_KNOT,WRAP,72.9,58.2,71.1,71.7,stunfisk:834;quagsire_shadow:816;morpeko_full_belly:760;lapras:711;kingdra:619,turtonator:296;araquanid:312;jumpluff:352;cradily:361;charjabug:380
armarouge,Armarouge,77.1,132.1,109.6,117,1695,INCINERATE,PSYSHOCK,HEAT_WAVE,71.8,73.1,72.8,52.3,chesnaught_mega:824;charjabug:790;dartrix:782;jumpluff:743;rillaboom:585,araquanid:334;turtonator:345;kingdra:364;cradily:388;cramorant:416
leavanny,Leavanny,77.1,129.4,110.2,121,1727,SHADOW_CLAW,LEAF_BLADE,X_SCISSOR,70.4,51.4,73.7,57.7,quagsire_shadow:793;stunfisk:776;morpeko_full_belly:723;lanturn:677;rillaboom:632,cramorant:162;turtonator:300;cradily:357;charjabug:357;kingdra:461
quilladin,Quilladin,77.1,114.9,130.2,130,1947,LOW_KICK,ENERGY_BALL,BODY_SLAM,70.1,65.1,77.3,67,lapras:826;quagsire_shadow:811;morpeko_full_belly:780;stunfisk:680;rillaboom:503,cramorant:285;turtonator:331;cradily:402;kingdra:466;charjabug:476
thundurus_incarnate,Thundurus (Incarnate),77.1,148.1,95.5,107,1514,THUNDER_SHOCK,THUNDER_PUNCH,BRICK_BREAK,74.8,68.8,68.2,57.2,mantine:869;cramorant:747;lapras:742;toxapex:724;morpeko_full_belly:570,turtonator:243;charjabug:309;cradily:319;kingdra:334;araquanid:477
parasect,Parasect,76.9,124.1,118.2,123,1807,FURY_CUTTER,X_SCISSOR,CROSS_POISON,75.2,52,72.5,66.8,cradily:703;stunfisk:686;rillaboom:678;kingdra:565;charjabug:504,ninetales_shadow:130;cramorant:281;jumpluff:290;turtonator:292;araquanid:308
gastrodon,Gastrodon,76.7,113.2,103.4,168,1967,MUD_SLAP,BODY_SLAM,EARTH_POWER,73.5,38.8,71.6,71.5,toxapex:836;charizard_mega_x:758;turtonator:693;charjabug:684;kingdra:636,jumpluff:42;rillaboom:143;cradily:184;cramorant:305;araquanid:386
quagsire,Quagsire,76.7,111.2,112.6,161,2018,MUD_SHOT,AQUA_TAIL,STONE_EDGE,71.5,49,73.1,64.2,morpeko_full_belly:795;stunfisk:767;turtonator:726;charizard_mega_x:658;lapras:605,cradily:281;araquanid:382;kingdra:423;cramorant:444;charjabug:472
frillish,Frillish,76.6,109.2,125.2,135,1846,HEX,NIGHT_SHADE,ICE_BEAM,66.5,50.8,71.9,60.1,chesnaught_mega:566;quagsire_shadow:559;toxapex:544;charizard_mega_x:514;araquanid:507,charjabug:142;cradily:333;turtonator:336;cramorant:400;kingdra:436
golem_alolan_shadow,Golem (Alolan) (Shadow),76.5,125.1,122.2,117,1791,VOLT_SWITCH,WILD_CHARGE,ROCK_BLAST,73.8,63,71.4,48.9,toxapex:790;lapras:739;charizard_mega_x:653;cramorant:589;charjabug:508,rillaboom:158;cradily:267;turtonator:464;kingdra:474;araquanid:496
weepinbell,Weepinbell,76.5,137.9,84.8,139,1627,ACID,POWER_WHIP,SEED_BOMB,70.1,60.8,72.1,56.7,chesnaught_mega:816;quagsire_shadow:712;stunfisk:658;morpeko_full_belly:600;rillaboom:575,cramorant:242;turtonator:296;cradily:388;charjabug:392;kingdra:483
lurantis,Lurantis,76.4,126.2,117.8,119,1770,LEAFAGE,LEAF_BLADE,SUPER_POWER,64.8,40.3,74.9,62.9,quagsire_shadow:920;lapras:844;stunfisk:802;morpeko_full_belly:752;kingdra:512,turtonator:176;cramorant:222;charjabug:273;araquanid:312;cradily:329
pumpkaboo_small,Pumpkaboo (Small),76.4,115.1,116.8,119,1600,ASTONISH,GRASS_KNOT,FOUL_PLAY,69.3,47.9,69,61.1,stunfisk:785;charjabug:579;rillaboom:575;quagsire_shadow:571;kingdra:504,cramorant:253;jumpluff:287;araquanid:389;cradily:409;turtonator:429
houndoom,Houndoom,76.3,139.5,97.3,118,1603,INCINERATE,FOUL_PLAY,TRAILBLAZE,67.3,59.1,72.8,48.9,victreebel_shadow:868;empoleon:826;ninetales_shadow:665;rillaboom:597;chesnaught_mega:572,charjabug:313;kingdra:326;turtonator:345;cradily:392;cramorant:428
greninja_mega,Greninja (Mega),76.2,154.1,97.1,97,1453,WATER_SHURIKEN,HYDRO_CANNON,BRUTAL_SWING,75.1,52.1,74.2,32.9,ninetales_shadow:886;stunfisk:716;charizard_mega_x:706;cradily:685;toxapex:592,araquanid:209;kingdra:288;cramorant:333;charjabug:376;turtonator:415
magmortar_shadow,Magmortar (Shadow),76.2,140.8,104.5,108,1589,KARATE_CHOP,FIRE_PUNCH,THUNDERBOLT,74.4,78.2,67.5,22.2,empoleon:828;rillaboom:745;lapras:689;ninetales_shadow:592;morpeko_full_belly:513,turtonator:181;cramorant:281;kingdra:300;cradily:434;charjabug:484
politoed_shadow,Politoed (Shadow),76.1,114,124.2,139,1970,MUD_SHOT,WEATHER_BALL_WATER,ICE_BEAM,72.6,72.2,73.1,46.3,empoleon:647;turtonator:618;stunfisk:535;quagsire_shadow:521;charizard_mega_x:514,charjabug:265;araquanid:316;cramorant:321;cradily:343;kingdra:436
seismitoad,Seismitoad,76.1,120.3,100.8,154,1869,MUD_SHOT,EARTH_POWER,ICY_WIND,69.5,65.4,72.5,54.9,stunfisk:785;charizard_mega_x:743;turtonator:727;jumpluff:548;toxapex:542,cramorant:206;cradily:256;araquanid:268;kingdra:326;charjabug:444
dondozo,Dondozo,76,104.5,109.7,187,2146,WATERFALL,SURF,OUTRAGE,69.5,48.8,78,55.6,stunfisk:652;ninetales_shadow:612;turtonator:604;charizard_mega_x:534;kingdra:532,jumpluff:215;charjabug:226;araquanid:382;cramorant:468;cradily:482
milotic,Milotic,76,113.1,133.8,131,1985,WATERFALL,AQUA_TAIL,WRAP,68.7,52.3,68.3,71.2,charizard_mega_x:755;quagsire_shadow:599;stunfisk:595;ninetales_shadow:591;turtonator:568,charjabug:242;cradily:281;kingdra:309;araquanid:327;cramorant:400
sceptile,Sceptile,76,135.6,109.3,111,1646,FURY_CUTTER,LEAF_BLADE,BREAKING_SWIPE,71,52.7,71.6,55.4,stunfisk:743;morpeko_full_belly:698;lapras:599;rillaboom:549;kingdra:545,cramorant:162;turtonator:283;charjabug:293;araquanid:330;cradily:458
swadloon,Swadloon,76,106.7,146.2,135,2106,BUG_BITE,ENERGY_BALL,SILVER_WIND,69.5,35.9,74.3,75.6,rillaboom:755;stunfisk:751;morpeko_full_belly:740;charjabug:603;kingdra:566,turtonator:225;jumpluff:238;cramorant:305;cradily:395;araquanid:411
poliwrath_shadow,Poliwrath (Shadow),75.9,115.8,122,137,1936,MUD_SHOT,ICY_WIND,DYNAMIC_PUNCH,67.4,65.5,73.8,40.1,houndoom_mega:635;empoleon:605;turtonator:576;ninetales_shadow:569;morpeko_full_belly:547,cramorant:222;charjabug:305;araquanid:330;cradily:399;kingdra:495
torkoal,Torkoal,75.9,107.5,151.3,128,2084,EMBER,FLAME_WHEEL,OVERHEAT,70.6,45.4,75.4,71.7,jumpluff:902;rillaboom:839;charjabug:691;araquanid:570;ninetales_shadow:554,kingdra:203;cramorant:218;turtonator:238;toxapex:334;cradily:395
blaziken_mega,Blaziken (Mega),75.8,160.8,88.1,98,1390,EMBER,AURA_SPHERE,BLAZE_KICK,78.6,71.9,80.5,20.9,rillaboom:750;morpeko_full_belly:750;charjabug:688;charizard_mega_x:627;lapras:627,cramorant:99;araquanid:286;turtonator:376;kingdra:415;cradily:468
politoed,Politoed,75.7,114,124.2,139,1970,MUD_SHOT,WEATHER_BALL_WATER,ICE_BEAM,69.8,51.5,74.9,57.7,charizard_mega_x:780;turtonator:687;quagsire_shadow:593;stunfisk:575;ninetales_shadow:535,charjabug:234;araquanid:286;cradily:298;kingdra:338;cramorant:396
charizard_shadow,Charizard (Shadow),75.6,132.7,108.8,117,1691,EMBER,BLAST_BURN,AIR_CUTTER,70.7,49,71.4,44,jumpluff:910;chesnaught_mega:841;empoleon:824;rillaboom:764;charjabug:504,cramorant:123;turtonator:327;kingdra:330;araquanid:378;cradily:420
kabuto,Kabuto,75.6,134.4,129.4,96,1672,SCRATCH,AQUA_JET,ROCK_TOMB,65.6,58.7,68.5,38,lapras:755;charizard_mega_x:682;turtonator:593;toxapex:588;cramorant:536,jumpluff:133;kingdra:258;cradily:291;charjabug:380;araquanid:492
electabuzz,Electabuzz,75.5,130.8,113.2,115,1704,THUNDER_SHOCK,THUNDER_PUNCH,RETURN,64.3,39.4,75.9,53.6,mantine:878;empoleon:878;cramorant:760;toxapex:743;ninetales_shadow:539,turtonator:119;cradily:163;kingdra:377;araquanid:404;charjabug:460
camerupt_shadow,Camerupt (Shadow),75.4,133.5,100.5,125,1678,INCINERATE,EARTH_POWER,ROCK_TOMB,70.9,50.8,60.4,49.4,cradily:816;araquanid:808;charjabug:744;jumpluff:675;turtonator:656,kingdra:105;cramorant:210;ninetales_shadow:226;rillaboom:418;toxapex:495
torterra,Torterra,75.4,119.9,117,133,1867,MUD_SLAP,FRENZY_PLANT,SAND_TOMB,68.5,39.7,70.2,57.5,stunfisk:842;toxapex:793;charjabug:627;cradily:560;turtonator:507,jumpluff:55;cramorant:115;araquanid:121;kingdra:309;rillaboom:368
zebstrika_shadow,Zebstrika (Shadow),75.4,137.7,95.4,124,1630,LOW_KICK,WILD_CHARGE,DISCHARGE,66,51.2,76.8,37.8,mantine:834;empoleon:834;toxapex:786;lapras:754;araquanid:713,turtonator:225;kingdra:233;charjabug:253;jumpluff:271;cradily:315
golem_alolan,Golem (Alolan),75.3,125.1,122.2,117,1791,VOLT_SWITCH,WILD_CHARGE,ROCK_BLAST,70.2,52.1,74.7,56.4,toxapex:893;charizard_mega_x:739;morpeko_full_belly:717;cramorant:658;charjabug:551,rillaboom:127;cradily:225;kingdra:402;araquanid:408;turtonator:415
swampert_shadow,Swampert (Shadow),75.3,122.9,109.1,136,1826,MUD_SHOT,HYDRO_CANNON,EARTHQUAKE,69.8,41.8,71.9,44.5,toxapex:819;ninetales_shadow:742;charizard_mega_x:731;charjabug:595;turtonator:588,cramorant:91;jumpluff:153;araquanid:209;kingdra:254;cradily:291
kabuto_shadow,Kabuto (Shadow),75.2,134.4,129.4,96,1672,SCRATCH,AQUA_JET,ROCK_TOMB,60.9,57,64.7,32.6,magcargo:890;houndoom_mega:796;lapras:755;turtonator:703;mantine:588,jumpluff:199;charjabug:242;kingdra:258;cradily:354;araquanid:492
typhlosion,Typhlosion,75.2,132.7,108.8,117,1691,INCINERATE,BLAST_BURN,THUNDER_PUNCH,75.2,61.5,71.9,51.5,charjabug:790;jumpluff:743;cramorant:662;rillaboom:598;stunfisk:529,turtonator:265;toxapex:288;kingdra:296;cradily:458;araquanid:466
magmar_shadow,Magmar (Shadow),75,135.1,107.6,114,1659,EMBER,FIRE_PUNCH,SCORCHING_SANDS,68.8,48.1,70.9,35.2,empoleon:820;rillaboom:758;charjabug:750;chesnaught_mega:719;ninetales_shadow:679,kingdra:80;cramorant:123;araquanid:286;cradily:319;jumpluff:473
wailord,Wailord,75,118.3,67.4,237,1892,ROLLOUT,SURF,RETURN,71.6,45,71.1,51.2,turtonator:664;kingdra:586;ninetales_shadow:563;toxapex:561;cramorant:512,cradily:253;rillaboom:263;charjabug:404;jumpluff:408;araquanid:437
milotic_shadow,Milotic (Shadow),74.9,113.1,133.8,131,1985,WATERFALL,AQUA_TAIL,WRAP,69.9,47.8,62.5,53.6,charizard_mega_x:755;quagsire_shadow:744;turtonator:667;stunfisk:583;cramorant:519,charjabug:269;jumpluff:290;cradily:343;kingdra:381;araquanid:481
skeledirge,Skeledirge,74.9,121.2,109.7,139,1849,INCINERATE,TORCH_SONG,SHADOW_BALL,64,43,74.7,69.9,jumpluff:784;ninetales_shadow:733;charjabug:618;araquanid:568;rillaboom:510,kingdra:105;cramorant:162;toxapex:292;turtonator:362;cradily:440
growlithe_hisuian,Growlithe (Hisuian),74.6,131.9,89.9,142,1684,EMBER,ROCK_SLIDE,FLAMETHROWER,68.7,56.9,74.3,44.3,rillaboom:855;ninetales_shadow:834;cramorant:778;charjabug:750;jumpluff:679,toxapex:271;cradily:312;kingdra:347;araquanid:386;turtonator:486
quilladin_shadow,Quilladin (Shadow),74.6,114.9,130.2,130,1947,LOW_KICK,ENERGY_BALL,BODY_SLAM,68.2,63.3,74.5,53.6,lapras:826;stunfisk:796;quagsire_shadow:792;morpeko_full_belly:742;kingdra:596,araquanid:268;charjabug:309;cramorant:313;turtonator:367;cradily:427
shiftry_shadow,Shiftry (Shadow),74.6,133.4,88,143,1680,SNARL,LEAF_BLADE,FOUL_PLAY,65.6,44.2,71.6,38.8,quagsire_shadow:912;ampharos_mega:800;stunfisk:727;charizard_mega_x:681;lanturn:629,turtonator:238;cradily:305;kingdra:402;charjabug:404;cramorant:436
carkol,Carkol,74.5,97,141.5,168,2308,SMACK_DOWN,ROCK_SLIDE,FLAME_CHARGE,68.2,38,75.9,71.2,turtonator:711;jumpluff:645;ninetales_shadow:604;charjabug:574;araquanid:538,kingdra:182;rillaboom:224;toxapex:288;cradily:305;cramorant:440
wailmer,Wailmer,74.3,116.5,68.2,242,1927,ROLLOUT,SCALD,BODY_SLAM,68.7,54.8,69.5,55.4,charizard_mega_x:780;mantine:634;lapras:628;ninetales_shadow:576;turtonator:543,cradily:270;kingdra:360;araquanid:419;charjabug:428;cramorant:484
barraskewda,Barraskewda,74.2,159.6,85.2,103,1403,PECK,AQUA_JET,CLOSE_COMBAT,64,56.7,78.8,23.5,cradily:728;chesnaught_mega:689;lapras:674;quagsire_shadow:616;charizard_mega_x:606,charjabug:182;kingdra:194;turtonator:225;cramorant:242;araquanid:363
marshtomp_shadow,Marshtomp (Shadow),74.2,120.4,111.4,139,1865,MUD_SHOT,SURF,SLUDGE,68.1,57,74.7,43.5,charizard_mega_x:737;morpeko_full_belly:737;stunfisk:654;turtonator:568;charjabug:543,araquanid:224;cradily:239;jumpluff:254;cramorant:301;kingdra:338
combusken_shadow,Combusken (Shadow),74.1,130.3,100.8,131,1723,EMBER,ROCK_SLIDE,FLAME_CHARGE,63.4,57.3,73.7,39.1,charjabug:709;jumpluff:709;ninetales_shadow:675;abomasnow:645;magcargo:526,rillaboom:337;kingdra:343;cradily:368;araquanid:386;turtonator:491
ivysaur,Ivysaur,74.1,118.7,121,131,1883,VINE_WHIP,POWER_WHIP,SLUDGE_BOMB,65.3,35.6,77.6,51.2,quagsire_shadow:755;stunfisk:740;toxapex:599;kingdra:572;cradily:511,jumpluff:81;araquanid:334;turtonator:345;charjabug:412;cramorant:484
slowpoke,Slowpoke,74.1,104.1,94.9,186,1840,CONFUSION,PSYSHOCK,WATER_PULSE,70.7,48.5,74.7,64.5,toxapex:618;lapras:577;ninetales_shadow:567;charizard_mega_x:534;cramorant:524,charjabug:202;cradily:305;araquanid:360;turtonator:473;kingdra:474
swampert,Swampert,74.1,122.9,109.1,136,1826,MUD_SHOT,HYDRO_CANNON,EARTHQUAKE,71.2,43.2,69.9,56.4,toxapex:819;ninetales_shadow:772;charizard_mega_x:731;turtonator:636;charjabug:621,jumpluff:133;cramorant:198;kingdra:245;cradily:260;araquanid:386
typhlosion_hisuian,Typhlosion (Hisuian),74,139.6,106.8,108,1611,EMBER,SHADOW_BALL,WILD_CHARGE,58.7,52.3,84.8,25.1,empoleon:847;mantine:800;dartrix:740;houndoom_mega:703;chesnaught_mega:634,kingdra:88;cramorant:123;charjabug:242;cradily:343;turtonator:393
pignite,Pignite,73.9,127.3,87,158,1751,EMBER,ROCK_TOMB,FLAME_CHARGE,62.5,39.3,75.2,50,ninetales_shadow:693;araquanid:642;houndoom_mega:632;turtonator:620;charjabug:579,kingdra:88;cramorant:123;rillaboom:302;jumpluff:434;cradily:447
marshtomp,Marshtomp,73.8,119.8,111.5,140,1871,MUD_SHOT,SURF,SLUDGE,67.6,50.5,71.9,53.1,charizard_mega_x:782;morpeko_full_belly:764;stunfisk:721;turtonator:667;charjabug:607,jumpluff:215;cramorant:218;cradily:225;kingdra:338;araquanid:363
meowscarada,Meowscarada,73.7,140.3,99.1,115,1600,LEAFAGE,NIGHT_SLASH,FRENZY_PLANT,69.6,48.1,72.8,49.4,quagsire_shadow:926;stunfisk:908;lapras:908;kingdra:556;morpeko_full_belly:539,araquanid:121;jumpluff:189;turtonator:243;charjabug:309;cradily:409
rotom,Rotom,73.7,132.4,120.4,106,1691,ASTONISH,THUNDERBOLT,OMINOUS_WIND,70.7,56,68.9,54.6,toxapex:712;charjabug:650;mantine:608;araquanid:584;cramorant:547,kingdra:258;rillaboom:310;turtonator:323;cradily:361;jumpluff:460
sceptile_mega,Sceptile (Mega),73.7,159,98.1,90,1405,FURY_CUTTER,LEAF_BLADE,BREAKING_SWIPE,67.3,51.5,68.9,39.1,quagsire_shadow:777;stunfisk:700;rillaboom:694;morpeko_full_belly:672;lapras:661,cramorant:138;turtonator:181;kingdra:220;charjabug:242;cradily:482
emboar_shadow,Emboar (Shadow),73.6,137.8,80.4,147,1631,EMBER,BLAST_BURN,ROCK_SLIDE,64.5,60.3,77.6,28.7,charjabug:673;ninetales_shadow:670;jumpluff:666;lapras:622;rillaboom:540,kingdra:80;toxapex:275;cradily:309;araquanid:400;turtonator:469
gloom,Gloom,73.6,121.3,115.9,131,1844,ACID,MOONBLAST,SLUDGE_BOMB,66.5,50,74.7,52.3,chesnaught_mega:687;charjabug:641;lanturn:625;stunfisk:595;kingdra:564,jumpluff:238;araquanid:371;rillaboom:391;cradily:423;turtonator:455
magmortar,Magmortar,73.6,140.8,104.5,108,1589,KARATE_CHOP,FIRE_PUNCH,THUNDERBOLT,69.6,62.2,62.3,32.6,lapras:791;ninetales_shadow:675;mantine:597;morpeko_full_belly:592;rillaboom:555,cramorant:253;kingdra:262;turtonator:314;cradily:364;charjabug:424
zebstrika,Zebstrika,73.6,137.7,95.4,124,1630,LOW_KICK,WILD_CHARGE,FLAME_CHARGE,58.4,44.7,77.4,32.9,toxapex:802;morpeko_full_belly:673;mantine:657;lanturn:592;charjabug:532,cramorant:130;kingdra:216;cradily:319;araquanid:455;turtonator:460
cacturne,Cacturne,73.5,147.2,85,121,1516,SUCKER_PUNCH,TRAILBLAZE,DARK_PULSE,63.1,45.3,64.2,50.2,toxapex:888;lanturn:780;stunfisk:690;jellicent:661;ampharos_mega:524,turtonator:269;charjabug:281;kingdra:309;cramorant:321;cradily:482
sawsbuck,Sawsbuck,73.4,129.4,101.8,131,1727,TAKE_DOWN,WILD_CHARGE,TRAILBLAZE,68.7,53.5,64.9,63.7,toxapex:767;stunfisk:767;morpeko_full_belly:702;lanturn:690;quagsire_shadow:561,turtonator:314;cradily:319;charjabug:333;cramorant:337;kingdra:495
lampent_shadow,Lampent (Shadow),73.3,132.5,99,129,1692,EMBER,HEAT_WAVE,ENERGY_BALL,65,49.3,73.1,33.9,jumpluff:918;chesnaught_mega:879;empoleon:841;charjabug:686;rillaboom:666,cramorant:123;turtonator:216;araquanid:323;cradily:336;kingdra:364
magby,Magby,73.3,139.4,95.7,120,1603,KARATE_CHOP,FIRE_PUNCH,BRICK_BREAK,70.7,53.3,59.7,52.3,empoleon:845;chesnaught_mega:770;ampharos_mega:712;rillaboom:587;jumpluff:516,cramorant:214;kingdra:326;turtonator:340;charjabug:420;cradily:447
wailmer_shadow,Wailmer (Shadow),73.3,116.5,68.2,242,1927,ROLLOUT,SCALD,BODY_SLAM,67.9,52.7,65.2,45.8,charizard_mega_x:737;turtonator:648;charjabug:626;lapras:601;cramorant:545,rillaboom:155;cradily:312;jumpluff:356;kingdra:394;araquanid:496
celebi,Celebi,73.2,120.4,119.3,129,1855,CONFUSION,AURA_SPHERE,LEAF_STORM,69.2,48.4,75.2,58.5,stunfisk:806;quagsire_shadow:794;toxapex:779;morpeko_full_belly:643;kingdra:585,araquanid:169;charjabug:242;cramorant:261;cradily:413;turtonator:451
elekid,Elekid,73.2,126,97.4,120,1474,THUNDER_SHOCK,THUNDER_PUNCH,BRICK_BREAK,70.1,59.3,60.9,65.5,mantine:883;empoleon:845;cramorant:766;toxapex:754;houndoom_mega:695,kingdra:296;charjabug:317;araquanid:367;turtonator:389;cradily:423
emboar,Emboar,73.2,137.8,80.4,147,1631,EMBER,BLAST_BURN,ROCK_SLIDE,62.9,49.1,79.3,46.3,charjabug:724;ninetales_shadow:704;jumpluff:700;rillaboom:544;turtonator:540,cramorant:123;toxapex:250;kingdra:313;araquanid:352;cradily:385
geodude_alolan,Geodude (Alolan),73.2,123.5,123.5,113,1724,VOLT_SWITCH,ROCK_TOMB,ROCK_SLIDE,68.1,50.5,69.5,48.7,cramorant:915;turtonator:694;charjabug:681;ninetales_shadow:539;toxapex:504,rillaboom:127;kingdra:237;araquanid:242;cradily:274;jumpluff:450
appletun,Appletun,73.1,116.5,102.5,161,1924,ASTONISH,ENERGY_BALL,OUTRAGE,66,44.4,74.7,53.1,lanturn:835;stunfisk:810;quagsire_shadow:652;charjabug:605;empoleon:518,jumpluff:160;turtonator:243;kingdra:275;cradily:322;araquanid:378
combusken,Combusken,73.1,130.3,100.8,131,1723,EMBER,ROCK_SLIDE,FLAME_CHARGE,64.2,48.4,74,53.6,charjabug:748;ninetales_shadow:706;turtonator:553;morpeko_full_belly:522;araquanid:511,cramorant:123;cradily:281;kingdra:300;rillaboom:302;jumpluff:421
omanyte_shadow,Omanyte (Shadow),73.1,128,135.2,101,1750,MUD_SHOT,ROCK_TOMB,ROCK_BLAST,66.4,60.9,65.8,45.8,ninetales_shadow:801;charizard_mega_x:727;turtonator:722;cramorant:717;charjabug:549,rillaboom:73;cradily:288;araquanid:305;kingdra:317;jumpluff:336
primarina,Primarina,73.1,131.6,115.6,112,1705,WATERFALL,MOONBLAST,HYDRO_CANNON,62.2,39.4,67.8,48.7,houndoom_mega:821;turtonator:799;kingdra:705;mantine:513;quagsire_shadow:508,jumpluff:101;cramorant:170;charjabug:253;cradily:388;araquanid:422
charizard,Charizard,73,132.7,108.8,117,1691,EMBER,BLAST_BURN,AIR_CUTTER,69.8,49.4,71.4,53.8,jumpluff:910;empoleon:867;rillaboom:764;charjabug:589;ninetales_shadow:512,cramorant:123;kingdra:288;cradily:354;araquanid:360;turtonator:491
talonflame,Talonflame,73,121.4,112.6,135,1847,INCINERATE,FLY,BRAVE_BIRD,63.1,42,72.6,61.3,rillaboom:670;jumpluff:633;ninetales_shadow:600;chesnaught_mega:600;araquanid:588,kingdra:105;cramorant:162;charjabug:369;cradily:461;turtonator:495
braixen_shadow,Braixen (Shadow),72.9,130.5,106.9,123,1718,EMBER,PSYSHOCK,FLAME_CHARGE,69.6,51.8,65.8,41.1,toxapex:760;rillaboom:752;chesnaught_mega:739;jumpluff:731;charjabug:691,cramorant:123;araquanid:308;cradily:315;kingdra:317;turtonator:318
incineroar,Incineroar,72.9,125.2,109.1,131,1791,FIRE_FANG,BRUTAL_SWING,BLAST_BURN,64.3,40.8,74.7,57.5,rillaboom:641;ninetales_shadow:564;charjabug:561;stunfisk:545;jumpluff:541,kingdra:131;cramorant:218;cradily:253;turtonator:292;araquanid:338
meganium_shadow,Meganium (Shadow),72.9,110.8,139,131,2018,VINE_WHIP,FRENZY_PLANT,EARTHQUAKE,63.4,34.7,74.2,48.4,stunfisk:820;morpeko_full_belly:740;lapras:683;toxapex:618;kingdra:587,jumpluff:166;turtonator:230;araquanid:356;cradily:357;charjabug:476
oddish,Oddish,72.9,122.6,106.7,120,1571,ACID,SEED_BOMB,MOONBLAST,65.7,49,71.4,52.3,quagsire_shadow:741;stunfisk:666;morpeko_full_belly:600;kingdra:537;charjabug:533,turtonator:181;cramorant:222;jumpluff:238;araquanid:334;cradily:378
oddish_shadow,Oddish (Shadow),72.9,122.6,106.7,120,1571,ACID,SEED_BOMB,MOONBLAST,66.7,56.6,65.6,45.8,chesnaught_mega:829;rillaboom:745;quagsire_shadow:675;stunfisk:566;charjabug:533,turtonator:225;kingdra:233;araquanid:301;cradily:322;cramorant:452
cacturne_shadow,Cacturne (Shadow),72.8,147.2,85,121,1516,SUCKER_PUNCH,TRAILBLAZE,DARK_PULSE,69,49.9,59.9,53.1,toxapex:780;lanturn:780;ampharos_mega:706;stunfisk:657;charizard_mega_x:582,cradily:319;turtonator:358;kingdra:364;cramorant:376;charjabug:376
manectric,Manectric,72.7,142.4,91.3,121,1574,THUNDER_FANG,PSYCHIC_FANGS,WILD_CHARGE,70.7,57.2,62.8,59.8,toxapex:797;araquanid:698;cramorant:685;jumpluff:557;charjabug:508,rillaboom:205;cradily:263;kingdra:279;ninetales_shadow:297;turtonator:349
wormadam_plant,Wormadam (Plant),72.7,110,144.8,128,2040,SUCKER_PUNCH,ENERGY_BALL,BUG_BUZZ,63.6,38.5,74,66.8,stunfisk:722;morpeko_full_belly:687;kingdra:679;rillaboom:644;charjabug:578,jumpluff:160;cramorant:202;cradily:208;turtonator:234;araquanid:386
bibarel_shadow,Bibarel (Shadow),72.6,122.9,99.2,149,1819,TAKE_DOWN,SURF,HYPER_FANG,69,46.7,62.7,59.8,houndoom_mega:815;charizard_mega_x:728;empoleon:577;mantine:563;lapras:516,cradily:197;charjabug:337;cramorant:392;turtonator:442;kingdra:444
geodude_alolan_shadow,Geodude (Alolan) (Shadow),72.6,123.5,123.5,113,1724,VOLT_SWITCH,ROCK_TOMB,ROCK_SLIDE,69,45.7,67.8,39.8,cramorant:902;toxapex:805;charjabug:623;turtonator:619;jumpluff:530,rillaboom:158;ninetales_shadow:242;kingdra:279;araquanid:279;cradily:322
quaxwell,Quaxwell,72.4,125.4,103.5,138,1792,WING_ATTACK,AQUA_JET,AERIAL_ACE,63.2,65.1,68.2,43.7,chesnaught_mega:778;magcargo:626;feraligatr:554;araquanid:510;charizard_mega_x:510,cradily:267;charjabug:365;cramorant:384;kingdra:389;turtonator:389
shiftry,Shiftry,72.4,133.4,88,143,1680,SNARL,LEAF_BLADE,FOUL_PLAY,63.4,52.4,67.5,50.7,quagsire_shadow:912;ampharos_mega:744;stunfisk:730;lanturn:706;rillaboom:559,turtonator:194;cradily:250;charjabug:333;cramorant:365;kingdra:377
moltres_shadow,Moltres (Shadow),72.3,139.9,102,112,1599,WING_ATTACK,FLY,HEAT_WAVE,56.9,37.4,71.9,33.1,araquanid:852;chesnaught_mega:816;jumpluff:772;houndoom_mega:674;ninetales_shadow:584,charjabug:182;turtonator:225;kingdra:233;cramorant:261;cradily:399
bibarel,Bibarel,72.2,122.9,99.2,149,1819,TAKE_DOWN,SURF,HYPER_FANG,66.4,45.3,68.3,57.5,feraligatr:738;magcargo:634;cramorant:516;lapras:516;araquanid:513,cradily:156;charjabug:281;turtonator:362;jumpluff:392;kingdra:423
pignite_shadow,Pignite (Shadow),72.1,127.3,87,158,1751,EMBER,ROCK_TOMB,FLAME_CHARGE,55.2,39.3,67.1,46.3,houndoom_mega:756;ninetales_shadow:734;jumpluff:689;araquanid:569;ampharos_mega:541,kingdra:88;cramorant:123;charjabug:257;cradily:364;turtonator:482
slowpoke_shadow,Slowpoke (Shadow),72.1,104.1,94.9,186,1840,CONFUSION,PSYSHOCK,WATER_PULSE,70.4,50.2,68.7,49.2,toxapex:803;lapras:645;kingdra:599;cramorant:583;stunfisk:513,charjabug:242;araquanid:349;cradily:357;jumpluff:375;turtonator:495
lampent,Lampent,71.9,132.5,99,129,1692,EMBER,HEAT_WAVE,ENERGY_BALL,62.2,45.6,72.5,47.1,chesnaught_mega:879;dartrix:763;charjabug:744;rillaboom:693;jumpluff:554,cramorant:123;turtonator:199;cradily:284;kingdra:317;araquanid:334
tauros_blaze,Tauros (Blaze),71.9,127.8,120.6,114,1759,DOUBLE_KICK,FLAME_CHARGE,TRAILBLAZE,63.4,45.3,63,56.4,houndoom_mega:767;magcargo:618;charjabug:574;ampharos_mega:561;victreebel_shadow:552,cramorant:317;turtonator:349;kingdra:368;araquanid:419;cradily:430
centiskorch,Centiskorch,71.8,128.7,99.4,136,1740,EMBER,LUNGE,HEAT_WAVE,66.2,49.1,66.1,57.7,chesnaught_mega:867;charjabug:779;rillaboom:775;araquanid:544;stunfisk:536,cramorant:123;kingdra:322;cradily:354;turtonator:393;jumpluff:434
exeggutor_alolan,Exeggutor (Alolan),71.7,134.4,94.8,131,1670,DRAGON_TAIL,SEED_BOMB,DRACO_METEOR,65.3,59.4,68.2,48.4,lanturn:797;stunfisk:767;morpeko_full_belly:748;toxapex:652;quagsire_shadow:530,turtonator:269;cradily:298;kingdra:309;charjabug:365;cramorant:416
heatran_shadow,Heatran (Shadow),71.7,130.7,115.4,110,1661,FIRE_SPIN,MAGMA_STORM,EARTH_POWER,57.6,32.4,66.1,56.9,jumpluff:886;dartrix:777;victreebel_shadow:750;rillaboom:713;cradily:540,kingdra:131;cramorant:198;turtonator:238;araquanid:408;charjabug:448
minun,Minun,71.7,116.3,127,130,1922,QUICK_ATTACK,THUNDERBOLT,GRASS_KNOT,62,48.8,78.8,40.1,morpeko_full_belly:734;quagsire_shadow:634;cramorant:623;toxapex:623;lapras:550,kingdra:156;cradily:263;turtonator:340;charjabug:345;araquanid:481
heatran,Heatran,71.6,132.9,112.2,113,1687,FIRE_SPIN,MAGMA_STORM,EARTH_POWER,59,33.8,65.4,62.4,jumpluff:942;victreebel_shadow:712;cradily:592;chesnaught_mega:557;charjabug:535,kingdra:105;turtonator:190;cramorant:305;araquanid:378;rillaboom:472
electabuzz_shadow,Electabuzz (Shadow),71.5,132.1,112.5,114,1696,THUNDER_SHOCK,THUNDER_PUNCH,THUNDERBOLT,68.1,53.8,66.1,39.8,toxapex:802;cramorant:758;araquanid:719;lapras:706;jumpluff:526,rillaboom:124;turtonator:137;cradily:250;charjabug:341;kingdra:406
grotle,Grotle,71.5,117.8,114.8,141,1908,BITE,BODY_SLAM,ENERGY_BALL,65.1,57.6,70.7,56.4,quagsire_shadow:812;stunfisk:712;lanturn:680;ampharos_mega:613;charjabug:531,araquanid:261;turtonator:274;cradily:298;cramorant:384;kingdra:478
leafeon,Leafeon,71.5,128.1,133.9,102,1750,QUICK_ATTACK,LEAF_BLADE,LAST_RESORT,59.2,42.3,68.9,51.5,quagsire_shadow:906;stunfisk:735;morpeko_full_belly:725;lanturn:715;ampharos_mega:607,turtonator:137;cramorant:178;cradily:225;charjabug:325;kingdra:423
skrelp,Skrelp,71.5,104.1,104.1,127,1379,ACID,AQUA_TAIL,TWISTER,69.6,61.9,64.2,45.5,houndoom_mega:830;houndoom_shadow:807;magcargo:582;ninetales_shadow:570;chesnaught_mega:519,charjabug:281;cradily:399;cramorant:460;turtonator:473;kingdra:495
suicune,Suicune,71.4,106.2,143,137,2083,ICE_FANG,BUBBLE_BEAM,SCALD,70.2,56.9,70.4,60.8,turtonator:733;jumpluff:689;quagsire_shadow:671;cradily:576;stunfisk:518,araquanid:227;charjabug:301;rillaboom:414;kingdra:478;cramorant:488
tangrowth,Tangrowth,71.4,120.7,112.7,136,1852,VINE_WHIP,POWER_WHIP,ROCK_SLIDE,64,36.5,72.8,47.1,stunfisk:823;quagsire_shadow:797;morpeko_full_belly:727;lapras:691;kingdra:566,jumpluff:277;cradily:343;araquanid:349;turtonator:384;charjabug:472
bayleef,Bayleef,71.2,105.5,141.5,142,2122,MAGICAL_LEAF,ANCIENT_POWER,ENERGY_BALL,64.6,38,70.4,57.2,quagsire_shadow:926;stunfisk:834;morpeko_full_belly:556;lapras:524;toxapex:517,turtonator:314;cradily:322;araquanid:363;charjabug:373;kingdra:491
exeggutor_alolan_shadow,Exeggutor (Alolan) (Shadow),71.2,134.4,94.8,131,1670,DRAGON_TAIL,SEED_BOMB,DRACO_METEOR,65.1,63.1,63.4,44,ampharos_mega:874;lanturn:858;toxapex:790;stunfisk:740;morpeko_full_belly:702,charjabug:253;cramorant:281;turtonator:323;cradily:364;kingdra:385
moltres,Moltres,71.2,136.7,103.6,115,1631,WING_ATTACK,FLY,HEAT_WAVE,57.8,39.9,71.6,43.5,araquanid:891;jumpluff:891;chesnaught_mega:821;ninetales_shadow:682;rillaboom:504,charjabug:162;kingdra:216;cramorant:218;cradily:340;turtonator:464
grotle_shadow,Grotle (Shadow),71,117.8,114.8,141,1908,BITE,ENERGY_BALL,BODY_SLAM,63.9,67,70.4,44,quagsire_shadow:755;morpeko_full_belly:726;stunfisk:716;lanturn:691;kingdra:578,charjabug:341;cradily:354;araquanid:360;turtonator:362;cramorant:369
swampert_mega,Swampert (Mega),71,135.5,108.6,112,1649,MUD_SHOT,HYDRO_CANNON,EARTHQUAKE,67.9,43.9,69.9,35.7,toxapex:781;ninetales_shadow:723;turtonator:678;charizard_mega_x:674;charjabug:575,cramorant:91;jumpluff:143;araquanid:198;kingdra:241;cradily:277
omastar_shadow,Omastar (Shadow),70.9,126.6,128.4,109,1773,MUD_SHOT,ROCK_SLIDE,HYDRO_PUMP,57.2,49.3,72.6,46.6,houndoom_mega:821;turtonator:738;cramorant:733;mantine:582;charjabug:559,rillaboom:73;cradily:288;jumpluff:333;araquanid:386;kingdra:427
tauros_aqua,Tauros (Aqua),70.9,127.8,120.6,114,1759,DOUBLE_KICK,AQUA_JET,TRAILBLAZE,62,50,60.6,50.7,quagsire_shadow:653;turtonator:605;lapras:543;empoleon:517;toxapex:504,cramorant:285;charjabug:321;cradily:440;kingdra:440;araquanid:441
whiscash_shadow,Whiscash (Shadow),70.8,107.5,108.2,178,2074,MUD_SHOT,MUD_BOMB,SCALD,65.4,40.8,69.7,55.1,charizard_mega_x:772;stunfisk:707;turtonator:682;charjabug:637;toxapex:603,jumpluff:35;cramorant:222;cradily:277;araquanid:356;kingdra:377
houndour_shadow,Houndour (Shadow),70.7,140.3,82.3,120,1387,EMBER,DARK_PULSE,FLAMETHROWER,62,52,73.5,20.2,empoleon:787;victreebel_shadow:662;charjabug:600;jumpluff:583;ninetales_shadow:566,kingdra:80;cramorant:123;cradily:357;araquanid:389;turtonator:398
pawmo,Pawmo,70.6,136.1,81.5,142,1576,THUNDER_SHOCK,WILD_CHARGE,THUNDER_PUNCH,66.5,40.5,72.3,44.8,toxapex:919;araquanid:869;cramorant:697;lapras:644;kingdra:538,cradily:166;turtonator:216;rillaboom:236;jumpluff:245;charjabug:361
charizard_mega_y,Charizard (Mega Y),70.5,151.3,105,93,1479,EMBER,BLAST_BURN,AIR_CUTTER,65,45,72.3,26.9,jumpluff:887;empoleon:833;chesnaught_mega:801;houndoom_mega:768;rillaboom:704,cramorant:123;charjabug:218;turtonator:292;kingdra:317;cradily:409
grovyle,Grovyle,70.5,136.3,103.2,117,1647,QUICK_ATTACK,LEAF_BLADE,AERIAL_ACE,65.3,47.3,66.3,43.7,quagsire_shadow:918;stunfisk:739;chesnaught_mega:739;morpeko_full_belly:709;lanturn:653,cramorant:162;cradily:236;charjabug:285;turtonator:292;kingdra:457
tentacool,Tentacool,70.5,94.1,137.8,113,1466,POISON_STING,WRAP,WATER_PULSE,62.9,57.8,62.8,65.5,magcargo:641;abomasnow:557;ninetales_shadow:517;houndoom_mega:508;houndoom_shadow:508,charjabug:246;turtonator:305;kingdra:326;cramorant:365;cradily:385
golduck_shadow,Golduck (Shadow),70.4,124.1,112.1,129,1797,CONFUSION,CROSS_CHOP,LIQUIDATION,68.7,66.9,57.2,43.7,houndoom_mega:810;chesnaught_mega:724;empoleon:589;turtonator:573;toxapex:569,araquanid:312;charjabug:341;cramorant:373;cradily:392;kingdra:457
sharpedo_shadow,Sharpedo (Shadow),70.1,166.6,64,126,1345,BITE,CRUNCH,POISON_FANG,61.7,45.4,64,26.4,feraligatr:757;cradily:646;turtonator:626;victreebel_shadow:599;houndoom_mega:523,charjabug:182;kingdra:266;rillaboom:279;araquanid:286;jumpluff:379
gloom_shadow,Gloom (Shadow),70,121.3,115.9,131,1844,ACID,MOONBLAST,SLUDGE_BOMB,58,40.5,70.7,50,chesnaught_mega:694;lanturn:660;charjabug:557;ampharos_mega:538;kingdra:534,araquanid:180;turtonator:225;cramorant:261;jumpluff:277;cradily:402
castform_rainy,Castform (Rainy),69.9,112.6,121.2,146,1994,WATER_GUN,WEATHER_BALL_WATER,THUNDER,59.7,37.8,73,46.1,stunfisk:575;ninetales_shadow:558;charizard_mega_x:544;cramorant:523;mantine:517,kingdra:122;araquanid:139;charjabug:162;cradily:284;turtonator:424
luxray,Luxray,69.9,138,98.9,119,1626,SPARK,WILD_CHARGE,PSYCHIC_FANGS,69.6,56.7,63.9,53.1,toxapex:794;araquanid:726;mantine:668;morpeko_full_belly:663;cramorant:554,turtonator:278;jumpluff:287;cradily:305;charjabug:329;kingdra:381
thwackey,Thwackey,69.9,123.6,107.5,136,1809,SCRATCH,ENERGY_BALL,GRASS_KNOT,63.1,44.7,71.6,47.6,quagsire_shadow:790;morpeko_full_belly:724;stunfisk:694;lapras:687;kingdra:569,cramorant:186;turtonator:296;cradily:309;charjabug:329;araquanid:338
monferno_shadow,Monferno (Shadow),69.8,129.6,96,139,1731,EMBER,FLAME_WHEEL,LOW_SWEEP,66.2,58.1,67.5,37.3,empoleon:852;charjabug:708;rillaboom:708;chesnaught_mega:708;jumpluff:665,kingdra:241;cramorant:325;araquanid:330;cradily:343;turtonator:411
vileplume,Vileplume,69.6,128.8,112.7,120,1743,ACID,SLUDGE_BOMB,PETAL_BLIZZARD,57.8,39.3,73.7,42.7,stunfisk:687;chesnaught_mega:683;lanturn:679;charjabug:604;kingdra:520,araquanid:180;turtonator:181;cramorant:238;jumpluff:277;cradily:375
braixen,Braixen,69.5,130.5,106.9,123,1718,EMBER,PSYSHOCK,FLAME_CHARGE,66.2,46.6,65.4,50.7,chesnaught_mega:776;charjabug:752;rillaboom:752;jumpluff:556;ninetales_shadow:512,cramorant:123;cradily:260;kingdra:279;araquanid:279;turtonator:473
golduck,Golduck,69.5,124.1,112.1,129,1797,CONFUSION,CROSS_CHOP,LIQUIDATION,66.7,66,61.8,49.7,magcargo:903;charizard_mega_x:763;chesnaught_mega:763;lapras:604;quagsire_shadow:542,charjabug:285;cradily:333;cramorant:357;kingdra:432;turtonator:482
slowking,Slowking,69.5,113.4,120.9,144,1975,CONFUSION,SURF,BLIZZARD,63.6,42.7,70.1,58.2,quagsire_shadow:611;turtonator:531;toxapex:531;ninetales_shadow:531;chesnaught_mega:531,cradily:211;charjabug:222;araquanid:323;jumpluff:352;kingdra:360
arcanine_shadow,Arcanine (Shadow),69.3,132,102.5,125,1693,BITE,WILD_CHARGE,PSYCHIC_FANGS,72.3,72.1,54.2,36.7,araquanid:852;mantine:796;toxapex:772;lapras:756;ninetales_shadow:664,charjabug:277;cramorant:305;turtonator:362;kingdra:368;cradily:381
regieleki,Regieleki,69.3,149.8,82.5,119,1472,VOLT_SWITCH,THUNDER_CAGE,HYPER_BEAM,66,49,58.2,44,cramorant:848;toxapex:836;mantine:827;lapras:743;araquanid:701,rillaboom:158;turtonator:159;kingdra:237;cradily:284;charjabug:325
crocalor,Crocalor,69.2,119.4,105.7,148,1869,INCINERATE,CRUNCH,FLAMETHROWER,58.9,40.9,70.9,62.9,jumpluff:793;victreebel_shadow:753;charjabug:635;ampharos_mega:527;chesnaught_mega:516,kingdra:105;cramorant:202;turtonator:274;araquanid:363;cradily:381
jolteon,Jolteon,69.2,137.4,114.7,103,1624,THUNDER_SHOCK,DISCHARGE,LAST_RESORT,62.8,37.7,66.1,43.5,mantine:864;cramorant:742;toxapex:713;morpeko_full_belly:689;charizard_mega_x:674,turtonator:92;cradily:163;araquanid:367;charjabug:369;kingdra:372
tentacool_shadow,Tentacool (Shadow),69.2,94.1,137.8,113,1466,POISON_STING,WRAP,WATER_PULSE,61.1,58.5,60.8,61.6,magcargo:898;blaziken_shadow:681;blaziken:646;ninetales_shadow:584;charizard_mega_x:504,charjabug:293;cradily:312;turtonator:358;kingdra:368;cramorant:392
torterra_shadow,Torterra (Shadow),69.2,119.9,117,133,1867,MUD_SLAP,FRENZY_PLANT,SAND_TOMB,59.5,34.7,64.9,54.1,stunfisk:823;toxapex:793;morpeko_full_belly:793;charizard_mega_x:725;charjabug:545,cramorant:99;araquanid:150;cradily:246;kingdra:258;turtonator:349
arcanine,Arcanine,68.9,132,102.5,125,1693,BITE,WILD_CHARGE,PSYCHIC_FANGS,71.3,58.2,53.7,44,lapras:836;toxapex:756;ninetales_shadow:728;kingdra:596;jumpluff:560,araquanid:165;cramorant:277;charjabug:297;cradily:347;turtonator:495
exeggutor_shadow,Exeggutor (Shadow),68.9,136.1,92.5,131,1650,CONFUSION,SEED_BOMB,PSYCHIC,63.1,44.7,66.4,48.4,chesnaught_mega:824;lanturn:812;toxapex:721;stunfisk:709;lapras:618,turtonator:252;kingdra:275;charjabug:321;cramorant:341;cradily:423
ivysaur_shadow,Ivysaur (Shadow),68.9,119.8,121.3,129,1877,VINE_WHIP,POWER_WHIP,SLUDGE_BOMB,52.2,28,74.9,44,lanturn:844;quagsire_shadow:717;stunfisk:705;chesnaught_mega:693;kingdra:534,turtonator:92;araquanid:180;cramorant:222;cradily:395;charjabug:460
blastoise_mega,Blastoise (Mega),68.7,133.9,123.4,101,1671,ROLLOUT,HYDRO_CANNON,ICE_BEAM,55,48.8,60.9,27.4,magcargo:896;turtonator:579;empoleon:539;lapras:509;mantine:504,kingdra:152;araquanid:316;cradily:378;cramorant:428;charjabug:476
serperior_shadow,Serperior (Shadow),68.6,110.2,142.2,130,2038,VINE_WHIP,FRENZY_PLANT,LEAF_TORNADO,64.6,40.6,73.7,53.1,lapras:826;stunfisk:811;quagsire_shadow:800;morpeko_full_belly:757;kingdra:611,turtonator:230;cramorant:353;cradily:354;araquanid:356;charjabug:384
wailord_shadow,Wailord (Shadow),68.6,118.3,67.4,237,1892,ROLLOUT,SURF,HYPER_BEAM,59.7,39.9,63.9,33.9,charizard_mega_x:732;turtonator:620;lapras:599;mantine:563;araquanid:552,cramorant:253;cradily:295;jumpluff:297;kingdra:317;charjabug:472
omanyte,Omanyte,68.4,128,135.2,101,1750,MUD_SHOT,ROCK_TOMB,ROCK_BLAST,63.2,54,62.8,38.6,charizard_mega_x:727;turtonator:683;toxapex:613;araquanid:569;cramorant:529,rillaboom:73;cradily:236;jumpluff:287;charjabug:313;kingdra:338
whiscash,Whiscash,68.4,107.5,108.2,178,2074,MUD_SHOT,MUD_BOMB,SCALD,62.3,34.5,67.3,57.7,stunfisk:778;charizard_mega_x:772;morpeko_full_belly:719;toxapex:578;charjabug:514,cramorant:210;cradily:229;araquanid:257;kingdra:305;turtonator:455
bayleef_shadow,Bayleef (Shadow),68.2,105.5,141.5,142,2122,MAGICAL_LEAF,ANCIENT_POWER,ENERGY_BALL,61.4,34.4,64.7,47.4,quagsire_shadow:940;stunfisk:820;lanturn:742;jellicent:630;kingdra:591,jumpluff:81;cradily:347;turtonator:353;araquanid:393;charjabug:456
sharpedo,Sharpedo,68.2,166.6,64,126,1345,BITE,CRUNCH,POISON_FANG,54.2,55.8,60.1,33.4,victreebel_shadow:638;houndoom_mega:607;jellicent:587;abomasnow:567;charizard_mega_x:519,turtonator:221;kingdra:233;cramorant:242;charjabug:297;cradily:333
suicune_shadow,Suicune (Shadow),68.1,107.1,139.9,136,2039,ICE_FANG,BUBBLE_BEAM,SCALD,65.6,49.4,62.8,55.4,jumpluff:625;turtonator:602;quagsire_shadow:599;cramorant:540;mantine:536,charjabug:202;araquanid:316;rillaboom:348;kingdra:385;cradily:416
monferno,Monferno,67.8,129.6,96,139,1731,EMBER,FLAME_WHEEL,LOW_SWEEP,63.9,42.3,67.8,51.8,rillaboom:780;chesnaught_mega:780;charjabug:744;ninetales_shadow:543;morpeko_full_belly:535,cramorant:123;kingdra:216;araquanid:319;turtonator:367;cradily:413
tangrowth_shadow,Tangrowth (Shadow),67.8,120.7,112.7,136,1852,VINE_WHIP,POWER_WHIP,ROCK_SLIDE,51.9,32.9,69.2,36.7,lanturn:863;quagsire_shadow:753;stunfisk:746;morpeko_full_belly:698;lapras:580,turtonator:92;charjabug:123;cramorant:222;kingdra:237;cradily:336
omastar,Omastar,67.7,126.6,128.4,109,1773,MUD_SHOT,ROCK_SLIDE,HYDRO_PUMP,53.4,52.3,69.4,41.1,charizard_mega_x:720;turtonator:628;mantine:614;toxapex:550;cramorant:536,charjabug:83;cradily:93;jumpluff:284;araquanid:312;kingdra:334
quilava_shadow,Quilava (Shadow),67.7,126.6,109.4,128,1774,EMBER,FLAME_CHARGE,DIG,55.3,37.1,64.2,45,jumpluff:902;houndoom_mega:746;dartrix:714;ninetales_shadow:675;charjabug:511,kingdra:88;cramorant:130;araquanid:319;cradily:361;turtonator:451
vileplume_shadow,Vileplume (Shadow),67.6,128.8,112.7,120,1743,ACID,MOONBLAST,SLUDGE_BOMB,55.6,36.3,69,42.2,cradily_shadow:670;chesnaught_mega:662;lanturn:637;rillaboom:600;charjabug:512,araquanid:224;turtonator:225;kingdra:233;cramorant:265;cradily:447
charmeleon,Charmeleon,67.5,126.6,109.4,128,1774,EMBER,FIRE_PUNCH,RETURN,57.2,31.8,70.1,48.7,rillaboom:785;chesnaught_mega:785;ninetales_shadow:710;jumpluff:589;charjabug:585,turtonator:137;kingdra:169;cramorant:242;cradily:246;araquanid:253
charmeleon_shadow,Charmeleon (Shadow),67.5,126.6,109.4,128,1774,EMBER,FIRE_PUNCH,FLAMETHROWER,60.6,45,60.4,43.2,jumpluff:910;rillaboom:785;charjabug:777;chesnaught_mega:750;victreebel_shadow:644,kingdra:88;turtonator:252;cramorant:265;araquanid:352;cradily:364
grovyle_shadow,Grovyle (Shadow),67.5,136.3,103.2,117,1647,BULLET_SEED,LEAF_BLADE,AERIAL_ACE,60.1,45.9,66.6,26.6,quagsire_shadow:893;lanturn:893;jellicent:816;lapras:764;stunfisk:705,turtonator:57;charjabug:265;cradily:309;kingdra:427;cramorant:440
litleo,Litleo,67.5,121.5,105.7,144,1852,INCINERATE,FLAME_CHARGE,CRUNCH,58.6,39.9,66.6,62.4,jumpluff:788;victreebel_shadow:746;dartrix:642;charjabug:625;ampharos_mega:513,kingdra:105;cramorant:202;turtonator:278;cradily:350;araquanid:422
luxray_shadow,Luxray (Shadow),67.5,138,98.9,119,1626,SPARK,WILD_CHARGE,PSYCHIC_FANGS,66.7,55.7,58.5,43.7,mantine:827;empoleon:827;toxapex:794;araquanid:659;cramorant:588,kingdra:241;cradily:246;charjabug:269;turtonator:287;jumpluff:310
quilava,Quilava,67.4,126.6,109.4,128,1774,EMBER,FLAME_CHARGE,DIG,55.9,36,66.1,46.8,houndoom_mega:777;dartrix:761;charjabug:585;jumpluff:582;ninetales_shadow:542,kingdra:88;cramorant:253;araquanid:272;cradily:288;turtonator:398
tirtouga_shadow,Tirtouga (Shadow),67.4,114.3,132.4,130,1970,BITE,SURF,ANCIENT_POWER,54.4,40.2,61.1,39.8,mantine:665;turtonator:661;cramorant:584;charizard_mega_x:565;lapras:503,jumpluff:133;charjabug:162;kingdra:199;cradily:336;araquanid:466
tirtouga,Tirtouga,67.3,114.3,132.4,130,1970,BITE,SURF,ANCIENT_POWER,58.4,39.9,60.8,44,mantine:673;charizard_mega_x:642;cramorant:630;araquanid:565;lapras:542,jumpluff:68;charjabug:162;cradily:270;turtonator:384;kingdra:394
crawdaunt_shadow,Crawdaunt (Shadow),67.2,144.7,98.3,109,1552,WATERFALL,NIGHT_SLASH,SCALD,58.3,53.5,58.9,35.4,magcargo:912;houndoom_shadow:811;houndoom_mega:752;ninetales_shadow:623;lapras:614,kingdra:131;turtonator:269;charjabug:289;cradily:416;cramorant:448
growlithe_shadow,Growlithe (Shadow),67.2,126.8,90.7,135,1555,EMBER,FLAME_WHEEL,BODY_SLAM,64.6,47.5,63.5,28.2,empoleon:811;chesnaught_mega:700;jumpluff:688;charjabug:681;rillaboom:522,cramorant:123;kingdra:296;turtonator:296;araquanid:327;cradily:340
ponyta_shadow,Ponyta (Shadow),67.2,133.5,108.2,116,1676,EMBER,FLAME_WHEEL,STOMP,64.3,45.6,65.2,33.1,jumpluff:909;empoleon:823;charjabug:693;chesnaught_mega:693;rillaboom:564,cramorant:123;kingdra:271;turtonator:278;araquanid:338;cradily:350
tapu_fini,Tapu Fini,67.2,115.8,158.3,105,1926,WATER_GUN,SURF,NATURES_MADNESS,59.4,45,64.7,57.2,turtonator:690;charizard_mega_x:628;quagsire_shadow:600;kingdra:576;ninetales_shadow:514,cramorant:234;charjabug:242;cradily:326;araquanid:356;jumpluff:356
weepinbell_shadow,Weepinbell (Shadow),67.2,139.3,82.6,140,1613,ACID,POWER_WHIP,SLUDGE_BOMB,53.8,35.4,67.1,41.4,lanturn:810;tentacruel:625;stunfisk:600;rillaboom:596;chesnaught_mega:521,charjabug:242;cramorant:253;turtonator:269;kingdra:271;cradily:486
rotom_heat,Rotom (Heat),67.1,128.8,144.9,93,1737,THUNDER_SHOCK,OVERHEAT,THUNDERBOLT,56.1,29.5,74.2,41.9,ninetales_shadow:715;jumpluff:672;charjabug:661;dartrix:634;ampharos_mega:575,rillaboom:131;kingdra:173;araquanid:180;turtonator:292;cradily:354
cinderace,Cinderace,66.9,139,99.4,117,1617,FIRE_SPIN,BLAST_BURN,PYRO_BALL,55.3,30.4,62.5,45,jumpluff:893;victreebel_shadow:688;dartrix:688;rillaboom:547;charjabug:504,kingdra:105;cramorant:198;turtonator:238;araquanid:382;cradily:388
palpitoad,Palpitoad,66.8,116.2,102.9,161,1927,MUD_SHOT,EARTH_POWER,WATER_PULSE,58.6,28.9,66.1,47.1,morpeko_full_belly:760;turtonator:680;stunfisk:586;lapras:586;toxapex:568,cramorant:194;cradily:250;araquanid:286;charjabug:436;kingdra:440
snover_shadow,Snover (Shadow),66.8,109.2,100.8,142,1564,POWDER_SNOW,ENERGY_BALL,ICE_BEAM,55.8,28.4,67,38.3,stunfisk:742;jumpluff:721;morpeko_full_belly:661;cradily:630;rillaboom:507,turtonator:181;charjabug:202;kingdra:237;cramorant:242;araquanid:308
chandelure_shadow,Chandelure (Shadow),66.6,151.4,105.2,93,1482,INCINERATE,SHADOW_BALL,ENERGY_BALL,63.6,42.9,40.8,41.7,rillaboom:854;chesnaught_mega:849;araquanid:822;cradily:801;charjabug:672,turtonator:110;kingdra:118;cramorant:242;ninetales_shadow:257;jumpluff:382
houndour,Houndour,66.6,140.3,82.3,120,1387,EMBER,DARK_PULSE,FLAMETHROWER,57.5,50.2,67.5,26.1,victreebel_shadow:704;houndoom_mega:695;charjabug:662;dartrix:645;jumpluff:620,kingdra:80;cramorant:123;araquanid:312;cradily:322;turtonator:353
talonflame_shadow,Talonflame (Shadow),66.6,121.4,112.6,135,1847,INCINERATE,FLAME_CHARGE,FLY,62.9,39.7,54.9,51,araquanid:877;jumpluff:811;rillaboom:774;ninetales_shadow:703;chesnaught_mega:548,kingdra:122;cramorant:194;turtonator:402;charjabug:460;cradily:496
exeggutor,Exeggutor,66.5,136.1,92.5,131,1650,CONFUSION,SEED_BOMB,PSYCHIC,60.9,42.4,65.1,45.5,stunfisk:721;lanturn:687;toxapex:675;rillaboom:526;quagsire_shadow:511,turtonator:216;charjabug:261;kingdra:300;cramorant:301;cradily:361
huntail,Huntail,66.4,130.8,125.6,104,1709,BITE,AQUA_TAIL,CRUNCH,61.5,58.5,62.7,38.3,houndoom_mega:822;houndoom_shadow:807;magcargo:620;turtonator:596;empoleon:572,araquanid:242;cradily:246;cramorant:301;charjabug:321;kingdra:398
larvesta,Larvesta,66.2,130.8,99.7,131,1710,EMBER,FLAME_WHEEL,BUG_BUZZ,57,37.8,63.5,43,chesnaught_mega:843;rillaboom:767;charjabug:748;dartrix:652;houndoom_mega:629,kingdra:88;cramorant:123;turtonator:296;araquanid:297;cradily:454
ceruledge,Ceruledge,66,136.3,114,106,1648,INCINERATE,SHADOW_BALL,HEAT_WAVE,60.4,48.1,53,43.2,charjabug:735;jumpluff:721;victreebel_shadow:712;chesnaught_mega:702;ninetales_shadow:655,kingdra:122;cramorant:178;turtonator:415;cradily:440;araquanid:444
floragato,Floragato,66,124.4,110.5,131,1803,LEAFAGE,ENERGY_BALL,PLAY_ROUGH,56.6,27.5,69.4,46.6,quagsire_shadow:919;stunfisk:797;morpeko_full_belly:713;lapras:679;kingdra:580,turtonator:110;cramorant:222;charjabug:293;araquanid:345;cradily:347
slowking_shadow,Slowking (Shadow),65.8,113.4,120.9,144,1975,CONFUSION,SURF,BLIZZARD,62.8,45.6,56.1,52.3,victreebel_shadow:656;toxapex:625;magcargo:618;cramorant:545;quagsire_shadow:513,araquanid:224;cradily:243;charjabug:261;turtonator:323;kingdra:419
darmanitan_standard_shadow,Darmanitan (Standard) (Shadow),65.7,149.7,72,138,1490,INCINERATE,ROCK_SLIDE,OVERHEAT,64.8,47.9,38.8,39.3,araquanid:764;rillaboom:760;cradily:692;charjabug:692;ninetales_shadow:536,kingdra:118;turtonator:146;cramorant:242;toxapex:343;jumpluff:382
heatmor,Heatmor,65.6,134.6,92.6,134,1671,FIRE_SPIN,THUNDER_PUNCH,FLAMETHROWER,54.8,27.8,60.9,45,dartrix:727;victreebel_shadow:697;mantine:597;jumpluff:555;charjabug:533,kingdra:105;cramorant:170;turtonator:221;cradily:291;araquanid:389
snover,Snover,65.6,109.2,100.8,142,1564,POWDER_SNOW,ENERGY_BALL,ICE_BEAM,56.6,29,67.5,39.6,stunfisk:806;morpeko_full_belly:718;lanturn:654;ampharos_mega:640;rillaboom:595,turtonator:181;cramorant:222;charjabug:321;kingdra:478;cradily:496
chandelure,Chandelure,65.4,151.4,105.2,93,1482,INCINERATE,SHADOW_BALL,ENERGY_BALL,58.4,53.3,44.5,38.3,chesnaught_mega:849;rillaboom:698;charjabug:672;victreebel_shadow:645;ninetales_shadow:591,turtonator:128;kingdra:139;cramorant:210;cradily:479;araquanid:488
luxio,Luxio,65.3,133.2,91,139,1687,BITE,WILD_CHARGE,CRUNCH,47.2,32.9,68.2,33.6,lapras:748;mantine:687;ninetales_shadow:543;empoleon:528;lanturn:507,cramorant:166;kingdra:173;turtonator:225;cradily:256;charjabug:460
breloom,Breloom,65.2,149.9,96.7,103,1494,FORCE_PALM,DYNAMIC_PUNCH,GRASS_KNOT,59.4,35.1,56.3,51,morpeko_full_belly:878;empoleon:762;stunfisk:640;lanturn:611;charizard_mega_x:606,cramorant:126;charjabug:226;turtonator:269;kingdra:309;cradily:447
flareon,Flareon,65.1,142.2,109.9,100,1564,EMBER,HEAT_WAVE,SUPER_POWER,56.9,39,67.5,27.9,empoleon:845;charjabug:695;chesnaught_mega:695;morpeko_full_belly:580;rillaboom:545,turtonator:101;cramorant:123;cradily:159;araquanid:301;kingdra:351
growlithe,Growlithe,65.1,126.8,90.7,135,1555,EMBER,FLAME_WHEEL,BODY_SLAM,61.1,41.5,63,42.2,rillaboom:774;charjabug:737;chesnaught_mega:737;victreebel_shadow:662;jumpluff:544,cramorant:123;kingdra:258;cradily:288;araquanid:294;turtonator:438
ponyta,Ponyta,65.1,133.5,108.2,116,1676,EMBER,FLAME_WHEEL,STOMP,60.4,40.9,63.5,44,charjabug:737;chesnaught_mega:737;victreebel_shadow:685;rillaboom:594;jumpluff:543,cramorant:123;kingdra:241;turtonator:269;cradily:295;araquanid:301
corsola,Corsola,64.8,108.5,142,134,2066,BUBBLE,POWER_GEM,ROCK_BLAST,57.8,32.7,59.2,52.8,turtonator:761;cramorant:645;charizard_mega_x:645;araquanid:567;mantine:567,rillaboom:108;cradily:215;jumpluff:225;kingdra:360;charjabug:396
dolliv,Dolliv,64.7,118.4,122.6,130,1890,MAGICAL_LEAF,EARTH_POWER,TRAILBLAZE,55.5,29.5,61.8,56.4,stunfisk:807;quagsire_shadow:803;lanturn:723;kingdra:557;empoleon:507,turtonator:123;cramorant:226;cradily:309;charjabug:337;araquanid:345
eldegoss,Eldegoss,64.4,108.4,160.4,119,2070,BULLET_SEED,ENERGY_BALL,GRASS_KNOT,57.5,35.1,64.4,54.4,quagsire_shadow:815;morpeko_full_belly:777;lanturn:760;stunfisk:693;ampharos_mega:521,turtonator:163;cradily:256;charjabug:361;cramorant:396;kingdra:427
flaaffy,Flaaffy,64.4,121.5,100.4,151,1844,CHARGE_BEAM,DISCHARGE,TRAILBLAZE,56.1,38.7,61.1,48.7,mantine:728;empoleon:592;cramorant:589;toxapex:523;araquanid:503,turtonator:185;jumpluff:245;charjabug:253;cradily:336;kingdra:368
nuzleaf_shadow,Nuzleaf (Shadow),64.4,125.2,78.1,157,1536,FEINT_ATTACK,LEAF_BLADE,FOUL_PLAY,52.4,36,62.7,36.5,lanturn:843;stunfisk:697;jellicent:671;lapras:649;feraligatr:582,turtonator:225;kingdra:233;cramorant:242;charjabug:242;cradily:395
crawdaunt,Crawdaunt,64.3,144.7,98.3,109,1552,WATERFALL,NIGHT_SLASH,SCALD,58.3,55.5,56.3,34.9,magcargo:885;blaziken_shadow:885;houndoom_shadow:839;houndoom_mega:793;jellicent:573,kingdra:313;cradily:354;cramorant:384;charjabug:448;turtonator:486
torracat,Torracat,64.3,135.5,89.8,135,1645,EMBER,FLAME_CHARGE,CRUNCH,57.5,44.8,61.8,40.6,dartrix:729;abomasnow:688;rillaboom:577;jumpluff:540;charjabug:533,cramorant:123;kingdra:296;araquanid:301;turtonator:309;cradily:340
cloyster,Cloyster,64.1,119,169.7,93,1880,ICE_SHARD,ICY_WIND,LIQUIDATION,57.3,33.2,53,35.4,flapple:801;jumpluff:607;stunfisk:607;gyarados_shadow:607;marowak_alolan_shadow:591,charjabug:198;kingdra:457;cradily:458;turtonator:460;cramorant:464
darmanitan_standard,Darmanitan (Standard),64.1,149.7,72,138,1490,INCINERATE,ROCK_SLIDE,OVERHEAT,59.5,45.3,44.6,37.3,araquanid:793;cradily:735;charjabug:670;ninetales_shadow:619;rillaboom:539,kingdra:105;turtonator:110;cramorant:210;toxapex:292;jumpluff:316
relicanth,Relicanth,64,105.1,133.6,152,2138,WATER_GUN,AQUA_TAIL,ANCIENT_POWER,57.8,37.4,60.9,53.1,houndoom_mega:898;houndoom_shadow:884;magcargo:756;turtonator:723;charizard_mega_x:651,cradily:267;araquanid:305;kingdra:309;cramorant:337;charjabug:452
rotom_fan,Rotom (Fan),64,128.8,144.9,93,1737,ASTONISH,THUNDERBOLT,OMINOUS_WIND,57,40,62.5,41.4,mantine:661;chesnaught_mega:591;araquanid:575;toxapex:526;cramorant:516,cradily:197;kingdra:241;turtonator:252;charjabug:400;jumpluff:444
oricorio_pom_pom,Oricorio (Pom-Pom),63.8,130.8,102,128,1710,AIR_SLASH,AIR_CUTTER,HURRICANE,54.2,36,65.9,43,chesnaught_mega:855;jumpluff:656;araquanid:605;rillaboom:542;cramorant:515,cradily:184;turtonator:216;charjabug:226;kingdra:241;toxapex:334
rotom_mow,Rotom (Mow),63.5,128.8,144.9,93,1737,THUNDER_SHOCK,OMINOUS_WIND,LEAF_STORM,63.4,39.3,65.2,41.7,stunfisk:741;morpeko_full_belly:736;cramorant:591;lapras:591;kingdra:580,turtonator:212;charjabug:226;jumpluff:323;cradily:347;araquanid:459
darumaka_shadow,Darumaka (Shadow),63.1,131.9,82.3,157,1706,FIRE_FANG,FIRE_PUNCH,FLAME_CHARGE,57.5,39.7,48.4,51.8,abomasnow:882;rillaboom:780;victreebel_shadow:748;chesnaught_mega:722;dartrix:716,kingdra:156;turtonator:176;cramorant:261;cradily:322;charjabug:480
pyroar,Pyroar,63.1,135,97.9,126,1667,INCINERATE,FLAME_CHARGE,DARK_PULSE,57,43.8,50.5,45.5,abomasnow:900;victreebel_shadow:817;rillaboom:757;jumpluff:746;charjabug:535,kingdra:122;cramorant:178;turtonator:340;cradily:392;araquanid:393
exeggcute,Exeggcute,63,102.5,117.6,142,1713,CONFUSION,SEED_BOMB,ANCIENT_POWER,59.8,41.7,59.9,52,quagsire_shadow:802;stunfisk:707;chesnaught_mega:700;lanturn:665;ampharos_mega:591,araquanid:150;charjabug:202;turtonator:296;cradily:305;kingdra:406
exeggcute_shadow,Exeggcute (Shadow),62.9,102.5,117.6,142,1713,CONFUSION,SEED_BOMB,ANCIENT_POWER,59.5,42.1,59.1,44.3,quagsire_shadow:781;lanturn:672;chesnaught_mega:644;stunfisk:605;ampharos_mega:524,charjabug:242;cramorant:261;cradily:319;turtonator:331;kingdra:487
volcanion,Volcanion,62.9,135.5,117.4,103,1640,INCINERATE,SCALD,OVERHEAT,57,44.2,58.4,38.3,victreebel_shadow:800;jumpluff:606;ninetales_shadow:592;empoleon:563;araquanid:524,kingdra:122;cramorant:178;turtonator:398;charjabug:416;cradily:430
heliolisk,Heliolisk,62.7,138.1,112.1,105,1626,VOLT_SWITCH,BREAKING_SWIPE,PARABOLIC_CHARGE,59,40,52.7,51.5,mantine:866;cramorant:861;toxapex:785;empoleon:585;lanturn:580,cradily:253;kingdra:258;araquanid:312;charjabug:365;turtonator:429
urshifu_rapid_strike,Urshifu (Rapid Strike),62.7,136.5,97.7,121,1616,COUNTER,AQUA_JET,DYNAMIC_PUNCH,57.5,35.1,54.1,45.5,houndoom_mega:871;empoleon:830;morpeko_full_belly:756;magcargo:661;turtonator:533,charjabug:162;araquanid:194;cramorant:222;kingdra:389;cradily:413
rotom_frost,Rotom (Frost),62.6,128.8,144.9,93,1737,THUNDER_SHOCK,THUNDERBOLT,BLIZZARD,43.7,25.7,71.3,29.2,jumpluff:618;cramorant:548;charjabug:548;araquanid:510;toxapex:505,cradily:93;turtonator:110;ninetales_shadow:130;rillaboom:131;kingdra:173
arcanine_hisuian,Arcanine (Hisuian),62.5,132.4,99.4,129,1699,SNARL,WILD_CHARGE,ROCK_SLIDE,50.2,31.7,58.5,23.8,mantine:689;charizard_mega_x:670;ninetales_shadow:639;emolga:585;abomasnow:538,cramorant:63;kingdra:105;cradily:256;turtonator:482;charjabug:496
flaaffy_shadow,Flaaffy (Shadow),62.4,121.5,100.4,151,1844,CHARGE_BEAM,DISCHARGE,TRAILBLAZE,48.3,32.4,59.7,39.8,mantine:658;cramorant:609;empoleon:539;lanturn:513;lapras:506,kingdra:161;turtonator:185;cradily:232;charjabug:297;araquanid:422
cherrim_sunny,Cherrim (Sunshine),62.3,121.8,116.2,130,1843,BULLET_SEED,WEATHER_BALL_FIRE,SOLAR_BEAM,52.8,29.3,59.7,44,stunfisk:803;lanturn:719;quagsire_shadow:607;kingdra:550;charjabug:523,cramorant:115;turtonator:132;araquanid:194;cradily:197;jumpluff:209
darumaka,Darumaka,62.3,131.9,82.3,157,1706,FIRE_FANG,FIRE_PUNCH,FLAME_CHARGE,55.8,38.7,56.5,56.2,victreebel_shadow:751;dartrix:729;jumpluff:592;rillaboom:589;charjabug:550,kingdra:131;cramorant:218;araquanid:235;cradily:267;turtonator:278
totodile_shadow,Totodile (Shadow),62.3,110.9,104.1,127,1468,SCRATCH,AQUA_JET,CRUNCH,51,56.9,54.2,27.7,magcargo:877;castform_sunny:728;houndoom_shadow:677;greninja:586;pelipper:570,charjabug:162;kingdra:258;cradily:281;cramorant:404;turtonator:429
floatzel,Floatzel,62.2,143.8,81.7,133,1564,WATERFALL,AQUA_JET,SWIFT,56.2,51.7,54.8,31,magcargo:906;blaziken_shadow:883;houndoom_shadow:845;houndoom_mega:793;turtonator:684,kingdra:105;araquanid:242;cramorant:369;cradily:395;charjabug:436
rotom_wash,Rotom (Wash),62.2,128.8,144.9,93,1737,THUNDER_SHOCK,THUNDERBOLT,HYDRO_PUMP,49.7,21.3,68,38.3,cramorant:612;turtonator:580;kingdra:559;araquanid:559;toxapex:505,cradily:93;charjabug:107;rillaboom:108;ninetales_shadow:146;jumpluff:320
plusle,Plusle,62.1,128.2,107.2,127,1746,QUICK_ATTACK,THUNDERBOLT,GRASS_KNOT,46.1,33.5,71.8,24.3,mantine:665;empoleon:555;lanturn:543;cramorant:535;lapras:511,araquanid:147;kingdra:173;cradily:256;turtonator:353;charjabug:396
mantyke,Mantyke,62,100.8,163,120,1973,BUBBLE,WATER_PULSE,AERIAL_ACE,54.4,32,61.8,40.4,magcargo:620;ninetales_shadow:600;houndoom_mega:575;houndoom_shadow:545;chesnaught_mega:525,charjabug:142;kingdra:245;cradily:274;cramorant:333;turtonator:407
lilligant_hisuian,Lilligant (Hisuian),61.8,133.4,107.7,117,1683,BULLET_SEED,UPPER_HAND,PETAL_BLIZZARD,46.1,27.7,61.1,37.8,stunfisk:773;quagsire_shadow:764;lanturn:675;morpeko_full_belly:606;ampharos_mega:542,turtonator:57;cramorant:103;cradily:333;charjabug:392;kingdra:415
vaporeon,Vaporeon,61.8,118.4,96.9,165,1894,WATER_GUN,AQUA_TAIL,LAST_RESORT,55.2,37.4,58.9,39.6,magcargo:887;houndoom_mega:860;quagsire_shadow:554;stunfisk:542;ninetales_shadow:539,kingdra:122;charjabug:242;cradily:277;cramorant:341;turtonator:473
ho_oh,Ho-Oh,61.5,122.9,128.4,114,1801,INCINERATE,BRAVE_BIRD,SACRED_FIRE,51,25.9,68.7,46.6,chesnaught_mega:605;rillaboom:596;jumpluff:587;araquanid:543;ninetales_shadow:543,kingdra:105;turtonator:115;cramorant:162;cradily:215;charjabug:460
simisage,Simisage,61.4,135.9,95.8,126,1642,VINE_WHIP,GRASS_KNOT,CRUNCH,50.6,32.4,59.9,32.9,quagsire_shadow:738;stunfisk:730;morpeko_full_belly:678;lapras:551;kingdra:535,turtonator:92;charjabug:123;cramorant:218;cradily:361;araquanid:382
deerling,Deerling,61.3,109.2,96.6,142,1499,TAKE_DOWN,WILD_CHARGE,ENERGY_BALL,52.7,32.3,58.4,46.3,stunfisk:728;lanturn:707;ampharos_mega:612;jellicent:559;quagsire_shadow:531,cradily:156;charjabug:253;cramorant:281;turtonator:287;kingdra:385
nuzleaf,Nuzleaf,61.3,125.2,78.1,157,1536,FEINT_ATTACK,LEAF_BLADE,FOUL_PLAY,54.4,33.3,60.8,36,quagsire_shadow:745;lanturn:646;stunfisk:598;ampharos_mega:563;morpeko_full_belly:554,turtonator:181;cramorant:202;charjabug:202;cradily:326;kingdra:487
toedscool,Toedscool,61.3,94.1,137.8,113,1466,MUD_SLAP,EARTH_POWER,WRAP,57,33.8,54.6,50.5,toxapex:862;stunfisk:827;morpeko_full_belly:823;lanturn:734;charjabug:615,kingdra:182;araquanid:191;cramorant:214;turtonator:340;cradily:420
carnivine,Carnivine,61.2,130.1,101.8,130,1724,VINE_WHIP,ENERGY_BALL,CRUNCH,51.9,29.8,63,34.7,lanturn:857;stunfisk:788;quagsire_shadow:780;morpeko_full_belly:696;lapras:573,turtonator:92;charjabug:123;cramorant:222;cradily:312;kingdra:495
alomomola,Alomomola,61,97.4,99.4,238,2306,WATERFALL,HYDRO_PUMP,BLIZZARD,48.3,28,71.9,45.8,houndoom_shadow:890;magcargo:766;blaziken_shadow:693;houndoom_mega:678;ninetales_shadow:575,kingdra:156;cramorant:222;cradily:274;charjabug:309;turtonator:376
shellos,Shellos,60.8,99.1,100.8,166,1660,MUD_SLAP,WATER_PULSE,BODY_SLAM,54.5,31.4,57.7,41.7,empoleon:668;magcargo:668;turtonator:665;ninetales_shadow:554;toxapex:506,cradily:156;charjabug:170;cramorant:250;araquanid:319;kingdra:372
eelektross,Eelektross,60.7,133.8,99.7,126,1682,VOLT_SWITCH,DRAGON_CLAW,THUNDERBOLT,50.8,34.2,63.9,45.5,cramorant:853;toxapex:773;mantine:682;lanturn:559;dartrix:503,cradily:138;turtonator:163;kingdra:258;araquanid:261;charjabug:400
tangela,Tangela,60.6,125.5,122.8,116,1790,INFESTATION,GRASS_KNOT,SLUDGE_BOMB,45.5,27.4,60.8,39.1,stunfisk:784;lanturn:689;quagsire_shadow:577;rillaboom:521;morpeko_full_belly:512,cramorant:142;turtonator:146;charjabug:226;cradily:253;kingdra:271
totodile,Totodile,60.4,110.9,104.1,127,1468,SCRATCH,AQUA_JET,CRUNCH,49.9,50.9,55.4,28.4,houndoom_shadow:728;greninja_shadow:586;magcargo:570;blaziken:547;qwilfish:515,charjabug:162;cradily:211;cramorant:329;kingdra:411;turtonator:429
sharpedo_mega,Sharpedo (Mega),60.2,160.6,85.7,101,1391,WATERFALL,CRUNCH,POISON_FANG,50.5,32.6,51.3,31,magcargo:876;houndoom_mega:826;houndoom_shadow:797;dartrix:579;jellicent:524,kingdra:139;cramorant:226;turtonator:243;charjabug:273;cradily:399
luxio_shadow,Luxio (Shadow),60.1,133.7,90.2,139,1677,BITE,WILD_CHARGE,CRUNCH,42.7,29.2,59.6,18.6,toxapex:802;dartrix:798;lapras:748;araquanid:719;mantine:607,cramorant:166;kingdra:173;turtonator:181;cradily:184;charjabug:420
cloyster_shadow,Cloyster (Shadow),59.8,119,169.7,93,1880,ICE_SHARD,ICY_WIND,LIQUIDATION,52.4,34.5,41.2,32.6,dartrix:790;jumpluff:559;ampharos_mega:543;stunfisk:526;turtonator:521,charjabug:226;cramorant:253;araquanid:272;cradily:309;kingdra:309
kingler,Kingler,59.8,144.5,115.6,93,1554,MUD_SHOT,CRABHAMMER,VICE_GRIP,53.3,39.4,57.3,23.3,magcargo:887;houndoom_mega:784;houndoom_shadow:752;toxtricity:704;charizard_mega_x:672,cramorant:47;cradily:298;charjabug:305;kingdra:338;turtonator:353
manectric_shadow,Manectric (Shadow),59.7,142.4,91.3,121,1574,SNARL,WILD_CHARGE,PSYCHIC_FANGS,50.8,42.6,63.7,18.9,lanturn:830;toxapex:822;lapras:735;araquanid:706;mantine:566,kingdra:131;cradily:236;turtonator:252;cramorant:285;charjabug:313
tsareena,Tsareena,59.7,130.4,120.6,109,1715,MAGICAL_LEAF,TRIPLE_AXEL,HIGH_JUMP_KICK,48.2,29.8,53.2,44,quagsire_shadow:922;stunfisk:770;lanturn:669;ampharos_mega:550;jellicent:522,cradily:211;turtonator:230;cramorant:253;charjabug:297;kingdra:300
tatsugiri_curly,Tatsugiri (Curly),59.6,137.4,108.1,109,1619,TAKE_DOWN,SURF,OUTRAGE,51.6,33,54.2,40.6,rapidash_shadow:811;vikavolt_shadow:665;magcargo:587;raichu_mega_x:582;ninetales:518,cradily:156;kingdra:258;charjabug:281;turtonator:283;cramorant:440
tatsugiri_droopy,Tatsugiri (Droopy),59.6,137.4,108.1,109,1619,TAKE_DOWN,SURF,OUTRAGE,51.6,33,54.2,40.6,rapidash_shadow:811;vikavolt_shadow:665;magcargo:587;raichu_mega_x:582;ninetales:518,cradily:156;kingdra:258;charjabug:281;turtonator:283;cramorant:440
tatsugiri_stretchy,Tatsugiri (Stretchy),59.6,137.4,108.1,109,1619,TAKE_DOWN,SURF,OUTRAGE,51.6,33,54.2,40.6,rapidash_shadow:811;vikavolt_shadow:665;magcargo:587;raichu_mega_x:582;ninetales:518,cradily:156;kingdra:258;charjabug:281;turtonator:283;cramorant:440
roselia,Roselia,59.5,138.5,105.9,110,1615,POISON_JAB,SLUDGE_BOMB,DAZZLING_GLEAM,52.5,35.1,55.4,45.5,flapple:686;lanturn:636;chesnaught_mega:595;rillaboom:590;ampharos_mega:545,turtonator:225;cradily:253;kingdra:283;cramorant:305;charjabug:361
boltund,Boltund,59.3,136.9,95.3,126,1645,BITE,CRUNCH,THUNDER,43.7,37.7,68.2,22.7,mantine:638;zapdos:563;emolga:555;cramorant:515;lanturn:511,kingdra:173;araquanid:180;turtonator:225;cradily:302;charjabug:412
raboot,Raboot,59.3,128.8,103.7,130,1738,FIRE_SPIN,FLAME_CHARGE,FLAMETHROWER,49.3,29.3,52.5,53.3,abomasnow:873;victreebel_shadow:719;jumpluff:576;charjabug:511;ninetales_shadow:503,cramorant:170;kingdra:190;turtonator:207;cradily:218;araquanid:220
entei,Entei,59.1,129.3,96.1,140,1741,FIRE_FANG,FLAME_CHARGE,SCORCHING_SANDS,52.8,30.2,54.4,56.9,victreebel_shadow:771;rillaboom:657;jumpluff:578;ninetales_shadow:535;charjabug:510,kingdra:131;turtonator:203;cramorant:218;araquanid:235;cradily:267
infernape_shadow,Infernape (Shadow),58.9,136.6,100.4,119,1633,FIRE_SPIN,CLOSE_COMBAT,BLAST_BURN,49.9,26.9,52.2,41.7,abomasnow:869;victreebel_shadow:819;togedemaru:773;chesnaught_mega:731;rillaboom:710,cramorant:126;turtonator:128;kingdra:131;cradily:312;charjabug:476
arboliva,Arboliva,58.8,129.2,116.6,115,1734,MAGICAL_LEAF,EARTH_POWER,TRAILBLAZE,49.1,24.7,54.6,51.5,quagsire_shadow:926;stunfisk:778;jellicent:778;lanturn:682;ampharos_mega:569,turtonator:101;charjabug:142;cramorant:253;kingdra:300;cradily:340
infernape,Infernape,58.7,136.6,100.4,119,1633,FIRE_SPIN,CLOSE_COMBAT,BLAST_BURN,45.1,24.7,56.5,40.4,abomasnow_shadow:869;abomasnow:861;victreebel_shadow:794;magcargo:533;charjabug:512,cramorant:111;kingdra:122;turtonator:137;araquanid:209;cradily:250
goldeen,Goldeen,58.4,115.9,105,120,1462,PECK,AQUA_TAIL,HORN_ATTACK,56.9,48.8,47.4,32.9,houndoom_mega:820;magmar:808;houndoom_shadow:795;victreebel_shadow:658;magcargo:562,cradily:250;cramorant:265;charjabug:293;kingdra:326;turtonator:482
simipour,Simipour,58.1,135.9,95.8,126,1642,BITE,SURF,CRUNCH,44.3,33,55.1,24.3,magcargo:865;castform_sunny:726;houndoom_shadow:694;swampert_shadow:579;marowak_alolan:515,charjabug:162;cramorant:186;cradily:336;kingdra:432;turtonator:473
tangela_shadow,Tangela (Shadow),58.1,125.5,122.8,116,1790,INFESTATION,GRASS_KNOT,SLUDGE_BOMB,43.2,25.4,56.3,37.8,stunfisk:745;morpeko_full_belly:702;lanturn:663;gogoat:655;quagsire_shadow:517,turtonator:110;cramorant:170;charjabug:226;kingdra:275;cradily:295
shaymin_land,Shaymin (Land),58,117.8,122.2,132,1902,MAGICAL_LEAF,GRASS_KNOT,SEED_FLARE,46.9,25.9,59.9,41.4,quagsire_shadow:920;lanturn:715;stunfisk:700;ampharos_mega:632;jellicent:590,turtonator:123;cradily:201;cramorant:289;kingdra:309;charjabug:376
heliolisk_shadow,Heliolisk (Shadow),57.7,138.1,112.1,105,1626,VOLT_SWITCH,BREAKING_SWIPE,PARABOLIC_CHARGE,56.1,36.6,39.6,44.5,cramorant:861;mantine:852;empoleon:819;toxapex:728;lanturn:557,cradily:170;turtonator:181;kingdra:258;araquanid:316;charjabug:420
chinchou,Chinchou,57.5,101.6,94.1,164,1569,BUBBLE,WATER_PULSE,THUNDERBOLT,42.1,21,65.1,32.9,mantine:710;empoleon:710;magcargo:658;feraligatr:582;stunfisk:557,kingdra:80;cradily:128;cramorant:293;turtonator:411;charjabug:412
manectric_mega,Manectric (Mega),57.2,152.5,101.5,95,1471,SNARL,WILD_CHARGE,PSYCHIC_FANGS,48.2,40.8,58.4,19.9,jellicent:773;araquanid:700;toxapex:700;lapras:663;mantine:584,kingdra:105;turtonator:238;cramorant:269;charjabug:269;cradily:322
prinplup,Prinplup,57,118.6,117,136,1889,BUBBLE,ICY_WIND,BUBBLE_BEAM,53.9,36.8,49.1,30.3,houndoom_mega:816;houndoom_shadow:797;magcargo:742;ninetales_shadow:580;charizard_mega_x:518,charjabug:170;kingdra:288;cramorant:333;cradily:340;turtonator:407
bulbasaur,Bulbasaur,56.9,111.7,105.8,120,1420,VINE_WHIP,POWER_WHIP,SEED_BOMB,49.7,30.1,54.6,36.7,lanturn:845;quagsire_shadow:741;stunfisk:700;jellicent:666;morpeko_full_belly:595,turtonator:92;cramorant:321;cradily:340;charjabug:341;kingdra:487
oricorio_baile,Oricorio (Baile),56.5,130.8,102,128,1710,AIR_SLASH,AIR_CUTTER,HURRICANE,50.3,28.1,52.7,42.4,chesnaught_mega:839;araquanid:718;jumpluff:574;ninetales_shadow:542;rillaboom:503,cradily:184;charjabug:198;cramorant:226;kingdra:241;turtonator:420
sunflora,Sunflora,56.5,128.7,102.1,132,1736,BULLET_SEED,LEAF_STORM,SLUDGE_BOMB,45.1,23.2,61.6,26.9,stunfisk:776;morpeko_full_belly:704;lanturn:704;quagsire_shadow:575;kingdra:537,turtonator:66;charjabug:87;cramorant:142;araquanid:235;cradily:236
entei_shadow,Entei (Shadow),56.4,128.8,95.1,139,1705,FIRE_FANG,FLAME_CHARGE,SCORCHING_SANDS,55.2,31.4,44.1,51,victreebel_shadow:758;rillaboom:751;chesnaught_mega:723;dartrix:719;jumpluff:525,kingdra:135;turtonator:176;cramorant:218;cradily:298;charjabug:480
ho_oh_shadow,Ho-Oh (Shadow),56,123.4,126.4,113,1764,INCINERATE,BRAVE_BIRD,SACRED_FIRE,49.3,25.7,57.5,44.8,abomasnow:862;victreebel_shadow:796;dartrix:610;rillaboom:575;jumpluff:522,cramorant:95;turtonator:137;kingdra:139;cradily:267;charjabug:448
brionne,Brionne,55.7,125.8,117,121,1783,CHARM,AQUA_JET,DISARMING_VOICE,48.6,28.6,50.6,33.1,ampharos_mega:632;magcargo:632;feraligatr:533;kingdra:512;quagsire_shadow:512,cradily:184;jumpluff:209;charjabug:226;turtonator:283;araquanid:360
inteleon,Inteleon,55.1,153.4,89,107,1462,WATER_GUN,SNIPE_SHOT,HYDRO_CANNON,44.3,30.7,47,26.9,blaziken_shadow:864;magcargo:855;blaziken:845;houndoom_shadow:817;houndoom_mega:757,kingdra:156;cramorant:182;charjabug:230;turtonator:269;cradily:454
basculin,Basculin,55,133.9,97.1,129,1679,WATER_GUN,AQUA_TAIL,AQUA_JET,48.2,30.8,47,31,magcargo:879;blaziken_shadow:872;houndoom_mega:821;houndoom_shadow:798;turtonator:573,cramorant:182;kingdra:220;charjabug:242;araquanid:323;cradily:340
maractus,Maractus,54.9,135.5,95.2,128,1652,BULLET_SEED,AERIAL_ACE,PETAL_BLIZZARD,40.1,31.4,57.3,25.3,stunfisk:710;lanturn:683;greninja:632;quagsire_shadow:519;kingdra:511,turtonator:57;cradily:114;cramorant:142;charjabug:246;araquanid:286
poliwhirl,Poliwhirl,54.7,114.2,115.9,148,1961,BUBBLE,SCALD,MUD_BOMB,46.3,28,57.5,32.3,magcargo:726;quagsire_shadow:601;stunfisk:570;ninetales_shadow:530;charizard_mega_x:510,cradily:156;charjabug:170;kingdra:279;cramorant:337;turtonator:451
carracosta,Carracosta,54.2,121.4,126.9,120,1850,WATER_GUN,LIQUIDATION,ANCIENT_POWER,48.6,26.6,50.6,39.1,houndoom_mega:895;houndoom_shadow:883;magcargo:679;cramorant:570;turtonator:512,kingdra:97;jumpluff:133;cradily:232;charjabug:242;araquanid:463
simisear,Simisear,54.2,135.9,95.8,126,1642,FIRE_SPIN,CRUNCH,FLAMETHROWER,47.4,26.8,47.2,41.1,abomasnow:869;victreebel_shadow:710;jumpluff:539;dartrix:527;charjabug:511,kingdra:105;cramorant:198;araquanid:209;cradily:225;turtonator:305
rowlet,Rowlet,54.1,98.3,95.7,154,1450,LEAFAGE,ENERGY_BALL,SEED_BOMB,48.8,31.7,48.9,37.3,feraligatr:801;jellicent:558;stunfisk:516;kingdra_shadow:506;lanturn:503,turtonator:181;cradily:270;charjabug:285;cramorant:297;kingdra:364
seadra,Seadra,54,131.3,117.5,110,1699,DRAGON_BREATH,HYDRO_PUMP,DRAGON_PULSE,46.6,28.7,54.8,29.7,sceptile_mega:763;turtonator:600;magcargo:595;feraligatr:509;cramorant:504,jumpluff:133;charjabug:162;cradily:184;araquanid:375;kingdra:427
chespin,Chespin,53.8,105,101.6,136,1452,VINE_WHIP,SEED_BOMB,BODY_SLAM,46,33.5,50,34.9,quagsire_shadow:922;stunfisk:768;lanturn:691;feraligatr:617;jellicent:503,cradily:218;charjabug:222;turtonator:230;cramorant:313;kingdra:377
fuecoco,Fuecoco,53.8,106.7,93.2,152,1513,INCINERATE,CRUNCH,FLAMETHROWER,49.4,27.7,52.4,36.2,jumpluff:782;abomasnow:756;victreebel_shadow:700;dartrix:601;charjabug:546,kingdra:105;cramorant:146;turtonator:256;cradily:340;araquanid:349
kingler_shadow,Kingler (Shadow),53.8,144.5,115.6,93,1554,BUBBLE,CRABHAMMER,VICE_GRIP,38.5,23,47.9,20.7,blaziken_mega:865;magcargo:833;houndoom_mega:736;houndoom_shadow:720;blaziken:629,kingdra:105;cramorant:170;turtonator:216;charjabug:218;cradily:312
chespin_shadow,Chespin (Shadow),53.2,105,101.6,136,1452,VINE_WHIP,SEED_BOMB,BODY_SLAM,44.1,36.5,48.2,28.4,feraligatr:775;morpeko_full_belly:683;lanturn:621;stunfisk:580;quagsire_shadow:507,turtonator:92;charjabug:123;cramorant:202;cradily:256;kingdra:355
seel,Seel,53.1,84,114.2,149,1431,WATER_GUN,AQUA_TAIL,ICY_WIND,47.4,36.2,49.4,34.1,houndoom_mega:812;houndoom_shadow:785;magcargo:708;blaziken:620;ninetales_shadow:540,charjabug:202;cradily:250;kingdra:279;turtonator:376;cramorant:384
poliwhirl_shadow,Poliwhirl (Shadow),53,114.2,115.9,148,1961,BUBBLE,SCALD,MUD_BOMB,44.9,29.2,50,27.9,houndoom_mega:834;magcargo:628;empoleon:621;turtonator:614;quagsire_shadow:516,cradily:170;charjabug:198;cramorant:202;araquanid:301;kingdra:313
gorebyss,Gorebyss,52.3,136.2,121,100,1649,CONFUSION,WATER_PULSE,DRAINING_KISS,48.3,31.7,44.5,32.3,victreebel_shadow:660;magcargo:630;toxapex:610;toxtricity:565;feraligatr:535,cradily:211;charjabug:222;cramorant:242;turtonator:314;kingdra:360
krabby_shadow,Krabby (Shadow),52.2,148,111.2,92,1515,BUBBLE,VICE_GRIP,RAZOR_SHELL,40.7,36,47.9,19.9,blaziken_shadow:864;blaziken_mega:864;magcargo:831;houndoom_mega:733;houndoom_shadow:701,kingdra:105;cramorant:170;turtonator:216;charjabug:218;cradily:312
carracosta_shadow,Carracosta (Shadow),51.5,121.4,126.9,120,1850,WATER_GUN,ANCIENT_POWER,LIQUIDATION,43.7,26.5,49.6,33.1,blaziken_shadow:937;magcargo:912;houndoom_mega:883;houndoom_shadow:870;mantine:629,kingdra:173;araquanid:180;cradily:232;charjabug:242;turtonator:389
prinplup_shadow,Prinplup (Shadow),51.1,118.6,117,136,1889,BUBBLE,ICY_WIND,BUBBLE_BEAM,47.1,30.9,38.6,26.1,houndoom_shadow:808;magcargo:665;houndoom_mega:522;stunfisk:514;ninetales_shadow:507,cradily:184;charjabug:198;cramorant:297;kingdra:305;turtonator:433
bulbasaur_shadow,Bulbasaur (Shadow),51,111.7,105.8,120,1420,VINE_WHIP,POWER_WHIP,SLUDGE_BOMB,37.1,21.1,56,24.6,swampert_shadow:845;lanturn:833;raikou:833;quagsire_shadow:675;stunfisk:600,turtonator:92;charjabug:158;kingdra:194;cramorant:202;cradily:350
lombre,Lombre,51,106.7,112.6,142,1706,BUBBLE,SCALD,GRASS_KNOT,34.9,19.9,57.3,24.3,quagsire_shadow:623;marowak_alolan:591;stunfisk:573;feraligatr:521;marowak_alolan_shadow:517,kingdra:118;cradily:128;charjabug:142;cramorant:146;turtonator:203
kyogre_shadow,Kyogre (Shadow),50.9,133.9,116.5,104,1623,WATERFALL,AVALANCHE,SURF,42.3,27.8,39.1,31,blaziken_shadow:899;magcargo:879;houndoom_mega:850;marowak_alolan_shadow:764;houndoom_shadow:754,kingdra:131;cramorant:226;turtonator:243;cradily:253;charjabug:265
turtwig,Turtwig,50.6,112.6,105,135,1597,TACKLE,ENERGY_BALL,BODY_SLAM,39.6,25.3,50.6,29,lanturn:703;stunfisk:618;ampharos_mega:592;quagsire_shadow:585;raikou_shadow:555,cradily:93;cramorant:178;charjabug:202;turtonator:207;kingdra:394
corphish_shadow,Corphish (Shadow),50.5,131,95.7,117,1469,BUBBLE,AQUA_JET,VICE_GRIP,36.2,20.2,45,18.9,magcargo:854;magmortar_shadow:756;houndoom_mega:752;houndoom_shadow:726;castform_sunny:675,kingdra:80;cramorant:170;turtonator:190;charjabug:194;cradily:354
ferroseed,Ferroseed,50.4,81.5,142.8,119,1386,METAL_CLAW,IRON_HEAD,RETURN,40.7,23.2,54.1,32.3,lileep:642;gogoat:600;cradily:592;bellossom:567;victreebel_shadow:537,turtonator:119;charjabug:234;cramorant:250;kingdra:254;araquanid:283
seadra_shadow,Seadra (Shadow),50.4,131.3,117.5,110,1699,DRAGON_BREATH,HYDRO_PUMP,DRAGON_PULSE,41.5,32.1,47.4,30.5,sceptile_mega:740;charizard_mega_x:650;palkia_shadow:631;walrein:577;sealeo:527,cradily:232;charjabug:242;cramorant:265;kingdra:377;turtonator:429
seel_shadow,Seel (Shadow),50.4,84,114.2,149,1431,WATER_GUN,AQUA_TAIL,ICY_WIND,44.1,31.2,42.2,27.9,houndoom_shadow:741;magcargo:627;blaziken:567;marowak_alolan:567;marowak_alolan_shadow:516,charjabug:162;kingdra:177;cradily:263;cramorant:380;turtonator:380
clamperl,Clamperl,49.9,124.3,126,105,1646,WATER_GUN,WATER_PULSE,BODY_SLAM,44.9,33.5,44.5,29,blaziken_shadow:880;blaziken_mega:880;houndoom_mega:823;houndoom_shadow:809;magcargo:614,kingdra:105;cradily:232;charjabug:242;turtonator:261;cramorant:416
krabby,Krabby,49.9,148,111.2,92,1515,BUBBLE,VICE_GRIP,RAZOR_SHELL,39.9,32.1,45.7,20.2,magcargo:885;houndoom_shadow:750;castform_sunny:722;blaziken_mega:630;marowak_alolan_shadow:532,kingdra:80;charjabug:170;cramorant:226;cradily:270;turtonator:446
corphish,Corphish,49.6,131,95.7,117,1469,BUBBLE,AQUA_JET,VICE_GRIP,36.7,25.4,44.6,19.9,magcargo:841;houndoom_shadow:764;castform_sunny:705;torkoal:666;swampert_shadow:547,kingdra:105;cramorant:142;charjabug:198;cradily:298;turtonator:424
turtwig_shadow,Turtwig (Shadow),49.6,112.6,105,135,1597,TACKLE,ENERGY_BALL,BODY_SLAM,38.1,27.8,50.3,29.7,stunfisk:722;lanturn:677;ampharos:581;raikou:559;ampharos_mega:511,cradily:142;charjabug:162;turtonator:181;cramorant:242;kingdra:283
octillery,Octillery,48.2,131.5,100.7,128,1697,LOCK_ON,OCTAZOOKA,GUNK_SHOT,39,28,49.8,14.2,houndoom_shadow:714;magcargo:671;feraligatr:535;marowak_alolan:527;blaziken:503,charjabug:83;cradily:312;turtonator:451;cramorant:488;kingdra:491
wugtrio,Wugtrio,48.2,151,108.6,90,1477,MUD_SLAP,LIQUIDATION,SURF,43.5,25.1,36.2,31,magcargo:883;houndoom_mega:761;toxtricity:761;houndoom_shadow:727;charizard_mega_x:550,cramorant:115;cradily:211;charjabug:218;kingdra:233;turtonator:323
shaymin_sky,Shaymin (Sky),48.1,139.3,94.1,123,1614,MAGICAL_LEAF,ENERGY_BALL,GRASS_KNOT,40.2,22.8,42.4,30.8,greninja_shadow:873;quagsire_shadow:804;barbaracle:788;stunfisk:593;lanturn:565,turtonator:84;charjabug:170;cradily:211;kingdra:233;cramorant:253
cherrim_overcast,Cherrim (Overcast),47.3,121.8,116.2,130,1843,BULLET_SEED,DAZZLING_GLEAM,SOLAR_BEAM,35.4,19.5,51.7,23.5,stunfisk:696;lanturn:657;ampharos_mega:615;quagsire_shadow:607;kingdra:550,turtonator:75;araquanid:91;cradily:100;cramorant:115;charjabug:321
popplio,Popplio,46.7,113.4,99.1,127,1429,WATER_GUN,AQUA_TAIL,AQUA_JET,40.2,26.9,38.4,24.6,magcargo:854;houndoom_mega:818;houndoom_shadow:795;castform_sunny:732;marowak_alolan:531,charjabug:162;kingdra:182;cradily:302;cramorant:305;turtonator:393
piplup,Piplup,46.2,106.7,98.3,131,1374,BUBBLE,DRILL_PECK,ICY_WIND,38.7,25,36.2,19.4,magmar:671;magcargo:641;charizard_shadow:606;blaziken:587;houndoom_mega:507,charjabug:142;cradily:225;cramorant:273;kingdra:279;turtonator:367
clauncher,Clauncher,45.4,103.3,110.9,127,1456,WATER_GUN,AQUA_JET,CRABHAMMER,38.5,26.5,40.8,26.6,houndoom_shadow:744;magcargo:661;magmar:649;marowak_alolan:562;quagsire_shadow:519,charjabug:162;cradily:184;kingdra:194;cramorant:333;turtonator:415
piplup_shadow,Piplup (Shadow),45.2,106.7,98.3,131,1374,BUBBLE,DRILL_PECK,ICY_WIND,34,21.1,32.9,16.8,houndoom_shadow:690;greninja_mega:622;charizard:606;magcargo:595;greninja_shadow:576,kingdra:80;cramorant:142;charjabug:170;cradily:274;turtonator:411
drizzile,Drizzile,44.6,137.8,92.1,128,1626,WATER_GUN,SURF,WATER_PULSE,38.1,23.5,37.2,29.2,magcargo:878;blaziken_shadow:871;blaziken_mega:871;houndoom_mega:808;houndoom_shadow:785,kingdra:88;cramorant:182;cradily:232;charjabug:242;turtonator:376
frogadier_shadow,Frogadier (Shadow),42.5,134.4,100.8,123,1668,BUBBLE,SURF,AERIAL_ACE,32.1,22.8,32.4,21.7,magcargo:861;houndoom_mega:776;houndoom_shadow:752;blaziken_mega:638;blaziken_shadow:585,kingdra:105;cramorant:170;cradily:197;charjabug:226;turtonator:252
frogadier,Frogadier,42.4,134.4,100.8,123,1668,BUBBLE,SURF,AERIAL_ACE,32.6,22.3,36.7,20.7,houndoom_shadow:788;rapidash_shadow:735;torkoal:666;magcargo:585;marowak_alolan:524,kingdra:118;cramorant:142;cradily:156;charjabug:198;turtonator:473
skiddo,Skiddo,42.3,115.9,98.3,151,1722,ROCK_SMASH,BRICK_BREAK,SEED_BOMB,37.3,22.9,39,34.4,greninja_mega:675;greninja_shadow:619;gastrodon:579;magnezone:543;morpeko_full_belly:533,charjabug:230;kingdra:245;cramorant:277;turtonator:292;cradily:336
clawitzer,Clawitzer,40.5,134.4,110.5,112,1664,WATER_GUN,CRABHAMMER,ICE_BEAM,37.1,22.8,36.9,29.7,magcargo:906;blaziken_mega:888;blaziken_shadow:852;houndoom_mega:808;houndoom_shadow:794,kingdra:110;cramorant:182;cradily:232;charjabug:242;turtonator:376
lilligant,Lilligant,40.5,136.5,105.8,114,1649,CHARM,PETAL_BLIZZARD,HYPER_BEAM,41,24.5,27.8,34.9,greninja_shadow:885;ampharos_mega:820;palkia_shadow:714;morpeko_full_belly:701;flapple:644,turtonator:216;charjabug:222;cradily:236;cramorant:250;kingdra:474
ferroseed_shadow,Ferroseed (Shadow),39.5,81.5,142.8,119,1386,METAL_CLAW,IRON_HEAD,GYRO_BALL,30.9,20.2,40,27.7,lileep:714;cradily_shadow:630;gogoat:584;flapple:537;bellossom_shadow:508,turtonator:92;kingdra:131;cramorant:246;charjabug:253;cradily:444